"longitude","latitude","estado","historico_inicio","monitor_inicio","ultima_quebra","ultima_magnitude","n_alertas"
-44.7881585198669,-20.9693287614378,"NORMAL",2019-01-02,2026-01-01,NA,NA,0
-44.7881585198669,-20.9692389299094,"NORMAL",2019-01-02,2026-01-01,NA,NA,0
-44.7881585198669,-20.969149098381,"NORMAL",2019-01-02,2026-01-01,NA,NA,0
-44.7881585198669,-20.9690592668525,"NORMAL",2019-01-02,2026-01-01,NA,NA,0
-44.7881585198669,-20.9689694353241,"NORMAL",2019-01-02,2026-01-01,NA,NA,0
-44.7881585198669,-20.9688796037957,"RECALIBRANDO",2026-07-30,NA,2026-07-29,-0.128039595039931,1
-44.7881585198669,-20.9687897722673,"RECALIBRANDO",2026-07-15,NA,2026-07-14,-0.132083810431314,1
-44.7881585198669,-20.9686999407389,"NORMAL",2019-01-02,2026-01-01,NA,NA,0
-44.7881585198669,-20.9686101092105,"NORMAL",2019-01-02,2026-01-01,NA,NA,0
-44.7880686883385,-20.9694185929662,"NORMAL",2019-01-02,2026-01-01,NA,NA,0
-44.7880686883385,-20.9693287614378,"NORMAL",2019-01-02,2026-01-01,NA,NA,0
-44.7880686883385,-20.9692389299094,"NORMAL",2019-01-02,2026-01-01,NA,NA,0
-44.7880686883385,-20.969149098381,"NORMAL",2019-01-02,2026-01-01,NA,NA,0
-44.7880686883385,-20.9690592668525,"RECALIBRANDO",2026-08-15,NA,2026-08-14,-0.0793421170086054,1
-44.7880686883385,-20.9689694353241,"RECALIBRANDO",2026-08-13,NA,2026-08-12,-0.0936514623951342,1
-44.7880686883385,-20.9688796037957,"RECALIBRANDO",2026-07-30,NA,2026-07-29,-0.126532027602339,1
-44.7880686883385,-20.9687897722673,"RECALIBRANDO",2026-07-15,NA,2026-07-14,-0.147571237645238,1
-44.7880686883385,-20.9686999407389,"NORMAL",2019-01-02,2026-01-01,NA,NA,0
-44.7880686883385,-20.9686101092105,"NORMAL",2019-01-02,2026-01-01,NA,NA,0
-44.7880686883385,-20.9685202776821,"NORMAL",2019-01-02,2026-01-01,NA,NA,0
-44.7880686883385,-20.9684304461537,"NORMAL",2019-01-02,2026-01-01,NA,NA,0
-44.7880686883385,-20.9683406146253,"NORMAL",2019-01-02,2026-01-01,NA,NA,0
-44.7880686883385,-20.9682507830968,"NORMAL",2019-01-02,2026-01-01,NA,NA,0
-44.7880686883385,-20.9681609515684,"NORMAL",2019-01-02,2026-01-01,NA,NA,0
-44.7880686883385,-20.96807112004,"NORMAL",2019-01-02,2026-01-01,NA,NA,0
-44.7880686883385,-20.9679812885116,"RECALIBRANDO",2026-03-17,NA,2026-03-16,0.0627568040928849,1
-44.7879788568101,-20.9694185929662,"NORMAL",2019-01-02,2026-01-01,NA,NA,0
-44.7879788568101,-20.9693287614378,"NORMAL",2019-01-02,2026-01-01,NA,NA,0
-44.7879788568101,-20.9692389299094,"NORMAL",2019-01-02,2026-01-01,NA,NA,0
-44.7879788568101,-20.969149098381,"NORMAL",2019-01-02,2026-01-01,NA,NA,0
-44.7879788568101,-20.9690592668525,"RECALIBRANDO",2026-08-15,NA,2026-08-14,-0.0793421170086054,1
-44.7879788568101,-20.9689694353241,"RECALIBRANDO",2026-08-13,NA,2026-08-12,-0.0936514623951342,1
-44.7879788568101,-20.9688796037957,"RECALIBRANDO",2026-07-30,NA,2026-07-29,-0.126532027602339,1
-44.7879788568101,-20.9687897722673,"RECALIBRANDO",2026-07-15,NA,2026-07-14,-0.147571237645238,1
-44.7879788568101,-20.9686999407389,"NORMAL",2019-01-02,2026-01-01,NA,NA,0
-44.7879788568101,-20.9686101092105,"NORMAL",2019-01-02,2026-01-01,NA,NA,0
-44.7879788568101,-20.9685202776821,"NORMAL",2019-01-02,2026-01-01,NA,NA,0
-44.7879788568101,-20.9684304461537,"NORMAL",2019-01-02,2026-01-01,NA,NA,0
-44.7879788568101,-20.9683406146253,"NORMAL",2019-01-02,2026-01-01,NA,NA,0
-44.7879788568101,-20.9682507830968,"NORMAL",2019-01-02,2026-01-01,NA,NA,0
-44.7879788568101,-20.9681609515684,"NORMAL",2019-01-02,2026-01-01,NA,NA,0
-44.7879788568101,-20.96807112004,"NORMAL",2019-01-02,2026-01-01,NA,NA,0
-44.7879788568101,-20.9679812885116,"RECALIBRANDO",2026-03-17,NA,2026-03-16,0.0627568040928849,1
-44.7879788568101,-20.9678914569832,"NORMAL",2019-01-02,2026-01-01,NA,NA,0
-44.7878890252817,-20.9700474136651,"NORMAL",2019-01-02,2026-01-01,NA,NA,0
-44.7878890252817,-20.9699575821367,"NORMAL",2019-01-02,2026-01-01,NA,NA,0
-44.7878890252817,-20.9698677506083,"NORMAL",2019-01-02,2026-01-01,NA,NA,0
-44.7878890252817,-20.9697779190798,"NORMAL",2019-01-02,2026-01-01,NA,NA,0
-44.7878890252817,-20.9693287614378,"NORMAL",2019-01-02,2026-01-01,NA,NA,0
-44.7878890252817,-20.9692389299094,"NORMAL",2019-01-02,2026-01-01,NA,NA,0
-44.7878890252817,-20.969149098381,"NORMAL",2019-01-02,2026-01-01,NA,NA,0
-44.7878890252817,-20.9690592668525,"RECALIBRANDO",2026-08-13,NA,2026-08-12,-0.0887571555561412,1
-44.7878890252817,-20.9689694353241,"RECALIBRANDO",2026-08-15,NA,2026-08-14,-0.0835945040559003,1
-44.7878890252817,-20.9688796037957,"RECALIBRANDO",2026-08-08,NA,2026-08-07,-0.106724900034975,1
-44.7878890252817,-20.9687897722673,"RECALIBRANDO",2026-08-13,NA,2026-08-12,-0.104589815085568,1
-44.7878890252817,-20.9686999407389,"NORMAL",2019-01-02,2026-01-01,NA,NA,0
-44.7878890252817,-20.9686101092105,"NORMAL",2019-01-02,2026-01-01,NA,NA,0
-44.7878890252817,-20.9685202776821,"NORMAL",2019-01-02,2026-01-01,NA,NA,0
-44.7878890252817,-20.9684304461537,"NORMAL",2019-01-02,2026-01-01,NA,NA,0
-44.7878890252817,-20.9683406146253,"NORMAL",2019-01-02,2026-01-01,NA,NA,0
-44.7878890252817,-20.9682507830968,"NORMAL",2019-01-02,2026-01-01,NA,NA,0
-44.7878890252817,-20.9681609515684,"NORMAL",2019-01-02,2026-01-01,NA,NA,0
-44.7878890252817,-20.96807112004,"RECALIBRANDO",2026-03-17,NA,2026-03-16,0.0577449951109319,1
-44.7878890252817,-20.9679812885116,"RECALIBRANDO",2026-03-17,NA,2026-03-16,0.0648718672171177,1
-44.7878890252817,-20.9678914569832,"RECALIBRANDO",2026-03-17,NA,2026-03-16,0.0681903004509553,1
-44.7878890252817,-20.9678016254548,"NORMAL",2019-01-02,2026-01-01,NA,NA,0
-44.7877991937533,-20.9707660658924,"NORMAL",2019-01-02,2026-01-01,NA,NA,0
-44.7877991937533,-20.970676234364,"NORMAL",2019-01-02,2026-01-01,NA,NA,0
-44.7877991937533,-20.9705864028356,"NORMAL",2019-01-02,2026-01-01,NA,NA,0
-44.7877991937533,-20.9702270767219,"NORMAL",2019-01-02,2026-01-01,NA,NA,0
-44.7877991937533,-20.9701372451935,"NORMAL",2019-01-02,2026-01-01,NA,NA,0
-44.7877991937533,-20.9700474136651,"NORMAL",2019-01-02,2026-01-01,NA,NA,0
-44.7877991937533,-20.9699575821367,"NORMAL",2019-01-02,2026-01-01,NA,NA,0
-44.7877991937533,-20.9698677506083,"NORMAL",2019-01-02,2026-01-01,NA,NA,0
-44.7877991937533,-20.9697779190798,"NORMAL",2019-01-02,2026-01-01,NA,NA,0
-44.7877991937533,-20.9693287614378,"NORMAL",2019-01-02,2026-01-01,NA,NA,0
-44.7877991937533,-20.9692389299094,"NORMAL",2019-01-02,2026-01-01,NA,NA,0
-44.7877991937533,-20.969149098381,"NORMAL",2019-01-02,2026-01-01,NA,NA,0
-44.7877991937533,-20.9690592668525,"RECALIBRANDO",2026-08-08,NA,2026-08-07,-0.123469268574615,1
-44.7877991937533,-20.9689694353241,"RECALIBRANDO",2026-08-08,NA,2026-08-07,-0.0950495364434102,1
-44.7877991937533,-20.9688796037957,"RECALIBRANDO",2026-08-13,NA,2026-08-12,-0.104792485229303,1
-44.7877991937533,-20.9687897722673,"RECALIBRANDO",2026-08-15,NA,2026-08-14,-0.0667119654823852,1
-44.7877991937533,-20.9686999407389,"NORMAL",2019-01-02,2026-01-01,NA,NA,0
-44.7877991937533,-20.9686101092105,"NORMAL",2019-01-02,2026-01-01,NA,NA,0
-44.7877991937533,-20.9685202776821,"NORMAL",2019-01-02,2026-01-01,NA,NA,0
-44.7877991937533,-20.9684304461537,"NORMAL",2019-01-02,2026-01-01,NA,NA,0
-44.7877991937533,-20.9683406146253,"NORMAL",2019-01-02,2026-01-01,NA,NA,0
-44.7877991937533,-20.9682507830968,"NORMAL",2019-01-02,2026-01-01,NA,NA,0
-44.7877991937533,-20.9681609515684,"NORMAL",2019-01-02,2026-01-01,NA,NA,0
-44.7877991937533,-20.96807112004,"RECALIBRANDO",2026-03-17,NA,2026-03-16,0.0610965886034021,1
-44.7877991937533,-20.9679812885116,"RECALIBRANDO",2026-03-17,NA,2026-03-16,0.0786966451845097,1
-44.7877991937533,-20.9678914569832,"RECALIBRANDO",2026-03-17,NA,2026-03-16,0.0592184505804437,1
-44.7877991937533,-20.9678016254548,"NORMAL",2019-01-02,2026-01-01,NA,NA,0
-44.7877093622248,-20.971125392006,"NORMAL",2019-01-02,2026-01-01,NA,NA,0
-44.7877093622248,-20.9710355604776,"NORMAL",2019-01-02,2026-01-01,NA,NA,0
-44.7877093622248,-20.9709457289492,"NORMAL",2019-01-02,2026-01-01,NA,NA,0
-44.7877093622248,-20.9708558974208,"RECALIBRANDO",2026-08-03,NA,2026-08-02,0.092089032459078,1
-44.7877093622248,-20.9707660658924,"NORMAL",2019-01-02,2026-01-01,NA,NA,0
-44.7877093622248,-20.970676234364,"NORMAL",2019-01-02,2026-01-01,NA,NA,0
-44.7877093622248,-20.9705864028356,"NORMAL",2019-01-02,2026-01-01,NA,NA,0
-44.7877093622248,-20.9702270767219,"NORMAL",2019-01-02,2026-01-01,NA,NA,0
-44.7877093622248,-20.9701372451935,"NORMAL",2019-01-02,2026-01-01,NA,NA,0
-44.7877093622248,-20.9700474136651,"NORMAL",2019-01-02,2026-01-01,NA,NA,0
-44.7877093622248,-20.9699575821367,"NORMAL",2019-01-02,2026-01-01,NA,NA,0
-44.7877093622248,-20.9698677506083,"NORMAL",2019-01-02,2026-01-01,NA,NA,0
-44.7877093622248,-20.9697779190798,"RECALIBRANDO",2026-08-13,NA,2026-08-12,-0.0786939638841907,1
-44.7877093622248,-20.9693287614378,"NORMAL",2019-01-02,2026-01-01,NA,NA,0
-44.7877093622248,-20.9692389299094,"NORMAL",2019-01-02,2026-01-01,NA,NA,0
-44.7877093622248,-20.969149098381,"NORMAL",2019-01-02,2026-01-01,NA,NA,0
-44.7877093622248,-20.9690592668525,"RECALIBRANDO",2026-08-03,NA,2026-08-02,-0.119701049828211,1
-44.7877093622248,-20.9689694353241,"RECALIBRANDO",2026-08-08,NA,2026-08-07,-0.120767467331656,1
-44.7877093622248,-20.9688796037957,"RECALIBRANDO",2026-08-13,NA,2026-08-12,-0.111315024311417,1
-44.7877093622248,-20.9687897722673,"RECALIBRANDO",2026-08-13,NA,2026-08-12,-0.0974269909825191,1
-44.7877093622248,-20.9686999407389,"NORMAL",2019-01-02,2026-01-01,NA,NA,0
-44.7877093622248,-20.9686101092105,"NORMAL",2019-01-02,2026-01-01,NA,NA,0
-44.7877093622248,-20.9685202776821,"NORMAL",2019-01-02,2026-01-01,NA,NA,0
-44.7877093622248,-20.9684304461537,"NORMAL",2019-01-02,2026-01-01,NA,NA,0
-44.7877093622248,-20.9683406146253,"NORMAL",2019-01-02,2026-01-01,NA,NA,0
-44.7877093622248,-20.9682507830968,"NORMAL",2019-01-02,2026-01-01,NA,NA,0
-44.7877093622248,-20.9681609515684,"NORMAL",2019-01-02,2026-01-01,NA,NA,0
-44.7877093622248,-20.96807112004,"NORMAL",2019-01-02,2026-01-01,NA,NA,0
-44.7877093622248,-20.9679812885116,"NORMAL",2019-01-02,2026-01-01,NA,NA,0
-44.7877093622248,-20.9678914569832,"NORMAL",2019-01-02,2026-01-01,NA,NA,0
-44.7877093622248,-20.9678016254548,"NORMAL",2019-01-02,2026-01-01,NA,NA,0
-44.7877093622248,-20.9677117939264,"NORMAL",2019-01-02,2026-01-01,NA,NA,0
-44.7877093622248,-20.967621962398,"NORMAL",2019-01-02,2026-01-01,NA,NA,0
-44.7876195306964,-20.9710355604776,"NORMAL",2019-01-02,2026-01-01,NA,NA,0
-44.7876195306964,-20.9709457289492,"NORMAL",2019-01-02,2026-01-01,NA,NA,0
-44.7876195306964,-20.9708558974208,"NORMAL",2019-01-02,2026-01-01,NA,NA,0
-44.7876195306964,-20.9707660658924,"NORMAL",2019-01-02,2026-01-01,NA,NA,0
-44.7876195306964,-20.970676234364,"RECALIBRANDO",2026-07-30,NA,2026-07-29,0.11575686106959,1
-44.7876195306964,-20.9705864028356,"RECALIBRANDO",2026-08-03,NA,2026-08-02,0.108106696410933,1
-44.7876195306964,-20.9702270767219,"NORMAL",2019-01-02,2026-01-01,NA,NA,0
-44.7876195306964,-20.9701372451935,"NORMAL",2019-01-02,2026-01-01,NA,NA,0
-44.7876195306964,-20.9700474136651,"NORMAL",2019-01-02,2026-01-01,NA,NA,0
-44.7876195306964,-20.9699575821367,"NORMAL",2019-01-02,2026-01-01,NA,NA,0
-44.7876195306964,-20.9698677506083,"NORMAL",2019-01-02,2026-01-01,NA,NA,0
-44.7876195306964,-20.9697779190798,"NORMAL",2019-01-02,2026-01-01,NA,NA,0
-44.7876195306964,-20.9692389299094,"NORMAL",2019-01-02,2026-01-01,NA,NA,0
-44.7876195306964,-20.969149098381,"NORMAL",2019-01-02,2026-01-01,NA,NA,0
-44.7876195306964,-20.9690592668525,"RECALIBRANDO",2026-08-08,NA,2026-08-07,-0.113402929658138,1
-44.7876195306964,-20.9689694353241,"RECALIBRANDO",2026-08-13,NA,2026-08-12,-0.119888324146435,1
-44.7876195306964,-20.9688796037957,"RECALIBRANDO",2026-08-15,NA,2026-08-14,-0.0975530181729314,1
-44.7876195306964,-20.9687897722673,"RECALIBRANDO",2026-08-13,NA,2026-08-12,-0.108199015553762,1
-44.7876195306964,-20.9686999407389,"NORMAL",2019-01-02,2026-01-01,NA,NA,0
-44.7876195306964,-20.9686101092105,"NORMAL",2019-01-02,2026-01-01,NA,NA,0
-44.7876195306964,-20.9685202776821,"NORMAL",2019-01-02,2026-01-01,NA,NA,0
-44.7876195306964,-20.9684304461537,"NORMAL",2019-01-02,2026-01-01,NA,NA,0
-44.7876195306964,-20.9683406146253,"NORMAL",2019-01-02,2026-01-01,NA,NA,0
-44.7876195306964,-20.9682507830968,"NORMAL",2019-01-02,2026-01-01,NA,NA,0
-44.7876195306964,-20.9681609515684,"NORMAL",2019-01-02,2026-01-01,NA,NA,0
-44.7876195306964,-20.96807112004,"NORMAL",2019-01-02,2026-01-01,NA,NA,0
-44.7876195306964,-20.9679812885116,"NORMAL",2019-01-02,2026-01-01,NA,NA,0
-44.7876195306964,-20.9678914569832,"NORMAL",2019-01-02,2026-01-01,NA,NA,0
-44.7876195306964,-20.9678016254548,"NORMAL",2019-01-02,2026-01-01,NA,NA,0
-44.7876195306964,-20.9677117939264,"NORMAL",2019-01-02,2026-01-01,NA,NA,0
-44.7876195306964,-20.967621962398,"NORMAL",2019-01-02,2026-01-01,NA,NA,0
-44.7876195306964,-20.9675321308695,"NORMAL",2019-01-02,2026-01-01,NA,NA,0
-44.7876195306964,-20.9674422993411,"NORMAL",2019-01-02,2026-01-01,NA,NA,0
-44.7876195306964,-20.9673524678127,"NORMAL",2019-01-02,2026-01-01,NA,NA,0
-44.787529699168,-20.9710355604776,"NORMAL",2019-01-02,2026-01-01,NA,NA,0
-44.787529699168,-20.9709457289492,"NORMAL",2019-01-02,2026-01-01,NA,NA,0
-44.787529699168,-20.9708558974208,"NORMAL",2019-01-02,2026-01-01,NA,NA,0
-44.787529699168,-20.9707660658924,"NORMAL",2019-01-02,2026-01-01,NA,NA,0
-44.787529699168,-20.970676234364,"NORMAL",2019-01-02,2026-01-01,NA,NA,0
-44.787529699168,-20.9705864028356,"RECALIBRANDO",2026-08-13,NA,2026-08-12,0.072861594106616,1
-44.787529699168,-20.9704965713071,"NORMAL",2019-01-02,2026-01-01,NA,NA,0
-44.787529699168,-20.9701372451935,"NORMAL",2019-01-02,2026-01-01,NA,NA,0
-44.787529699168,-20.9700474136651,"NORMAL",2019-01-02,2026-01-01,NA,NA,0
-44.787529699168,-20.9699575821367,"NORMAL",2019-01-02,2026-01-01,NA,NA,0
-44.787529699168,-20.9698677506083,"NORMAL",2019-01-02,2026-01-01,NA,NA,0
-44.787529699168,-20.9697779190798,"NORMAL",2019-01-02,2026-01-01,NA,NA,0
-44.787529699168,-20.9696880875514,"NORMAL",2019-01-02,2026-01-01,NA,NA,0
-44.787529699168,-20.9692389299094,"NORMAL",2019-01-02,2026-01-01,NA,NA,0
-44.787529699168,-20.969149098381,"NORMAL",2019-01-02,2026-01-01,NA,NA,0
-44.787529699168,-20.9690592668525,"RECALIBRANDO",2026-08-08,NA,2026-08-07,-0.129273546959151,1
-44.787529699168,-20.9689694353241,"RECALIBRANDO",2026-08-13,NA,2026-08-12,-0.108883675719874,1
-44.787529699168,-20.9688796037957,"RECALIBRANDO",2026-08-23,NA,2026-08-22,-0.088063033144436,1
-44.787529699168,-20.9687897722673,"NORMAL",2019-01-02,2026-01-01,NA,NA,0
-44.787529699168,-20.9686999407389,"NORMAL",2019-01-02,2026-01-01,NA,NA,0
-44.787529699168,-20.9686101092105,"NORMAL",2019-01-02,2026-01-01,NA,NA,0
-44.787529699168,-20.9685202776821,"NORMAL",2019-01-02,2026-01-01,NA,NA,0
-44.787529699168,-20.9684304461537,"NORMAL",2019-01-02,2026-01-01,NA,NA,0
-44.787529699168,-20.9683406146253,"NORMAL",2019-01-02,2026-01-01,NA,NA,0
-44.787529699168,-20.9682507830968,"NORMAL",2019-01-02,2026-01-01,NA,NA,0
-44.787529699168,-20.9681609515684,"NORMAL",2019-01-02,2026-01-01,NA,NA,0
-44.787529699168,-20.96807112004,"NORMAL",2019-01-02,2026-01-01,NA,NA,0
-44.787529699168,-20.9679812885116,"NORMAL",2019-01-02,2026-01-01,NA,NA,0
-44.787529699168,-20.9678914569832,"NORMAL",2019-01-02,2026-01-01,NA,NA,0
-44.787529699168,-20.9678016254548,"NORMAL",2019-01-02,2026-01-01,NA,NA,0
-44.787529699168,-20.9677117939264,"NORMAL",2019-01-02,2026-01-01,NA,NA,0
-44.787529699168,-20.967621962398,"NORMAL",2019-01-02,2026-01-01,NA,NA,0
-44.787529699168,-20.9675321308695,"NORMAL",2019-01-02,2026-01-01,NA,NA,0
-44.787529699168,-20.9674422993411,"NORMAL",2019-01-02,2026-01-01,NA,NA,0
-44.787529699168,-20.9673524678127,"NORMAL",2019-01-02,2026-01-01,NA,NA,0
-44.787529699168,-20.9672626362843,"NORMAL",2019-01-02,2026-01-01,NA,NA,0
-44.787529699168,-20.9671728047559,"NORMAL",2019-01-02,2026-01-01,NA,NA,0
-44.7874398676396,-20.9710355604776,"NORMAL",2019-01-02,2026-01-01,NA,NA,0
-44.7874398676396,-20.9709457289492,"NORMAL",2019-01-02,2026-01-01,NA,NA,0
-44.7874398676396,-20.9708558974208,"NORMAL",2019-01-02,2026-01-01,NA,NA,0
-44.7874398676396,-20.9707660658924,"NORMAL",2019-01-02,2026-01-01,NA,NA,0
-44.7874398676396,-20.970676234364,"NORMAL",2019-01-02,2026-01-01,NA,NA,0
-44.7874398676396,-20.9705864028356,"NORMAL",2019-01-02,2026-01-01,NA,NA,0
-44.7874398676396,-20.9704965713071,"NORMAL",2019-01-02,2026-01-01,NA,NA,0
-44.7874398676396,-20.9701372451935,"RECALIBRANDO",2026-03-17,NA,2026-03-16,-0.0425899115318945,1
-44.7874398676396,-20.9700474136651,"NORMAL",2019-01-02,2026-01-01,NA,NA,0
-44.7874398676396,-20.9699575821367,"NORMAL",2019-01-02,2026-01-01,NA,NA,0
-44.7874398676396,-20.9698677506083,"NORMAL",2019-01-02,2026-01-01,NA,NA,0
-44.7874398676396,-20.9697779190798,"NORMAL",2019-01-02,2026-01-01,NA,NA,0
-44.7874398676396,-20.9696880875514,"NORMAL",2019-01-02,2026-01-01,NA,NA,0
-44.7874398676396,-20.9692389299094,"NORMAL",2019-01-02,2026-01-01,NA,NA,0
-44.7874398676396,-20.969149098381,"NORMAL",2019-01-02,2026-01-01,NA,NA,0
-44.7874398676396,-20.9690592668525,"NORMAL",2019-01-02,2026-01-01,NA,NA,0
-44.7874398676396,-20.9689694353241,"RECALIBRANDO",2026-08-13,NA,2026-08-12,-0.122571968515826,1
-44.7874398676396,-20.9688796037957,"RECALIBRANDO",2026-08-08,NA,2026-08-07,-0.143374888521736,1
-44.7874398676396,-20.9687897722673,"RECALIBRANDO",2026-08-13,NA,2026-08-12,-0.107625624219136,1
-44.7874398676396,-20.9686999407389,"NORMAL",2019-01-02,2026-01-01,NA,NA,0
-44.7874398676396,-20.9686101092105,"NORMAL",2019-01-02,2026-01-01,NA,NA,0
-44.7874398676396,-20.9685202776821,"NORMAL",2019-01-02,2026-01-01,NA,NA,0
-44.7874398676396,-20.9684304461537,"NORMAL",2019-01-02,2026-01-01,NA,NA,0
-44.7874398676396,-20.9683406146253,"NORMAL",2019-01-02,2026-01-01,NA,NA,0
-44.7874398676396,-20.9682507830968,"NORMAL",2019-01-02,2026-01-01,NA,NA,0
-44.7874398676396,-20.9681609515684,"NORMAL",2019-01-02,2026-01-01,NA,NA,0
-44.7874398676396,-20.96807112004,"NORMAL",2019-01-02,2026-01-01,NA,NA,0
-44.7874398676396,-20.9679812885116,"NORMAL",2019-01-02,2026-01-01,NA,NA,0
-44.7874398676396,-20.9678914569832,"NORMAL",2019-01-02,2026-01-01,NA,NA,0
-44.7874398676396,-20.9678016254548,"NORMAL",2019-01-02,2026-01-01,NA,NA,0
-44.7874398676396,-20.9677117939264,"NORMAL",2019-01-02,2026-01-01,NA,NA,0
-44.7874398676396,-20.967621962398,"NORMAL",2019-01-02,2026-01-01,NA,NA,0
-44.7874398676396,-20.9675321308695,"NORMAL",2019-01-02,2026-01-01,NA,NA,0
-44.7874398676396,-20.9674422993411,"NORMAL",2019-01-02,2026-01-01,NA,NA,0
-44.7874398676396,-20.9673524678127,"NORMAL",2019-01-02,2026-01-01,NA,NA,0
-44.7874398676396,-20.9672626362843,"NORMAL",2019-01-02,2026-01-01,NA,NA,0
-44.7874398676396,-20.9671728047559,"NORMAL",2019-01-02,2026-01-01,NA,NA,0
-44.7874398676396,-20.9670829732275,"NORMAL",2019-01-02,2026-01-01,NA,NA,0
-44.7874398676396,-20.9669931416991,"NORMAL",2019-01-02,2026-01-01,NA,NA,0
-44.7874398676396,-20.9669033101707,"NORMAL",2019-01-02,2026-01-01,NA,NA,0
-44.7873500361112,-20.9709457289492,"NORMAL",2019-01-02,2026-01-01,NA,NA,0
-44.7873500361112,-20.9708558974208,"NORMAL",2019-01-02,2026-01-01,NA,NA,0
-44.7873500361112,-20.9707660658924,"NORMAL",2019-01-02,2026-01-01,NA,NA,0
-44.7873500361112,-20.970676234364,"NORMAL",2019-01-02,2026-01-01,NA,NA,0
-44.7873500361112,-20.9705864028356,"NORMAL",2019-01-02,2026-01-01,NA,NA,0
-44.7873500361112,-20.9704965713071,"NORMAL",2019-01-02,2026-01-01,NA,NA,0
-44.7873500361112,-20.9700474136651,"NORMAL",2019-01-02,2026-01-01,NA,NA,0
-44.7873500361112,-20.9699575821367,"NORMAL",2019-01-02,2026-01-01,NA,NA,0
-44.7873500361112,-20.9698677506083,"NORMAL",2019-01-02,2026-01-01,NA,NA,0
-44.7873500361112,-20.9697779190798,"NORMAL",2019-01-02,2026-01-01,NA,NA,0
-44.7873500361112,-20.9696880875514,"NORMAL",2019-01-02,2026-01-01,NA,NA,0
-44.7873500361112,-20.969149098381,"NORMAL",2019-01-02,2026-01-01,NA,NA,0
-44.7873500361112,-20.9690592668525,"NORMAL",2019-01-02,2026-01-01,NA,NA,0
-44.7873500361112,-20.9689694353241,"RECALIBRANDO",2026-08-08,NA,2026-08-07,-0.135114101076656,1
-44.7873500361112,-20.9688796037957,"RECALIBRANDO",2026-08-03,NA,2026-08-02,-0.145605718934075,1
-44.7873500361112,-20.9687897722673,"RECALIBRANDO",2026-08-03,NA,2026-08-02,-0.120240502371796,1
-44.7873500361112,-20.9686999407389,"NORMAL",2019-01-02,2026-01-01,NA,NA,0
-44.7873500361112,-20.9686101092105,"NORMAL",2019-01-02,2026-01-01,NA,NA,0
-44.7873500361112,-20.9685202776821,"NORMAL",2019-01-02,2026-01-01,NA,NA,0
-44.7873500361112,-20.9684304461537,"NORMAL",2019-01-02,2026-01-01,NA,NA,0
-44.7873500361112,-20.9683406146253,"NORMAL",2019-01-02,2026-01-01,NA,NA,0
-44.7873500361112,-20.9682507830968,"NORMAL",2019-01-02,2026-01-01,NA,NA,0
-44.7873500361112,-20.9681609515684,"NORMAL",2019-01-02,2026-01-01,NA,NA,0
-44.7873500361112,-20.96807112004,"NORMAL",2019-01-02,2026-01-01,NA,NA,0
-44.7873500361112,-20.9679812885116,"NORMAL",2019-01-02,2026-01-01,NA,NA,0
-44.7873500361112,-20.9678914569832,"NORMAL",2019-01-02,2026-01-01,NA,NA,0
-44.7873500361112,-20.9678016254548,"NORMAL",2019-01-02,2026-01-01,NA,NA,0
-44.7873500361112,-20.9677117939264,"NORMAL",2019-01-02,2026-01-01,NA,NA,0
-44.7873500361112,-20.967621962398,"NORMAL",2019-01-02,2026-01-01,NA,NA,0
-44.7873500361112,-20.9675321308695,"NORMAL",2019-01-02,2026-01-01,NA,NA,0
-44.7873500361112,-20.9674422993411,"NORMAL",2019-01-02,2026-01-01,NA,NA,0
-44.7873500361112,-20.9673524678127,"NORMAL",2019-01-02,2026-01-01,NA,NA,0
-44.7873500361112,-20.9672626362843,"NORMAL",2019-01-02,2026-01-01,NA,NA,0
-44.7873500361112,-20.9671728047559,"NORMAL",2019-01-02,2026-01-01,NA,NA,0
-44.7873500361112,-20.9670829732275,"NORMAL",2019-01-02,2026-01-01,NA,NA,0
-44.7873500361112,-20.9669931416991,"NORMAL",2019-01-02,2026-01-01,NA,NA,0
-44.7873500361112,-20.9669033101707,"RECALIBRANDO",2026-04-05,NA,2026-04-04,0.0905639205854356,1
-44.7873500361112,-20.9668134786422,"NORMAL",2019-01-02,2026-01-01,NA,NA,0
-44.7872602045828,-20.9709457289492,"NORMAL",2019-01-02,2026-01-01,NA,NA,0
-44.7872602045828,-20.9708558974208,"NORMAL",2019-01-02,2026-01-01,NA,NA,0
-44.7872602045828,-20.9707660658924,"NORMAL",2019-01-02,2026-01-01,NA,NA,0
-44.7872602045828,-20.970676234364,"NORMAL",2019-01-02,2026-01-01,NA,NA,0
-44.7872602045828,-20.9705864028356,"NORMAL",2019-01-02,2026-01-01,NA,NA,0
-44.7872602045828,-20.9704965713071,"NORMAL",2019-01-02,2026-01-01,NA,NA,0
-44.7872602045828,-20.9704067397787,"NORMAL",2019-01-02,2026-01-01,NA,NA,0
-44.7872602045828,-20.9699575821367,"NORMAL",2019-01-02,2026-01-01,NA,NA,0
-44.7872602045828,-20.9698677506083,"NORMAL",2019-01-02,2026-01-01,NA,NA,0
-44.7872602045828,-20.9697779190798,"NORMAL",2019-01-02,2026-01-01,NA,NA,0
-44.7872602045828,-20.9696880875514,"NORMAL",2019-01-02,2026-01-01,NA,NA,0
-44.7872602045828,-20.969598256023,"NORMAL",2019-01-02,2026-01-01,NA,NA,0
-44.7872602045828,-20.969149098381,"NORMAL",2019-01-02,2026-01-01,NA,NA,0
-44.7872602045828,-20.9690592668525,"NORMAL",2019-01-02,2026-01-01,NA,NA,0
-44.7872602045828,-20.9689694353241,"RECALIBRANDO",2026-08-08,NA,2026-08-07,-0.128557468033802,1
-44.7872602045828,-20.9688796037957,"RECALIBRANDO",2026-08-13,NA,2026-08-12,-0.108456066980921,1
-44.7872602045828,-20.9687897722673,"NORMAL",2019-01-02,2026-01-01,NA,NA,0
-44.7872602045828,-20.9686999407389,"NORMAL",2019-01-02,2026-01-01,NA,NA,0
-44.7872602045828,-20.9686101092105,"NORMAL",2019-01-02,2026-01-01,NA,NA,0
-44.7872602045828,-20.9685202776821,"NORMAL",2019-01-02,2026-01-01,NA,NA,0
-44.7872602045828,-20.9684304461537,"NORMAL",2019-01-02,2026-01-01,NA,NA,0
-44.7872602045828,-20.9683406146253,"NORMAL",2019-01-02,2026-01-01,NA,NA,0
-44.7872602045828,-20.9682507830968,"NORMAL",2019-01-02,2026-01-01,NA,NA,0
-44.7872602045828,-20.9681609515684,"NORMAL",2019-01-02,2026-01-01,NA,NA,0
-44.7872602045828,-20.96807112004,"NORMAL",2019-01-02,2026-01-01,NA,NA,0
-44.7872602045828,-20.9679812885116,"NORMAL",2019-01-02,2026-01-01,NA,NA,0
-44.7872602045828,-20.9678914569832,"NORMAL",2019-01-02,2026-01-01,NA,NA,0
-44.7872602045828,-20.9678016254548,"NORMAL",2019-01-02,2026-01-01,NA,NA,0
-44.7872602045828,-20.9677117939264,"NORMAL",2019-01-02,2026-01-01,NA,NA,0
-44.7872602045828,-20.967621962398,"NORMAL",2019-01-02,2026-01-01,NA,NA,0
-44.7872602045828,-20.9675321308695,"NORMAL",2019-01-02,2026-01-01,NA,NA,0
-44.7872602045828,-20.9674422993411,"NORMAL",2019-01-02,2026-01-01,NA,NA,0
-44.7872602045828,-20.9673524678127,"NORMAL",2019-01-02,2026-01-01,NA,NA,0
-44.7872602045828,-20.9672626362843,"NORMAL",2019-01-02,2026-01-01,NA,NA,0
-44.7872602045828,-20.9671728047559,"NORMAL",2019-01-02,2026-01-01,NA,NA,0
-44.7872602045828,-20.9670829732275,"NORMAL",2019-01-02,2026-01-01,NA,NA,0
-44.7872602045828,-20.9669931416991,"NORMAL",2019-01-02,2026-01-01,NA,NA,0
-44.7872602045828,-20.9669033101707,"RECALIBRANDO",2026-03-28,NA,2026-03-27,0.0776239428335345,1
-44.7872602045828,-20.9668134786422,"NORMAL",2019-01-02,2026-01-01,NA,NA,0
-44.7872602045828,-20.9667236471138,"NORMAL",2019-01-02,2026-01-01,NA,NA,0
-44.7871703730544,-20.9707660658924,"NORMAL",2019-01-02,2026-01-01,NA,NA,0
-44.7871703730544,-20.970676234364,"NORMAL",2019-01-02,2026-01-01,NA,NA,0
-44.7871703730544,-20.9705864028356,"NORMAL",2019-01-02,2026-01-01,NA,NA,0
-44.7871703730544,-20.9704965713071,"NORMAL",2019-01-02,2026-01-01,NA,NA,0
-44.7871703730544,-20.9704067397787,"NORMAL",2019-01-02,2026-01-01,NA,NA,0
-44.7871703730544,-20.9696880875514,"NORMAL",2019-01-02,2026-01-01,NA,NA,0
-44.7871703730544,-20.969598256023,"NORMAL",2019-01-02,2026-01-01,NA,NA,0
-44.7871703730544,-20.969149098381,"NORMAL",2019-01-02,2026-01-01,NA,NA,0
-44.7871703730544,-20.9690592668525,"NORMAL",2019-01-02,2026-01-01,NA,NA,0
-44.7871703730544,-20.9689694353241,"NORMAL",2019-01-02,2026-01-01,NA,NA,0
-44.7871703730544,-20.9688796037957,"RECALIBRANDO",2026-08-08,NA,2026-08-07,-0.113896541690716,1
-44.7871703730544,-20.9687897722673,"RECALIBRANDO",2026-08-15,NA,2026-08-14,-0.109155143199178,1
-44.7871703730544,-20.9686999407389,"NORMAL",2019-01-02,2026-01-01,NA,NA,0
-44.7871703730544,-20.9686101092105,"NORMAL",2019-01-02,2026-01-01,NA,NA,0
-44.7871703730544,-20.9685202776821,"NORMAL",2019-01-02,2026-01-01,NA,NA,0
-44.7871703730544,-20.9684304461537,"NORMAL",2019-01-02,2026-01-01,NA,NA,0
-44.7871703730544,-20.9683406146253,"NORMAL",2019-01-02,2026-01-01,NA,NA,0
-44.7871703730544,-20.9682507830968,"NORMAL",2019-01-02,2026-01-01,NA,NA,0
-44.7871703730544,-20.9681609515684,"NORMAL",2019-01-02,2026-01-01,NA,NA,0
-44.7871703730544,-20.96807112004,"NORMAL",2019-01-02,2026-01-01,NA,NA,0
-44.7871703730544,-20.9679812885116,"NORMAL",2019-01-02,2026-01-01,NA,NA,0
-44.7871703730544,-20.9678914569832,"NORMAL",2019-01-02,2026-01-01,NA,NA,0
-44.7871703730544,-20.9678016254548,"NORMAL",2019-01-02,2026-01-01,NA,NA,0
-44.7871703730544,-20.9677117939264,"NORMAL",2019-01-02,2026-01-01,NA,NA,0
-44.7871703730544,-20.967621962398,"NORMAL",2019-01-02,2026-01-01,NA,NA,0
-44.7871703730544,-20.9675321308695,"NORMAL",2019-01-02,2026-01-01,NA,NA,0
-44.7871703730544,-20.9674422993411,"NORMAL",2019-01-02,2026-01-01,NA,NA,0
-44.7871703730544,-20.9673524678127,"NORMAL",2019-01-02,2026-01-01,NA,NA,0
-44.7871703730544,-20.9672626362843,"NORMAL",2019-01-02,2026-01-01,NA,NA,0
-44.7871703730544,-20.9671728047559,"NORMAL",2019-01-02,2026-01-01,NA,NA,0
-44.7871703730544,-20.9670829732275,"NORMAL",2019-01-02,2026-01-01,NA,NA,0
-44.7871703730544,-20.9669931416991,"NORMAL",2019-01-02,2026-01-01,NA,NA,0
-44.7871703730544,-20.9669033101707,"NORMAL",2019-01-02,2026-01-01,NA,NA,0
-44.7871703730544,-20.9668134786422,"NORMAL",2019-01-02,2026-01-01,NA,NA,0
-44.7871703730544,-20.9667236471138,"NORMAL",2019-01-02,2026-01-01,NA,NA,0
-44.7871703730544,-20.9666338155854,"NORMAL",2019-01-02,2026-01-01,NA,NA,0
-44.787080541526,-20.970676234364,"NORMAL",2019-01-02,2026-01-01,NA,NA,0
-44.787080541526,-20.9705864028356,"NORMAL",2019-01-02,2026-01-01,NA,NA,0
-44.787080541526,-20.9704965713071,"NORMAL",2019-01-02,2026-01-01,NA,NA,0
-44.787080541526,-20.9704067397787,"NORMAL",2019-01-02,2026-01-01,NA,NA,0
-44.787080541526,-20.9696880875514,"NORMAL",2019-01-02,2026-01-01,NA,NA,0
-44.787080541526,-20.969149098381,"NORMAL",2019-01-02,2026-01-01,NA,NA,0
-44.787080541526,-20.9690592668525,"NORMAL",2019-01-02,2026-01-01,NA,NA,0
-44.787080541526,-20.9689694353241,"NORMAL",2019-01-02,2026-01-01,NA,NA,0
-44.787080541526,-20.9688796037957,"RECALIBRANDO",2026-07-30,NA,2026-07-29,-0.105697941325254,1
-44.787080541526,-20.9687897722673,"RECALIBRANDO",2026-08-03,NA,2026-08-02,-0.124305648677007,1
-44.787080541526,-20.9686999407389,"NORMAL",2019-01-02,2026-01-01,NA,NA,0
-44.787080541526,-20.9686101092105,"NORMAL",2019-01-02,2026-01-01,NA,NA,0
-44.787080541526,-20.9685202776821,"NORMAL",2019-01-02,2026-01-01,NA,NA,0
-44.787080541526,-20.9684304461537,"NORMAL",2019-01-02,2026-01-01,NA,NA,0
-44.787080541526,-20.9683406146253,"NORMAL",2019-01-02,2026-01-01,NA,NA,0
-44.787080541526,-20.9682507830968,"NORMAL",2019-01-02,2026-01-01,NA,NA,0
-44.787080541526,-20.9681609515684,"NORMAL",2019-01-02,2026-01-01,NA,NA,0
-44.787080541526,-20.96807112004,"NORMAL",2019-01-02,2026-01-01,NA,NA,0
-44.787080541526,-20.9679812885116,"NORMAL",2019-01-02,2026-01-01,NA,NA,0
-44.787080541526,-20.9678914569832,"NORMAL",2019-01-02,2026-01-01,NA,NA,0
-44.787080541526,-20.9678016254548,"NORMAL",2019-01-02,2026-01-01,NA,NA,0
-44.787080541526,-20.9677117939264,"NORMAL",2019-01-02,2026-01-01,NA,NA,0
-44.787080541526,-20.967621962398,"NORMAL",2019-01-02,2026-01-01,NA,NA,0
-44.787080541526,-20.9675321308695,"NORMAL",2019-01-02,2026-01-01,NA,NA,0
-44.787080541526,-20.9674422993411,"NORMAL",2019-01-02,2026-01-01,NA,NA,0
-44.787080541526,-20.9673524678127,"NORMAL",2019-01-02,2026-01-01,NA,NA,0
-44.787080541526,-20.9672626362843,"NORMAL",2019-01-02,2026-01-01,NA,NA,0
-44.787080541526,-20.9671728047559,"NORMAL",2019-01-02,2026-01-01,NA,NA,0
-44.787080541526,-20.9670829732275,"NORMAL",2019-01-02,2026-01-01,NA,NA,0
-44.787080541526,-20.9669931416991,"NORMAL",2019-01-02,2026-01-01,NA,NA,0
-44.787080541526,-20.9669033101707,"NORMAL",2019-01-02,2026-01-01,NA,NA,0
-44.787080541526,-20.9668134786422,"NORMAL",2019-01-02,2026-01-01,NA,NA,0
-44.787080541526,-20.9667236471138,"NORMAL",2019-01-02,2026-01-01,NA,NA,0
-44.787080541526,-20.9666338155854,"NORMAL",2019-01-02,2026-01-01,NA,NA,0
-44.7869907099975,-20.970676234364,"NORMAL",2019-01-02,2026-01-01,NA,NA,0
-44.7869907099975,-20.9705864028356,"RECALIBRANDO",2026-08-29,NA,2026-08-28,0.140656501859375,1
-44.7869907099975,-20.9704965713071,"RECALIBRANDO",2026-08-29,NA,2026-08-28,0.165502920534607,1
-44.7869907099975,-20.9704067397787,"RECALIBRANDO",2026-07-30,NA,2026-07-29,0.171983811050434,1
-44.7869907099975,-20.9703169082503,"RECALIBRANDO",2026-08-29,NA,2026-08-28,0.112488860882467,1
-44.7869907099975,-20.9696880875514,"NORMAL",2019-01-02,2026-01-01,NA,NA,0
-44.7869907099975,-20.969149098381,"NORMAL",2019-01-02,2026-01-01,NA,NA,0
-44.7869907099975,-20.9690592668525,"NORMAL",2019-01-02,2026-01-01,NA,NA,0
-44.7869907099975,-20.9689694353241,"NORMAL",2019-01-02,2026-01-01,NA,NA,0
-44.7869907099975,-20.9688796037957,"RECALIBRANDO",2026-08-08,NA,2026-08-07,-0.126172774156483,1
-44.7869907099975,-20.9687897722673,"NORMAL",2019-01-02,2026-01-01,NA,NA,0
-44.7869907099975,-20.9686999407389,"NORMAL",2019-01-02,2026-01-01,NA,NA,0
-44.7869907099975,-20.9686101092105,"NORMAL",2019-01-02,2026-01-01,NA,NA,0
-44.7869907099975,-20.9685202776821,"NORMAL",2019-01-02,2026-01-01,NA,NA,0
-44.7869907099975,-20.9684304461537,"NORMAL",2019-01-02,2026-01-01,NA,NA,0
-44.7869907099975,-20.9683406146253,"NORMAL",2019-01-02,2026-01-01,NA,NA,0
-44.7869907099975,-20.9682507830968,"NORMAL",2019-01-02,2026-01-01,NA,NA,0
-44.7869907099975,-20.9681609515684,"NORMAL",2019-01-02,2026-01-01,NA,NA,0
-44.7869907099975,-20.96807112004,"NORMAL",2019-01-02,2026-01-01,NA,NA,0
-44.7869907099975,-20.9679812885116,"NORMAL",2019-01-02,2026-01-01,NA,NA,0
-44.7869907099975,-20.9678914569832,"NORMAL",2019-01-02,2026-01-01,NA,NA,0
-44.7869907099975,-20.9678016254548,"NORMAL",2019-01-02,2026-01-01,NA,NA,0
-44.7869907099975,-20.9677117939264,"NORMAL",2019-01-02,2026-01-01,NA,NA,0
-44.7869907099975,-20.967621962398,"NORMAL",2019-01-02,2026-01-01,NA,NA,0
-44.7869907099975,-20.9675321308695,"NORMAL",2019-01-02,2026-01-01,NA,NA,0
-44.7869907099975,-20.9674422993411,"NORMAL",2019-01-02,2026-01-01,NA,NA,0
-44.7869907099975,-20.9673524678127,"NORMAL",2019-01-02,2026-01-01,NA,NA,0
-44.7869907099975,-20.9672626362843,"NORMAL",2019-01-02,2026-01-01,NA,NA,0
-44.7869907099975,-20.9671728047559,"NORMAL",2019-01-02,2026-01-01,NA,NA,0
-44.7869907099975,-20.9670829732275,"NORMAL",2019-01-02,2026-01-01,NA,NA,0
-44.7869907099975,-20.9669931416991,"NORMAL",2019-01-02,2026-01-01,NA,NA,0
-44.7869907099975,-20.9669033101707,"NORMAL",2019-01-02,2026-01-01,NA,NA,0
-44.7869907099975,-20.9668134786422,"NORMAL",2019-01-02,2026-01-01,NA,NA,0
-44.7869907099975,-20.9667236471138,"NORMAL",2019-01-02,2026-01-01,NA,NA,0
-44.7869907099975,-20.9666338155854,"NORMAL",2019-01-02,2026-01-01,NA,NA,0
-44.7869008784691,-20.970676234364,"NORMAL",2019-01-02,2026-01-01,NA,NA,0
-44.7869008784691,-20.9705864028356,"NORMAL",2019-01-02,2026-01-01,NA,NA,0
-44.7869008784691,-20.9704965713071,"NORMAL",2019-01-02,2026-01-01,NA,NA,0
-44.7869008784691,-20.9704067397787,"RECALIBRANDO",2026-08-08,NA,2026-08-07,0.115933020439015,1
-44.7869008784691,-20.9703169082503,"RECALIBRANDO",2026-08-03,NA,2026-08-02,0.12422436683451,1
-44.7869008784691,-20.969149098381,"NORMAL",2019-01-02,2026-01-01,NA,NA,0
-44.7869008784691,-20.9690592668525,"NORMAL",2019-01-02,2026-01-01,NA,NA,0
-44.7869008784691,-20.9689694353241,"NORMAL",2019-01-02,2026-01-01,NA,NA,0
-44.7869008784691,-20.9688796037957,"NORMAL",2019-01-02,2026-01-01,NA,NA,0
-44.7869008784691,-20.9687897722673,"NORMAL",2019-01-02,2026-01-01,NA,NA,0
-44.7869008784691,-20.9686999407389,"NORMAL",2019-01-02,2026-01-01,NA,NA,0
-44.7869008784691,-20.9686101092105,"NORMAL",2019-01-02,2026-01-01,NA,NA,0
-44.7869008784691,-20.9685202776821,"NORMAL",2019-01-02,2026-01-01,NA,NA,0
-44.7869008784691,-20.9684304461537,"NORMAL",2019-01-02,2026-01-01,NA,NA,0
-44.7869008784691,-20.9683406146253,"NORMAL",2019-01-02,2026-01-01,NA,NA,0
-44.7869008784691,-20.9682507830968,"NORMAL",2019-01-02,2026-01-01,NA,NA,0
-44.7869008784691,-20.9681609515684,"NORMAL",2019-01-02,2026-01-01,NA,NA,0
-44.7869008784691,-20.96807112004,"NORMAL",2019-01-02,2026-01-01,NA,NA,0
-44.7869008784691,-20.9679812885116,"NORMAL",2019-01-02,2026-01-01,NA,NA,0
-44.7869008784691,-20.9678914569832,"NORMAL",2019-01-02,2026-01-01,NA,NA,0
-44.7869008784691,-20.9678016254548,"NORMAL",2019-01-02,2026-01-01,NA,NA,0
-44.7869008784691,-20.9677117939264,"NORMAL",2019-01-02,2026-01-01,NA,NA,0
-44.7869008784691,-20.967621962398,"NORMAL",2019-01-02,2026-01-01,NA,NA,0
-44.7869008784691,-20.9675321308695,"NORMAL",2019-01-02,2026-01-01,NA,NA,0
-44.7869008784691,-20.9674422993411,"NORMAL",2019-01-02,2026-01-01,NA,NA,0
-44.7869008784691,-20.9673524678127,"NORMAL",2019-01-02,2026-01-01,NA,NA,0
-44.7869008784691,-20.9672626362843,"NORMAL",2019-01-02,2026-01-01,NA,NA,0
-44.7869008784691,-20.9671728047559,"NORMAL",2019-01-02,2026-01-01,NA,NA,0
-44.7869008784691,-20.9670829732275,"NORMAL",2019-01-02,2026-01-01,NA,NA,0
-44.7869008784691,-20.9669931416991,"NORMAL",2019-01-02,2026-01-01,NA,NA,0
-44.7869008784691,-20.9669033101707,"NORMAL",2019-01-02,2026-01-01,NA,NA,0
-44.7869008784691,-20.9668134786422,"NORMAL",2019-01-02,2026-01-01,NA,NA,0
-44.7869008784691,-20.9667236471138,"NORMAL",2019-01-02,2026-01-01,NA,NA,0
-44.7869008784691,-20.9666338155854,"NORMAL",2019-01-02,2026-01-01,NA,NA,0
-44.7869008784691,-20.966543984057,"NORMAL",2019-01-02,2026-01-01,NA,NA,0
-44.7869008784691,-20.9661846579434,"NORMAL",2019-01-02,2026-01-01,NA,NA,0
-44.7868110469407,-20.9705864028356,"NORMAL",2019-01-02,2026-01-01,NA,NA,0
-44.7868110469407,-20.9704965713071,"RECALIBRANDO",2026-07-30,NA,2026-07-29,0.118241608106949,1
-44.7868110469407,-20.9704067397787,"NORMAL",2019-01-02,2026-01-01,NA,NA,0
-44.7868110469407,-20.9698677506083,"NORMAL",2019-01-02,2026-01-01,NA,NA,0
-44.7868110469407,-20.9697779190798,"NORMAL",2019-01-02,2026-01-01,NA,NA,0
-44.7868110469407,-20.969149098381,"NORMAL",2019-01-02,2026-01-01,NA,NA,0
-44.7868110469407,-20.9690592668525,"NORMAL",2019-01-02,2026-01-01,NA,NA,0
-44.7868110469407,-20.9689694353241,"NORMAL",2019-01-02,2026-01-01,NA,NA,0
-44.7868110469407,-20.9688796037957,"NORMAL",2019-01-02,2026-01-01,NA,NA,0
-44.7868110469407,-20.9687897722673,"NORMAL",2019-01-02,2026-01-01,NA,NA,0
-44.7868110469407,-20.9686999407389,"NORMAL",2019-01-02,2026-01-01,NA,NA,0
-44.7868110469407,-20.9686101092105,"NORMAL",2019-01-02,2026-01-01,NA,NA,0
-44.7868110469407,-20.9685202776821,"NORMAL",2019-01-02,2026-01-01,NA,NA,0
-44.7868110469407,-20.9684304461537,"NORMAL",2019-01-02,2026-01-01,NA,NA,0
-44.7868110469407,-20.9683406146253,"NORMAL",2019-01-02,2026-01-01,NA,NA,0
-44.7868110469407,-20.9682507830968,"NORMAL",2019-01-02,2026-01-01,NA,NA,0
-44.7868110469407,-20.9681609515684,"NORMAL",2019-01-02,2026-01-01,NA,NA,0
-44.7868110469407,-20.96807112004,"NORMAL",2019-01-02,2026-01-01,NA,NA,0
-44.7868110469407,-20.9679812885116,"NORMAL",2019-01-02,2026-01-01,NA,NA,0
-44.7868110469407,-20.9678914569832,"NORMAL",2019-01-02,2026-01-01,NA,NA,0
-44.7868110469407,-20.9678016254548,"NORMAL",2019-01-02,2026-01-01,NA,NA,0
-44.7868110469407,-20.9677117939264,"NORMAL",2019-01-02,2026-01-01,NA,NA,0
-44.7868110469407,-20.967621962398,"NORMAL",2019-01-02,2026-01-01,NA,NA,0
-44.7868110469407,-20.9675321308695,"NORMAL",2019-01-02,2026-01-01,NA,NA,0
-44.7868110469407,-20.9674422993411,"NORMAL",2019-01-02,2026-01-01,NA,NA,0
-44.7868110469407,-20.9673524678127,"NORMAL",2019-01-02,2026-01-01,NA,NA,0
-44.7868110469407,-20.9672626362843,"NORMAL",2019-01-02,2026-01-01,NA,NA,0
-44.7868110469407,-20.9671728047559,"NORMAL",2019-01-02,2026-01-01,NA,NA,0
-44.7868110469407,-20.9670829732275,"NORMAL",2019-01-02,2026-01-01,NA,NA,0
-44.7868110469407,-20.9669931416991,"NORMAL",2019-01-02,2026-01-01,NA,NA,0
-44.7868110469407,-20.9669033101707,"NORMAL",2019-01-02,2026-01-01,NA,NA,0
-44.7868110469407,-20.9668134786422,"NORMAL",2019-01-02,2026-01-01,NA,NA,0
-44.7868110469407,-20.9667236471138,"NORMAL",2019-01-02,2026-01-01,NA,NA,0
-44.7868110469407,-20.9666338155854,"NORMAL",2019-01-02,2026-01-01,NA,NA,0
-44.7868110469407,-20.9662744894718,"RECALIBRANDO",2026-09-04,NA,2026-09-03,0.087480124871733,1
-44.7868110469407,-20.9661846579434,"RECALIBRANDO",2026-08-18,NA,2026-08-17,0.0845325749293905,1
-44.7868110469407,-20.966094826415,"RECALIBRANDO",2026-08-18,NA,2026-08-17,0.0845325749293905,1
-44.7867212154123,-20.9704965713071,"NORMAL",2019-01-02,2026-01-01,NA,NA,0
-44.7867212154123,-20.9700474136651,"NORMAL",2019-01-02,2026-01-01,NA,NA,0
-44.7867212154123,-20.9699575821367,"NORMAL",2019-01-02,2026-01-01,NA,NA,0
-44.7867212154123,-20.9698677506083,"NORMAL",2019-01-02,2026-01-01,NA,NA,0
-44.7867212154123,-20.9697779190798,"NORMAL",2019-01-02,2026-01-01,NA,NA,0
-44.7867212154123,-20.9696880875514,"NORMAL",2019-01-02,2026-01-01,NA,NA,0
-44.7867212154123,-20.9692389299094,"NORMAL",2019-01-02,2026-01-01,NA,NA,0
-44.7867212154123,-20.969149098381,"NORMAL",2019-01-02,2026-01-01,NA,NA,0
-44.7867212154123,-20.9690592668525,"NORMAL",2019-01-02,2026-01-01,NA,NA,0
-44.7867212154123,-20.9689694353241,"NORMAL",2019-01-02,2026-01-01,NA,NA,0
-44.7867212154123,-20.9688796037957,"NORMAL",2019-01-02,2026-01-01,NA,NA,0
-44.7867212154123,-20.9687897722673,"NORMAL",2019-01-02,2026-01-01,NA,NA,0
-44.7867212154123,-20.9686999407389,"NORMAL",2019-01-02,2026-01-01,NA,NA,0
-44.7867212154123,-20.9686101092105,"NORMAL",2019-01-02,2026-01-01,NA,NA,0
-44.7867212154123,-20.9685202776821,"NORMAL",2019-01-02,2026-01-01,NA,NA,0
-44.7867212154123,-20.9684304461537,"NORMAL",2019-01-02,2026-01-01,NA,NA,0
-44.7867212154123,-20.9683406146253,"RECALIBRANDO",2026-03-17,NA,2026-03-16,0.021003720044091,1
-44.7867212154123,-20.9682507830968,"NORMAL",2019-01-02,2026-01-01,NA,NA,0
-44.7867212154123,-20.9681609515684,"NORMAL",2019-01-02,2026-01-01,NA,NA,0
-44.7867212154123,-20.96807112004,"NORMAL",2019-01-02,2026-01-01,NA,NA,0
-44.7867212154123,-20.9679812885116,"RECALIBRANDO",2026-03-28,NA,2026-03-27,0.0402498713147883,1
-44.7867212154123,-20.9678914569832,"NORMAL",2019-01-02,2026-01-01,NA,NA,0
-44.7867212154123,-20.9678016254548,"NORMAL",2019-01-02,2026-01-01,NA,NA,0
-44.7867212154123,-20.9677117939264,"NORMAL",2019-01-02,2026-01-01,NA,NA,0
-44.7867212154123,-20.967621962398,"NORMAL",2019-01-02,2026-01-01,NA,NA,0
-44.7867212154123,-20.9675321308695,"NORMAL",2019-01-02,2026-01-01,NA,NA,0
-44.7867212154123,-20.9674422993411,"NORMAL",2019-01-02,2026-01-01,NA,NA,0
-44.7867212154123,-20.9673524678127,"NORMAL",2019-01-02,2026-01-01,NA,NA,0
-44.7867212154123,-20.9672626362843,"NORMAL",2019-01-02,2026-01-01,NA,NA,0
-44.7867212154123,-20.9671728047559,"NORMAL",2019-01-02,2026-01-01,NA,NA,0
-44.7867212154123,-20.9670829732275,"NORMAL",2019-01-02,2026-01-01,NA,NA,0
-44.7867212154123,-20.9669931416991,"NORMAL",2019-01-02,2026-01-01,NA,NA,0
-44.7867212154123,-20.9669033101707,"NORMAL",2019-01-02,2026-01-01,NA,NA,0
-44.7867212154123,-20.9668134786422,"RECALIBRANDO",2026-08-18,NA,2026-08-17,0.0852483747722846,1
-44.7867212154123,-20.9667236471138,"RECALIBRANDO",2026-08-15,NA,2026-08-14,0.0920010631441256,1
-44.7867212154123,-20.9666338155854,"RECALIBRANDO",2026-08-13,NA,2026-08-12,0.117237296256608,1
-44.7867212154123,-20.9662744894718,"NORMAL",2019-01-02,2026-01-01,NA,NA,0
-44.7867212154123,-20.9661846579434,"RECALIBRANDO",2026-08-15,NA,2026-08-14,0.0840676562882854,1
-44.7867212154123,-20.966094826415,"RECALIBRANDO",2026-08-15,NA,2026-08-14,0.0840676562882854,1
-44.7866313838839,-20.9701372451935,"NORMAL",2019-01-02,2026-01-01,NA,NA,0
-44.7866313838839,-20.9700474136651,"NORMAL",2019-01-02,2026-01-01,NA,NA,0
-44.7866313838839,-20.9699575821367,"NORMAL",2019-01-02,2026-01-01,NA,NA,0
-44.7866313838839,-20.9698677506083,"NORMAL",2019-01-02,2026-01-01,NA,NA,0
-44.7866313838839,-20.9697779190798,"NORMAL",2019-01-02,2026-01-01,NA,NA,0
-44.7866313838839,-20.9693287614378,"NORMAL",2019-01-02,2026-01-01,NA,NA,0
-44.7866313838839,-20.9692389299094,"NORMAL",2019-01-02,2026-01-01,NA,NA,0
-44.7866313838839,-20.969149098381,"NORMAL",2019-01-02,2026-01-01,NA,NA,0
-44.7866313838839,-20.9690592668525,"NORMAL",2019-01-02,2026-01-01,NA,NA,0
-44.7866313838839,-20.9689694353241,"NORMAL",2019-01-02,2026-01-01,NA,NA,0
-44.7866313838839,-20.9688796037957,"NORMAL",2019-01-02,2026-01-01,NA,NA,0
-44.7866313838839,-20.9687897722673,"NORMAL",2019-01-02,2026-01-01,NA,NA,0
-44.7866313838839,-20.9686999407389,"NORMAL",2019-01-02,2026-01-01,NA,NA,0
-44.7866313838839,-20.9686101092105,"NORMAL",2019-01-02,2026-01-01,NA,NA,0
-44.7866313838839,-20.9685202776821,"NORMAL",2019-01-02,2026-01-01,NA,NA,0
-44.7866313838839,-20.9684304461537,"NORMAL",2019-01-02,2026-01-01,NA,NA,0
-44.7866313838839,-20.9683406146253,"RECALIBRANDO",2026-03-17,NA,2026-03-16,0.021003720044091,1
-44.7866313838839,-20.9682507830968,"NORMAL",2019-01-02,2026-01-01,NA,NA,0
-44.7866313838839,-20.9681609515684,"NORMAL",2019-01-02,2026-01-01,NA,NA,0
-44.7866313838839,-20.96807112004,"NORMAL",2019-01-02,2026-01-01,NA,NA,0
-44.7866313838839,-20.9679812885116,"RECALIBRANDO",2026-03-28,NA,2026-03-27,0.0402498713147883,1
-44.7866313838839,-20.9678914569832,"NORMAL",2019-01-02,2026-01-01,NA,NA,0
-44.7866313838839,-20.9678016254548,"NORMAL",2019-01-02,2026-01-01,NA,NA,0
-44.7866313838839,-20.9677117939264,"NORMAL",2019-01-02,2026-01-01,NA,NA,0
-44.7866313838839,-20.967621962398,"NORMAL",2019-01-02,2026-01-01,NA,NA,0
-44.7866313838839,-20.9675321308695,"NORMAL",2019-01-02,2026-01-01,NA,NA,0
-44.7866313838839,-20.9674422993411,"NORMAL",2019-01-02,2026-01-01,NA,NA,0
-44.7866313838839,-20.9673524678127,"NORMAL",2019-01-02,2026-01-01,NA,NA,0
-44.7866313838839,-20.9672626362843,"NORMAL",2019-01-02,2026-01-01,NA,NA,0
-44.7866313838839,-20.9671728047559,"NORMAL",2019-01-02,2026-01-01,NA,NA,0
-44.7866313838839,-20.9670829732275,"NORMAL",2019-01-02,2026-01-01,NA,NA,0
-44.7866313838839,-20.9669931416991,"NORMAL",2019-01-02,2026-01-01,NA,NA,0
-44.7866313838839,-20.9669033101707,"NORMAL",2019-01-02,2026-01-01,NA,NA,0
-44.7866313838839,-20.9668134786422,"NORMAL",2019-01-02,2026-01-01,NA,NA,0
-44.7866313838839,-20.9667236471138,"RECALIBRANDO",2026-08-15,NA,2026-08-14,0.0865117611178097,1
-44.7866313838839,-20.9666338155854,"RECALIBRANDO",2026-08-08,NA,2026-08-07,0.128019793464479,1
-44.7866313838839,-20.9662744894718,"NORMAL",2019-01-02,2026-01-01,NA,NA,0
-44.7866313838839,-20.9661846579434,"RECALIBRANDO",2026-08-15,NA,2026-08-14,0.0884931946240271,1
-44.7866313838839,-20.966094826415,"RECALIBRANDO",2026-08-15,NA,2026-08-14,0.0884931946240271,1
-44.7866313838839,-20.9660049948865,"NORMAL",2019-01-02,2026-01-01,NA,NA,0
-44.7865415523555,-20.9701372451935,"NORMAL",2019-01-02,2026-01-01,NA,NA,0
-44.7865415523555,-20.9700474136651,"NORMAL",2019-01-02,2026-01-01,NA,NA,0
-44.7865415523555,-20.9699575821367,"NORMAL",2019-01-02,2026-01-01,NA,NA,0
-44.7865415523555,-20.9698677506083,"NORMAL",2019-01-02,2026-01-01,NA,NA,0
-44.7865415523555,-20.9697779190798,"NORMAL",2019-01-02,2026-01-01,NA,NA,0
-44.7865415523555,-20.9693287614378,"NORMAL",2019-01-02,2026-01-01,NA,NA,0
-44.7865415523555,-20.9692389299094,"NORMAL",2019-01-02,2026-01-01,NA,NA,0
-44.7865415523555,-20.969149098381,"NORMAL",2019-01-02,2026-01-01,NA,NA,0
-44.7865415523555,-20.9690592668525,"NORMAL",2019-01-02,2026-01-01,NA,NA,0
-44.7865415523555,-20.9689694353241,"NORMAL",2019-01-02,2026-01-01,NA,NA,0
-44.7865415523555,-20.9688796037957,"NORMAL",2019-01-02,2026-01-01,NA,NA,0
-44.7865415523555,-20.9687897722673,"NORMAL",2019-01-02,2026-01-01,NA,NA,0
-44.7865415523555,-20.9686999407389,"NORMAL",2019-01-02,2026-01-01,NA,NA,0
-44.7865415523555,-20.9686101092105,"NORMAL",2019-01-02,2026-01-01,NA,NA,0
-44.7865415523555,-20.9685202776821,"NORMAL",2019-01-02,2026-01-01,NA,NA,0
-44.7865415523555,-20.9684304461537,"NORMAL",2019-01-02,2026-01-01,NA,NA,0
-44.7865415523555,-20.9683406146253,"NORMAL",2019-01-02,2026-01-01,NA,NA,0
-44.7865415523555,-20.9682507830968,"NORMAL",2019-01-02,2026-01-01,NA,NA,0
-44.7865415523555,-20.9681609515684,"NORMAL",2019-01-02,2026-01-01,NA,NA,0
-44.7865415523555,-20.96807112004,"NORMAL",2019-01-02,2026-01-01,NA,NA,0
-44.7865415523555,-20.9679812885116,"NORMAL",2019-01-02,2026-01-01,NA,NA,0
-44.7865415523555,-20.9678914569832,"NORMAL",2019-01-02,2026-01-01,NA,NA,0
-44.7865415523555,-20.9678016254548,"NORMAL",2019-01-02,2026-01-01,NA,NA,0
-44.7865415523555,-20.9677117939264,"NORMAL",2019-01-02,2026-01-01,NA,NA,0
-44.7865415523555,-20.967621962398,"NORMAL",2019-01-02,2026-01-01,NA,NA,0
-44.7865415523555,-20.9675321308695,"NORMAL",2019-01-02,2026-01-01,NA,NA,0
-44.7865415523555,-20.9674422993411,"NORMAL",2019-01-02,2026-01-01,NA,NA,0
-44.7865415523555,-20.9673524678127,"NORMAL",2019-01-02,2026-01-01,NA,NA,0
-44.7865415523555,-20.9672626362843,"NORMAL",2019-01-02,2026-01-01,NA,NA,0
-44.7865415523555,-20.9671728047559,"NORMAL",2019-01-02,2026-01-01,NA,NA,0
-44.7865415523555,-20.9670829732275,"NORMAL",2019-01-02,2026-01-01,NA,NA,0
-44.7865415523555,-20.9669931416991,"NORMAL",2019-01-02,2026-01-01,NA,NA,0
-44.7865415523555,-20.9669033101707,"NORMAL",2019-01-02,2026-01-01,NA,NA,0
-44.7865415523555,-20.9668134786422,"NORMAL",2019-01-02,2026-01-01,NA,NA,0
-44.7865415523555,-20.9667236471138,"RECALIBRANDO",2026-08-15,NA,2026-08-14,0.0865117611178097,1
-44.7865415523555,-20.9663643210002,"NORMAL",2019-01-02,2026-01-01,NA,NA,0
-44.7865415523555,-20.9662744894718,"NORMAL",2019-01-02,2026-01-01,NA,NA,0
-44.7865415523555,-20.9661846579434,"RECALIBRANDO",2026-08-15,NA,2026-08-14,0.0884931946240271,1
-44.7865415523555,-20.966094826415,"RECALIBRANDO",2026-08-15,NA,2026-08-14,0.0884931946240271,1
-44.7865415523555,-20.9660049948865,"NORMAL",2019-01-02,2026-01-01,NA,NA,0
-44.7865415523555,-20.9659151633581,"NORMAL",2019-01-02,2026-01-01,NA,NA,0
-44.7864517208271,-20.9702270767219,"NORMAL",2019-01-02,2026-01-01,NA,NA,0
-44.7864517208271,-20.9701372451935,"NORMAL",2019-01-02,2026-01-01,NA,NA,0
-44.7864517208271,-20.9700474136651,"NORMAL",2019-01-02,2026-01-01,NA,NA,0
-44.7864517208271,-20.9699575821367,"NORMAL",2019-01-02,2026-01-01,NA,NA,0
-44.7864517208271,-20.9698677506083,"NORMAL",2019-01-02,2026-01-01,NA,NA,0
-44.7864517208271,-20.9694185929662,"NORMAL",2019-01-02,2026-01-01,NA,NA,0
-44.7864517208271,-20.9693287614378,"NORMAL",2019-01-02,2026-01-01,NA,NA,0
-44.7864517208271,-20.9692389299094,"NORMAL",2019-01-02,2026-01-01,NA,NA,0
-44.7864517208271,-20.969149098381,"NORMAL",2019-01-02,2026-01-01,NA,NA,0
-44.7864517208271,-20.9690592668525,"NORMAL",2019-01-02,2026-01-01,NA,NA,0
-44.7864517208271,-20.9689694353241,"NORMAL",2019-01-02,2026-01-01,NA,NA,0
-44.7864517208271,-20.9688796037957,"NORMAL",2019-01-02,2026-01-01,NA,NA,0
-44.7864517208271,-20.9687897722673,"NORMAL",2019-01-02,2026-01-01,NA,NA,0
-44.7864517208271,-20.9686999407389,"RECALIBRANDO",2026-08-08,NA,2026-08-07,0.145580817052338,1
-44.7864517208271,-20.9686101092105,"RECALIBRANDO",2026-08-03,NA,2026-08-02,0.1488120346692,1
-44.7864517208271,-20.9685202776821,"RECALIBRANDO",2026-08-18,NA,2026-08-17,0.124665906419594,1
-44.7864517208271,-20.9684304461537,"RECALIBRANDO",2026-07-20,NA,2026-07-19,0.146837272536877,1
-44.7864517208271,-20.9683406146253,"NORMAL",2019-01-02,2026-01-01,NA,NA,0
-44.7864517208271,-20.9682507830968,"NORMAL",2019-01-02,2026-01-01,NA,NA,0
-44.7864517208271,-20.9681609515684,"NORMAL",2019-01-02,2026-01-01,NA,NA,0
-44.7864517208271,-20.96807112004,"NORMAL",2019-01-02,2026-01-01,NA,NA,0
-44.7864517208271,-20.9679812885116,"NORMAL",2019-01-02,2026-01-01,NA,NA,0
-44.7864517208271,-20.9678914569832,"NORMAL",2019-01-02,2026-01-01,NA,NA,0
-44.7864517208271,-20.9678016254548,"NORMAL",2019-01-02,2026-01-01,NA,NA,0
-44.7864517208271,-20.9677117939264,"NORMAL",2019-01-02,2026-01-01,NA,NA,0
-44.7864517208271,-20.967621962398,"NORMAL",2019-01-02,2026-01-01,NA,NA,0
-44.7864517208271,-20.9675321308695,"NORMAL",2019-01-02,2026-01-01,NA,NA,0
-44.7864517208271,-20.9674422993411,"NORMAL",2019-01-02,2026-01-01,NA,NA,0
-44.7864517208271,-20.9673524678127,"NORMAL",2019-01-02,2026-01-01,NA,NA,0
-44.7864517208271,-20.9672626362843,"NORMAL",2019-01-02,2026-01-01,NA,NA,0
-44.7864517208271,-20.9671728047559,"NORMAL",2019-01-02,2026-01-01,NA,NA,0
-44.7864517208271,-20.9670829732275,"NORMAL",2019-01-02,2026-01-01,NA,NA,0
-44.7864517208271,-20.9669931416991,"NORMAL",2019-01-02,2026-01-01,NA,NA,0
-44.7864517208271,-20.9669033101707,"NORMAL",2019-01-02,2026-01-01,NA,NA,0
-44.7864517208271,-20.9668134786422,"NORMAL",2019-01-02,2026-01-01,NA,NA,0
-44.7864517208271,-20.9667236471138,"RECALIBRANDO",2026-08-15,NA,2026-08-14,0.0796641663679518,1
-44.7864517208271,-20.9663643210002,"NORMAL",2019-01-02,2026-01-01,NA,NA,0
-44.7864517208271,-20.9662744894718,"NORMAL",2019-01-02,2026-01-01,NA,NA,0
-44.7864517208271,-20.9661846579434,"NORMAL",2019-01-02,2026-01-01,NA,NA,0
-44.7864517208271,-20.966094826415,"NORMAL",2019-01-02,2026-01-01,NA,NA,0
-44.7864517208271,-20.9660049948865,"NORMAL",2019-01-02,2026-01-01,NA,NA,0
-44.7864517208271,-20.9659151633581,"NORMAL",2019-01-02,2026-01-01,NA,NA,0
-44.7864517208271,-20.9658253318297,"NORMAL",2019-01-02,2026-01-01,NA,NA,0
-44.7863618892987,-20.9703169082503,"NORMAL",2019-01-02,2026-01-01,NA,NA,0
-44.7863618892987,-20.9702270767219,"NORMAL",2019-01-02,2026-01-01,NA,NA,0
-44.7863618892987,-20.9701372451935,"NORMAL",2019-01-02,2026-01-01,NA,NA,0
-44.7863618892987,-20.9700474136651,"RECALIBRANDO",2026-09-04,NA,2026-09-03,0.0553579439946452,1
-44.7863618892987,-20.9699575821367,"NORMAL",2019-01-02,2026-01-01,NA,NA,0
-44.7863618892987,-20.9698677506083,"NORMAL",2019-01-02,2026-01-01,NA,NA,0
-44.7863618892987,-20.9694185929662,"NORMAL",2019-01-02,2026-01-01,NA,NA,0
-44.7863618892987,-20.9693287614378,"NORMAL",2019-01-02,2026-01-01,NA,NA,0
-44.7863618892987,-20.9692389299094,"NORMAL",2019-01-02,2026-01-01,NA,NA,0
-44.7863618892987,-20.969149098381,"NORMAL",2019-01-02,2026-01-01,NA,NA,0
-44.7863618892987,-20.9690592668525,"NORMAL",2019-01-02,2026-01-01,NA,NA,0
-44.7863618892987,-20.9689694353241,"NORMAL",2019-01-02,2026-01-01,NA,NA,0
-44.7863618892987,-20.9688796037957,"NORMAL",2019-01-02,2026-01-01,NA,NA,0
-44.7863618892987,-20.9687897722673,"RECALIBRANDO",2026-09-03,NA,2026-09-02,0.128887590484253,1
-44.7863618892987,-20.9686999407389,"RECALIBRANDO",2026-08-03,NA,2026-08-02,0.167459314204732,1
-44.7863618892987,-20.9686101092105,"RECALIBRANDO",2026-07-20,NA,2026-07-19,0.175121071556335,1
-44.7863618892987,-20.9685202776821,"RECALIBRANDO",2026-07-15,NA,2026-07-14,0.160151832767528,1
-44.7863618892987,-20.9684304461537,"RECALIBRANDO",2026-07-20,NA,2026-07-19,0.150421406495598,1
-44.7863618892987,-20.9683406146253,"NORMAL",2019-01-02,2026-01-01,NA,NA,0
-44.7863618892987,-20.9682507830968,"NORMAL",2019-01-02,2026-01-01,NA,NA,0
-44.7863618892987,-20.9681609515684,"NORMAL",2019-01-02,2026-01-01,NA,NA,0
-44.7863618892987,-20.96807112004,"NORMAL",2019-01-02,2026-01-01,NA,NA,0
-44.7863618892987,-20.9679812885116,"NORMAL",2019-01-02,2026-01-01,NA,NA,0
-44.7863618892987,-20.9678914569832,"NORMAL",2019-01-02,2026-01-01,NA,NA,0
-44.7863618892987,-20.9678016254548,"NORMAL",2019-01-02,2026-01-01,NA,NA,0
-44.7863618892987,-20.9677117939264,"NORMAL",2019-01-02,2026-01-01,NA,NA,0
-44.7863618892987,-20.967621962398,"NORMAL",2019-01-02,2026-01-01,NA,NA,0
-44.7863618892987,-20.9675321308695,"NORMAL",2019-01-02,2026-01-01,NA,NA,0
-44.7863618892987,-20.9674422993411,"NORMAL",2019-01-02,2026-01-01,NA,NA,0
-44.7863618892987,-20.9673524678127,"NORMAL",2019-01-02,2026-01-01,NA,NA,0
-44.7863618892987,-20.9672626362843,"NORMAL",2019-01-02,2026-01-01,NA,NA,0
-44.7863618892987,-20.9671728047559,"NORMAL",2019-01-02,2026-01-01,NA,NA,0
-44.7863618892987,-20.9670829732275,"NORMAL",2019-01-02,2026-01-01,NA,NA,0
-44.7863618892987,-20.9669931416991,"NORMAL",2019-01-02,2026-01-01,NA,NA,0
-44.7863618892987,-20.9669033101707,"NORMAL",2019-01-02,2026-01-01,NA,NA,0
-44.7863618892987,-20.9668134786422,"NORMAL",2019-01-02,2026-01-01,NA,NA,0
-44.7863618892987,-20.9663643210002,"NORMAL",2019-01-02,2026-01-01,NA,NA,0
-44.7863618892987,-20.9662744894718,"NORMAL",2019-01-02,2026-01-01,NA,NA,0
-44.7863618892987,-20.9661846579434,"NORMAL",2019-01-02,2026-01-01,NA,NA,0
-44.7863618892987,-20.966094826415,"NORMAL",2019-01-02,2026-01-01,NA,NA,0
-44.7863618892987,-20.9660049948865,"NORMAL",2019-01-02,2026-01-01,NA,NA,0
-44.7863618892987,-20.9659151633581,"NORMAL",2019-01-02,2026-01-01,NA,NA,0
-44.7863618892987,-20.9658253318297,"NORMAL",2019-01-02,2026-01-01,NA,NA,0
-44.7862720577702,-20.9703169082503,"NORMAL",2019-01-02,2026-01-01,NA,NA,0
-44.7862720577702,-20.9702270767219,"NORMAL",2019-01-02,2026-01-01,NA,NA,0
-44.7862720577702,-20.9701372451935,"NORMAL",2019-01-02,2026-01-01,NA,NA,0
-44.7862720577702,-20.9700474136651,"NORMAL",2019-01-02,2026-01-01,NA,NA,0
-44.7862720577702,-20.9699575821367,"NORMAL",2019-01-02,2026-01-01,NA,NA,0
-44.7862720577702,-20.9695084244946,"NORMAL",2019-01-02,2026-01-01,NA,NA,0
-44.7862720577702,-20.9694185929662,"NORMAL",2019-01-02,2026-01-01,NA,NA,0
-44.7862720577702,-20.9693287614378,"NORMAL",2019-01-02,2026-01-01,NA,NA,0
-44.7862720577702,-20.9692389299094,"NORMAL",2019-01-02,2026-01-01,NA,NA,0
-44.7862720577702,-20.969149098381,"NORMAL",2019-01-02,2026-01-01,NA,NA,0
-44.7862720577702,-20.9690592668525,"NORMAL",2019-01-02,2026-01-01,NA,NA,0
-44.7862720577702,-20.9689694353241,"NORMAL",2019-01-02,2026-01-01,NA,NA,0
-44.7862720577702,-20.9688796037957,"NORMAL",2019-01-02,2026-01-01,NA,NA,0
-44.7862720577702,-20.9687897722673,"RECALIBRANDO",2026-08-29,NA,2026-08-28,0.138878743433184,1
-44.7862720577702,-20.9686999407389,"RECALIBRANDO",2026-07-25,NA,2026-07-24,0.19057753927296,1
-44.7862720577702,-20.9686101092105,"RECALIBRANDO",2026-07-15,NA,2026-07-14,0.171791318516494,1
-44.7862720577702,-20.9685202776821,"RECALIBRANDO",2026-07-20,NA,2026-07-19,0.153966091277076,1
-44.7862720577702,-20.9684304461537,"NORMAL",2019-01-02,2026-01-01,NA,NA,0
-44.7862720577702,-20.9683406146253,"NORMAL",2019-01-02,2026-01-01,NA,NA,0
-44.7862720577702,-20.9682507830968,"NORMAL",2019-01-02,2026-01-01,NA,NA,0
-44.7862720577702,-20.9681609515684,"NORMAL",2019-01-02,2026-01-01,NA,NA,0
-44.7862720577702,-20.96807112004,"NORMAL",2019-01-02,2026-01-01,NA,NA,0
-44.7862720577702,-20.9679812885116,"NORMAL",2019-01-02,2026-01-01,NA,NA,0
-44.7862720577702,-20.9678914569832,"NORMAL",2019-01-02,2026-01-01,NA,NA,0
-44.7862720577702,-20.9678016254548,"NORMAL",2019-01-02,2026-01-01,NA,NA,0
-44.7862720577702,-20.9677117939264,"NORMAL",2019-01-02,2026-01-01,NA,NA,0
-44.7862720577702,-20.967621962398,"NORMAL",2019-01-02,2026-01-01,NA,NA,0
-44.7862720577702,-20.9675321308695,"NORMAL",2019-01-02,2026-01-01,NA,NA,0
-44.7862720577702,-20.9674422993411,"NORMAL",2019-01-02,2026-01-01,NA,NA,0
-44.7862720577702,-20.9673524678127,"NORMAL",2019-01-02,2026-01-01,NA,NA,0
-44.7862720577702,-20.9672626362843,"NORMAL",2019-01-02,2026-01-01,NA,NA,0
-44.7862720577702,-20.9671728047559,"NORMAL",2019-01-02,2026-01-01,NA,NA,0
-44.7862720577702,-20.9670829732275,"NORMAL",2019-01-02,2026-01-01,NA,NA,0
-44.7862720577702,-20.9669931416991,"NORMAL",2019-01-02,2026-01-01,NA,NA,0
-44.7862720577702,-20.9669033101707,"NORMAL",2019-01-02,2026-01-01,NA,NA,0
-44.7862720577702,-20.9668134786422,"NORMAL",2019-01-02,2026-01-01,NA,NA,0
-44.7862720577702,-20.9667236471138,"NORMAL",2019-01-02,2026-01-01,NA,NA,0
-44.7862720577702,-20.9662744894718,"NORMAL",2019-01-02,2026-01-01,NA,NA,0
-44.7862720577702,-20.9661846579434,"NORMAL",2019-01-02,2026-01-01,NA,NA,0
-44.7862720577702,-20.966094826415,"NORMAL",2019-01-02,2026-01-01,NA,NA,0
-44.7862720577702,-20.9660049948865,"NORMAL",2019-01-02,2026-01-01,NA,NA,0
-44.7862720577702,-20.9659151633581,"NORMAL",2019-01-02,2026-01-01,NA,NA,0
-44.7862720577702,-20.9658253318297,"NORMAL",2019-01-02,2026-01-01,NA,NA,0
-44.7862720577702,-20.9657355003013,"NORMAL",2019-01-02,2026-01-01,NA,NA,0
-44.7861822262418,-20.9703169082503,"NORMAL",2019-01-02,2026-01-01,NA,NA,0
-44.7861822262418,-20.9702270767219,"NORMAL",2019-01-02,2026-01-01,NA,NA,0
-44.7861822262418,-20.9701372451935,"NORMAL",2019-01-02,2026-01-01,NA,NA,0
-44.7861822262418,-20.9700474136651,"NORMAL",2019-01-02,2026-01-01,NA,NA,0
-44.7861822262418,-20.9699575821367,"NORMAL",2019-01-02,2026-01-01,NA,NA,0
-44.7861822262418,-20.9695084244946,"NORMAL",2019-01-02,2026-01-01,NA,NA,0
-44.7861822262418,-20.9694185929662,"NORMAL",2019-01-02,2026-01-01,NA,NA,0
-44.7861822262418,-20.9693287614378,"NORMAL",2019-01-02,2026-01-01,NA,NA,0
-44.7861822262418,-20.9692389299094,"NORMAL",2019-01-02,2026-01-01,NA,NA,0
-44.7861822262418,-20.969149098381,"NORMAL",2019-01-02,2026-01-01,NA,NA,0
-44.7861822262418,-20.9690592668525,"NORMAL",2019-01-02,2026-01-01,NA,NA,0
-44.7861822262418,-20.9689694353241,"NORMAL",2019-01-02,2026-01-01,NA,NA,0
-44.7861822262418,-20.9688796037957,"NORMAL",2019-01-02,2026-01-01,NA,NA,0
-44.7861822262418,-20.9687897722673,"RECALIBRANDO",2026-07-15,NA,2026-07-14,0.179221876514072,1
-44.7861822262418,-20.9686999407389,"RECALIBRANDO",2026-07-15,NA,2026-07-14,0.187062537039547,1
-44.7861822262418,-20.9686101092105,"RECALIBRANDO",2026-07-15,NA,2026-07-14,0.201866648133453,1
-44.7861822262418,-20.9685202776821,"RECALIBRANDO",2026-07-15,NA,2026-07-14,0.17087520338587,1
-44.7861822262418,-20.9684304461537,"NORMAL",2019-01-02,2026-01-01,NA,NA,0
-44.7861822262418,-20.9683406146253,"NORMAL",2019-01-02,2026-01-01,NA,NA,0
-44.7861822262418,-20.9682507830968,"NORMAL",2019-01-02,2026-01-01,NA,NA,0
-44.7861822262418,-20.9681609515684,"NORMAL",2019-01-02,2026-01-01,NA,NA,0
-44.7861822262418,-20.96807112004,"NORMAL",2019-01-02,2026-01-01,NA,NA,0
-44.7861822262418,-20.9679812885116,"NORMAL",2019-01-02,2026-01-01,NA,NA,0
-44.7861822262418,-20.9678914569832,"NORMAL",2019-01-02,2026-01-01,NA,NA,0
-44.7861822262418,-20.9678016254548,"NORMAL",2019-01-02,2026-01-01,NA,NA,0
-44.7861822262418,-20.9677117939264,"NORMAL",2019-01-02,2026-01-01,NA,NA,0
-44.7861822262418,-20.967621962398,"NORMAL",2019-01-02,2026-01-01,NA,NA,0
-44.7861822262418,-20.9675321308695,"NORMAL",2019-01-02,2026-01-01,NA,NA,0
-44.7861822262418,-20.9674422993411,"NORMAL",2019-01-02,2026-01-01,NA,NA,0
-44.7861822262418,-20.9673524678127,"NORMAL",2019-01-02,2026-01-01,NA,NA,0
-44.7861822262418,-20.9672626362843,"NORMAL",2019-01-02,2026-01-01,NA,NA,0
-44.7861822262418,-20.9671728047559,"NORMAL",2019-01-02,2026-01-01,NA,NA,0
-44.7861822262418,-20.9670829732275,"NORMAL",2019-01-02,2026-01-01,NA,NA,0
-44.7861822262418,-20.9669931416991,"NORMAL",2019-01-02,2026-01-01,NA,NA,0
-44.7861822262418,-20.9669033101707,"NORMAL",2019-01-02,2026-01-01,NA,NA,0
-44.7861822262418,-20.9668134786422,"NORMAL",2019-01-02,2026-01-01,NA,NA,0
-44.7861822262418,-20.9667236471138,"NORMAL",2019-01-02,2026-01-01,NA,NA,0
-44.7861822262418,-20.9662744894718,"NORMAL",2019-01-02,2026-01-01,NA,NA,0
-44.7861822262418,-20.9661846579434,"NORMAL",2019-01-02,2026-01-01,NA,NA,0
-44.7861822262418,-20.966094826415,"NORMAL",2019-01-02,2026-01-01,NA,NA,0
-44.7861822262418,-20.9660049948865,"NORMAL",2019-01-02,2026-01-01,NA,NA,0
-44.7861822262418,-20.9659151633581,"NORMAL",2019-01-02,2026-01-01,NA,NA,0
-44.7861822262418,-20.9658253318297,"NORMAL",2019-01-02,2026-01-01,NA,NA,0
-44.7861822262418,-20.9657355003013,"NORMAL",2019-01-02,2026-01-01,NA,NA,0
-44.7861822262418,-20.9656456687729,"NORMAL",2019-01-02,2026-01-01,NA,NA,0
-44.7860923947134,-20.9702270767219,"NORMAL",2019-01-02,2026-01-01,NA,NA,0
-44.7860923947134,-20.9701372451935,"NORMAL",2019-01-02,2026-01-01,NA,NA,0
-44.7860923947134,-20.9700474136651,"NORMAL",2019-01-02,2026-01-01,NA,NA,0
-44.7860923947134,-20.969598256023,"RECALIBRANDO",2026-08-18,NA,2026-08-17,-0.0495017547188995,1
-44.7860923947134,-20.9695084244946,"NORMAL",2019-01-02,2026-01-01,NA,NA,0
-44.7860923947134,-20.9694185929662,"NORMAL",2019-01-02,2026-01-01,NA,NA,0
-44.7860923947134,-20.9693287614378,"NORMAL",2019-01-02,2026-01-01,NA,NA,0
-44.7860923947134,-20.9692389299094,"NORMAL",2019-01-02,2026-01-01,NA,NA,0
-44.7860923947134,-20.969149098381,"NORMAL",2019-01-02,2026-01-01,NA,NA,0
-44.7860923947134,-20.9690592668525,"NORMAL",2019-01-02,2026-01-01,NA,NA,0
-44.7860923947134,-20.9689694353241,"NORMAL",2019-01-02,2026-01-01,NA,NA,0
-44.7860923947134,-20.9688796037957,"NORMAL",2019-01-02,2026-01-01,NA,NA,0
-44.7860923947134,-20.9687897722673,"RECALIBRANDO",2026-07-15,NA,2026-07-14,0.182251978768832,1
-44.7860923947134,-20.9686999407389,"RECALIBRANDO",2026-07-15,NA,2026-07-14,0.179520208354229,1
-44.7860923947134,-20.9686101092105,"NORMAL",2019-01-02,2026-01-01,NA,NA,0
-44.7860923947134,-20.9685202776821,"NORMAL",2019-01-02,2026-01-01,NA,NA,0
-44.7860923947134,-20.9684304461537,"NORMAL",2019-01-02,2026-01-01,NA,NA,0
-44.7860923947134,-20.9683406146253,"NORMAL",2019-01-02,2026-01-01,NA,NA,0
-44.7860923947134,-20.9682507830968,"NORMAL",2019-01-02,2026-01-01,NA,NA,0
-44.7860923947134,-20.9681609515684,"NORMAL",2019-01-02,2026-01-01,NA,NA,0
-44.7860923947134,-20.96807112004,"NORMAL",2019-01-02,2026-01-01,NA,NA,0
-44.7860923947134,-20.9679812885116,"NORMAL",2019-01-02,2026-01-01,NA,NA,0
-44.7860923947134,-20.9678914569832,"NORMAL",2019-01-02,2026-01-01,NA,NA,0
-44.7860923947134,-20.9678016254548,"NORMAL",2019-01-02,2026-01-01,NA,NA,0
-44.7860923947134,-20.9677117939264,"NORMAL",2019-01-02,2026-01-01,NA,NA,0
-44.7860923947134,-20.967621962398,"NORMAL",2019-01-02,2026-01-01,NA,NA,0
-44.7860923947134,-20.9675321308695,"NORMAL",2019-01-02,2026-01-01,NA,NA,0
-44.7860923947134,-20.9674422993411,"NORMAL",2019-01-02,2026-01-01,NA,NA,0
-44.7860923947134,-20.9673524678127,"NORMAL",2019-01-02,2026-01-01,NA,NA,0
-44.7860923947134,-20.9672626362843,"NORMAL",2019-01-02,2026-01-01,NA,NA,0
-44.7860923947134,-20.9671728047559,"NORMAL",2019-01-02,2026-01-01,NA,NA,0
-44.7860923947134,-20.9670829732275,"NORMAL",2019-01-02,2026-01-01,NA,NA,0
-44.7860923947134,-20.9669931416991,"NORMAL",2019-01-02,2026-01-01,NA,NA,0
-44.7860923947134,-20.9669033101707,"NORMAL",2019-01-02,2026-01-01,NA,NA,0
-44.7860923947134,-20.9668134786422,"NORMAL",2019-01-02,2026-01-01,NA,NA,0
-44.7860923947134,-20.9667236471138,"NORMAL",2019-01-02,2026-01-01,NA,NA,0
-44.7860923947134,-20.9666338155854,"NORMAL",2019-01-02,2026-01-01,NA,NA,0
-44.7860923947134,-20.9661846579434,"NORMAL",2019-01-02,2026-01-01,NA,NA,0
-44.7860923947134,-20.966094826415,"NORMAL",2019-01-02,2026-01-01,NA,NA,0
-44.7860923947134,-20.9660049948865,"NORMAL",2019-01-02,2026-01-01,NA,NA,0
-44.786002563185,-20.9702270767219,"NORMAL",2019-01-02,2026-01-01,NA,NA,0
-44.786002563185,-20.9701372451935,"NORMAL",2019-01-02,2026-01-01,NA,NA,0
-44.786002563185,-20.9700474136651,"NORMAL",2019-01-02,2026-01-01,NA,NA,0
-44.786002563185,-20.969598256023,"NORMAL",2019-01-02,2026-01-01,NA,NA,0
-44.786002563185,-20.9695084244946,"NORMAL",2019-01-02,2026-01-01,NA,NA,0
-44.786002563185,-20.9694185929662,"NORMAL",2019-01-02,2026-01-01,NA,NA,0
-44.786002563185,-20.9693287614378,"NORMAL",2019-01-02,2026-01-01,NA,NA,0
-44.786002563185,-20.9692389299094,"NORMAL",2019-01-02,2026-01-01,NA,NA,0
-44.786002563185,-20.969149098381,"NORMAL",2019-01-02,2026-01-01,NA,NA,0
-44.786002563185,-20.9690592668525,"NORMAL",2019-01-02,2026-01-01,NA,NA,0
-44.786002563185,-20.9689694353241,"NORMAL",2019-01-02,2026-01-01,NA,NA,0
-44.786002563185,-20.9688796037957,"NORMAL",2019-01-02,2026-01-01,NA,NA,0
-44.786002563185,-20.9687897722673,"RECALIBRANDO",2026-08-08,NA,2026-08-07,0.149978592258138,1
-44.786002563185,-20.9686999407389,"RECALIBRANDO",2026-07-25,NA,2026-07-24,0.148357600392846,1
-44.786002563185,-20.9686101092105,"NORMAL",2019-01-02,2026-01-01,NA,NA,0
-44.786002563185,-20.9685202776821,"NORMAL",2019-01-02,2026-01-01,NA,NA,0
-44.786002563185,-20.9684304461537,"NORMAL",2019-01-02,2026-01-01,NA,NA,0
-44.786002563185,-20.9683406146253,"NORMAL",2019-01-02,2026-01-01,NA,NA,0
-44.786002563185,-20.9682507830968,"NORMAL",2019-01-02,2026-01-01,NA,NA,0
-44.786002563185,-20.9681609515684,"NORMAL",2019-01-02,2026-01-01,NA,NA,0
-44.786002563185,-20.96807112004,"NORMAL",2019-01-02,2026-01-01,NA,NA,0
-44.786002563185,-20.9679812885116,"NORMAL",2019-01-02,2026-01-01,NA,NA,0
-44.786002563185,-20.9678914569832,"NORMAL",2019-01-02,2026-01-01,NA,NA,0
-44.786002563185,-20.9678016254548,"NORMAL",2019-01-02,2026-01-01,NA,NA,0
-44.786002563185,-20.9677117939264,"NORMAL",2019-01-02,2026-01-01,NA,NA,0
-44.786002563185,-20.967621962398,"NORMAL",2019-01-02,2026-01-01,NA,NA,0
-44.786002563185,-20.9675321308695,"NORMAL",2019-01-02,2026-01-01,NA,NA,0
-44.786002563185,-20.9674422993411,"NORMAL",2019-01-02,2026-01-01,NA,NA,0
-44.786002563185,-20.9673524678127,"NORMAL",2019-01-02,2026-01-01,NA,NA,0
-44.786002563185,-20.9672626362843,"NORMAL",2019-01-02,2026-01-01,NA,NA,0
-44.786002563185,-20.9671728047559,"NORMAL",2019-01-02,2026-01-01,NA,NA,0
-44.786002563185,-20.9670829732275,"NORMAL",2019-01-02,2026-01-01,NA,NA,0
-44.786002563185,-20.9669931416991,"NORMAL",2019-01-02,2026-01-01,NA,NA,0
-44.786002563185,-20.9669033101707,"NORMAL",2019-01-02,2026-01-01,NA,NA,0
-44.786002563185,-20.9668134786422,"NORMAL",2019-01-02,2026-01-01,NA,NA,0
-44.786002563185,-20.9667236471138,"NORMAL",2019-01-02,2026-01-01,NA,NA,0
-44.786002563185,-20.9666338155854,"NORMAL",2019-01-02,2026-01-01,NA,NA,0
-44.786002563185,-20.966543984057,"NORMAL",2019-01-02,2026-01-01,NA,NA,0
-44.7859127316566,-20.9702270767219,"NORMAL",2019-01-02,2026-01-01,NA,NA,0
-44.7859127316566,-20.9701372451935,"NORMAL",2019-01-02,2026-01-01,NA,NA,0
-44.7859127316566,-20.9700474136651,"NORMAL",2019-01-02,2026-01-01,NA,NA,0
-44.7859127316566,-20.969598256023,"NORMAL",2019-01-02,2026-01-01,NA,NA,0
-44.7859127316566,-20.9695084244946,"NORMAL",2019-01-02,2026-01-01,NA,NA,0
-44.7859127316566,-20.9694185929662,"NORMAL",2019-01-02,2026-01-01,NA,NA,0
-44.7859127316566,-20.9693287614378,"NORMAL",2019-01-02,2026-01-01,NA,NA,0
-44.7859127316566,-20.9692389299094,"NORMAL",2019-01-02,2026-01-01,NA,NA,0
-44.7859127316566,-20.969149098381,"NORMAL",2019-01-02,2026-01-01,NA,NA,0
-44.7859127316566,-20.9690592668525,"NORMAL",2019-01-02,2026-01-01,NA,NA,0
-44.7859127316566,-20.9689694353241,"NORMAL",2019-01-02,2026-01-01,NA,NA,0
-44.7859127316566,-20.9688796037957,"NORMAL",2019-01-02,2026-01-01,NA,NA,0
-44.7859127316566,-20.9687897722673,"RECALIBRANDO",2026-07-15,NA,2026-07-14,0.160536124317846,1
-44.7859127316566,-20.9686999407389,"RECALIBRANDO",2026-07-25,NA,2026-07-24,0.164619159252978,1
-44.7859127316566,-20.9686101092105,"NORMAL",2019-01-02,2026-01-01,NA,NA,0
-44.7859127316566,-20.9685202776821,"NORMAL",2019-01-02,2026-01-01,NA,NA,0
-44.7859127316566,-20.9684304461537,"NORMAL",2019-01-02,2026-01-01,NA,NA,0
-44.7859127316566,-20.9683406146253,"NORMAL",2019-01-02,2026-01-01,NA,NA,0
-44.7859127316566,-20.9682507830968,"NORMAL",2019-01-02,2026-01-01,NA,NA,0
-44.7859127316566,-20.9681609515684,"NORMAL",2019-01-02,2026-01-01,NA,NA,0
-44.7859127316566,-20.96807112004,"NORMAL",2019-01-02,2026-01-01,NA,NA,0
-44.7859127316566,-20.9679812885116,"NORMAL",2019-01-02,2026-01-01,NA,NA,0
-44.7859127316566,-20.9678914569832,"NORMAL",2019-01-02,2026-01-01,NA,NA,0
-44.7859127316566,-20.9678016254548,"NORMAL",2019-01-02,2026-01-01,NA,NA,0
-44.7859127316566,-20.9677117939264,"NORMAL",2019-01-02,2026-01-01,NA,NA,0
-44.7859127316566,-20.967621962398,"NORMAL",2019-01-02,2026-01-01,NA,NA,0
-44.7859127316566,-20.9675321308695,"NORMAL",2019-01-02,2026-01-01,NA,NA,0
-44.7859127316566,-20.9674422993411,"NORMAL",2019-01-02,2026-01-01,NA,NA,0
-44.7859127316566,-20.9673524678127,"NORMAL",2019-01-02,2026-01-01,NA,NA,0
-44.7859127316566,-20.9672626362843,"NORMAL",2019-01-02,2026-01-01,NA,NA,0
-44.7859127316566,-20.9671728047559,"NORMAL",2019-01-02,2026-01-01,NA,NA,0
-44.7859127316566,-20.9670829732275,"NORMAL",2019-01-02,2026-01-01,NA,NA,0
-44.7859127316566,-20.9669931416991,"NORMAL",2019-01-02,2026-01-01,NA,NA,0
-44.7859127316566,-20.9669033101707,"NORMAL",2019-01-02,2026-01-01,NA,NA,0
-44.7859127316566,-20.9668134786422,"NORMAL",2019-01-02,2026-01-01,NA,NA,0
-44.7859127316566,-20.9667236471138,"NORMAL",2019-01-02,2026-01-01,NA,NA,0
-44.7859127316566,-20.9666338155854,"NORMAL",2019-01-02,2026-01-01,NA,NA,0
-44.7859127316566,-20.966543984057,"NORMAL",2019-01-02,2026-01-01,NA,NA,0
-44.7859127316566,-20.9664541525286,"NORMAL",2019-01-02,2026-01-01,NA,NA,0
-44.7858229001282,-20.9701372451935,"NORMAL",2019-01-02,2026-01-01,NA,NA,0
-44.7858229001282,-20.9696880875514,"NORMAL",2019-01-02,2026-01-01,NA,NA,0
-44.7858229001282,-20.969598256023,"NORMAL",2019-01-02,2026-01-01,NA,NA,0
-44.7858229001282,-20.9695084244946,"NORMAL",2019-01-02,2026-01-01,NA,NA,0
-44.7858229001282,-20.9694185929662,"NORMAL",2019-01-02,2026-01-01,NA,NA,0
-44.7858229001282,-20.9693287614378,"NORMAL",2019-01-02,2026-01-01,NA,NA,0
-44.7858229001282,-20.9692389299094,"NORMAL",2019-01-02,2026-01-01,NA,NA,0
-44.7858229001282,-20.969149098381,"NORMAL",2019-01-02,2026-01-01,NA,NA,0
-44.7858229001282,-20.9690592668525,"NORMAL",2019-01-02,2026-01-01,NA,NA,0
-44.7858229001282,-20.9689694353241,"NORMAL",2019-01-02,2026-01-01,NA,NA,0
-44.7858229001282,-20.9688796037957,"NORMAL",2019-01-02,2026-01-01,NA,NA,0
-44.7858229001282,-20.9687897722673,"RECALIBRANDO",2026-07-30,NA,2026-07-29,0.162498434030124,1
-44.7858229001282,-20.9686999407389,"NORMAL",2019-01-02,2026-01-01,NA,NA,0
-44.7858229001282,-20.9686101092105,"NORMAL",2019-01-02,2026-01-01,NA,NA,0
-44.7858229001282,-20.9685202776821,"NORMAL",2019-01-02,2026-01-01,NA,NA,0
-44.7858229001282,-20.9684304461537,"NORMAL",2019-01-02,2026-01-01,NA,NA,0
-44.7858229001282,-20.9683406146253,"NORMAL",2019-01-02,2026-01-01,NA,NA,0
-44.7858229001282,-20.9682507830968,"NORMAL",2019-01-02,2026-01-01,NA,NA,0
-44.7858229001282,-20.9681609515684,"NORMAL",2019-01-02,2026-01-01,NA,NA,0
-44.7858229001282,-20.96807112004,"NORMAL",2019-01-02,2026-01-01,NA,NA,0
-44.7858229001282,-20.9679812885116,"NORMAL",2019-01-02,2026-01-01,NA,NA,0
-44.7858229001282,-20.9678914569832,"NORMAL",2019-01-02,2026-01-01,NA,NA,0
-44.7858229001282,-20.9678016254548,"NORMAL",2019-01-02,2026-01-01,NA,NA,0
-44.7858229001282,-20.9677117939264,"NORMAL",2019-01-02,2026-01-01,NA,NA,0
-44.7858229001282,-20.967621962398,"NORMAL",2019-01-02,2026-01-01,NA,NA,0
-44.7858229001282,-20.9675321308695,"NORMAL",2019-01-02,2026-01-01,NA,NA,0
-44.7858229001282,-20.9674422993411,"NORMAL",2019-01-02,2026-01-01,NA,NA,0
-44.7858229001282,-20.9673524678127,"NORMAL",2019-01-02,2026-01-01,NA,NA,0
-44.7858229001282,-20.9672626362843,"NORMAL",2019-01-02,2026-01-01,NA,NA,0
-44.7858229001282,-20.9671728047559,"NORMAL",2019-01-02,2026-01-01,NA,NA,0
-44.7858229001282,-20.9670829732275,"NORMAL",2019-01-02,2026-01-01,NA,NA,0
-44.7858229001282,-20.9669931416991,"NORMAL",2019-01-02,2026-01-01,NA,NA,0
-44.7858229001282,-20.9669033101707,"NORMAL",2019-01-02,2026-01-01,NA,NA,0
-44.7858229001282,-20.9668134786422,"NORMAL",2019-01-02,2026-01-01,NA,NA,0
-44.7858229001282,-20.9667236471138,"NORMAL",2019-01-02,2026-01-01,NA,NA,0
-44.7858229001282,-20.9666338155854,"NORMAL",2019-01-02,2026-01-01,NA,NA,0
-44.7858229001282,-20.966543984057,"NORMAL",2019-01-02,2026-01-01,NA,NA,0
-44.7858229001282,-20.9664541525286,"NORMAL",2019-01-02,2026-01-01,NA,NA,0
-44.7858229001282,-20.9663643210002,"NORMAL",2019-01-02,2026-01-01,NA,NA,0
-44.7858229001282,-20.9657355003013,"NORMAL",2019-01-02,2026-01-01,NA,NA,0
-44.7858229001282,-20.9656456687729,"NORMAL",2019-01-02,2026-01-01,NA,NA,0
-44.7857330685998,-20.9701372451935,"NORMAL",2019-01-02,2026-01-01,NA,NA,0
-44.7857330685998,-20.9696880875514,"NORMAL",2019-01-02,2026-01-01,NA,NA,0
-44.7857330685998,-20.969598256023,"NORMAL",2019-01-02,2026-01-01,NA,NA,0
-44.7857330685998,-20.9695084244946,"NORMAL",2019-01-02,2026-01-01,NA,NA,0
-44.7857330685998,-20.9694185929662,"NORMAL",2019-01-02,2026-01-01,NA,NA,0
-44.7857330685998,-20.9693287614378,"NORMAL",2019-01-02,2026-01-01,NA,NA,0
-44.7857330685998,-20.9692389299094,"NORMAL",2019-01-02,2026-01-01,NA,NA,0
-44.7857330685998,-20.969149098381,"NORMAL",2019-01-02,2026-01-01,NA,NA,0
-44.7857330685998,-20.9690592668525,"NORMAL",2019-01-02,2026-01-01,NA,NA,0
-44.7857330685998,-20.9689694353241,"NORMAL",2019-01-02,2026-01-01,NA,NA,0
-44.7857330685998,-20.9688796037957,"NORMAL",2019-01-02,2026-01-01,NA,NA,0
-44.7857330685998,-20.9687897722673,"RECALIBRANDO",2026-08-03,NA,2026-08-02,0.145915227091489,1
-44.7857330685998,-20.9686999407389,"RECALIBRANDO",2026-08-03,NA,2026-08-02,0.158838954040949,1
-44.7857330685998,-20.9686101092105,"NORMAL",2019-01-02,2026-01-01,NA,NA,0
-44.7857330685998,-20.9685202776821,"NORMAL",2019-01-02,2026-01-01,NA,NA,0
-44.7857330685998,-20.9684304461537,"NORMAL",2019-01-02,2026-01-01,NA,NA,0
-44.7857330685998,-20.9683406146253,"NORMAL",2019-01-02,2026-01-01,NA,NA,0
-44.7857330685998,-20.9682507830968,"NORMAL",2019-01-02,2026-01-01,NA,NA,0
-44.7857330685998,-20.9681609515684,"NORMAL",2019-01-02,2026-01-01,NA,NA,0
-44.7857330685998,-20.96807112004,"NORMAL",2019-01-02,2026-01-01,NA,NA,0
-44.7857330685998,-20.9679812885116,"NORMAL",2019-01-02,2026-01-01,NA,NA,0
-44.7857330685998,-20.9678914569832,"NORMAL",2019-01-02,2026-01-01,NA,NA,0
-44.7857330685998,-20.9678016254548,"NORMAL",2019-01-02,2026-01-01,NA,NA,0
-44.7857330685998,-20.9677117939264,"NORMAL",2019-01-02,2026-01-01,NA,NA,0
-44.7857330685998,-20.967621962398,"NORMAL",2019-01-02,2026-01-01,NA,NA,0
-44.7857330685998,-20.9675321308695,"NORMAL",2019-01-02,2026-01-01,NA,NA,0
-44.7857330685998,-20.9674422993411,"NORMAL",2019-01-02,2026-01-01,NA,NA,0
-44.7857330685998,-20.9673524678127,"NORMAL",2019-01-02,2026-01-01,NA,NA,0
-44.7857330685998,-20.9672626362843,"NORMAL",2019-01-02,2026-01-01,NA,NA,0
-44.7857330685998,-20.9671728047559,"NORMAL",2019-01-02,2026-01-01,NA,NA,0
-44.7857330685998,-20.9670829732275,"NORMAL",2019-01-02,2026-01-01,NA,NA,0
-44.7857330685998,-20.9669931416991,"NORMAL",2019-01-02,2026-01-01,NA,NA,0
-44.7857330685998,-20.9669033101707,"NORMAL",2019-01-02,2026-01-01,NA,NA,0
-44.7857330685998,-20.9668134786422,"NORMAL",2019-01-02,2026-01-01,NA,NA,0
-44.7857330685998,-20.9667236471138,"NORMAL",2019-01-02,2026-01-01,NA,NA,0
-44.7857330685998,-20.9666338155854,"NORMAL",2019-01-02,2026-01-01,NA,NA,0
-44.7857330685998,-20.966543984057,"NORMAL",2019-01-02,2026-01-01,NA,NA,0
-44.7857330685998,-20.9664541525286,"NORMAL",2019-01-02,2026-01-01,NA,NA,0
-44.7857330685998,-20.9663643210002,"NORMAL",2019-01-02,2026-01-01,NA,NA,0
-44.7857330685998,-20.9662744894718,"NORMAL",2019-01-02,2026-01-01,NA,NA,0
-44.7857330685998,-20.9660049948865,"NORMAL",2019-01-02,2026-01-01,NA,NA,0
-44.7857330685998,-20.9659151633581,"NORMAL",2019-01-02,2026-01-01,NA,NA,0
-44.7857330685998,-20.9658253318297,"NORMAL",2019-01-02,2026-01-01,NA,NA,0
-44.7857330685998,-20.9657355003013,"NORMAL",2019-01-02,2026-01-01,NA,NA,0
-44.7857330685998,-20.9656456687729,"NORMAL",2019-01-02,2026-01-01,NA,NA,0
-44.7857330685998,-20.9655558372445,"RECALIBRANDO",2026-08-15,NA,2026-08-14,0.094075393129951,1
-44.7857330685998,-20.9654660057161,"RECALIBRANDO",2026-08-08,NA,2026-08-07,0.11634553507803,1
-44.7856432370714,-20.9696880875514,"NORMAL",2019-01-02,2026-01-01,NA,NA,0
-44.7856432370714,-20.969598256023,"NORMAL",2019-01-02,2026-01-01,NA,NA,0
-44.7856432370714,-20.9695084244946,"NORMAL",2019-01-02,2026-01-01,NA,NA,0
-44.7856432370714,-20.9694185929662,"NORMAL",2019-01-02,2026-01-01,NA,NA,0
-44.7856432370714,-20.9693287614378,"NORMAL",2019-01-02,2026-01-01,NA,NA,0
-44.7856432370714,-20.9692389299094,"NORMAL",2019-01-02,2026-01-01,NA,NA,0
-44.7856432370714,-20.969149098381,"NORMAL",2019-01-02,2026-01-01,NA,NA,0
-44.7856432370714,-20.9690592668525,"NORMAL",2019-01-02,2026-01-01,NA,NA,0
-44.7856432370714,-20.9689694353241,"NORMAL",2019-01-02,2026-01-01,NA,NA,0
-44.7856432370714,-20.9688796037957,"NORMAL",2019-01-02,2026-01-01,NA,NA,0
-44.7856432370714,-20.9687897722673,"RECALIBRANDO",2026-07-25,NA,2026-07-24,0.133716883819669,1
-44.7856432370714,-20.9686999407389,"RECALIBRANDO",2026-07-30,NA,2026-07-29,0.135472388127871,1
-44.7856432370714,-20.9686101092105,"NORMAL",2019-01-02,2026-01-01,NA,NA,0
-44.7856432370714,-20.9685202776821,"NORMAL",2019-01-02,2026-01-01,NA,NA,0
-44.7856432370714,-20.9684304461537,"NORMAL",2019-01-02,2026-01-01,NA,NA,0
-44.7856432370714,-20.9683406146253,"NORMAL",2019-01-02,2026-01-01,NA,NA,0
-44.7856432370714,-20.9682507830968,"RECALIBRANDO",2026-08-08,NA,2026-08-07,0.075992305041538,1
-44.7856432370714,-20.9681609515684,"NORMAL",2019-01-02,2026-01-01,NA,NA,0
-44.7856432370714,-20.96807112004,"NORMAL",2019-01-02,2026-01-01,NA,NA,0
-44.7856432370714,-20.9679812885116,"NORMAL",2019-01-02,2026-01-01,NA,NA,0
-44.7856432370714,-20.9678914569832,"NORMAL",2019-01-02,2026-01-01,NA,NA,0
-44.7856432370714,-20.9678016254548,"NORMAL",2019-01-02,2026-01-01,NA,NA,0
-44.7856432370714,-20.9677117939264,"NORMAL",2019-01-02,2026-01-01,NA,NA,0
-44.7856432370714,-20.967621962398,"NORMAL",2019-01-02,2026-01-01,NA,NA,0
-44.7856432370714,-20.9675321308695,"NORMAL",2019-01-02,2026-01-01,NA,NA,0
-44.7856432370714,-20.9674422993411,"NORMAL",2019-01-02,2026-01-01,NA,NA,0
-44.7856432370714,-20.9673524678127,"NORMAL",2019-01-02,2026-01-01,NA,NA,0
-44.7856432370714,-20.9672626362843,"NORMAL",2019-01-02,2026-01-01,NA,NA,0
-44.7856432370714,-20.9671728047559,"NORMAL",2019-01-02,2026-01-01,NA,NA,0
-44.7856432370714,-20.9670829732275,"NORMAL",2019-01-02,2026-01-01,NA,NA,0
-44.7856432370714,-20.9669931416991,"NORMAL",2019-01-02,2026-01-01,NA,NA,0
-44.7856432370714,-20.9669033101707,"NORMAL",2019-01-02,2026-01-01,NA,NA,0
-44.7856432370714,-20.9668134786422,"NORMAL",2019-01-02,2026-01-01,NA,NA,0
-44.7856432370714,-20.9667236471138,"NORMAL",2019-01-02,2026-01-01,NA,NA,0
-44.7856432370714,-20.9666338155854,"NORMAL",2019-01-02,2026-01-01,NA,NA,0
-44.7856432370714,-20.966543984057,"NORMAL",2019-01-02,2026-01-01,NA,NA,0
-44.7856432370714,-20.9664541525286,"NORMAL",2019-01-02,2026-01-01,NA,NA,0
-44.7856432370714,-20.9663643210002,"NORMAL",2019-01-02,2026-01-01,NA,NA,0
-44.7856432370714,-20.9662744894718,"NORMAL",2019-01-02,2026-01-01,NA,NA,0
-44.7856432370714,-20.9661846579434,"NORMAL",2019-01-02,2026-01-01,NA,NA,0
-44.7856432370714,-20.966094826415,"RECALIBRANDO",2026-05-01,NA,2026-04-30,-0.0471290488260735,1
-44.7856432370714,-20.9660049948865,"NORMAL",2019-01-02,2026-01-01,NA,NA,0
-44.7856432370714,-20.9659151633581,"NORMAL",2019-01-02,2026-01-01,NA,NA,0
-44.7856432370714,-20.9658253318297,"NORMAL",2019-01-02,2026-01-01,NA,NA,0
-44.7856432370714,-20.9657355003013,"RECALIBRANDO",2026-08-15,NA,2026-08-14,0.0876945621129777,1
-44.7856432370714,-20.9656456687729,"RECALIBRANDO",2026-08-15,NA,2026-08-14,0.101293849812176,1
-44.7856432370714,-20.9655558372445,"RECALIBRANDO",2026-08-13,NA,2026-08-12,0.109796207654223,1
-44.7856432370714,-20.9654660057161,"RECALIBRANDO",2026-07-30,NA,2026-07-29,0.112426526474318,1
-44.7855534055429,-20.9696880875514,"NORMAL",2019-01-02,2026-01-01,NA,NA,0
-44.7855534055429,-20.969598256023,"NORMAL",2019-01-02,2026-01-01,NA,NA,0
-44.7855534055429,-20.9695084244946,"NORMAL",2019-01-02,2026-01-01,NA,NA,0
-44.7855534055429,-20.9694185929662,"NORMAL",2019-01-02,2026-01-01,NA,NA,0
-44.7855534055429,-20.9693287614378,"NORMAL",2019-01-02,2026-01-01,NA,NA,0
-44.7855534055429,-20.9692389299094,"NORMAL",2019-01-02,2026-01-01,NA,NA,0
-44.7855534055429,-20.969149098381,"NORMAL",2019-01-02,2026-01-01,NA,NA,0
-44.7855534055429,-20.9690592668525,"NORMAL",2019-01-02,2026-01-01,NA,NA,0
-44.7855534055429,-20.9689694353241,"NORMAL",2019-01-02,2026-01-01,NA,NA,0
-44.7855534055429,-20.9688796037957,"NORMAL",2019-01-02,2026-01-01,NA,NA,0
-44.7855534055429,-20.9687897722673,"RECALIBRANDO",2026-07-25,NA,2026-07-24,0.137716067765802,1
-44.7855534055429,-20.9686999407389,"RECALIBRANDO",2026-08-03,NA,2026-08-02,0.119812096460218,1
-44.7855534055429,-20.9686101092105,"NORMAL",2019-01-02,2026-01-01,NA,NA,0
-44.7855534055429,-20.9685202776821,"NORMAL",2019-01-02,2026-01-01,NA,NA,0
-44.7855534055429,-20.9684304461537,"NORMAL",2019-01-02,2026-01-01,NA,NA,0
-44.7855534055429,-20.9683406146253,"NORMAL",2019-01-02,2026-01-01,NA,NA,0
-44.7855534055429,-20.9682507830968,"RECALIBRANDO",2026-09-04,NA,2026-09-03,0.0865724400863316,1
-44.7855534055429,-20.9681609515684,"NORMAL",2019-01-02,2026-01-01,NA,NA,0
-44.7855534055429,-20.96807112004,"NORMAL",2019-01-02,2026-01-01,NA,NA,0
-44.7855534055429,-20.9679812885116,"NORMAL",2019-01-02,2026-01-01,NA,NA,0
-44.7855534055429,-20.9678914569832,"NORMAL",2019-01-02,2026-01-01,NA,NA,0
-44.7855534055429,-20.9678016254548,"NORMAL",2019-01-02,2026-01-01,NA,NA,0
-44.7855534055429,-20.9677117939264,"NORMAL",2019-01-02,2026-01-01,NA,NA,0
-44.7855534055429,-20.967621962398,"NORMAL",2019-01-02,2026-01-01,NA,NA,0
-44.7855534055429,-20.9675321308695,"NORMAL",2019-01-02,2026-01-01,NA,NA,0
-44.7855534055429,-20.9674422993411,"NORMAL",2019-01-02,2026-01-01,NA,NA,0
-44.7855534055429,-20.9673524678127,"NORMAL",2019-01-02,2026-01-01,NA,NA,0
-44.7855534055429,-20.9672626362843,"NORMAL",2019-01-02,2026-01-01,NA,NA,0
-44.7855534055429,-20.9671728047559,"NORMAL",2019-01-02,2026-01-01,NA,NA,0
-44.7855534055429,-20.9670829732275,"NORMAL",2019-01-02,2026-01-01,NA,NA,0
-44.7855534055429,-20.9669931416991,"NORMAL",2019-01-02,2026-01-01,NA,NA,0
-44.7855534055429,-20.9669033101707,"NORMAL",2019-01-02,2026-01-01,NA,NA,0
-44.7855534055429,-20.9668134786422,"NORMAL",2019-01-02,2026-01-01,NA,NA,0
-44.7855534055429,-20.9667236471138,"NORMAL",2019-01-02,2026-01-01,NA,NA,0
-44.7855534055429,-20.9666338155854,"NORMAL",2019-01-02,2026-01-01,NA,NA,0
-44.7855534055429,-20.966543984057,"NORMAL",2019-01-02,2026-01-01,NA,NA,0
-44.7855534055429,-20.9664541525286,"NORMAL",2019-01-02,2026-01-01,NA,NA,0
-44.7855534055429,-20.9663643210002,"NORMAL",2019-01-02,2026-01-01,NA,NA,0
-44.7855534055429,-20.9662744894718,"NORMAL",2019-01-02,2026-01-01,NA,NA,0
-44.7855534055429,-20.9661846579434,"NORMAL",2019-01-02,2026-01-01,NA,NA,0
-44.7855534055429,-20.966094826415,"NORMAL",2019-01-02,2026-01-01,NA,NA,0
-44.7855534055429,-20.9660049948865,"RECALIBRANDO",2026-05-06,NA,2026-05-05,-0.0387309520115046,1
-44.7855534055429,-20.9659151633581,"NORMAL",2019-01-02,2026-01-01,NA,NA,0
-44.7855534055429,-20.9658253318297,"NORMAL",2019-01-02,2026-01-01,NA,NA,0
-44.7855534055429,-20.9657355003013,"RECALIBRANDO",2026-08-18,NA,2026-08-17,0.087870419629643,1
-44.7855534055429,-20.9656456687729,"RECALIBRANDO",2026-08-15,NA,2026-08-14,0.101091353535268,1
-44.7855534055429,-20.9655558372445,"RECALIBRANDO",2026-08-03,NA,2026-08-02,0.106657986441153,1
-44.7854635740145,-20.9697779190798,"NORMAL",2019-01-02,2026-01-01,NA,NA,0
-44.7854635740145,-20.9696880875514,"NORMAL",2019-01-02,2026-01-01,NA,NA,0
-44.7854635740145,-20.969598256023,"NORMAL",2019-01-02,2026-01-01,NA,NA,0
-44.7854635740145,-20.9695084244946,"NORMAL",2019-01-02,2026-01-01,NA,NA,0
-44.7854635740145,-20.9694185929662,"NORMAL",2019-01-02,2026-01-01,NA,NA,0
-44.7854635740145,-20.9693287614378,"NORMAL",2019-01-02,2026-01-01,NA,NA,0
-44.7854635740145,-20.9692389299094,"NORMAL",2019-01-02,2026-01-01,NA,NA,0
-44.7854635740145,-20.969149098381,"NORMAL",2019-01-02,2026-01-01,NA,NA,0
-44.7854635740145,-20.9690592668525,"NORMAL",2019-01-02,2026-01-01,NA,NA,0
-44.7854635740145,-20.9689694353241,"NORMAL",2019-01-02,2026-01-01,NA,NA,0
-44.7854635740145,-20.9688796037957,"NORMAL",2019-01-02,2026-01-01,NA,NA,0
-44.7854635740145,-20.9687897722673,"RECALIBRANDO",2026-07-30,NA,2026-07-29,0.124537767746603,1
-44.7854635740145,-20.9686999407389,"RECALIBRANDO",2026-08-03,NA,2026-08-02,0.1265990339203,1
-44.7854635740145,-20.9686101092105,"NORMAL",2019-01-02,2026-01-01,NA,NA,0
-44.7854635740145,-20.9685202776821,"NORMAL",2019-01-02,2026-01-01,NA,NA,0
-44.7854635740145,-20.9684304461537,"NORMAL",2019-01-02,2026-01-01,NA,NA,0
-44.7854635740145,-20.9683406146253,"NORMAL",2019-01-02,2026-01-01,NA,NA,0
-44.7854635740145,-20.9682507830968,"NORMAL",2019-01-02,2026-01-01,NA,NA,0
-44.7854635740145,-20.9681609515684,"NORMAL",2019-01-02,2026-01-01,NA,NA,0
-44.7854635740145,-20.96807112004,"NORMAL",2019-01-02,2026-01-01,NA,NA,0
-44.7854635740145,-20.9679812885116,"NORMAL",2019-01-02,2026-01-01,NA,NA,0
-44.7854635740145,-20.9678914569832,"NORMAL",2019-01-02,2026-01-01,NA,NA,0
-44.7854635740145,-20.9678016254548,"NORMAL",2019-01-02,2026-01-01,NA,NA,0
-44.7854635740145,-20.9677117939264,"NORMAL",2019-01-02,2026-01-01,NA,NA,0
-44.7854635740145,-20.967621962398,"NORMAL",2019-01-02,2026-01-01,NA,NA,0
-44.7854635740145,-20.9675321308695,"NORMAL",2019-01-02,2026-01-01,NA,NA,0
-44.7854635740145,-20.9674422993411,"NORMAL",2019-01-02,2026-01-01,NA,NA,0
-44.7854635740145,-20.9673524678127,"NORMAL",2019-01-02,2026-01-01,NA,NA,0
-44.7854635740145,-20.9672626362843,"NORMAL",2019-01-02,2026-01-01,NA,NA,0
-44.7854635740145,-20.9671728047559,"NORMAL",2019-01-02,2026-01-01,NA,NA,0
-44.7854635740145,-20.9670829732275,"NORMAL",2019-01-02,2026-01-01,NA,NA,0
-44.7854635740145,-20.9669931416991,"NORMAL",2019-01-02,2026-01-01,NA,NA,0
-44.7854635740145,-20.9669033101707,"NORMAL",2019-01-02,2026-01-01,NA,NA,0
-44.7854635740145,-20.9668134786422,"NORMAL",2019-01-02,2026-01-01,NA,NA,0
-44.7854635740145,-20.9667236471138,"NORMAL",2019-01-02,2026-01-01,NA,NA,0
-44.7854635740145,-20.9666338155854,"NORMAL",2019-01-02,2026-01-01,NA,NA,0
-44.7854635740145,-20.966543984057,"NORMAL",2019-01-02,2026-01-01,NA,NA,0
-44.7854635740145,-20.9664541525286,"NORMAL",2019-01-02,2026-01-01,NA,NA,0
-44.7854635740145,-20.9663643210002,"NORMAL",2019-01-02,2026-01-01,NA,NA,0
-44.7854635740145,-20.9662744894718,"NORMAL",2019-01-02,2026-01-01,NA,NA,0
-44.7854635740145,-20.9661846579434,"NORMAL",2019-01-02,2026-01-01,NA,NA,0
-44.7854635740145,-20.966094826415,"NORMAL",2019-01-02,2026-01-01,NA,NA,0
-44.7854635740145,-20.9660049948865,"RECALIBRANDO",2026-05-27,NA,2026-05-26,-0.0209584314761614,1
-44.7854635740145,-20.9659151633581,"NORMAL",2019-01-02,2026-01-01,NA,NA,0
-44.7854635740145,-20.9658253318297,"NORMAL",2019-01-02,2026-01-01,NA,NA,0
-44.7854635740145,-20.9657355003013,"RECALIBRANDO",2026-08-18,NA,2026-08-17,0.0920332903153388,1
-44.7854635740145,-20.9656456687729,"RECALIBRANDO",2026-08-08,NA,2026-08-07,0.102725841375687,1
-44.7853737424861,-20.9697779190798,"NORMAL",2019-01-02,2026-01-01,NA,NA,0
-44.7853737424861,-20.9696880875514,"NORMAL",2019-01-02,2026-01-01,NA,NA,0
-44.7853737424861,-20.969598256023,"NORMAL",2019-01-02,2026-01-01,NA,NA,0
-44.7853737424861,-20.9695084244946,"NORMAL",2019-01-02,2026-01-01,NA,NA,0
-44.7853737424861,-20.9694185929662,"NORMAL",2019-01-02,2026-01-01,NA,NA,0
-44.7853737424861,-20.9693287614378,"NORMAL",2019-01-02,2026-01-01,NA,NA,0
-44.7853737424861,-20.9692389299094,"NORMAL",2019-01-02,2026-01-01,NA,NA,0
-44.7853737424861,-20.969149098381,"NORMAL",2019-01-02,2026-01-01,NA,NA,0
-44.7853737424861,-20.9690592668525,"NORMAL",2019-01-02,2026-01-01,NA,NA,0
-44.7853737424861,-20.9689694353241,"NORMAL",2019-01-02,2026-01-01,NA,NA,0
-44.7853737424861,-20.9688796037957,"NORMAL",2019-01-02,2026-01-01,NA,NA,0
-44.7853737424861,-20.9687897722673,"NORMAL",2019-01-02,2026-01-01,NA,NA,0
-44.7853737424861,-20.9686999407389,"RECALIBRANDO",2026-08-13,NA,2026-08-12,0.143281742902607,1
-44.7853737424861,-20.9686101092105,"NORMAL",2019-01-02,2026-01-01,NA,NA,0
-44.7853737424861,-20.9685202776821,"NORMAL",2019-01-02,2026-01-01,NA,NA,0
-44.7853737424861,-20.9684304461537,"NORMAL",2019-01-02,2026-01-01,NA,NA,0
-44.7853737424861,-20.9683406146253,"NORMAL",2019-01-02,2026-01-01,NA,NA,0
-44.7853737424861,-20.9682507830968,"NORMAL",2019-01-02,2026-01-01,NA,NA,0
-44.7853737424861,-20.9681609515684,"NORMAL",2019-01-02,2026-01-01,NA,NA,0
-44.7853737424861,-20.96807112004,"NORMAL",2019-01-02,2026-01-01,NA,NA,0
-44.7853737424861,-20.9679812885116,"NORMAL",2019-01-02,2026-01-01,NA,NA,0
-44.7853737424861,-20.9678914569832,"NORMAL",2019-01-02,2026-01-01,NA,NA,0
-44.7853737424861,-20.9678016254548,"NORMAL",2019-01-02,2026-01-01,NA,NA,0
-44.7853737424861,-20.9677117939264,"NORMAL",2019-01-02,2026-01-01,NA,NA,0
-44.7853737424861,-20.967621962398,"NORMAL",2019-01-02,2026-01-01,NA,NA,0
-44.7853737424861,-20.9675321308695,"NORMAL",2019-01-02,2026-01-01,NA,NA,0
-44.7853737424861,-20.9674422993411,"NORMAL",2019-01-02,2026-01-01,NA,NA,0
-44.7853737424861,-20.9673524678127,"NORMAL",2019-01-02,2026-01-01,NA,NA,0
-44.7853737424861,-20.9672626362843,"NORMAL",2019-01-02,2026-01-01,NA,NA,0
-44.7853737424861,-20.9671728047559,"NORMAL",2019-01-02,2026-01-01,NA,NA,0
-44.7853737424861,-20.9670829732275,"NORMAL",2019-01-02,2026-01-01,NA,NA,0
-44.7853737424861,-20.9669931416991,"NORMAL",2019-01-02,2026-01-01,NA,NA,0
-44.7853737424861,-20.9669033101707,"NORMAL",2019-01-02,2026-01-01,NA,NA,0
-44.7853737424861,-20.9668134786422,"NORMAL",2019-01-02,2026-01-01,NA,NA,0
-44.7853737424861,-20.9667236471138,"NORMAL",2019-01-02,2026-01-01,NA,NA,0
-44.7853737424861,-20.9666338155854,"NORMAL",2019-01-02,2026-01-01,NA,NA,0
-44.7853737424861,-20.966543984057,"NORMAL",2019-01-02,2026-01-01,NA,NA,0
-44.7853737424861,-20.9664541525286,"NORMAL",2019-01-02,2026-01-01,NA,NA,0
-44.7853737424861,-20.9663643210002,"NORMAL",2019-01-02,2026-01-01,NA,NA,0
-44.7853737424861,-20.9662744894718,"NORMAL",2019-01-02,2026-01-01,NA,NA,0
-44.7853737424861,-20.9661846579434,"NORMAL",2019-01-02,2026-01-01,NA,NA,0
-44.7853737424861,-20.966094826415,"NORMAL",2019-01-02,2026-01-01,NA,NA,0
-44.7853737424861,-20.9660049948865,"NORMAL",2019-01-02,2026-01-01,NA,NA,0
-44.7853737424861,-20.9659151633581,"RECALIBRANDO",2026-05-27,NA,2026-05-26,-0.0333098099061208,1
-44.7853737424861,-20.9658253318297,"NORMAL",2019-01-02,2026-01-01,NA,NA,0
-44.7853737424861,-20.9657355003013,"RECALIBRANDO",2026-08-18,NA,2026-08-17,0.0931412156550567,1
-44.7853737424861,-20.9656456687729,"RECALIBRANDO",2026-08-03,NA,2026-08-02,0.122208756382534,1
-44.7852839109577,-20.9697779190798,"NORMAL",2019-01-02,2026-01-01,NA,NA,0
-44.7852839109577,-20.9696880875514,"NORMAL",2019-01-02,2026-01-01,NA,NA,0
-44.7852839109577,-20.969598256023,"NORMAL",2019-01-02,2026-01-01,NA,NA,0
-44.7852839109577,-20.9695084244946,"NORMAL",2019-01-02,2026-01-01,NA,NA,0
-44.7852839109577,-20.9694185929662,"NORMAL",2019-01-02,2026-01-01,NA,NA,0
-44.7852839109577,-20.9693287614378,"NORMAL",2019-01-02,2026-01-01,NA,NA,0
-44.7852839109577,-20.9692389299094,"NORMAL",2019-01-02,2026-01-01,NA,NA,0
-44.7852839109577,-20.969149098381,"NORMAL",2019-01-02,2026-01-01,NA,NA,0
-44.7852839109577,-20.9690592668525,"NORMAL",2019-01-02,2026-01-01,NA,NA,0
-44.7852839109577,-20.9689694353241,"NORMAL",2019-01-02,2026-01-01,NA,NA,0
-44.7852839109577,-20.9688796037957,"NORMAL",2019-01-02,2026-01-01,NA,NA,0
-44.7852839109577,-20.9687897722673,"NORMAL",2019-01-02,2026-01-01,NA,NA,0
-44.7852839109577,-20.9686999407389,"RECALIBRANDO",2026-08-13,NA,2026-08-12,0.143281742902607,1
-44.7852839109577,-20.9686101092105,"NORMAL",2019-01-02,2026-01-01,NA,NA,0
-44.7852839109577,-20.9685202776821,"NORMAL",2019-01-02,2026-01-01,NA,NA,0
-44.7852839109577,-20.9684304461537,"NORMAL",2019-01-02,2026-01-01,NA,NA,0
-44.7852839109577,-20.9683406146253,"NORMAL",2019-01-02,2026-01-01,NA,NA,0
-44.7852839109577,-20.9682507830968,"NORMAL",2019-01-02,2026-01-01,NA,NA,0
-44.7852839109577,-20.9681609515684,"NORMAL",2019-01-02,2026-01-01,NA,NA,0
-44.7852839109577,-20.96807112004,"NORMAL",2019-01-02,2026-01-01,NA,NA,0
-44.7852839109577,-20.9679812885116,"NORMAL",2019-01-02,2026-01-01,NA,NA,0
-44.7852839109577,-20.9678914569832,"NORMAL",2019-01-02,2026-01-01,NA,NA,0
-44.7852839109577,-20.9678016254548,"NORMAL",2019-01-02,2026-01-01,NA,NA,0
-44.7852839109577,-20.9677117939264,"NORMAL",2019-01-02,2026-01-01,NA,NA,0
-44.7852839109577,-20.967621962398,"NORMAL",2019-01-02,2026-01-01,NA,NA,0
-44.7852839109577,-20.9675321308695,"NORMAL",2019-01-02,2026-01-01,NA,NA,0
-44.7852839109577,-20.9674422993411,"NORMAL",2019-01-02,2026-01-01,NA,NA,0
-44.7852839109577,-20.9673524678127,"NORMAL",2019-01-02,2026-01-01,NA,NA,0
-44.7852839109577,-20.9672626362843,"NORMAL",2019-01-02,2026-01-01,NA,NA,0
-44.7852839109577,-20.9671728047559,"NORMAL",2019-01-02,2026-01-01,NA,NA,0
-44.7852839109577,-20.9670829732275,"NORMAL",2019-01-02,2026-01-01,NA,NA,0
-44.7852839109577,-20.9669931416991,"NORMAL",2019-01-02,2026-01-01,NA,NA,0
-44.7852839109577,-20.9669033101707,"NORMAL",2019-01-02,2026-01-01,NA,NA,0
-44.7852839109577,-20.9668134786422,"NORMAL",2019-01-02,2026-01-01,NA,NA,0
-44.7852839109577,-20.9667236471138,"NORMAL",2019-01-02,2026-01-01,NA,NA,0
-44.7852839109577,-20.9666338155854,"NORMAL",2019-01-02,2026-01-01,NA,NA,0
-44.7852839109577,-20.966543984057,"NORMAL",2019-01-02,2026-01-01,NA,NA,0
-44.7852839109577,-20.9664541525286,"NORMAL",2019-01-02,2026-01-01,NA,NA,0
-44.7852839109577,-20.9663643210002,"NORMAL",2019-01-02,2026-01-01,NA,NA,0
-44.7852839109577,-20.9662744894718,"NORMAL",2019-01-02,2026-01-01,NA,NA,0
-44.7852839109577,-20.9661846579434,"NORMAL",2019-01-02,2026-01-01,NA,NA,0
-44.7852839109577,-20.966094826415,"NORMAL",2019-01-02,2026-01-01,NA,NA,0
-44.7852839109577,-20.9660049948865,"NORMAL",2019-01-02,2026-01-01,NA,NA,0
-44.7852839109577,-20.9659151633581,"NORMAL",2019-01-02,2026-01-01,NA,NA,0
-44.7852839109577,-20.9658253318297,"RECALIBRANDO",2026-05-27,NA,2026-05-26,-0.000555834052525128,1
-44.7852839109577,-20.9657355003013,"NORMAL",2019-01-02,2026-01-01,NA,NA,0
-44.7852839109577,-20.9656456687729,"RECALIBRANDO",2026-07-20,NA,2026-07-19,0.124990789915354,1
-44.7851940794293,-20.9698677506083,"NORMAL",2019-01-02,2026-01-01,NA,NA,0
-44.7851940794293,-20.9697779190798,"NORMAL",2019-01-02,2026-01-01,NA,NA,0
-44.7851940794293,-20.9696880875514,"NORMAL",2019-01-02,2026-01-01,NA,NA,0
-44.7851940794293,-20.969598256023,"NORMAL",2019-01-02,2026-01-01,NA,NA,0
-44.7851940794293,-20.9695084244946,"NORMAL",2019-01-02,2026-01-01,NA,NA,0
-44.7851940794293,-20.9694185929662,"NORMAL",2019-01-02,2026-01-01,NA,NA,0
-44.7851940794293,-20.9693287614378,"NORMAL",2019-01-02,2026-01-01,NA,NA,0
-44.7851940794293,-20.9692389299094,"NORMAL",2019-01-02,2026-01-01,NA,NA,0
-44.7851940794293,-20.969149098381,"NORMAL",2019-01-02,2026-01-01,NA,NA,0
-44.7851940794293,-20.9690592668525,"NORMAL",2019-01-02,2026-01-01,NA,NA,0
-44.7851940794293,-20.9689694353241,"NORMAL",2019-01-02,2026-01-01,NA,NA,0
-44.7851940794293,-20.9688796037957,"NORMAL",2019-01-02,2026-01-01,NA,NA,0
-44.7851940794293,-20.9687897722673,"NORMAL",2019-01-02,2026-01-01,NA,NA,0
-44.7851940794293,-20.9686999407389,"NORMAL",2019-01-02,2026-01-01,NA,NA,0
-44.7851940794293,-20.9686101092105,"NORMAL",2019-01-02,2026-01-01,NA,NA,0
-44.7851940794293,-20.9685202776821,"NORMAL",2019-01-02,2026-01-01,NA,NA,0
-44.7851940794293,-20.9684304461537,"NORMAL",2019-01-02,2026-01-01,NA,NA,0
-44.7851940794293,-20.9683406146253,"NORMAL",2019-01-02,2026-01-01,NA,NA,0
-44.7851940794293,-20.9682507830968,"NORMAL",2019-01-02,2026-01-01,NA,NA,0
-44.7851940794293,-20.9681609515684,"NORMAL",2019-01-02,2026-01-01,NA,NA,0
-44.7851940794293,-20.96807112004,"NORMAL",2019-01-02,2026-01-01,NA,NA,0
-44.7851940794293,-20.9679812885116,"NORMAL",2019-01-02,2026-01-01,NA,NA,0
-44.7851940794293,-20.9678914569832,"NORMAL",2019-01-02,2026-01-01,NA,NA,0
-44.7851940794293,-20.9678016254548,"NORMAL",2019-01-02,2026-01-01,NA,NA,0
-44.7851940794293,-20.9677117939264,"NORMAL",2019-01-02,2026-01-01,NA,NA,0
-44.7851940794293,-20.967621962398,"NORMAL",2019-01-02,2026-01-01,NA,NA,0
-44.7851940794293,-20.9675321308695,"NORMAL",2019-01-02,2026-01-01,NA,NA,0
-44.7851940794293,-20.9674422993411,"NORMAL",2019-01-02,2026-01-01,NA,NA,0
-44.7851940794293,-20.9673524678127,"NORMAL",2019-01-02,2026-01-01,NA,NA,0
-44.7851940794293,-20.9672626362843,"NORMAL",2019-01-02,2026-01-01,NA,NA,0
-44.7851940794293,-20.9671728047559,"NORMAL",2019-01-02,2026-01-01,NA,NA,0
-44.7851940794293,-20.9670829732275,"NORMAL",2019-01-02,2026-01-01,NA,NA,0
-44.7851940794293,-20.9669931416991,"NORMAL",2019-01-02,2026-01-01,NA,NA,0
-44.7851940794293,-20.9669033101707,"NORMAL",2019-01-02,2026-01-01,NA,NA,0
-44.7851940794293,-20.9668134786422,"NORMAL",2019-01-02,2026-01-01,NA,NA,0
-44.7851940794293,-20.9667236471138,"NORMAL",2019-01-02,2026-01-01,NA,NA,0
-44.7851940794293,-20.9666338155854,"NORMAL",2019-01-02,2026-01-01,NA,NA,0
-44.7851940794293,-20.966543984057,"NORMAL",2019-01-02,2026-01-01,NA,NA,0
-44.7851940794293,-20.9664541525286,"NORMAL",2019-01-02,2026-01-01,NA,NA,0
-44.7851940794293,-20.9663643210002,"NORMAL",2019-01-02,2026-01-01,NA,NA,0
-44.7851940794293,-20.9662744894718,"NORMAL",2019-01-02,2026-01-01,NA,NA,0
-44.7851940794293,-20.9661846579434,"NORMAL",2019-01-02,2026-01-01,NA,NA,0
-44.7851940794293,-20.966094826415,"NORMAL",2019-01-02,2026-01-01,NA,NA,0
-44.7851940794293,-20.9660049948865,"NORMAL",2019-01-02,2026-01-01,NA,NA,0
-44.7851940794293,-20.9659151633581,"NORMAL",2019-01-02,2026-01-01,NA,NA,0
-44.7851940794293,-20.9658253318297,"RECALIBRANDO",2026-05-27,NA,2026-05-26,-0.000555834052525128,1
-44.7851940794293,-20.9657355003013,"NORMAL",2019-01-02,2026-01-01,NA,NA,0
-44.7851042479009,-20.9699575821367,"NORMAL",2019-01-02,2026-01-01,NA,NA,0
-44.7851042479009,-20.9698677506083,"NORMAL",2019-01-02,2026-01-01,NA,NA,0
-44.7851042479009,-20.9697779190798,"NORMAL",2019-01-02,2026-01-01,NA,NA,0
-44.7851042479009,-20.9696880875514,"NORMAL",2019-01-02,2026-01-01,NA,NA,0
-44.7851042479009,-20.969598256023,"NORMAL",2019-01-02,2026-01-01,NA,NA,0
-44.7851042479009,-20.9695084244946,"NORMAL",2019-01-02,2026-01-01,NA,NA,0
-44.7851042479009,-20.9694185929662,"NORMAL",2019-01-02,2026-01-01,NA,NA,0
-44.7851042479009,-20.9693287614378,"NORMAL",2019-01-02,2026-01-01,NA,NA,0
-44.7851042479009,-20.9692389299094,"NORMAL",2019-01-02,2026-01-01,NA,NA,0
-44.7851042479009,-20.969149098381,"NORMAL",2019-01-02,2026-01-01,NA,NA,0
-44.7851042479009,-20.9690592668525,"NORMAL",2019-01-02,2026-01-01,NA,NA,0
-44.7851042479009,-20.9689694353241,"NORMAL",2019-01-02,2026-01-01,NA,NA,0
-44.7851042479009,-20.9688796037957,"NORMAL",2019-01-02,2026-01-01,NA,NA,0
-44.7851042479009,-20.9687897722673,"NORMAL",2019-01-02,2026-01-01,NA,NA,0
-44.7851042479009,-20.9686999407389,"NORMAL",2019-01-02,2026-01-01,NA,NA,0
-44.7851042479009,-20.9686101092105,"NORMAL",2019-01-02,2026-01-01,NA,NA,0
-44.7851042479009,-20.9685202776821,"NORMAL",2019-01-02,2026-01-01,NA,NA,0
-44.7851042479009,-20.9684304461537,"NORMAL",2019-01-02,2026-01-01,NA,NA,0
-44.7851042479009,-20.9683406146253,"NORMAL",2019-01-02,2026-01-01,NA,NA,0
-44.7851042479009,-20.9682507830968,"NORMAL",2019-01-02,2026-01-01,NA,NA,0
-44.7851042479009,-20.9681609515684,"NORMAL",2019-01-02,2026-01-01,NA,NA,0
-44.7851042479009,-20.96807112004,"NORMAL",2019-01-02,2026-01-01,NA,NA,0
-44.7851042479009,-20.9679812885116,"NORMAL",2019-01-02,2026-01-01,NA,NA,0
-44.7851042479009,-20.9678914569832,"NORMAL",2019-01-02,2026-01-01,NA,NA,0
-44.7851042479009,-20.9678016254548,"NORMAL",2019-01-02,2026-01-01,NA,NA,0
-44.7851042479009,-20.9677117939264,"NORMAL",2019-01-02,2026-01-01,NA,NA,0
-44.7851042479009,-20.967621962398,"NORMAL",2019-01-02,2026-01-01,NA,NA,0
-44.7851042479009,-20.9675321308695,"NORMAL",2019-01-02,2026-01-01,NA,NA,0
-44.7851042479009,-20.9674422993411,"NORMAL",2019-01-02,2026-01-01,NA,NA,0
-44.7851042479009,-20.9673524678127,"NORMAL",2019-01-02,2026-01-01,NA,NA,0
-44.7851042479009,-20.9672626362843,"NORMAL",2019-01-02,2026-01-01,NA,NA,0
-44.7851042479009,-20.9671728047559,"NORMAL",2019-01-02,2026-01-01,NA,NA,0
-44.7851042479009,-20.9670829732275,"NORMAL",2019-01-02,2026-01-01,NA,NA,0
-44.7851042479009,-20.9669931416991,"NORMAL",2019-01-02,2026-01-01,NA,NA,0
-44.7851042479009,-20.9669033101707,"NORMAL",2019-01-02,2026-01-01,NA,NA,0
-44.7851042479009,-20.9668134786422,"NORMAL",2019-01-02,2026-01-01,NA,NA,0
-44.7851042479009,-20.9667236471138,"NORMAL",2019-01-02,2026-01-01,NA,NA,0
-44.7851042479009,-20.9666338155854,"NORMAL",2019-01-02,2026-01-01,NA,NA,0
-44.7851042479009,-20.966543984057,"NORMAL",2019-01-02,2026-01-01,NA,NA,0
-44.7851042479009,-20.9664541525286,"NORMAL",2019-01-02,2026-01-01,NA,NA,0
-44.7851042479009,-20.9663643210002,"NORMAL",2019-01-02,2026-01-01,NA,NA,0
-44.7851042479009,-20.9662744894718,"NORMAL",2019-01-02,2026-01-01,NA,NA,0
-44.7851042479009,-20.9661846579434,"NORMAL",2019-01-02,2026-01-01,NA,NA,0
-44.7851042479009,-20.966094826415,"NORMAL",2019-01-02,2026-01-01,NA,NA,0
-44.7851042479009,-20.9660049948865,"NORMAL",2019-01-02,2026-01-01,NA,NA,0
-44.7851042479009,-20.9659151633581,"NORMAL",2019-01-02,2026-01-01,NA,NA,0
-44.7851042479009,-20.9658253318297,"NORMAL",2019-01-02,2026-01-01,NA,NA,0
-44.7850144163725,-20.9699575821367,"NORMAL",2019-01-02,2026-01-01,NA,NA,0
-44.7850144163725,-20.9698677506083,"NORMAL",2019-01-02,2026-01-01,NA,NA,0
-44.7850144163725,-20.9697779190798,"NORMAL",2019-01-02,2026-01-01,NA,NA,0
-44.7850144163725,-20.9696880875514,"NORMAL",2019-01-02,2026-01-01,NA,NA,0
-44.7850144163725,-20.969598256023,"NORMAL",2019-01-02,2026-01-01,NA,NA,0
-44.7850144163725,-20.9695084244946,"NORMAL",2019-01-02,2026-01-01,NA,NA,0
-44.7850144163725,-20.9694185929662,"NORMAL",2019-01-02,2026-01-01,NA,NA,0
-44.7850144163725,-20.9693287614378,"NORMAL",2019-01-02,2026-01-01,NA,NA,0
-44.7850144163725,-20.9692389299094,"NORMAL",2019-01-02,2026-01-01,NA,NA,0
-44.7850144163725,-20.969149098381,"NORMAL",2019-01-02,2026-01-01,NA,NA,0
-44.7850144163725,-20.9690592668525,"NORMAL",2019-01-02,2026-01-01,NA,NA,0
-44.7850144163725,-20.9689694353241,"NORMAL",2019-01-02,2026-01-01,NA,NA,0
-44.7850144163725,-20.9688796037957,"NORMAL",2019-01-02,2026-01-01,NA,NA,0
-44.7850144163725,-20.9687897722673,"NORMAL",2019-01-02,2026-01-01,NA,NA,0
-44.7850144163725,-20.9686999407389,"NORMAL",2019-01-02,2026-01-01,NA,NA,0
-44.7850144163725,-20.9686101092105,"NORMAL",2019-01-02,2026-01-01,NA,NA,0
-44.7850144163725,-20.9685202776821,"NORMAL",2019-01-02,2026-01-01,NA,NA,0
-44.7850144163725,-20.9684304461537,"NORMAL",2019-01-02,2026-01-01,NA,NA,0
-44.7850144163725,-20.9683406146253,"NORMAL",2019-01-02,2026-01-01,NA,NA,0
-44.7850144163725,-20.9682507830968,"NORMAL",2019-01-02,2026-01-01,NA,NA,0
-44.7850144163725,-20.9681609515684,"NORMAL",2019-01-02,2026-01-01,NA,NA,0
-44.7850144163725,-20.96807112004,"NORMAL",2019-01-02,2026-01-01,NA,NA,0
-44.7850144163725,-20.9679812885116,"NORMAL",2019-01-02,2026-01-01,NA,NA,0
-44.7850144163725,-20.9678914569832,"NORMAL",2019-01-02,2026-01-01,NA,NA,0
-44.7850144163725,-20.9678016254548,"NORMAL",2019-01-02,2026-01-01,NA,NA,0
-44.7850144163725,-20.9677117939264,"NORMAL",2019-01-02,2026-01-01,NA,NA,0
-44.7850144163725,-20.967621962398,"NORMAL",2019-01-02,2026-01-01,NA,NA,0
-44.7850144163725,-20.9675321308695,"NORMAL",2019-01-02,2026-01-01,NA,NA,0
-44.7850144163725,-20.9674422993411,"NORMAL",2019-01-02,2026-01-01,NA,NA,0
-44.7850144163725,-20.9673524678127,"NORMAL",2019-01-02,2026-01-01,NA,NA,0
-44.7850144163725,-20.9672626362843,"NORMAL",2019-01-02,2026-01-01,NA,NA,0
-44.7850144163725,-20.9671728047559,"NORMAL",2019-01-02,2026-01-01,NA,NA,0
-44.7850144163725,-20.9670829732275,"NORMAL",2019-01-02,2026-01-01,NA,NA,0
-44.7850144163725,-20.9669931416991,"NORMAL",2019-01-02,2026-01-01,NA,NA,0
-44.7850144163725,-20.9669033101707,"NORMAL",2019-01-02,2026-01-01,NA,NA,0
-44.7850144163725,-20.9668134786422,"NORMAL",2019-01-02,2026-01-01,NA,NA,0
-44.7850144163725,-20.9667236471138,"NORMAL",2019-01-02,2026-01-01,NA,NA,0
-44.7850144163725,-20.9666338155854,"NORMAL",2019-01-02,2026-01-01,NA,NA,0
-44.7850144163725,-20.966543984057,"NORMAL",2019-01-02,2026-01-01,NA,NA,0
-44.7850144163725,-20.9664541525286,"NORMAL",2019-01-02,2026-01-01,NA,NA,0
-44.7850144163725,-20.9663643210002,"NORMAL",2019-01-02,2026-01-01,NA,NA,0
-44.7850144163725,-20.9662744894718,"NORMAL",2019-01-02,2026-01-01,NA,NA,0
-44.7850144163725,-20.9661846579434,"NORMAL",2019-01-02,2026-01-01,NA,NA,0
-44.7850144163725,-20.966094826415,"NORMAL",2019-01-02,2026-01-01,NA,NA,0
-44.7850144163725,-20.9660049948865,"NORMAL",2019-01-02,2026-01-01,NA,NA,0
-44.7850144163725,-20.9659151633581,"NORMAL",2019-01-02,2026-01-01,NA,NA,0
-44.7850144163725,-20.9658253318297,"NORMAL",2019-01-02,2026-01-01,NA,NA,0
-44.7849245848441,-20.9699575821367,"NORMAL",2019-01-02,2026-01-01,NA,NA,0
-44.7849245848441,-20.9698677506083,"NORMAL",2019-01-02,2026-01-01,NA,NA,0
-44.7849245848441,-20.9697779190798,"NORMAL",2019-01-02,2026-01-01,NA,NA,0
-44.7849245848441,-20.9696880875514,"NORMAL",2019-01-02,2026-01-01,NA,NA,0
-44.7849245848441,-20.969598256023,"RECALIBRANDO",2026-08-03,NA,2026-08-02,-0.0514519888858629,1
-44.7849245848441,-20.9695084244946,"NORMAL",2019-01-02,2026-01-01,NA,NA,0
-44.7849245848441,-20.9694185929662,"NORMAL",2019-01-02,2026-01-01,NA,NA,0
-44.7849245848441,-20.9693287614378,"NORMAL",2019-01-02,2026-01-01,NA,NA,0
-44.7849245848441,-20.9692389299094,"NORMAL",2019-01-02,2026-01-01,NA,NA,0
-44.7849245848441,-20.969149098381,"NORMAL",2019-01-02,2026-01-01,NA,NA,0
-44.7849245848441,-20.9690592668525,"NORMAL",2019-01-02,2026-01-01,NA,NA,0
-44.7849245848441,-20.9689694353241,"NORMAL",2019-01-02,2026-01-01,NA,NA,0
-44.7849245848441,-20.9688796037957,"NORMAL",2019-01-02,2026-01-01,NA,NA,0
-44.7849245848441,-20.9687897722673,"NORMAL",2019-01-02,2026-01-01,NA,NA,0
-44.7849245848441,-20.9686999407389,"NORMAL",2019-01-02,2026-01-01,NA,NA,0
-44.7849245848441,-20.9686101092105,"NORMAL",2019-01-02,2026-01-01,NA,NA,0
-44.7849245848441,-20.9685202776821,"NORMAL",2019-01-02,2026-01-01,NA,NA,0
-44.7849245848441,-20.9684304461537,"NORMAL",2019-01-02,2026-01-01,NA,NA,0
-44.7849245848441,-20.9683406146253,"NORMAL",2019-01-02,2026-01-01,NA,NA,0
-44.7849245848441,-20.9682507830968,"NORMAL",2019-01-02,2026-01-01,NA,NA,0
-44.7849245848441,-20.9681609515684,"NORMAL",2019-01-02,2026-01-01,NA,NA,0
-44.7849245848441,-20.96807112004,"NORMAL",2019-01-02,2026-01-01,NA,NA,0
-44.7849245848441,-20.9679812885116,"NORMAL",2019-01-02,2026-01-01,NA,NA,0
-44.7849245848441,-20.9678914569832,"NORMAL",2019-01-02,2026-01-01,NA,NA,0
-44.7849245848441,-20.9678016254548,"RECALIBRANDO",2026-01-10,NA,2026-01-09,0.0484844633830036,1
-44.7849245848441,-20.9677117939264,"RECALIBRANDO",2026-03-06,NA,2026-03-05,0.0683492096139884,1
-44.7849245848441,-20.967621962398,"RECALIBRANDO",2026-03-06,NA,2026-03-05,0.0740810065469443,1
-44.7849245848441,-20.9675321308695,"NORMAL",2019-01-02,2026-01-01,NA,NA,0
-44.7849245848441,-20.9674422993411,"NORMAL",2019-01-02,2026-01-01,NA,NA,0
-44.7849245848441,-20.9673524678127,"NORMAL",2019-01-02,2026-01-01,NA,NA,0
-44.7849245848441,-20.9672626362843,"NORMAL",2019-01-02,2026-01-01,NA,NA,0
-44.7849245848441,-20.9671728047559,"NORMAL",2019-01-02,2026-01-01,NA,NA,0
-44.7849245848441,-20.9670829732275,"NORMAL",2019-01-02,2026-01-01,NA,NA,0
-44.7849245848441,-20.9669931416991,"NORMAL",2019-01-02,2026-01-01,NA,NA,0
-44.7849245848441,-20.9669033101707,"NORMAL",2019-01-02,2026-01-01,NA,NA,0
-44.7849245848441,-20.9668134786422,"NORMAL",2019-01-02,2026-01-01,NA,NA,0
-44.7849245848441,-20.9667236471138,"NORMAL",2019-01-02,2026-01-01,NA,NA,0
-44.7849245848441,-20.9666338155854,"NORMAL",2019-01-02,2026-01-01,NA,NA,0
-44.7849245848441,-20.966543984057,"NORMAL",2019-01-02,2026-01-01,NA,NA,0
-44.7849245848441,-20.9664541525286,"NORMAL",2019-01-02,2026-01-01,NA,NA,0
-44.7849245848441,-20.9663643210002,"NORMAL",2019-01-02,2026-01-01,NA,NA,0
-44.7849245848441,-20.9662744894718,"NORMAL",2019-01-02,2026-01-01,NA,NA,0
-44.7849245848441,-20.9661846579434,"NORMAL",2019-01-02,2026-01-01,NA,NA,0
-44.7849245848441,-20.966094826415,"NORMAL",2019-01-02,2026-01-01,NA,NA,0
-44.7849245848441,-20.9660049948865,"NORMAL",2019-01-02,2026-01-01,NA,NA,0
-44.7849245848441,-20.9659151633581,"NORMAL",2019-01-02,2026-01-01,NA,NA,0
-44.7848347533157,-20.9700474136651,"NORMAL",2019-01-02,2026-01-01,NA,NA,0
-44.7848347533157,-20.9699575821367,"NORMAL",2019-01-02,2026-01-01,NA,NA,0
-44.7848347533157,-20.9698677506083,"NORMAL",2019-01-02,2026-01-01,NA,NA,0
-44.7848347533157,-20.9697779190798,"NORMAL",2019-01-02,2026-01-01,NA,NA,0
-44.7848347533157,-20.9696880875514,"NORMAL",2019-01-02,2026-01-01,NA,NA,0
-44.7848347533157,-20.969598256023,"RECALIBRANDO",2026-08-03,NA,2026-08-02,-0.057642331897671,1
-44.7848347533157,-20.9695084244946,"NORMAL",2019-01-02,2026-01-01,NA,NA,0
-44.7848347533157,-20.9694185929662,"NORMAL",2019-01-02,2026-01-01,NA,NA,0
-44.7848347533157,-20.9693287614378,"NORMAL",2019-01-02,2026-01-01,NA,NA,0
-44.7848347533157,-20.9692389299094,"NORMAL",2019-01-02,2026-01-01,NA,NA,0
-44.7848347533157,-20.969149098381,"NORMAL",2019-01-02,2026-01-01,NA,NA,0
-44.7848347533157,-20.9690592668525,"NORMAL",2019-01-02,2026-01-01,NA,NA,0
-44.7848347533157,-20.9689694353241,"NORMAL",2019-01-02,2026-01-01,NA,NA,0
-44.7848347533157,-20.9688796037957,"NORMAL",2019-01-02,2026-01-01,NA,NA,0
-44.7848347533157,-20.9687897722673,"NORMAL",2019-01-02,2026-01-01,NA,NA,0
-44.7848347533157,-20.9686999407389,"NORMAL",2019-01-02,2026-01-01,NA,NA,0
-44.7848347533157,-20.9686101092105,"NORMAL",2019-01-02,2026-01-01,NA,NA,0
-44.7848347533157,-20.9685202776821,"NORMAL",2019-01-02,2026-01-01,NA,NA,0
-44.7848347533157,-20.9684304461537,"NORMAL",2019-01-02,2026-01-01,NA,NA,0
-44.7848347533157,-20.9683406146253,"NORMAL",2019-01-02,2026-01-01,NA,NA,0
-44.7848347533157,-20.9682507830968,"NORMAL",2019-01-02,2026-01-01,NA,NA,0
-44.7848347533157,-20.9681609515684,"NORMAL",2019-01-02,2026-01-01,NA,NA,0
-44.7848347533157,-20.96807112004,"NORMAL",2019-01-02,2026-01-01,NA,NA,0
-44.7848347533157,-20.9679812885116,"RECALIBRANDO",2026-03-01,NA,2026-02-28,0.0635949565050176,1
-44.7848347533157,-20.9678914569832,"RECALIBRANDO",2026-01-10,NA,2026-01-09,0.062750310669368,1
-44.7848347533157,-20.9678016254548,"RECALIBRANDO",2026-02-15,NA,2026-02-14,0.0657471559570826,1
-44.7848347533157,-20.9677117939264,"RECALIBRANDO",2026-03-01,NA,2026-02-28,0.0710867276992129,1
-44.7848347533157,-20.967621962398,"NORMAL",2019-01-02,2026-01-01,NA,NA,0
-44.7848347533157,-20.9675321308695,"RECALIBRANDO",2026-02-15,NA,2026-02-14,0.0677996543346651,1
-44.7848347533157,-20.9674422993411,"NORMAL",2019-01-02,2026-01-01,NA,NA,0
-44.7848347533157,-20.9673524678127,"NORMAL",2019-01-02,2026-01-01,NA,NA,0
-44.7848347533157,-20.9672626362843,"NORMAL",2019-01-02,2026-01-01,NA,NA,0
-44.7848347533157,-20.9671728047559,"NORMAL",2019-01-02,2026-01-01,NA,NA,0
-44.7848347533157,-20.9670829732275,"NORMAL",2019-01-02,2026-01-01,NA,NA,0
-44.7848347533157,-20.9669931416991,"NORMAL",2019-01-02,2026-01-01,NA,NA,0
-44.7848347533157,-20.9669033101707,"NORMAL",2019-01-02,2026-01-01,NA,NA,0
-44.7848347533157,-20.9668134786422,"NORMAL",2019-01-02,2026-01-01,NA,NA,0
-44.7848347533157,-20.9667236471138,"NORMAL",2019-01-02,2026-01-01,NA,NA,0
-44.7848347533157,-20.9666338155854,"NORMAL",2019-01-02,2026-01-01,NA,NA,0
-44.7848347533157,-20.966543984057,"NORMAL",2019-01-02,2026-01-01,NA,NA,0
-44.7848347533157,-20.9664541525286,"RECALIBRANDO",2026-01-10,NA,2026-01-09,0.043352465083318,1
-44.7848347533157,-20.9663643210002,"RECALIBRANDO",2026-01-10,NA,2026-01-09,0.0240827037862675,1
-44.7848347533157,-20.9662744894718,"NORMAL",2019-01-02,2026-01-01,NA,NA,0
-44.7848347533157,-20.9661846579434,"NORMAL",2019-01-02,2026-01-01,NA,NA,0
-44.7848347533157,-20.966094826415,"NORMAL",2019-01-02,2026-01-01,NA,NA,0
-44.7848347533157,-20.9660049948865,"NORMAL",2019-01-02,2026-01-01,NA,NA,0
-44.7848347533157,-20.9659151633581,"RECALIBRANDO",2026-06-15,NA,2026-06-14,0.00733164079217385,1
-44.7847449217872,-20.9700474136651,"NORMAL",2019-01-02,2026-01-01,NA,NA,0
-44.7847449217872,-20.9699575821367,"NORMAL",2019-01-02,2026-01-01,NA,NA,0
-44.7847449217872,-20.9698677506083,"NORMAL",2019-01-02,2026-01-01,NA,NA,0
-44.7847449217872,-20.9697779190798,"NORMAL",2019-01-02,2026-01-01,NA,NA,0
-44.7847449217872,-20.9696880875514,"NORMAL",2019-01-02,2026-01-01,NA,NA,0
-44.7847449217872,-20.969598256023,"NORMAL",2019-01-02,2026-01-01,NA,NA,0
-44.7847449217872,-20.9695084244946,"NORMAL",2019-01-02,2026-01-01,NA,NA,0
-44.7847449217872,-20.9694185929662,"NORMAL",2019-01-02,2026-01-01,NA,NA,0
-44.7847449217872,-20.9693287614378,"NORMAL",2019-01-02,2026-01-01,NA,NA,0
-44.7847449217872,-20.9692389299094,"NORMAL",2019-01-02,2026-01-01,NA,NA,0
-44.7847449217872,-20.969149098381,"NORMAL",2019-01-02,2026-01-01,NA,NA,0
-44.7847449217872,-20.9690592668525,"NORMAL",2019-01-02,2026-01-01,NA,NA,0
-44.7847449217872,-20.9689694353241,"NORMAL",2019-01-02,2026-01-01,NA,NA,0
-44.7847449217872,-20.9688796037957,"NORMAL",2019-01-02,2026-01-01,NA,NA,0
-44.7847449217872,-20.9687897722673,"NORMAL",2019-01-02,2026-01-01,NA,NA,0
-44.7847449217872,-20.9686999407389,"NORMAL",2019-01-02,2026-01-01,NA,NA,0
-44.7847449217872,-20.9686101092105,"RECALIBRANDO",2026-09-04,NA,2026-09-03,0.0928239660463271,1
-44.7847449217872,-20.9685202776821,"NORMAL",2019-01-02,2026-01-01,NA,NA,0
-44.7847449217872,-20.9684304461537,"NORMAL",2019-01-02,2026-01-01,NA,NA,0
-44.7847449217872,-20.9683406146253,"NORMAL",2019-01-02,2026-01-01,NA,NA,0
-44.7847449217872,-20.9682507830968,"NORMAL",2019-01-02,2026-01-01,NA,NA,0
-44.7847449217872,-20.9681609515684,"RECALIBRANDO",2026-01-10,NA,2026-01-09,0.0438053195000672,1
-44.7847449217872,-20.96807112004,"NORMAL",2019-01-02,2026-01-01,NA,NA,0
-44.7847449217872,-20.9679812885116,"RECALIBRANDO",2026-04-17,NA,2026-04-16,0.0549619652816541,1
-44.7847449217872,-20.9678914569832,"RECALIBRANDO",2026-02-15,NA,2026-02-14,0.059784021872851,1
-44.7847449217872,-20.9678016254548,"RECALIBRANDO",2026-03-01,NA,2026-02-28,0.0579571488706154,1
-44.7847449217872,-20.9677117939264,"RECALIBRANDO",2026-03-01,NA,2026-02-28,0.0646744552234661,1
-44.7847449217872,-20.967621962398,"RECALIBRANDO",2026-04-17,NA,2026-04-16,0.0786195353375571,1
-44.7847449217872,-20.9675321308695,"NORMAL",2019-01-02,2026-01-01,NA,NA,0
-44.7847449217872,-20.9674422993411,"RECALIBRANDO",2026-02-15,NA,2026-02-14,0.0680474048917912,1
-44.7847449217872,-20.9673524678127,"RECALIBRANDO",2026-03-01,NA,2026-02-28,0.0527645700423313,1
-44.7847449217872,-20.9672626362843,"NORMAL",2019-01-02,2026-01-01,NA,NA,0
-44.7847449217872,-20.9671728047559,"NORMAL",2019-01-02,2026-01-01,NA,NA,0
-44.7847449217872,-20.9670829732275,"NORMAL",2019-01-02,2026-01-01,NA,NA,0
-44.7847449217872,-20.9669931416991,"NORMAL",2019-01-02,2026-01-01,NA,NA,0
-44.7847449217872,-20.9669033101707,"NORMAL",2019-01-02,2026-01-01,NA,NA,0
-44.7847449217872,-20.9668134786422,"NORMAL",2019-01-02,2026-01-01,NA,NA,0
-44.7847449217872,-20.9667236471138,"RECALIBRANDO",2026-02-15,NA,2026-02-14,0.0369190731337887,1
-44.7847449217872,-20.9666338155854,"RECALIBRANDO",2026-01-15,NA,2026-01-14,0.0452989800885633,1
-44.7847449217872,-20.966543984057,"RECALIBRANDO",2026-01-15,NA,2026-01-14,0.0452989800885633,1
-44.7847449217872,-20.9664541525286,"RECALIBRANDO",2026-08-29,NA,2026-08-28,0.0547844169921212,1
-44.7847449217872,-20.9663643210002,"RECALIBRANDO",2026-01-10,NA,2026-01-09,0.029849621027579,1
-44.7847449217872,-20.9662744894718,"RECALIBRANDO",2026-01-10,NA,2026-01-09,0.0293726197222945,1
-44.7847449217872,-20.9661846579434,"NORMAL",2019-01-02,2026-01-01,NA,NA,0
-44.7847449217872,-20.966094826415,"NORMAL",2019-01-02,2026-01-01,NA,NA,0
-44.7847449217872,-20.9660049948865,"NORMAL",2019-01-02,2026-01-01,NA,NA,0
-44.7847449217872,-20.9659151633581,"NORMAL",2019-01-02,2026-01-01,NA,NA,0
-44.7846550902588,-20.9700474136651,"NORMAL",2019-01-02,2026-01-01,NA,NA,0
-44.7846550902588,-20.9699575821367,"NORMAL",2019-01-02,2026-01-01,NA,NA,0
-44.7846550902588,-20.9698677506083,"NORMAL",2019-01-02,2026-01-01,NA,NA,0
-44.7846550902588,-20.9697779190798,"NORMAL",2019-01-02,2026-01-01,NA,NA,0
-44.7846550902588,-20.9696880875514,"NORMAL",2019-01-02,2026-01-01,NA,NA,0
-44.7846550902588,-20.969598256023,"NORMAL",2019-01-02,2026-01-01,NA,NA,0
-44.7846550902588,-20.9695084244946,"NORMAL",2019-01-02,2026-01-01,NA,NA,0
-44.7846550902588,-20.9694185929662,"NORMAL",2019-01-02,2026-01-01,NA,NA,0
-44.7846550902588,-20.9693287614378,"NORMAL",2019-01-02,2026-01-01,NA,NA,0
-44.7846550902588,-20.9692389299094,"NORMAL",2019-01-02,2026-01-01,NA,NA,0
-44.7846550902588,-20.969149098381,"NORMAL",2019-01-02,2026-01-01,NA,NA,0
-44.7846550902588,-20.9690592668525,"NORMAL",2019-01-02,2026-01-01,NA,NA,0
-44.7846550902588,-20.9689694353241,"NORMAL",2019-01-02,2026-01-01,NA,NA,0
-44.7846550902588,-20.9688796037957,"NORMAL",2019-01-02,2026-01-01,NA,NA,0
-44.7846550902588,-20.9687897722673,"NORMAL",2019-01-02,2026-01-01,NA,NA,0
-44.7846550902588,-20.9686999407389,"NORMAL",2019-01-02,2026-01-01,NA,NA,0
-44.7846550902588,-20.9686101092105,"NORMAL",2019-01-02,2026-01-01,NA,NA,0
-44.7846550902588,-20.9685202776821,"NORMAL",2019-01-02,2026-01-01,NA,NA,0
-44.7846550902588,-20.9684304461537,"NORMAL",2019-01-02,2026-01-01,NA,NA,0
-44.7846550902588,-20.9683406146253,"NORMAL",2019-01-02,2026-01-01,NA,NA,0
-44.7846550902588,-20.9682507830968,"NORMAL",2019-01-02,2026-01-01,NA,NA,0
-44.7846550902588,-20.9681609515684,"NORMAL",2019-01-02,2026-01-01,NA,NA,0
-44.7846550902588,-20.96807112004,"NORMAL",2019-01-02,2026-01-01,NA,NA,0
-44.7846550902588,-20.9679812885116,"RECALIBRANDO",2026-03-01,NA,2026-02-28,0.0487956281051849,1
-44.7846550902588,-20.9678914569832,"NORMAL",2019-01-02,2026-01-01,NA,NA,0
-44.7846550902588,-20.9678016254548,"RECALIBRANDO",2026-04-17,NA,2026-04-16,0.0616697773826058,1
-44.7846550902588,-20.9677117939264,"RECALIBRANDO",2026-02-15,NA,2026-02-14,0.0684842952602454,1
-44.7846550902588,-20.967621962398,"RECALIBRANDO",2026-09-03,NA,2026-09-02,0.0657233878725484,1
-44.7846550902588,-20.9675321308695,"RECALIBRANDO",2026-09-03,NA,2026-09-02,0.0827842742913252,1
-44.7846550902588,-20.9674422993411,"RECALIBRANDO",2026-03-01,NA,2026-02-28,0.0584301225434617,1
-44.7846550902588,-20.9669931416991,"RECALIBRANDO",2026-01-15,NA,2026-01-14,0.043922492008381,1
-44.7846550902588,-20.9669033101707,"RECALIBRANDO",2026-01-10,NA,2026-01-09,0.0470733170068902,1
-44.7846550902588,-20.9668134786422,"RECALIBRANDO",2026-01-10,NA,2026-01-09,0.0400845272400098,1
-44.7846550902588,-20.9667236471138,"NORMAL",2019-01-02,2026-01-01,NA,NA,0
-44.7846550902588,-20.9666338155854,"RECALIBRANDO",2026-08-15,NA,2026-08-14,0.0926652379876992,1
-44.7846550902588,-20.966543984057,"RECALIBRANDO",2026-08-15,NA,2026-08-14,0.0926652379876992,1
-44.7846550902588,-20.9664541525286,"RECALIBRANDO",2026-08-15,NA,2026-08-14,0.0929474374929276,1
-44.7846550902588,-20.9663643210002,"RECALIBRANDO",2026-08-18,NA,2026-08-17,0.0655048146667564,1
-44.7846550902588,-20.9662744894718,"RECALIBRANDO",2026-09-04,NA,2026-09-03,0.0309633641727698,1
-44.7846550902588,-20.9661846579434,"NORMAL",2019-01-02,2026-01-01,NA,NA,0
-44.7846550902588,-20.966094826415,"NORMAL",2019-01-02,2026-01-01,NA,NA,0
-44.7846550902588,-20.9660049948865,"NORMAL",2019-01-02,2026-01-01,NA,NA,0
-44.7845652587304,-20.9700474136651,"NORMAL",2019-01-02,2026-01-01,NA,NA,0
-44.7845652587304,-20.9699575821367,"NORMAL",2019-01-02,2026-01-01,NA,NA,0
-44.7845652587304,-20.9698677506083,"NORMAL",2019-01-02,2026-01-01,NA,NA,0
-44.7845652587304,-20.9697779190798,"NORMAL",2019-01-02,2026-01-01,NA,NA,0
-44.7845652587304,-20.9696880875514,"NORMAL",2019-01-02,2026-01-01,NA,NA,0
-44.7845652587304,-20.969598256023,"NORMAL",2019-01-02,2026-01-01,NA,NA,0
-44.7845652587304,-20.9695084244946,"NORMAL",2019-01-02,2026-01-01,NA,NA,0
-44.7845652587304,-20.9692389299094,"NORMAL",2019-01-02,2026-01-01,NA,NA,0
-44.7845652587304,-20.969149098381,"NORMAL",2019-01-02,2026-01-01,NA,NA,0
-44.7845652587304,-20.9690592668525,"NORMAL",2019-01-02,2026-01-01,NA,NA,0
-44.7845652587304,-20.9689694353241,"NORMAL",2019-01-02,2026-01-01,NA,NA,0
-44.7845652587304,-20.9688796037957,"NORMAL",2019-01-02,2026-01-01,NA,NA,0
-44.7845652587304,-20.9687897722673,"NORMAL",2019-01-02,2026-01-01,NA,NA,0
-44.7845652587304,-20.9686999407389,"NORMAL",2019-01-02,2026-01-01,NA,NA,0
-44.7845652587304,-20.9686101092105,"NORMAL",2019-01-02,2026-01-01,NA,NA,0
-44.7845652587304,-20.9685202776821,"RECALIBRANDO",2026-01-10,NA,2026-01-09,0.0638147611466982,1
-44.7845652587304,-20.9684304461537,"NORMAL",2019-01-02,2026-01-01,NA,NA,0
-44.7845652587304,-20.9683406146253,"RECALIBRANDO",2026-03-01,NA,2026-02-28,0.0650789270074507,1
-44.7845652587304,-20.9682507830968,"NORMAL",2019-01-02,2026-01-01,NA,NA,0
-44.7845652587304,-20.9681609515684,"NORMAL",2019-01-02,2026-01-01,NA,NA,0
-44.7845652587304,-20.96807112004,"NORMAL",2019-01-02,2026-01-01,NA,NA,0
-44.7845652587304,-20.9679812885116,"NORMAL",2019-01-02,2026-01-01,NA,NA,0
-44.7845652587304,-20.9678914569832,"RECALIBRANDO",2026-09-03,NA,2026-09-02,0.0816312892290132,1
-44.7845652587304,-20.9678016254548,"RECALIBRANDO",2026-08-29,NA,2026-08-28,0.0822307536317913,1
-44.7845652587304,-20.9677117939264,"RECALIBRANDO",2026-08-29,NA,2026-08-28,0.0851026233968217,1
-44.7845652587304,-20.9669033101707,"RECALIBRANDO",2026-09-04,NA,2026-09-03,0.057167117525091,1
-44.7845652587304,-20.9668134786422,"NORMAL",2019-01-02,2026-01-01,NA,NA,0
-44.7845652587304,-20.9667236471138,"RECALIBRANDO",2026-08-08,NA,2026-08-07,0.107544958887181,1
-44.7845652587304,-20.9666338155854,"RECALIBRANDO",2026-07-30,NA,2026-07-29,0.130074502366289,1
-44.7845652587304,-20.966543984057,"RECALIBRANDO",2026-07-30,NA,2026-07-29,0.130074502366289,1
-44.7845652587304,-20.9664541525286,"RECALIBRANDO",2026-08-03,NA,2026-08-02,0.125076432297364,1
-44.7845652587304,-20.9663643210002,"RECALIBRANDO",2026-08-15,NA,2026-08-14,0.090866053413781,1
-44.7845652587304,-20.9662744894718,"NORMAL",2019-01-02,2026-01-01,NA,NA,0
-44.7845652587304,-20.9661846579434,"NORMAL",2019-01-02,2026-01-01,NA,NA,0
-44.7845652587304,-20.966094826415,"NORMAL",2019-01-02,2026-01-01,NA,NA,0
-44.784475427202,-20.9700474136651,"NORMAL",2019-01-02,2026-01-01,NA,NA,0
-44.784475427202,-20.9699575821367,"NORMAL",2019-01-02,2026-01-01,NA,NA,0
-44.784475427202,-20.9698677506083,"NORMAL",2019-01-02,2026-01-01,NA,NA,0
-44.784475427202,-20.9697779190798,"NORMAL",2019-01-02,2026-01-01,NA,NA,0
-44.784475427202,-20.9696880875514,"NORMAL",2019-01-02,2026-01-01,NA,NA,0
-44.784475427202,-20.969598256023,"RECALIBRANDO",2026-07-15,NA,2026-07-14,-0.0874085744673029,1
-44.784475427202,-20.969149098381,"NORMAL",2019-01-02,2026-01-01,NA,NA,0
-44.784475427202,-20.9690592668525,"NORMAL",2019-01-02,2026-01-01,NA,NA,0
-44.784475427202,-20.9689694353241,"NORMAL",2019-01-02,2026-01-01,NA,NA,0
-44.784475427202,-20.9688796037957,"NORMAL",2019-01-02,2026-01-01,NA,NA,0
-44.784475427202,-20.9687897722673,"NORMAL",2019-01-02,2026-01-01,NA,NA,0
-44.784475427202,-20.9686999407389,"NORMAL",2019-01-02,2026-01-01,NA,NA,0
-44.784475427202,-20.9686101092105,"NORMAL",2019-01-02,2026-01-01,NA,NA,0
-44.784475427202,-20.9685202776821,"NORMAL",2019-01-02,2026-01-01,NA,NA,0
-44.784475427202,-20.9684304461537,"NORMAL",2019-01-02,2026-01-01,NA,NA,0
-44.784475427202,-20.9683406146253,"RECALIBRANDO",2026-03-06,NA,2026-03-05,0.0295988688939737,1
-44.784475427202,-20.9682507830968,"NORMAL",2019-01-02,2026-01-01,NA,NA,0
-44.784475427202,-20.9681609515684,"NORMAL",2019-01-02,2026-01-01,NA,NA,0
-44.784475427202,-20.96807112004,"NORMAL",2019-01-02,2026-01-01,NA,NA,0
-44.784475427202,-20.9668134786422,"RECALIBRANDO",2026-08-15,NA,2026-08-14,0.0869261911545414,1
-44.784475427202,-20.9667236471138,"RECALIBRANDO",2026-08-13,NA,2026-08-12,0.101417383923777,1
-44.784475427202,-20.9666338155854,"RECALIBRANDO",2026-08-13,NA,2026-08-12,0.102657221706374,1
-44.784475427202,-20.966543984057,"RECALIBRANDO",2026-08-13,NA,2026-08-12,0.102657221706374,1
-44.784475427202,-20.9664541525286,"RECALIBRANDO",2026-08-29,NA,2026-08-28,0.0785763900805882,1
-44.784475427202,-20.9663643210002,"NORMAL",2019-01-02,2026-01-01,NA,NA,0
-44.784475427202,-20.9662744894718,"NORMAL",2019-01-02,2026-01-01,NA,NA,0
-44.784475427202,-20.9661846579434,"NORMAL",2019-01-02,2026-01-01,NA,NA,0
-44.7843855956736,-20.9701372451935,"NORMAL",2019-01-02,2026-01-01,NA,NA,0
-44.7843855956736,-20.9700474136651,"NORMAL",2019-01-02,2026-01-01,NA,NA,0
-44.7843855956736,-20.9699575821367,"NORMAL",2019-01-02,2026-01-01,NA,NA,0
-44.7843855956736,-20.9698677506083,"NORMAL",2019-01-02,2026-01-01,NA,NA,0
-44.7843855956736,-20.9697779190798,"NORMAL",2019-01-02,2026-01-01,NA,NA,0
-44.7843855956736,-20.9696880875514,"NORMAL",2019-01-02,2026-01-01,NA,NA,0
-44.7843855956736,-20.9667236471138,"RECALIBRANDO",2026-08-08,NA,2026-08-07,0.103048123850526,1
-44.7843855956736,-20.9666338155854,"RECALIBRANDO",2026-08-08,NA,2026-08-07,0.103048123850526,1
-44.7843855956736,-20.966543984057,"RECALIBRANDO",2026-09-03,NA,2026-09-02,0.0659922504224537,1
-44.7843855956736,-20.9664541525286,"RECALIBRANDO",2026-03-01,NA,2026-02-28,0.0297474106542489,1
-44.7842957641452,-20.9701372451935,"NORMAL",2019-01-02,2026-01-01,NA,NA,0
-44.7842957641452,-20.9700474136651,"NORMAL",2019-01-02,2026-01-01,NA,NA,0
-44.7842957641452,-20.9699575821367,"NORMAL",2019-01-02,2026-01-01,NA,NA,0
-44.7842957641452,-20.9698677506083,"NORMAL",2019-01-02,2026-01-01,NA,NA,0
-44.7842957641452,-20.9697779190798,"NORMAL",2019-01-02,2026-01-01,NA,NA,0
-44.7842957641452,-20.9696880875514,"NORMAL",2019-01-02,2026-01-01,NA,NA,0
-44.7842957641452,-20.9658253318297,"NORMAL",2019-01-02,2026-01-01,NA,NA,0
-44.7842957641452,-20.9657355003013,"NORMAL",2019-01-02,2026-01-01,NA,NA,0
-44.7842957641452,-20.9656456687729,"NORMAL",2019-01-02,2026-01-01,NA,NA,0
-44.7842059326168,-20.9701372451935,"NORMAL",2019-01-02,2026-01-01,NA,NA,0
-44.7842059326168,-20.9700474136651,"NORMAL",2019-01-02,2026-01-01,NA,NA,0
-44.7842059326168,-20.9699575821367,"NORMAL",2019-01-02,2026-01-01,NA,NA,0
-44.7842059326168,-20.9698677506083,"NORMAL",2019-01-02,2026-01-01,NA,NA,0
-44.7842059326168,-20.9697779190798,"NORMAL",2019-01-02,2026-01-01,NA,NA,0
-44.7842059326168,-20.9659151633581,"NORMAL",2019-01-02,2026-01-01,NA,NA,0
-44.7842059326168,-20.9658253318297,"NORMAL",2019-01-02,2026-01-01,NA,NA,0
-44.7842059326168,-20.9657355003013,"NORMAL",2019-01-02,2026-01-01,NA,NA,0
-44.7842059326168,-20.9656456687729,"NORMAL",2019-01-02,2026-01-01,NA,NA,0
-44.7842059326168,-20.9655558372445,"NORMAL",2019-01-02,2026-01-01,NA,NA,0
-44.7842059326168,-20.9654660057161,"NORMAL",2019-01-02,2026-01-01,NA,NA,0
-44.7841161010884,-20.9701372451935,"NORMAL",2019-01-02,2026-01-01,NA,NA,0
-44.7841161010884,-20.9700474136651,"NORMAL",2019-01-02,2026-01-01,NA,NA,0
-44.7841161010884,-20.9699575821367,"NORMAL",2019-01-02,2026-01-01,NA,NA,0
-44.7841161010884,-20.9698677506083,"NORMAL",2019-01-02,2026-01-01,NA,NA,0
-44.7841161010884,-20.9697779190798,"NORMAL",2019-01-02,2026-01-01,NA,NA,0
-44.7841161010884,-20.966094826415,"NORMAL",2019-01-02,2026-01-01,NA,NA,0
-44.7841161010884,-20.9660049948865,"NORMAL",2019-01-02,2026-01-01,NA,NA,0
-44.7841161010884,-20.9659151633581,"NORMAL",2019-01-02,2026-01-01,NA,NA,0
-44.7841161010884,-20.9658253318297,"NORMAL",2019-01-02,2026-01-01,NA,NA,0
-44.7841161010884,-20.9657355003013,"NORMAL",2019-01-02,2026-01-01,NA,NA,0
-44.7841161010884,-20.9656456687729,"NORMAL",2019-01-02,2026-01-01,NA,NA,0
-44.7841161010884,-20.9655558372445,"NORMAL",2019-01-02,2026-01-01,NA,NA,0
-44.7841161010884,-20.9654660057161,"NORMAL",2019-01-02,2026-01-01,NA,NA,0
-44.7841161010884,-20.9653761741877,"NORMAL",2019-01-02,2026-01-01,NA,NA,0
-44.7841161010884,-20.9652863426592,"NORMAL",2019-01-02,2026-01-01,NA,NA,0
-44.7840262695599,-20.9701372451935,"NORMAL",2019-01-02,2026-01-01,NA,NA,0
-44.7840262695599,-20.9700474136651,"NORMAL",2019-01-02,2026-01-01,NA,NA,0
-44.7840262695599,-20.9699575821367,"NORMAL",2019-01-02,2026-01-01,NA,NA,0
-44.7840262695599,-20.9698677506083,"NORMAL",2019-01-02,2026-01-01,NA,NA,0
-44.7840262695599,-20.9659151633581,"NORMAL",2019-01-02,2026-01-01,NA,NA,0
-44.7840262695599,-20.9658253318297,"NORMAL",2019-01-02,2026-01-01,NA,NA,0
-44.7840262695599,-20.9657355003013,"NORMAL",2019-01-02,2026-01-01,NA,NA,0
-44.7840262695599,-20.9656456687729,"NORMAL",2019-01-02,2026-01-01,NA,NA,0
-44.7840262695599,-20.9655558372445,"NORMAL",2019-01-02,2026-01-01,NA,NA,0
-44.7840262695599,-20.9654660057161,"NORMAL",2019-01-02,2026-01-01,NA,NA,0
-44.7840262695599,-20.9653761741877,"NORMAL",2019-01-02,2026-01-01,NA,NA,0
-44.7840262695599,-20.9652863426592,"NORMAL",2019-01-02,2026-01-01,NA,NA,0
-44.7840262695599,-20.9651965111308,"NORMAL",2019-01-02,2026-01-01,NA,NA,0
-44.7840262695599,-20.9651066796024,"NORMAL",2019-01-02,2026-01-01,NA,NA,0
-44.7839364380315,-20.9701372451935,"NORMAL",2019-01-02,2026-01-01,NA,NA,0
-44.7839364380315,-20.9700474136651,"NORMAL",2019-01-02,2026-01-01,NA,NA,0
-44.7839364380315,-20.9699575821367,"NORMAL",2019-01-02,2026-01-01,NA,NA,0
-44.7839364380315,-20.9698677506083,"NORMAL",2019-01-02,2026-01-01,NA,NA,0
-44.7839364380315,-20.9658253318297,"NORMAL",2019-01-02,2026-01-01,NA,NA,0
-44.7839364380315,-20.9657355003013,"NORMAL",2019-01-02,2026-01-01,NA,NA,0
-44.7839364380315,-20.9656456687729,"NORMAL",2019-01-02,2026-01-01,NA,NA,0
-44.7839364380315,-20.9655558372445,"NORMAL",2019-01-02,2026-01-01,NA,NA,0
-44.7839364380315,-20.9654660057161,"NORMAL",2019-01-02,2026-01-01,NA,NA,0
-44.7839364380315,-20.9653761741877,"NORMAL",2019-01-02,2026-01-01,NA,NA,0
-44.7839364380315,-20.9652863426592,"NORMAL",2019-01-02,2026-01-01,NA,NA,0
-44.7839364380315,-20.9651965111308,"NORMAL",2019-01-02,2026-01-01,NA,NA,0
-44.7838466065031,-20.9702270767219,"RECALIBRANDO",2026-04-17,NA,2026-04-16,0.00436645242540601,1
-44.7838466065031,-20.9701372451935,"NORMAL",2019-01-02,2026-01-01,NA,NA,0
-44.7838466065031,-20.9700474136651,"NORMAL",2019-01-02,2026-01-01,NA,NA,0
-44.7838466065031,-20.9699575821367,"NORMAL",2019-01-02,2026-01-01,NA,NA,0
-44.7838466065031,-20.9657355003013,"NORMAL",2019-01-02,2026-01-01,NA,NA,0
-44.7838466065031,-20.9656456687729,"NORMAL",2019-01-02,2026-01-01,NA,NA,0
-44.7838466065031,-20.9655558372445,"NORMAL",2019-01-02,2026-01-01,NA,NA,0
-44.7838466065031,-20.9654660057161,"NORMAL",2019-01-02,2026-01-01,NA,NA,0
-44.7838466065031,-20.9653761741877,"NORMAL",2019-01-02,2026-01-01,NA,NA,0
-44.7838466065031,-20.9652863426592,"NORMAL",2019-01-02,2026-01-01,NA,NA,0
-44.7837567749747,-20.9702270767219,"RECALIBRANDO",2026-03-01,NA,2026-02-28,0.00992536341159922,1
-44.7837567749747,-20.9701372451935,"NORMAL",2019-01-02,2026-01-01,NA,NA,0
-44.7837567749747,-20.9700474136651,"NORMAL",2019-01-02,2026-01-01,NA,NA,0
-44.7837567749747,-20.9699575821367,"NORMAL",2019-01-02,2026-01-01,NA,NA,0
-44.7837567749747,-20.9655558372445,"NORMAL",2019-01-02,2026-01-01,NA,NA,0
-44.7837567749747,-20.9654660057161,"NORMAL",2019-01-02,2026-01-01,NA,NA,0
-44.7837567749747,-20.9653761741877,"NORMAL",2019-01-02,2026-01-01,NA,NA,0
-44.7836669434463,-20.9700474136651,"NORMAL",2019-01-02,2026-01-01,NA,NA,0
-44.7836669434463,-20.9699575821367,"RECALIBRANDO",2026-09-03,NA,2026-09-02,0.0787510371350886,1
-44.7836669434463,-20.9654660057161,"NORMAL",2019-01-02,2026-01-01,NA,NA,0
-44.7833076173327,-20.9702270767219,"NORMAL",2019-01-02,2026-01-01,NA,NA,0
-44.7833076173327,-20.9701372451935,"NORMAL",2019-01-02,2026-01-01,NA,NA,0
-44.7833076173327,-20.9700474136651,"NORMAL",2019-01-02,2026-01-01,NA,NA,0
-44.7832177858042,-20.9703169082503,"NORMAL",2019-01-02,2026-01-01,NA,NA,0
-44.7832177858042,-20.9702270767219,"NORMAL",2019-01-02,2026-01-01,NA,NA,0
-44.7832177858042,-20.9701372451935,"NORMAL",2019-01-02,2026-01-01,NA,NA,0
-44.7832177858042,-20.9700474136651,"NORMAL",2019-01-02,2026-01-01,NA,NA,0
-44.7831279542758,-20.9703169082503,"NORMAL",2019-01-02,2026-01-01,NA,NA,0
-44.7831279542758,-20.9702270767219,"NORMAL",2019-01-02,2026-01-01,NA,NA,0
-44.7831279542758,-20.9701372451935,"NORMAL",2019-01-02,2026-01-01,NA,NA,0
-44.7831279542758,-20.9700474136651,"NORMAL",2019-01-02,2026-01-01,NA,NA,0
-44.7830381227474,-20.9704067397787,"NORMAL",2019-01-02,2026-01-01,NA,NA,0
-44.7830381227474,-20.9703169082503,"NORMAL",2019-01-02,2026-01-01,NA,NA,0
-44.7830381227474,-20.9702270767219,"NORMAL",2019-01-02,2026-01-01,NA,NA,0
-44.7830381227474,-20.9701372451935,"NORMAL",2019-01-02,2026-01-01,NA,NA,0
-44.7830381227474,-20.9700474136651,"NORMAL",2019-01-02,2026-01-01,NA,NA,0
-44.782948291219,-20.9704067397787,"NORMAL",2019-01-02,2026-01-01,NA,NA,0
-44.782948291219,-20.9703169082503,"NORMAL",2019-01-02,2026-01-01,NA,NA,0
-44.782948291219,-20.9702270767219,"NORMAL",2019-01-02,2026-01-01,NA,NA,0
-44.782948291219,-20.9701372451935,"NORMAL",2019-01-02,2026-01-01,NA,NA,0
-44.782948291219,-20.9700474136651,"NORMAL",2019-01-02,2026-01-01,NA,NA,0
-44.782948291219,-20.9699575821367,"NORMAL",2019-01-02,2026-01-01,NA,NA,0
-44.7828584596906,-20.9704067397787,"NORMAL",2019-01-02,2026-01-01,NA,NA,0
-44.7828584596906,-20.9703169082503,"NORMAL",2019-01-02,2026-01-01,NA,NA,0
-44.7828584596906,-20.9702270767219,"NORMAL",2019-01-02,2026-01-01,NA,NA,0
-44.7828584596906,-20.9701372451935,"NORMAL",2019-01-02,2026-01-01,NA,NA,0
-44.7828584596906,-20.9700474136651,"NORMAL",2019-01-02,2026-01-01,NA,NA,0
-44.7828584596906,-20.9699575821367,"NORMAL",2019-01-02,2026-01-01,NA,NA,0
-44.7827686281622,-20.9704067397787,"NORMAL",2019-01-02,2026-01-01,NA,NA,0
-44.7827686281622,-20.9703169082503,"NORMAL",2019-01-02,2026-01-01,NA,NA,0
-44.7827686281622,-20.9702270767219,"NORMAL",2019-01-02,2026-01-01,NA,NA,0
-44.7827686281622,-20.9701372451935,"NORMAL",2019-01-02,2026-01-01,NA,NA,0
-44.7827686281622,-20.9700474136651,"NORMAL",2019-01-02,2026-01-01,NA,NA,0
-44.7827686281622,-20.9699575821367,"NORMAL",2019-01-02,2026-01-01,NA,NA,0
-44.7827686281622,-20.9698677506083,"RECALIBRANDO",2026-07-30,NA,2026-07-29,-0.0554966480929177,1
-44.7827686281622,-20.9694185929662,"NORMAL",2019-01-02,2026-01-01,NA,NA,0
-44.7827686281622,-20.9693287614378,"NORMAL",2019-01-02,2026-01-01,NA,NA,0
-44.7827686281622,-20.9692389299094,"NORMAL",2019-01-02,2026-01-01,NA,NA,0
-44.7826787966338,-20.9704067397787,"NORMAL",2019-01-02,2026-01-01,NA,NA,0
-44.7826787966338,-20.9703169082503,"NORMAL",2019-01-02,2026-01-01,NA,NA,0
-44.7826787966338,-20.9702270767219,"NORMAL",2019-01-02,2026-01-01,NA,NA,0
-44.7826787966338,-20.9701372451935,"NORMAL",2019-01-02,2026-01-01,NA,NA,0
-44.7826787966338,-20.9700474136651,"NORMAL",2019-01-02,2026-01-01,NA,NA,0
-44.7826787966338,-20.9699575821367,"NORMAL",2019-01-02,2026-01-01,NA,NA,0
-44.7826787966338,-20.9698677506083,"NORMAL",2019-01-02,2026-01-01,NA,NA,0
-44.7826787966338,-20.9697779190798,"RECALIBRANDO",2026-08-15,NA,2026-08-14,-0.0394933267350554,1
-44.7826787966338,-20.969598256023,"RECALIBRANDO",2026-07-25,NA,2026-07-24,-0.0734162191587671,1
-44.7826787966338,-20.9695084244946,"NORMAL",2019-01-02,2026-01-01,NA,NA,0
-44.7826787966338,-20.9694185929662,"NORMAL",2019-01-02,2026-01-01,NA,NA,0
-44.7826787966338,-20.9693287614378,"NORMAL",2019-01-02,2026-01-01,NA,NA,0
-44.7826787966338,-20.9692389299094,"NORMAL",2019-01-02,2026-01-01,NA,NA,0
-44.7825889651054,-20.9703169082503,"NORMAL",2019-01-02,2026-01-01,NA,NA,0
-44.7825889651054,-20.9702270767219,"NORMAL",2019-01-02,2026-01-01,NA,NA,0
-44.7825889651054,-20.9701372451935,"NORMAL",2019-01-02,2026-01-01,NA,NA,0
-44.7825889651054,-20.9700474136651,"NORMAL",2019-01-02,2026-01-01,NA,NA,0
-44.7825889651054,-20.9699575821367,"NORMAL",2019-01-02,2026-01-01,NA,NA,0
-44.7825889651054,-20.9698677506083,"NORMAL",2019-01-02,2026-01-01,NA,NA,0
-44.7825889651054,-20.9697779190798,"RECALIBRANDO",2026-08-15,NA,2026-08-14,-0.0394933267350554,1
-44.7825889651054,-20.9696880875514,"NORMAL",2019-01-02,2026-01-01,NA,NA,0
-44.7825889651054,-20.969598256023,"RECALIBRANDO",2026-07-25,NA,2026-07-24,-0.0734162191587671,1
-44.7825889651054,-20.9695084244946,"NORMAL",2019-01-02,2026-01-01,NA,NA,0
-44.7825889651054,-20.9694185929662,"NORMAL",2019-01-02,2026-01-01,NA,NA,0
-44.7825889651054,-20.9693287614378,"NORMAL",2019-01-02,2026-01-01,NA,NA,0
-44.7825889651054,-20.9692389299094,"NORMAL",2019-01-02,2026-01-01,NA,NA,0
-44.7825889651054,-20.969149098381,"NORMAL",2019-01-02,2026-01-01,NA,NA,0
-44.7824991335769,-20.9703169082503,"NORMAL",2019-01-02,2026-01-01,NA,NA,0
-44.7824991335769,-20.9702270767219,"NORMAL",2019-01-02,2026-01-01,NA,NA,0
-44.7824991335769,-20.9701372451935,"NORMAL",2019-01-02,2026-01-01,NA,NA,0
-44.7824991335769,-20.9700474136651,"NORMAL",2019-01-02,2026-01-01,NA,NA,0
-44.7824991335769,-20.9699575821367,"NORMAL",2019-01-02,2026-01-01,NA,NA,0
-44.7824991335769,-20.9698677506083,"NORMAL",2019-01-02,2026-01-01,NA,NA,0
-44.7824991335769,-20.9697779190798,"RECALIBRANDO",2026-08-08,NA,2026-08-07,-0.052224846608835,1
-44.7824991335769,-20.9696880875514,"NORMAL",2019-01-02,2026-01-01,NA,NA,0
-44.7824991335769,-20.969598256023,"RECALIBRANDO",2026-07-30,NA,2026-07-29,-0.0612557511205243,1
-44.7824991335769,-20.9695084244946,"RECALIBRANDO",2026-07-04,NA,2026-07-03,-0.0827427606467713,1
-44.7824991335769,-20.9694185929662,"RECALIBRANDO",2026-07-20,NA,2026-07-19,-0.0701008817753628,1
-44.7824991335769,-20.9693287614378,"RECALIBRANDO",2026-08-08,NA,2026-08-07,-0.0761474611650509,1
-44.7824991335769,-20.9692389299094,"RECALIBRANDO",2026-08-03,NA,2026-08-02,-0.0687411758868339,1
-44.7824991335769,-20.969149098381,"RECALIBRANDO",2026-08-03,NA,2026-08-02,-0.0780870139009587,1
-44.7824991335769,-20.9690592668525,"NORMAL",2019-01-02,2026-01-01,NA,NA,0
-44.7824093020485,-20.9703169082503,"NORMAL",2019-01-02,2026-01-01,NA,NA,0
-44.7824093020485,-20.9702270767219,"NORMAL",2019-01-02,2026-01-01,NA,NA,0
-44.7824093020485,-20.9701372451935,"NORMAL",2019-01-02,2026-01-01,NA,NA,0
-44.7824093020485,-20.9700474136651,"NORMAL",2019-01-02,2026-01-01,NA,NA,0
-44.7824093020485,-20.9699575821367,"NORMAL",2019-01-02,2026-01-01,NA,NA,0
-44.7824093020485,-20.9698677506083,"NORMAL",2019-01-02,2026-01-01,NA,NA,0
-44.7824093020485,-20.9697779190798,"RECALIBRANDO",2026-08-03,NA,2026-08-02,-0.0552768214227117,1
-44.7824093020485,-20.9696880875514,"RECALIBRANDO",2026-08-03,NA,2026-08-02,-0.0531220681983542,1
-44.7824093020485,-20.969598256023,"RECALIBRANDO",2026-08-15,NA,2026-08-14,-0.0346669730661308,1
-44.7824093020485,-20.9695084244946,"RECALIBRANDO",2026-07-09,NA,2026-07-08,-0.0787402201297925,1
-44.7824093020485,-20.9694185929662,"RECALIBRANDO",2026-06-29,NA,2026-06-28,-0.0866203528132987,1
-44.7824093020485,-20.9693287614378,"RECALIBRANDO",2026-06-29,NA,2026-06-28,-0.0996232229523596,1
-44.7824093020485,-20.9692389299094,"RECALIBRANDO",2026-07-09,NA,2026-07-08,-0.0922757813210526,1
-44.7824093020485,-20.969149098381,"RECALIBRANDO",2026-07-09,NA,2026-07-08,-0.0856094934853983,1
-44.7824093020485,-20.9690592668525,"NORMAL",2019-01-02,2026-01-01,NA,NA,0
-44.7823194705201,-20.9703169082503,"NORMAL",2019-01-02,2026-01-01,NA,NA,0
-44.7823194705201,-20.9702270767219,"NORMAL",2019-01-02,2026-01-01,NA,NA,0
-44.7823194705201,-20.9701372451935,"NORMAL",2019-01-02,2026-01-01,NA,NA,0
-44.7823194705201,-20.9700474136651,"NORMAL",2019-01-02,2026-01-01,NA,NA,0
-44.7823194705201,-20.9699575821367,"NORMAL",2019-01-02,2026-01-01,NA,NA,0
-44.7823194705201,-20.9698677506083,"NORMAL",2019-01-02,2026-01-01,NA,NA,0
-44.7823194705201,-20.9697779190798,"RECALIBRANDO",2026-08-03,NA,2026-08-02,-0.0585373155237462,1
-44.7823194705201,-20.9696880875514,"RECALIBRANDO",2026-07-30,NA,2026-07-29,-0.0562624266269001,1
-44.7823194705201,-20.969598256023,"RECALIBRANDO",2026-07-30,NA,2026-07-29,-0.0515653924025853,1
-44.7823194705201,-20.9695084244946,"RECALIBRANDO",2026-07-09,NA,2026-07-08,-0.0713058500899595,1
-44.7823194705201,-20.9694185929662,"RECALIBRANDO",2026-06-20,NA,2026-06-19,-0.120968587410025,1
-44.7823194705201,-20.9693287614378,"RECALIBRANDO",2026-06-20,NA,2026-06-19,-0.110556658619621,1
-44.7823194705201,-20.9692389299094,"RECALIBRANDO",2026-07-15,NA,2026-07-14,-0.0956323003970543,1
-44.7823194705201,-20.969149098381,"RECALIBRANDO",2026-06-20,NA,2026-06-19,-0.102823767598635,1
-44.7823194705201,-20.9690592668525,"RECALIBRANDO",2026-06-24,NA,2026-06-23,-0.0843980853362432,1
-44.7823194705201,-20.9689694353241,"NORMAL",2019-01-02,2026-01-01,NA,NA,0
-44.7822296389917,-20.9702270767219,"NORMAL",2019-01-02,2026-01-01,NA,NA,0
-44.7822296389917,-20.9701372451935,"NORMAL",2019-01-02,2026-01-01,NA,NA,0
-44.7822296389917,-20.9700474136651,"NORMAL",2019-01-02,2026-01-01,NA,NA,0
-44.7822296389917,-20.9699575821367,"NORMAL",2019-01-02,2026-01-01,NA,NA,0
-44.7822296389917,-20.9698677506083,"RECALIBRANDO",2026-07-09,NA,2026-07-08,-0.0741489854410168,1
-44.7822296389917,-20.9697779190798,"RECALIBRANDO",2026-08-08,NA,2026-08-07,-0.0639198082041609,1
-44.7822296389917,-20.9696880875514,"RECALIBRANDO",2026-08-03,NA,2026-08-02,-0.0552598045250479,1
-44.7822296389917,-20.969598256023,"RECALIBRANDO",2026-07-25,NA,2026-07-24,-0.0620246947561486,1
-44.7822296389917,-20.9695084244946,"RECALIBRANDO",2026-07-04,NA,2026-07-03,-0.0636570474556973,1
-44.7822296389917,-20.9694185929662,"RECALIBRANDO",2026-06-15,NA,2026-06-14,-0.12297637777958,1
-44.7822296389917,-20.9693287614378,"RECALIBRANDO",2026-06-15,NA,2026-06-14,-0.116905249934526,1
-44.7822296389917,-20.9692389299094,"RECALIBRANDO",2026-06-24,NA,2026-06-23,-0.109783211059521,1
-44.7822296389917,-20.969149098381,"RECALIBRANDO",2026-06-15,NA,2026-06-14,-0.115792213373628,1
-44.7822296389917,-20.9690592668525,"RECALIBRANDO",2026-06-15,NA,2026-06-14,-0.114017678713888,1
-44.7822296389917,-20.9689694353241,"NORMAL",2019-01-02,2026-01-01,NA,NA,0
-44.7822296389917,-20.9688796037957,"NORMAL",2019-01-02,2026-01-01,NA,NA,0
-44.7822296389917,-20.9687897722673,"NORMAL",2019-01-02,2026-01-01,NA,NA,0
-44.7821398074633,-20.9702270767219,"NORMAL",2019-01-02,2026-01-01,NA,NA,0
-44.7821398074633,-20.9701372451935,"NORMAL",2019-01-02,2026-01-01,NA,NA,0
-44.7821398074633,-20.9700474136651,"NORMAL",2019-01-02,2026-01-01,NA,NA,0
-44.7821398074633,-20.9699575821367,"NORMAL",2019-01-02,2026-01-01,NA,NA,0
-44.7821398074633,-20.9698677506083,"RECALIBRANDO",2026-07-04,NA,2026-07-03,-0.0882631723581275,1
-44.7821398074633,-20.9697779190798,"RECALIBRANDO",2026-07-09,NA,2026-07-08,-0.0844709280007307,1
-44.7821398074633,-20.9696880875514,"RECALIBRANDO",2026-07-25,NA,2026-07-24,-0.0780888835076283,1
-44.7821398074633,-20.969598256023,"RECALIBRANDO",2026-07-20,NA,2026-07-19,-0.0746547362660291,1
-44.7821398074633,-20.9695084244946,"RECALIBRANDO",2026-06-20,NA,2026-06-19,-0.0684961312104307,1
-44.7821398074633,-20.9694185929662,"RECALIBRANDO",2026-06-20,NA,2026-06-19,-0.0853329341093604,1
-44.7821398074633,-20.9693287614378,"RECALIBRANDO",2026-06-15,NA,2026-06-14,-0.133813992011014,1
-44.7821398074633,-20.9692389299094,"RECALIBRANDO",2026-06-15,NA,2026-06-14,-0.121848902297936,1
-44.7821398074633,-20.969149098381,"RECALIBRANDO",2026-06-15,NA,2026-06-14,-0.134623068203446,1
-44.7821398074633,-20.9690592668525,"RECALIBRANDO",2026-06-15,NA,2026-06-14,-0.127756290902412,1
-44.7821398074633,-20.9689694353241,"RECALIBRANDO",2026-06-15,NA,2026-06-14,-0.11507232129792,1
-44.7821398074633,-20.9688796037957,"RECALIBRANDO",2026-06-15,NA,2026-06-14,-0.0848929601996734,1
-44.7821398074633,-20.9687897722673,"NORMAL",2019-01-02,2026-01-01,NA,NA,0
-44.7821398074633,-20.9686999407389,"RECALIBRANDO",2026-06-20,NA,2026-06-19,-0.0790956862987905,1
-44.7820499759349,-20.9702270767219,"NORMAL",2019-01-02,2026-01-01,NA,NA,0
-44.7820499759349,-20.9701372451935,"NORMAL",2019-01-02,2026-01-01,NA,NA,0
-44.7820499759349,-20.9700474136651,"NORMAL",2019-01-02,2026-01-01,NA,NA,0
-44.7820499759349,-20.9699575821367,"NORMAL",2019-01-02,2026-01-01,NA,NA,0
-44.7820499759349,-20.9698677506083,"RECALIBRANDO",2026-07-20,NA,2026-07-19,-0.0726576003923823,1
-44.7820499759349,-20.9697779190798,"RECALIBRANDO",2026-06-20,NA,2026-06-19,-0.11858375193924,1
-44.7820499759349,-20.9696880875514,"RECALIBRANDO",2026-06-24,NA,2026-06-23,-0.0819584091393661,1
-44.7820499759349,-20.969598256023,"RECALIBRANDO",2026-07-30,NA,2026-07-29,-0.049308729373626,1
-44.7820499759349,-20.9695084244946,"RECALIBRANDO",2026-06-20,NA,2026-06-19,-0.0578282762831596,1
-44.7820499759349,-20.9694185929662,"RECALIBRANDO",2026-06-15,NA,2026-06-14,-0.0612659227329549,1
-44.7820499759349,-20.9693287614378,"RECALIBRANDO",2026-06-15,NA,2026-06-14,-0.115888786590377,1
-44.7820499759349,-20.9692389299094,"RECALIBRANDO",2026-06-10,NA,2026-06-09,-0.138539541186495,1
-44.7820499759349,-20.969149098381,"RECALIBRANDO",2026-06-15,NA,2026-06-14,-0.134109015023814,1
-44.7820499759349,-20.9690592668525,"RECALIBRANDO",2026-06-15,NA,2026-06-14,-0.149013269106836,1
-44.7820499759349,-20.9689694353241,"RECALIBRANDO",2026-06-10,NA,2026-06-09,-0.160671819912106,1
-44.7820499759349,-20.9688796037957,"RECALIBRANDO",2026-06-15,NA,2026-06-14,-0.103601779357301,1
-44.7820499759349,-20.9687897722673,"RECALIBRANDO",2026-06-15,NA,2026-06-14,-0.0929253407220434,1
-44.7820499759349,-20.9686999407389,"RECALIBRANDO",2026-06-15,NA,2026-06-14,-0.0879519802159817,1
-44.7820499759349,-20.9686101092105,"RECALIBRANDO",2026-06-15,NA,2026-06-14,-0.0740051722748322,1
-44.7819601444065,-20.9703169082503,"NORMAL",2019-01-02,2026-01-01,NA,NA,0
-44.7819601444065,-20.9702270767219,"NORMAL",2019-01-02,2026-01-01,NA,NA,0
-44.7819601444065,-20.9701372451935,"NORMAL",2019-01-02,2026-01-01,NA,NA,0
-44.7819601444065,-20.9700474136651,"NORMAL",2019-01-02,2026-01-01,NA,NA,0
-44.7819601444065,-20.9699575821367,"NORMAL",2019-01-02,2026-01-01,NA,NA,0
-44.7819601444065,-20.9698677506083,"RECALIBRANDO",2026-07-09,NA,2026-07-08,-0.065770157497578,1
-44.7819601444065,-20.9697779190798,"NORMAL",2019-01-02,2026-01-01,NA,NA,0
-44.7819601444065,-20.9696880875514,"NORMAL",2019-01-02,2026-01-01,NA,NA,0
-44.7819601444065,-20.969598256023,"RECALIBRANDO",2026-06-20,NA,2026-06-19,-0.0676629581270355,1
-44.7819601444065,-20.9695084244946,"RECALIBRANDO",2026-06-24,NA,2026-06-23,-0.0675321133759434,1
-44.7819601444065,-20.9694185929662,"RECALIBRANDO",2026-06-20,NA,2026-06-19,-0.0740526442810168,1
-44.7819601444065,-20.9693287614378,"RECALIBRANDO",2026-06-24,NA,2026-06-23,-0.0581191612290075,1
-44.7819601444065,-20.9692389299094,"RECALIBRANDO",2026-06-20,NA,2026-06-19,-0.118487308631182,1
-44.7819601444065,-20.969149098381,"RECALIBRANDO",2026-06-15,NA,2026-06-14,-0.124464221836738,1
-44.7819601444065,-20.9690592668525,"RECALIBRANDO",2026-06-15,NA,2026-06-14,-0.134533380619887,1
-44.7819601444065,-20.9689694353241,"RECALIBRANDO",2026-06-10,NA,2026-06-09,-0.168662328045082,1
-44.7819601444065,-20.9688796037957,"RECALIBRANDO",2026-06-15,NA,2026-06-14,-0.144351227502288,1
-44.7819601444065,-20.9687897722673,"RECALIBRANDO",2026-06-15,NA,2026-06-14,-0.109525047687118,1
-44.7819601444065,-20.9686999407389,"RECALIBRANDO",2026-06-15,NA,2026-06-14,-0.0960558913929677,1
-44.7819601444065,-20.9686101092105,"RECALIBRANDO",2026-06-15,NA,2026-06-14,-0.0775555379121147,1
-44.7819601444065,-20.9685202776821,"NORMAL",2019-01-02,2026-01-01,NA,NA,0
-44.7818703128781,-20.9703169082503,"RECALIBRANDO",2026-01-10,NA,2026-01-09,0.0150919996351399,1
-44.7818703128781,-20.9702270767219,"RECALIBRANDO",2026-01-10,NA,2026-01-09,0.0132368928084866,1
-44.7818703128781,-20.9701372451935,"NORMAL",2019-01-02,2026-01-01,NA,NA,0
-44.7818703128781,-20.9700474136651,"NORMAL",2019-01-02,2026-01-01,NA,NA,0
-44.7818703128781,-20.9699575821367,"RECALIBRANDO",2026-07-09,NA,2026-07-08,-0.0165350172370761,1
-44.7818703128781,-20.9698677506083,"NORMAL",2019-01-02,2026-01-01,NA,NA,0
-44.7818703128781,-20.9697779190798,"NORMAL",2019-01-02,2026-01-01,NA,NA,0
-44.7818703128781,-20.9696880875514,"NORMAL",2019-01-02,2026-01-01,NA,NA,0
-44.7818703128781,-20.969598256023,"RECALIBRANDO",2026-07-04,NA,2026-07-03,-0.0814894958734284,1
-44.7818703128781,-20.9695084244946,"RECALIBRANDO",2026-06-29,NA,2026-06-28,-0.0652963100951678,1
-44.7818703128781,-20.9694185929662,"RECALIBRANDO",2026-06-20,NA,2026-06-19,-0.0800464561788547,1
-44.7818703128781,-20.9693287614378,"NORMAL",2019-01-02,2026-01-01,NA,NA,0
-44.7818703128781,-20.9692389299094,"RECALIBRANDO",2026-06-24,NA,2026-06-23,-0.101742851816831,1
-44.7818703128781,-20.969149098381,"RECALIBRANDO",2026-06-10,NA,2026-06-09,-0.125339306189299,1
-44.7818703128781,-20.9690592668525,"RECALIBRANDO",2026-06-15,NA,2026-06-14,-0.104817602631193,1
-44.7818703128781,-20.9689694353241,"RECALIBRANDO",2026-06-15,NA,2026-06-14,-0.124525051291296,1
-44.7818703128781,-20.9688796037957,"RECALIBRANDO",2026-06-15,NA,2026-06-14,-0.142249907668284,1
-44.7818703128781,-20.9687897722673,"RECALIBRANDO",2026-06-15,NA,2026-06-14,-0.135000572503247,1
-44.7818703128781,-20.9686999407389,"RECALIBRANDO",2026-06-10,NA,2026-06-09,-0.10501033111329,1
-44.7818703128781,-20.9686101092105,"RECALIBRANDO",2026-06-10,NA,2026-06-09,-0.104347935161195,1
-44.7818703128781,-20.9685202776821,"RECALIBRANDO",2026-06-10,NA,2026-06-09,-0.0783528178566945,1
-44.7817804813496,-20.9703169082503,"RECALIBRANDO",2026-08-29,NA,2026-08-28,0.0487443659271873,1
-44.7817804813496,-20.9702270767219,"RECALIBRANDO",2026-05-06,NA,2026-05-05,-0.0122658905547869,1
-44.7817804813496,-20.9701372451935,"NORMAL",2019-01-02,2026-01-01,NA,NA,0
-44.7817804813496,-20.9700474136651,"RECALIBRANDO",2026-06-24,NA,2026-06-23,-0.0178005322399241,1
-44.7817804813496,-20.9699575821367,"RECALIBRANDO",2026-07-04,NA,2026-07-03,-0.0214231424037026,1
-44.7817804813496,-20.9698677506083,"RECALIBRANDO",2026-07-04,NA,2026-07-03,-0.0274729854629104,1
-44.7817804813496,-20.9697779190798,"RECALIBRANDO",2026-07-04,NA,2026-07-03,-0.0642510150436332,1
-44.7817804813496,-20.9696880875514,"RECALIBRANDO",2026-07-15,NA,2026-07-14,-0.0731290611058287,1
-44.7817804813496,-20.969598256023,"RECALIBRANDO",2026-08-23,NA,2026-08-22,-0.078823171841563,1
-44.7817804813496,-20.9695084244946,"RECALIBRANDO",2026-06-24,NA,2026-06-23,-0.0691053197550411,1
-44.7817804813496,-20.9694185929662,"RECALIBRANDO",2026-06-20,NA,2026-06-19,-0.075748592544455,1
-44.7817804813496,-20.9693287614378,"RECALIBRANDO",2026-06-15,NA,2026-06-14,-0.0766463793804534,1
-44.7817804813496,-20.9692389299094,"RECALIBRANDO",2026-06-20,NA,2026-06-19,-0.102348864621983,1
-44.7817804813496,-20.969149098381,"RECALIBRANDO",2026-06-10,NA,2026-06-09,-0.154998568581912,1
-44.7817804813496,-20.9690592668525,"RECALIBRANDO",2026-06-15,NA,2026-06-14,-0.111873823051513,1
-44.7817804813496,-20.9689694353241,"RECALIBRANDO",2026-06-20,NA,2026-06-19,-0.110673192957138,1
-44.7817804813496,-20.9688796037957,"RECALIBRANDO",2026-06-15,NA,2026-06-14,-0.120311093903547,1
-44.7817804813496,-20.9687897722673,"RECALIBRANDO",2026-06-15,NA,2026-06-14,-0.132283554894898,1
-44.7817804813496,-20.9686999407389,"RECALIBRANDO",2026-06-15,NA,2026-06-14,-0.133200620116224,1
-44.7817804813496,-20.9686101092105,"RECALIBRANDO",2026-05-30,NA,2026-05-29,-0.135459996137897,1
-44.7817804813496,-20.9685202776821,"RECALIBRANDO",2026-06-05,NA,2026-06-04,-0.11871736048818,1
-44.7817804813496,-20.9684304461537,"RECALIBRANDO",2026-06-15,NA,2026-06-14,-0.106530454767607,1
-44.7816906498212,-20.9704965713071,"RECALIBRANDO",2026-01-10,NA,2026-01-09,0.0269779786506302,1
-44.7816906498212,-20.9704067397787,"RECALIBRANDO",2026-04-20,NA,2026-04-19,0.0881697092074214,1
-44.7816906498212,-20.9703169082503,"RECALIBRANDO",2026-03-17,NA,2026-03-16,0.102135738697182,1
-44.7816906498212,-20.9702270767219,"RECALIBRANDO",2026-01-10,NA,2026-01-09,-0.0318640141807522,1
-44.7816906498212,-20.9701372451935,"NORMAL",2019-01-02,2026-01-01,NA,NA,0
-44.7816906498212,-20.9700474136651,"NORMAL",2019-01-02,2026-01-01,NA,NA,0
-44.7816906498212,-20.9699575821367,"RECALIBRANDO",2026-06-15,NA,2026-06-14,-0.037920320742181,1
-44.7816906498212,-20.9698677506083,"RECALIBRANDO",2026-06-20,NA,2026-06-19,-0.0562216058655417,1
-44.7816906498212,-20.9697779190798,"RECALIBRANDO",2026-06-29,NA,2026-06-28,-0.0516572990509217,1
-44.7816906498212,-20.9696880875514,"RECALIBRANDO",2026-06-29,NA,2026-06-28,-0.071033680727799,1
-44.7816906498212,-20.969598256023,"NORMAL",2019-01-02,2026-01-01,NA,NA,0
-44.7816906498212,-20.9695084244946,"RECALIBRANDO",2026-06-29,NA,2026-06-28,-0.0771127928883161,1
-44.7816906498212,-20.9694185929662,"RECALIBRANDO",2026-06-20,NA,2026-06-19,-0.0842089983852112,1
-44.7816906498212,-20.9693287614378,"RECALIBRANDO",2026-06-15,NA,2026-06-14,-0.107981187422838,1
-44.7816906498212,-20.9692389299094,"RECALIBRANDO",2026-06-15,NA,2026-06-14,-0.0949954952468384,1
-44.7816906498212,-20.969149098381,"RECALIBRANDO",2026-06-10,NA,2026-06-09,-0.131255723333458,1
-44.7816906498212,-20.9690592668525,"RECALIBRANDO",2026-06-15,NA,2026-06-14,-0.129042991672189,1
-44.7816906498212,-20.9689694353241,"RECALIBRANDO",2026-06-20,NA,2026-06-19,-0.0929915402358369,1
-44.7816906498212,-20.9688796037957,"RECALIBRANDO",2026-06-20,NA,2026-06-19,-0.110915033570764,1
-44.7816906498212,-20.9687897722673,"RECALIBRANDO",2026-06-15,NA,2026-06-14,-0.132560386885907,1
-44.7816906498212,-20.9686999407389,"RECALIBRANDO",2026-06-10,NA,2026-06-09,-0.140164182354718,1
-44.7816906498212,-20.9686101092105,"RECALIBRANDO",2026-05-30,NA,2026-05-29,-0.148808769065526,1
-44.7816906498212,-20.9685202776821,"RECALIBRANDO",2026-05-30,NA,2026-05-29,-0.138549308699632,1
-44.7816906498212,-20.9684304461537,"RECALIBRANDO",2026-06-15,NA,2026-06-14,-0.130602088219665,1
-44.7816906498212,-20.9683406146253,"RECALIBRANDO",2026-06-15,NA,2026-06-14,-0.107191868497403,1
-44.7816008182928,-20.9705864028356,"RECALIBRANDO",2026-01-10,NA,2026-01-09,0.0157289854060991,1
-44.7816008182928,-20.9704965713071,"RECALIBRANDO",2026-09-03,NA,2026-09-02,0.054651604053103,1
-44.7816008182928,-20.9704067397787,"RECALIBRANDO",2026-04-17,NA,2026-04-16,0.0991867648453327,1
-44.7816008182928,-20.9703169082503,"RECALIBRANDO",2026-04-17,NA,2026-04-16,0.0693426962844088,1
-44.7816008182928,-20.9702270767219,"RECALIBRANDO",2026-01-10,NA,2026-01-09,-0.0161593290894972,1
-44.7816008182928,-20.9701372451935,"NORMAL",2019-01-02,2026-01-01,NA,NA,0
-44.7816008182928,-20.9700474136651,"NORMAL",2019-01-02,2026-01-01,NA,NA,0
-44.7816008182928,-20.9699575821367,"RECALIBRANDO",2026-06-24,NA,2026-06-23,-0.0424864960553548,1
-44.7816008182928,-20.9698677506083,"RECALIBRANDO",2026-07-04,NA,2026-07-03,-0.0379204729400826,1
-44.7816008182928,-20.9697779190798,"RECALIBRANDO",2026-06-29,NA,2026-06-28,-0.0334879900715914,1
-44.7816008182928,-20.9696880875514,"RECALIBRANDO",2026-07-04,NA,2026-07-03,-0.0558804496994613,1
-44.7816008182928,-20.969598256023,"RECALIBRANDO",2026-06-15,NA,2026-06-14,-0.0952221294183132,1
-44.7816008182928,-20.9695084244946,"RECALIBRANDO",2026-06-24,NA,2026-06-23,-0.103711607970013,1
-44.7816008182928,-20.9694185929662,"RECALIBRANDO",2026-06-24,NA,2026-06-23,-0.0745476315768029,1
-44.7816008182928,-20.9693287614378,"RECALIBRANDO",2026-06-15,NA,2026-06-14,-0.0952911528411989,1
-44.7816008182928,-20.9692389299094,"RECALIBRANDO",2026-06-15,NA,2026-06-14,-0.0844341467969014,1
-44.7816008182928,-20.969149098381,"RECALIBRANDO",2026-06-15,NA,2026-06-14,-0.0871235866737509,1
-44.7816008182928,-20.9690592668525,"RECALIBRANDO",2026-06-10,NA,2026-06-09,-0.134451968365972,1
-44.7816008182928,-20.9689694353241,"RECALIBRANDO",2026-06-15,NA,2026-06-14,-0.116498405106299,1
-44.7816008182928,-20.9688796037957,"RECALIBRANDO",2026-06-15,NA,2026-06-14,-0.10636287024672,1
-44.7816008182928,-20.9687897722673,"RECALIBRANDO",2026-06-15,NA,2026-06-14,-0.13812988216368,1
-44.7816008182928,-20.9686999407389,"RECALIBRANDO",2026-06-10,NA,2026-06-09,-0.14708291427443,1
-44.7816008182928,-20.9686101092105,"RECALIBRANDO",2026-06-10,NA,2026-06-09,-0.150460948314095,1
-44.7816008182928,-20.9685202776821,"RECALIBRANDO",2026-06-05,NA,2026-06-04,-0.159174146663983,1
-44.7816008182928,-20.9684304461537,"RECALIBRANDO",2026-06-10,NA,2026-06-09,-0.152821313551792,1
-44.7816008182928,-20.9683406146253,"RECALIBRANDO",2026-06-10,NA,2026-06-09,-0.121931521729265,1
-44.7816008182928,-20.9682507830968,"RECALIBRANDO",2026-06-15,NA,2026-06-14,-0.0712084478973521,1
-44.7816008182928,-20.9671728047559,"NORMAL",2019-01-02,2026-01-01,NA,NA,0
-44.7815109867644,-20.970676234364,"RECALIBRANDO",2026-01-10,NA,2026-01-09,0.0111627181495106,1
-44.7815109867644,-20.9705864028356,"RECALIBRANDO",2026-04-17,NA,2026-04-16,0.0894514271373614,1
-44.7815109867644,-20.9704965713071,"RECALIBRANDO",2026-03-01,NA,2026-02-28,0.114876235386002,1
-44.7815109867644,-20.9704067397787,"RECALIBRANDO",2026-03-17,NA,2026-03-16,0.0656434438448939,1
-44.7815109867644,-20.9703169082503,"RECALIBRANDO",2026-04-20,NA,2026-04-19,0.0357848298344929,1
-44.7815109867644,-20.9702270767219,"NORMAL",2019-01-02,2026-01-01,NA,NA,0
-44.7815109867644,-20.9701372451935,"NORMAL",2019-01-02,2026-01-01,NA,NA,0
-44.7815109867644,-20.9700474136651,"NORMAL",2019-01-02,2026-01-01,NA,NA,0
-44.7815109867644,-20.9699575821367,"NORMAL",2019-01-02,2026-01-01,NA,NA,0
-44.7815109867644,-20.9698677506083,"NORMAL",2019-01-02,2026-01-01,NA,NA,0
-44.7815109867644,-20.9697779190798,"RECALIBRANDO",2026-07-15,NA,2026-07-14,-0.0371975666892904,1
-44.7815109867644,-20.9696880875514,"NORMAL",2019-01-02,2026-01-01,NA,NA,0
-44.7815109867644,-20.969598256023,"RECALIBRANDO",2026-06-20,NA,2026-06-19,-0.0809502673394547,1
-44.7815109867644,-20.9695084244946,"RECALIBRANDO",2026-06-15,NA,2026-06-14,-0.109222680823726,1
-44.7815109867644,-20.9694185929662,"NORMAL",2019-01-02,2026-01-01,NA,NA,0
-44.7815109867644,-20.9693287614378,"RECALIBRANDO",2026-06-29,NA,2026-06-28,-0.0744018381571478,1
-44.7815109867644,-20.9692389299094,"RECALIBRANDO",2026-06-15,NA,2026-06-14,-0.0936582299236079,1
-44.7815109867644,-20.969149098381,"RECALIBRANDO",2026-06-15,NA,2026-06-14,-0.0857808096862188,1
-44.7815109867644,-20.9690592668525,"RECALIBRANDO",2026-06-05,NA,2026-06-04,-0.12383135560068,1
-44.7815109867644,-20.9689694353241,"RECALIBRANDO",2026-06-10,NA,2026-06-09,-0.134069382462664,1
-44.7815109867644,-20.9688796037957,"RECALIBRANDO",2026-06-15,NA,2026-06-14,-0.130106749318018,1
-44.7815109867644,-20.9687897722673,"RECALIBRANDO",2026-06-15,NA,2026-06-14,-0.138591580726711,1
-44.7815109867644,-20.9686999407389,"RECALIBRANDO",2026-06-10,NA,2026-06-09,-0.147988387099898,1
-44.7815109867644,-20.9686101092105,"RECALIBRANDO",2026-06-20,NA,2026-06-19,-0.141507572460992,1
-44.7815109867644,-20.9685202776821,"RECALIBRANDO",2026-06-10,NA,2026-06-09,-0.162125023045321,1
-44.7815109867644,-20.9684304461537,"RECALIBRANDO",2026-06-05,NA,2026-06-04,-0.17200335926227,1
-44.7815109867644,-20.9683406146253,"RECALIBRANDO",2026-06-05,NA,2026-06-04,-0.136535123674135,1
-44.7815109867644,-20.9682507830968,"RECALIBRANDO",2026-06-15,NA,2026-06-14,-0.098684298645548,1
-44.7815109867644,-20.9672626362843,"NORMAL",2019-01-02,2026-01-01,NA,NA,0
-44.7815109867644,-20.9671728047559,"NORMAL",2019-01-02,2026-01-01,NA,NA,0
-44.781421155236,-20.9707660658924,"RECALIBRANDO",2026-01-10,NA,2026-01-09,0.0069351690116235,1
-44.781421155236,-20.970676234364,"RECALIBRANDO",2026-04-26,NA,2026-04-25,0.0833900321038808,1
-44.781421155236,-20.9705864028356,"RECALIBRANDO",2026-03-17,NA,2026-03-16,0.16802040591824,1
-44.781421155236,-20.9704965713071,"RECALIBRANDO",2026-03-01,NA,2026-02-28,0.165585868865093,1
-44.781421155236,-20.9704067397787,"RECALIBRANDO",2026-03-17,NA,2026-03-16,0.119155331638228,1
-44.781421155236,-20.9703169082503,"RECALIBRANDO",2026-04-26,NA,2026-04-25,0.0577995246006331,1
-44.781421155236,-20.9702270767219,"NORMAL",2019-01-02,2026-01-01,NA,NA,0
-44.781421155236,-20.9701372451935,"RECALIBRANDO",2026-08-29,NA,2026-08-28,0.0363156874691899,1
-44.781421155236,-20.9700474136651,"NORMAL",2019-01-02,2026-01-01,NA,NA,0
-44.781421155236,-20.9699575821367,"NORMAL",2019-01-02,2026-01-01,NA,NA,0
-44.781421155236,-20.9698677506083,"NORMAL",2019-01-02,2026-01-01,NA,NA,0
-44.781421155236,-20.9697779190798,"NORMAL",2019-01-02,2026-01-01,NA,NA,0
-44.781421155236,-20.9696880875514,"RECALIBRANDO",2026-06-24,NA,2026-06-23,-0.0265055864477778,1
-44.781421155236,-20.969598256023,"RECALIBRANDO",2026-06-20,NA,2026-06-19,-0.0507802474786657,1
-44.781421155236,-20.9695084244946,"RECALIBRANDO",2026-06-20,NA,2026-06-19,-0.0846324347956979,1
-44.781421155236,-20.9694185929662,"RECALIBRANDO",2026-06-20,NA,2026-06-19,-0.0770214524451728,1
-44.781421155236,-20.9693287614378,"RECALIBRANDO",2026-07-04,NA,2026-07-03,-0.0476450230249642,1
-44.781421155236,-20.9692389299094,"RECALIBRANDO",2026-06-20,NA,2026-06-19,-0.0786889268210324,1
-44.781421155236,-20.969149098381,"RECALIBRANDO",2026-06-24,NA,2026-06-23,-0.0617550246098769,1
-44.781421155236,-20.9690592668525,"RECALIBRANDO",2026-06-15,NA,2026-06-14,-0.0880021128374651,1
-44.781421155236,-20.9689694353241,"RECALIBRANDO",2026-06-05,NA,2026-06-04,-0.134776857018125,1
-44.781421155236,-20.9688796037957,"RECALIBRANDO",2026-06-10,NA,2026-06-09,-0.119461169190027,1
-44.781421155236,-20.9687897722673,"RECALIBRANDO",2026-06-15,NA,2026-06-14,-0.128806423583189,1
-44.781421155236,-20.9686999407389,"RECALIBRANDO",2026-06-15,NA,2026-06-14,-0.13199793381197,1
-44.781421155236,-20.9686101092105,"RECALIBRANDO",2026-06-24,NA,2026-06-23,-0.151703530287044,1
-44.781421155236,-20.9685202776821,"RECALIBRANDO",2026-06-10,NA,2026-06-09,-0.174042879404423,1
-44.781421155236,-20.9684304461537,"RECALIBRANDO",2026-05-30,NA,2026-05-29,-0.187003851340836,1
-44.781421155236,-20.9683406146253,"RECALIBRANDO",2026-06-05,NA,2026-06-04,-0.163122415940336,1
-44.781421155236,-20.9682507830968,"RECALIBRANDO",2026-06-10,NA,2026-06-09,-0.116691709673958,1
-44.781421155236,-20.9681609515684,"RECALIBRANDO",2026-06-15,NA,2026-06-14,-0.0434176925491697,1
-44.781421155236,-20.96807112004,"NORMAL",2019-01-02,2026-01-01,NA,NA,0
-44.781421155236,-20.9675321308695,"RECALIBRANDO",2026-03-01,NA,2026-02-28,-0.00410302528213896,1
-44.781421155236,-20.9674422993411,"RECALIBRANDO",2026-04-17,NA,2026-04-16,-0.0198283607875414,1
-44.781421155236,-20.9673524678127,"NORMAL",2019-01-02,2026-01-01,NA,NA,0
-44.781421155236,-20.9672626362843,"NORMAL",2019-01-02,2026-01-01,NA,NA,0
-44.781421155236,-20.9671728047559,"RECALIBRANDO",2026-05-27,NA,2026-05-26,-0.0961818727771362,1
-44.781421155236,-20.9670829732275,"RECALIBRANDO",2026-05-27,NA,2026-05-26,-0.183477857991526,1
-44.7813313237076,-20.9708558974208,"RECALIBRANDO",2026-01-10,NA,2026-01-09,0.000317507233310477,1
-44.7813313237076,-20.9707660658924,"RECALIBRANDO",2026-05-01,NA,2026-04-30,0.0233010701494275,1
-44.7813313237076,-20.970676234364,"RECALIBRANDO",2026-03-06,NA,2026-03-05,0.150647420693588,1
-44.7813313237076,-20.9705864028356,"RECALIBRANDO",2026-03-06,NA,2026-03-05,0.180158109360947,1
-44.7813313237076,-20.9704965713071,"RECALIBRANDO",2026-03-06,NA,2026-03-05,0.168268913400091,1
-44.7813313237076,-20.9704067397787,"RECALIBRANDO",2026-03-17,NA,2026-03-16,0.140562521757809,1
-44.7813313237076,-20.9703169082503,"RECALIBRANDO",2026-05-01,NA,2026-04-30,0.0427419953746077,1
-44.7813313237076,-20.9702270767219,"RECALIBRANDO",2026-08-18,NA,2026-08-17,0.0685662396779762,1
-44.7813313237076,-20.9701372451935,"NORMAL",2019-01-02,2026-01-01,NA,NA,0
-44.7813313237076,-20.9700474136651,"NORMAL",2019-01-02,2026-01-01,NA,NA,0
-44.7813313237076,-20.9699575821367,"NORMAL",2019-01-02,2026-01-01,NA,NA,0
-44.7813313237076,-20.9698677506083,"NORMAL",2019-01-02,2026-01-01,NA,NA,0
-44.7813313237076,-20.9697779190798,"NORMAL",2019-01-02,2026-01-01,NA,NA,0
-44.7813313237076,-20.9696880875514,"NORMAL",2019-01-02,2026-01-01,NA,NA,0
-44.7813313237076,-20.969598256023,"NORMAL",2019-01-02,2026-01-01,NA,NA,0
-44.7813313237076,-20.9695084244946,"NORMAL",2019-01-02,2026-01-01,NA,NA,0
-44.7813313237076,-20.9694185929662,"RECALIBRANDO",2026-06-24,NA,2026-06-23,-0.0552984971581214,1
-44.7813313237076,-20.9693287614378,"RECALIBRANDO",2026-06-24,NA,2026-06-23,-0.0608337739275026,1
-44.7813313237076,-20.9692389299094,"RECALIBRANDO",2026-06-29,NA,2026-06-28,-0.0540951402604388,1
-44.7813313237076,-20.969149098381,"RECALIBRANDO",2026-07-15,NA,2026-07-14,-0.0615880182501097,1
-44.7813313237076,-20.9690592668525,"RECALIBRANDO",2026-07-15,NA,2026-07-14,-0.0483255474278346,1
-44.7813313237076,-20.9689694353241,"RECALIBRANDO",2026-06-15,NA,2026-06-14,-0.112559174586722,1
-44.7813313237076,-20.9688796037957,"RECALIBRANDO",2026-06-10,NA,2026-06-09,-0.125004950346993,1
-44.7813313237076,-20.9687897722673,"RECALIBRANDO",2026-06-15,NA,2026-06-14,-0.122766713443901,1
-44.7813313237076,-20.9686999407389,"RECALIBRANDO",2026-06-15,NA,2026-06-14,-0.139094035422505,1
-44.7813313237076,-20.9686101092105,"RECALIBRANDO",2026-06-20,NA,2026-06-19,-0.148981124231006,1
-44.7813313237076,-20.9685202776821,"RECALIBRANDO",2026-06-10,NA,2026-06-09,-0.158500063038916,1
-44.7813313237076,-20.9684304461537,"RECALIBRANDO",2026-06-05,NA,2026-06-04,-0.153244391883764,1
-44.7813313237076,-20.9683406146253,"RECALIBRANDO",2026-05-30,NA,2026-05-29,-0.162400127130123,1
-44.7813313237076,-20.9682507830968,"RECALIBRANDO",2026-05-30,NA,2026-05-29,-0.134620395236191,1
-44.7813313237076,-20.9681609515684,"RECALIBRANDO",2026-05-30,NA,2026-05-29,-0.0865201360583165,1
-44.7813313237076,-20.96807112004,"RECALIBRANDO",2026-06-15,NA,2026-06-14,-0.0208328187832702,1
-44.7813313237076,-20.9679812885116,"NORMAL",2019-01-02,2026-01-01,NA,NA,0
-44.7813313237076,-20.9678914569832,"NORMAL",2019-01-02,2026-01-01,NA,NA,0
-44.7813313237076,-20.9678016254548,"NORMAL",2019-01-02,2026-01-01,NA,NA,0
-44.7813313237076,-20.9677117939264,"NORMAL",2019-01-02,2026-01-01,NA,NA,0
-44.7813313237076,-20.967621962398,"RECALIBRANDO",2026-05-01,NA,2026-04-30,-0.0240698036683601,1
-44.7813313237076,-20.9675321308695,"RECALIBRANDO",2026-03-01,NA,2026-02-28,-0.0108980576490703,1
-44.7813313237076,-20.9674422993411,"NORMAL",2019-01-02,2026-01-01,NA,NA,0
-44.7813313237076,-20.9673524678127,"NORMAL",2019-01-02,2026-01-01,NA,NA,0
-44.7813313237076,-20.9672626362843,"NORMAL",2019-01-02,2026-01-01,NA,NA,0
-44.7813313237076,-20.9671728047559,"RECALIBRANDO",2026-05-10,NA,2026-05-09,-0.142337960018085,1
-44.7813313237076,-20.9670829732275,"RECALIBRANDO",2026-05-10,NA,2026-05-09,-0.177211164209061,1
-44.7812414921792,-20.9709457289492,"RECALIBRANDO",2026-01-10,NA,2026-01-09,0.0011896449043165,1
-44.7812414921792,-20.9708558974208,"RECALIBRANDO",2026-01-10,NA,2026-01-09,0.000317507233310477,1
-44.7812414921792,-20.9707660658924,"RECALIBRANDO",2026-05-01,NA,2026-04-30,0.0233010701494275,1
-44.7812414921792,-20.970676234364,"RECALIBRANDO",2026-03-06,NA,2026-03-05,0.150647420693588,1
-44.7812414921792,-20.9705864028356,"RECALIBRANDO",2026-03-06,NA,2026-03-05,0.180158109360947,1
-44.7812414921792,-20.9704965713071,"RECALIBRANDO",2026-03-06,NA,2026-03-05,0.168268913400091,1
-44.7812414921792,-20.9704067397787,"RECALIBRANDO",2026-03-17,NA,2026-03-16,0.140562521757809,1
-44.7812414921792,-20.9703169082503,"RECALIBRANDO",2026-05-01,NA,2026-04-30,0.0427419953746077,1
-44.7812414921792,-20.9702270767219,"RECALIBRANDO",2026-08-18,NA,2026-08-17,0.0685662396779762,1
-44.7812414921792,-20.9701372451935,"NORMAL",2019-01-02,2026-01-01,NA,NA,0
-44.7812414921792,-20.9700474136651,"NORMAL",2019-01-02,2026-01-01,NA,NA,0
-44.7812414921792,-20.9699575821367,"NORMAL",2019-01-02,2026-01-01,NA,NA,0
-44.7812414921792,-20.9698677506083,"NORMAL",2019-01-02,2026-01-01,NA,NA,0
-44.7812414921792,-20.9697779190798,"NORMAL",2019-01-02,2026-01-01,NA,NA,0
-44.7812414921792,-20.9696880875514,"NORMAL",2019-01-02,2026-01-01,NA,NA,0
-44.7812414921792,-20.969598256023,"NORMAL",2019-01-02,2026-01-01,NA,NA,0
-44.7812414921792,-20.9695084244946,"NORMAL",2019-01-02,2026-01-01,NA,NA,0
-44.7812414921792,-20.9694185929662,"RECALIBRANDO",2026-06-24,NA,2026-06-23,-0.0552984971581214,1
-44.7812414921792,-20.9693287614378,"RECALIBRANDO",2026-06-24,NA,2026-06-23,-0.0608337739275026,1
-44.7812414921792,-20.9692389299094,"NORMAL",2019-01-02,2026-01-01,NA,NA,0
-44.7812414921792,-20.969149098381,"NORMAL",2019-01-02,2026-01-01,NA,NA,0
-44.7812414921792,-20.9690592668525,"NORMAL",2019-01-02,2026-01-01,NA,NA,0
-44.7812414921792,-20.9689694353241,"RECALIBRANDO",2026-06-29,NA,2026-06-28,-0.0723925312491033,1
-44.7812414921792,-20.9688796037957,"RECALIBRANDO",2026-06-05,NA,2026-06-04,-0.137545993637469,1
-44.7812414921792,-20.9687897722673,"RECALIBRANDO",2026-06-10,NA,2026-06-09,-0.123738273671378,1
-44.7812414921792,-20.9686999407389,"RECALIBRANDO",2026-06-10,NA,2026-06-09,-0.138595633986537,1
-44.7812414921792,-20.9686101092105,"RECALIBRANDO",2026-06-10,NA,2026-06-09,-0.132288139873783,1
-44.7812414921792,-20.9685202776821,"RECALIBRANDO",2026-06-10,NA,2026-06-09,-0.148540278358676,1
-44.7812414921792,-20.9684304461537,"RECALIBRANDO",2026-06-05,NA,2026-06-04,-0.148179645518324,1
-44.7812414921792,-20.9683406146253,"RECALIBRANDO",2026-06-05,NA,2026-06-04,-0.145899411518422,1
-44.7812414921792,-20.9682507830968,"RECALIBRANDO",2026-06-05,NA,2026-06-04,-0.135917380499918,1
-44.7812414921792,-20.9681609515684,"RECALIBRANDO",2026-05-30,NA,2026-05-29,-0.117470269778575,1
-44.7812414921792,-20.96807112004,"RECALIBRANDO",2026-06-10,NA,2026-06-09,-0.05854268837361,1
-44.7812414921792,-20.9679812885116,"NORMAL",2019-01-02,2026-01-01,NA,NA,0
-44.7812414921792,-20.9678914569832,"NORMAL",2019-01-02,2026-01-01,NA,NA,0
-44.7812414921792,-20.9678016254548,"NORMAL",2019-01-02,2026-01-01,NA,NA,0
-44.7812414921792,-20.9677117939264,"NORMAL",2019-01-02,2026-01-01,NA,NA,0
-44.7812414921792,-20.967621962398,"NORMAL",2019-01-02,2026-01-01,NA,NA,0
-44.7812414921792,-20.9675321308695,"RECALIBRANDO",2026-03-06,NA,2026-03-05,-0.0187475124474612,1
-44.7812414921792,-20.9674422993411,"RECALIBRANDO",2026-04-26,NA,2026-04-25,-0.0229738204089276,1
-44.7812414921792,-20.9673524678127,"NORMAL",2019-01-02,2026-01-01,NA,NA,0
-44.7812414921792,-20.9672626362843,"NORMAL",2019-01-02,2026-01-01,NA,NA,0
-44.7812414921792,-20.9671728047559,"RECALIBRANDO",2026-05-10,NA,2026-05-09,-0.17544928795286,1
-44.7812414921792,-20.9670829732275,"RECALIBRANDO",2026-05-27,NA,2026-05-26,-0.177589507135101,1
-44.7811516606508,-20.9709457289492,"RECALIBRANDO",2026-01-10,NA,2026-01-09,0.00050528565610064,1
-44.7811516606508,-20.9708558974208,"RECALIBRANDO",2026-05-06,NA,2026-05-05,-0.00323466742410461,1
-44.7811516606508,-20.9707660658924,"RECALIBRANDO",2026-04-17,NA,2026-04-16,0.110086551269024,1
-44.7811516606508,-20.970676234364,"RECALIBRANDO",2026-03-01,NA,2026-02-28,0.17620062900108,1
-44.7811516606508,-20.9705864028356,"RECALIBRANDO",2026-03-06,NA,2026-03-05,0.178897109539355,1
-44.7811516606508,-20.9704965713071,"RECALIBRANDO",2026-03-06,NA,2026-03-05,0.166563718974429,1
-44.7811516606508,-20.9704067397787,"RECALIBRANDO",2026-03-01,NA,2026-02-28,0.133576483614348,1
-44.7811516606508,-20.9703169082503,"RECALIBRANDO",2026-05-06,NA,2026-05-05,0.0130569896148349,1
-44.7811516606508,-20.9702270767219,"NORMAL",2019-01-02,2026-01-01,NA,NA,0
-44.7811516606508,-20.9701372451935,"NORMAL",2019-01-02,2026-01-01,NA,NA,0
-44.7811516606508,-20.9700474136651,"NORMAL",2019-01-02,2026-01-01,NA,NA,0
-44.7811516606508,-20.9699575821367,"NORMAL",2019-01-02,2026-01-01,NA,NA,0
-44.7811516606508,-20.9698677506083,"NORMAL",2019-01-02,2026-01-01,NA,NA,0
-44.7811516606508,-20.9697779190798,"NORMAL",2019-01-02,2026-01-01,NA,NA,0
-44.7811516606508,-20.9696880875514,"NORMAL",2019-01-02,2026-01-01,NA,NA,0
-44.7811516606508,-20.969598256023,"NORMAL",2019-01-02,2026-01-01,NA,NA,0
-44.7811516606508,-20.9695084244946,"NORMAL",2019-01-02,2026-01-01,NA,NA,0
-44.7811516606508,-20.9694185929662,"NORMAL",2019-01-02,2026-01-01,NA,NA,0
-44.7811516606508,-20.9693287614378,"NORMAL",2019-01-02,2026-01-01,NA,NA,0
-44.7811516606508,-20.9692389299094,"NORMAL",2019-01-02,2026-01-01,NA,NA,0
-44.7811516606508,-20.969149098381,"NORMAL",2019-01-02,2026-01-01,NA,NA,0
-44.7811516606508,-20.9690592668525,"NORMAL",2019-01-02,2026-01-01,NA,NA,0
-44.7811516606508,-20.9689694353241,"RECALIBRANDO",2026-06-29,NA,2026-06-28,-0.0723925312491033,1
-44.7811516606508,-20.9688796037957,"RECALIBRANDO",2026-06-05,NA,2026-06-04,-0.137545993637469,1
-44.7811516606508,-20.9687897722673,"RECALIBRANDO",2026-06-10,NA,2026-06-09,-0.123738273671378,1
-44.7811516606508,-20.9686999407389,"RECALIBRANDO",2026-06-10,NA,2026-06-09,-0.138595633986537,1
-44.7811516606508,-20.9686101092105,"RECALIBRANDO",2026-06-10,NA,2026-06-09,-0.132288139873783,1
-44.7811516606508,-20.9685202776821,"RECALIBRANDO",2026-06-10,NA,2026-06-09,-0.148540278358676,1
-44.7811516606508,-20.9684304461537,"RECALIBRANDO",2026-06-05,NA,2026-06-04,-0.148179645518324,1
-44.7811516606508,-20.9683406146253,"RECALIBRANDO",2026-06-05,NA,2026-06-04,-0.145899411518422,1
-44.7811516606508,-20.9682507830968,"RECALIBRANDO",2026-06-05,NA,2026-06-04,-0.135917380499918,1
-44.7811516606508,-20.9681609515684,"RECALIBRANDO",2026-05-30,NA,2026-05-29,-0.117470269778575,1
-44.7811516606508,-20.96807112004,"RECALIBRANDO",2026-06-10,NA,2026-06-09,-0.05854268837361,1
-44.7811516606508,-20.9679812885116,"NORMAL",2019-01-02,2026-01-01,NA,NA,0
-44.7811516606508,-20.9678914569832,"NORMAL",2019-01-02,2026-01-01,NA,NA,0
-44.7811516606508,-20.9678016254548,"NORMAL",2019-01-02,2026-01-01,NA,NA,0
-44.7811516606508,-20.9677117939264,"NORMAL",2019-01-02,2026-01-01,NA,NA,0
-44.7811516606508,-20.967621962398,"NORMAL",2019-01-02,2026-01-01,NA,NA,0
-44.7811516606508,-20.9675321308695,"RECALIBRANDO",2026-03-06,NA,2026-03-05,-0.0187475124474612,1
-44.7811516606508,-20.9674422993411,"RECALIBRANDO",2026-04-26,NA,2026-04-25,-0.0229738204089276,1
-44.7811516606508,-20.9673524678127,"RECALIBRANDO",2026-04-26,NA,2026-04-25,-0.0229738204089276,1
-44.7811516606508,-20.9672626362843,"NORMAL",2019-01-02,2026-01-01,NA,NA,0
-44.7811516606508,-20.9671728047559,"RECALIBRANDO",2026-05-10,NA,2026-05-09,-0.17544928795286,1
-44.7811516606508,-20.9670829732275,"RECALIBRANDO",2026-05-27,NA,2026-05-26,-0.177589507135101,1
-44.7810618291224,-20.9710355604776,"NORMAL",2019-01-02,2026-01-01,NA,NA,0
-44.7810618291224,-20.9709457289492,"RECALIBRANDO",2026-01-10,NA,2026-01-09,0.0287843230622077,1
-44.7810618291224,-20.9708558974208,"RECALIBRANDO",2026-04-17,NA,2026-04-16,0.128075601524038,1
-44.7810618291224,-20.9707660658924,"RECALIBRANDO",2026-03-01,NA,2026-02-28,0.170488036387269,1
-44.7810618291224,-20.970676234364,"RECALIBRANDO",2026-03-06,NA,2026-03-05,0.15594037030295,1
-44.7810618291224,-20.9705864028356,"RECALIBRANDO",2026-03-06,NA,2026-03-05,0.135325948482797,1
-44.7810618291224,-20.9704965713071,"RECALIBRANDO",2026-03-06,NA,2026-03-05,0.124024355485659,1
-44.7810618291224,-20.9704067397787,"RECALIBRANDO",2026-04-17,NA,2026-04-16,0.0997797219911366,1
-44.7810618291224,-20.9703169082503,"NORMAL",2019-01-02,2026-01-01,NA,NA,0
-44.7810618291224,-20.9702270767219,"NORMAL",2019-01-02,2026-01-01,NA,NA,0
-44.7810618291224,-20.9701372451935,"NORMAL",2019-01-02,2026-01-01,NA,NA,0
-44.7810618291224,-20.9700474136651,"NORMAL",2019-01-02,2026-01-01,NA,NA,0
-44.7810618291224,-20.9699575821367,"NORMAL",2019-01-02,2026-01-01,NA,NA,0
-44.7810618291224,-20.9698677506083,"NORMAL",2019-01-02,2026-01-01,NA,NA,0
-44.7810618291224,-20.9697779190798,"NORMAL",2019-01-02,2026-01-01,NA,NA,0
-44.7810618291224,-20.9696880875514,"NORMAL",2019-01-02,2026-01-01,NA,NA,0
-44.7810618291224,-20.969598256023,"NORMAL",2019-01-02,2026-01-01,NA,NA,0
-44.7810618291224,-20.9695084244946,"NORMAL",2019-01-02,2026-01-01,NA,NA,0
-44.7810618291224,-20.9694185929662,"NORMAL",2019-01-02,2026-01-01,NA,NA,0
-44.7810618291224,-20.9693287614378,"NORMAL",2019-01-02,2026-01-01,NA,NA,0
-44.7810618291224,-20.9692389299094,"NORMAL",2019-01-02,2026-01-01,NA,NA,0
-44.7810618291224,-20.969149098381,"NORMAL",2019-01-02,2026-01-01,NA,NA,0
-44.7810618291224,-20.9690592668525,"NORMAL",2019-01-02,2026-01-01,NA,NA,0
-44.7810618291224,-20.9689694353241,"RECALIBRANDO",2026-07-04,NA,2026-07-03,-0.0509754664226631,1
-44.7810618291224,-20.9688796037957,"RECALIBRANDO",2026-06-10,NA,2026-06-09,-0.108617580604451,1
-44.7810618291224,-20.9687897722673,"RECALIBRANDO",2026-06-10,NA,2026-06-09,-0.113327158389887,1
-44.7810618291224,-20.9686999407389,"RECALIBRANDO",2026-06-15,NA,2026-06-14,-0.119133723880038,1
-44.7810618291224,-20.9686101092105,"RECALIBRANDO",2026-06-15,NA,2026-06-14,-0.121654089846175,1
-44.7810618291224,-20.9685202776821,"RECALIBRANDO",2026-06-10,NA,2026-06-09,-0.146000217693398,1
-44.7810618291224,-20.9684304461537,"RECALIBRANDO",2026-06-05,NA,2026-06-04,-0.142226908808957,1
-44.7810618291224,-20.9683406146253,"RECALIBRANDO",2026-06-05,NA,2026-06-04,-0.133282209101926,1
-44.7810618291224,-20.9682507830968,"RECALIBRANDO",2026-05-30,NA,2026-05-29,-0.133807552296663,1
-44.7810618291224,-20.9681609515684,"RECALIBRANDO",2026-05-30,NA,2026-05-29,-0.13317370334266,1
-44.7810618291224,-20.96807112004,"RECALIBRANDO",2026-06-05,NA,2026-06-04,-0.111168541558727,1
-44.7810618291224,-20.9679812885116,"RECALIBRANDO",2026-07-04,NA,2026-07-03,-0.0450228868305254,1
-44.7810618291224,-20.9678914569832,"NORMAL",2019-01-02,2026-01-01,NA,NA,0
-44.7810618291224,-20.9678016254548,"NORMAL",2019-01-02,2026-01-01,NA,NA,0
-44.7810618291224,-20.9677117939264,"NORMAL",2019-01-02,2026-01-01,NA,NA,0
-44.7810618291224,-20.967621962398,"NORMAL",2019-01-02,2026-01-01,NA,NA,0
-44.7810618291224,-20.9675321308695,"NORMAL",2019-01-02,2026-01-01,NA,NA,0
-44.7810618291224,-20.9674422993411,"NORMAL",2019-01-02,2026-01-01,NA,NA,0
-44.7810618291224,-20.9673524678127,"NORMAL",2019-01-02,2026-01-01,NA,NA,0
-44.7810618291224,-20.9672626362843,"RECALIBRANDO",2026-06-24,NA,2026-06-23,-0.0846378743737801,1
-44.7810618291224,-20.9671728047559,"RECALIBRANDO",2026-05-30,NA,2026-05-29,-0.191198263721888,1
-44.7809719975939,-20.9712152235344,"RECALIBRANDO",2026-01-10,NA,2026-01-09,-0.0262608499154167,1
-44.7809719975939,-20.971125392006,"RECALIBRANDO",2026-01-10,NA,2026-01-09,-0.0189505848549447,1
-44.7809719975939,-20.9710355604776,"RECALIBRANDO",2026-01-10,NA,2026-01-09,0.0227718681455646,1
-44.7809719975939,-20.9709457289492,"RECALIBRANDO",2026-04-17,NA,2026-04-16,0.125613614808525,1
-44.7809719975939,-20.9708558974208,"RECALIBRANDO",2026-03-06,NA,2026-03-05,0.184628181598801,1
-44.7809719975939,-20.9707660658924,"RECALIBRANDO",2026-03-01,NA,2026-02-28,0.143516176693298,1
-44.7809719975939,-20.970676234364,"RECALIBRANDO",2026-03-06,NA,2026-03-05,0.115661976312776,1
-44.7809719975939,-20.9705864028356,"RECALIBRANDO",2026-03-06,NA,2026-03-05,0.102294975352228,1
-44.7809719975939,-20.9704965713071,"RECALIBRANDO",2026-03-06,NA,2026-03-05,0.0768217834229449,1
-44.7809719975939,-20.9704067397787,"RECALIBRANDO",2026-04-26,NA,2026-04-25,0.0706124218939193,1
-44.7809719975939,-20.9703169082503,"NORMAL",2019-01-02,2026-01-01,NA,NA,0
-44.7809719975939,-20.9702270767219,"NORMAL",2019-01-02,2026-01-01,NA,NA,0
-44.7809719975939,-20.9701372451935,"NORMAL",2019-01-02,2026-01-01,NA,NA,0
-44.7809719975939,-20.9700474136651,"NORMAL",2019-01-02,2026-01-01,NA,NA,0
-44.7809719975939,-20.9699575821367,"NORMAL",2019-01-02,2026-01-01,NA,NA,0
-44.7809719975939,-20.9698677506083,"NORMAL",2019-01-02,2026-01-01,NA,NA,0
-44.7809719975939,-20.9697779190798,"NORMAL",2019-01-02,2026-01-01,NA,NA,0
-44.7809719975939,-20.9696880875514,"NORMAL",2019-01-02,2026-01-01,NA,NA,0
-44.7809719975939,-20.969598256023,"NORMAL",2019-01-02,2026-01-01,NA,NA,0
-44.7809719975939,-20.9695084244946,"NORMAL",2019-01-02,2026-01-01,NA,NA,0
-44.7809719975939,-20.9694185929662,"NORMAL",2019-01-02,2026-01-01,NA,NA,0
-44.7809719975939,-20.9693287614378,"NORMAL",2019-01-02,2026-01-01,NA,NA,0
-44.7809719975939,-20.9692389299094,"NORMAL",2019-01-02,2026-01-01,NA,NA,0
-44.7809719975939,-20.969149098381,"NORMAL",2019-01-02,2026-01-01,NA,NA,0
-44.7809719975939,-20.9690592668525,"NORMAL",2019-01-02,2026-01-01,NA,NA,0
-44.7809719975939,-20.9689694353241,"NORMAL",2019-01-02,2026-01-01,NA,NA,0
-44.7809719975939,-20.9688796037957,"NORMAL",2019-01-02,2026-01-01,NA,NA,0
-44.7809719975939,-20.9687897722673,"NORMAL",2019-01-02,2026-01-01,NA,NA,0
-44.7809719975939,-20.9686999407389,"RECALIBRANDO",2026-07-15,NA,2026-07-14,-0.0523170548921995,1
-44.7809719975939,-20.9686101092105,"RECALIBRANDO",2026-06-24,NA,2026-06-23,-0.0647303273429288,1
-44.7809719975939,-20.9685202776821,"RECALIBRANDO",2026-06-10,NA,2026-06-09,-0.114492899629414,1
-44.7809719975939,-20.9684304461537,"RECALIBRANDO",2026-06-10,NA,2026-06-09,-0.132488658064794,1
-44.7809719975939,-20.9683406146253,"RECALIBRANDO",2026-06-10,NA,2026-06-09,-0.143917559235458,1
-44.7809719975939,-20.9682507830968,"RECALIBRANDO",2026-06-10,NA,2026-06-09,-0.162391057589647,1
-44.7809719975939,-20.9681609515684,"RECALIBRANDO",2026-05-30,NA,2026-05-29,-0.157594520599422,1
-44.7809719975939,-20.96807112004,"RECALIBRANDO",2026-06-10,NA,2026-06-09,-0.138918489028182,1
-44.7809719975939,-20.9679812885116,"RECALIBRANDO",2026-06-15,NA,2026-06-14,-0.0774767218602446,1
-44.7809719975939,-20.9678914569832,"RECALIBRANDO",2026-06-29,NA,2026-06-28,-0.0237990088009004,1
-44.7809719975939,-20.9678016254548,"RECALIBRANDO",2026-06-15,NA,2026-06-14,-0.0409133842555004,1
-44.7809719975939,-20.9677117939264,"NORMAL",2019-01-02,2026-01-01,NA,NA,0
-44.7809719975939,-20.967621962398,"NORMAL",2019-01-02,2026-01-01,NA,NA,0
-44.7809719975939,-20.9675321308695,"NORMAL",2019-01-02,2026-01-01,NA,NA,0
-44.7809719975939,-20.9674422993411,"NORMAL",2019-01-02,2026-01-01,NA,NA,0
-44.7809719975939,-20.9673524678127,"NORMAL",2019-01-02,2026-01-01,NA,NA,0
-44.7809719975939,-20.9672626362843,"RECALIBRANDO",2026-06-29,NA,2026-06-28,-0.108011846774119,1
-44.7809719975939,-20.9671728047559,"RECALIBRANDO",2026-06-05,NA,2026-06-04,-0.163340268687991,1
-44.7808821660655,-20.9714847181197,"RECALIBRANDO",2026-01-15,NA,2026-01-14,-0.0394024604625418,1
-44.7808821660655,-20.9713948865913,"RECALIBRANDO",2026-01-10,NA,2026-01-09,-0.038148554113515,1
-44.7808821660655,-20.9713050550628,"RECALIBRANDO",2026-01-10,NA,2026-01-09,-0.0349399702111153,1
-44.7808821660655,-20.9712152235344,"RECALIBRANDO",2026-01-10,NA,2026-01-09,-0.0263063744072979,1
-44.7808821660655,-20.971125392006,"RECALIBRANDO",2026-01-10,NA,2026-01-09,0.00299033099010693,1
-44.7808821660655,-20.9710355604776,"RECALIBRANDO",2026-04-17,NA,2026-04-16,0.0994920366219527,1
-44.7808821660655,-20.9709457289492,"RECALIBRANDO",2026-03-06,NA,2026-03-05,0.199863971041386,1
-44.7808821660655,-20.9708558974208,"RECALIBRANDO",2026-03-06,NA,2026-03-05,0.175797822472663,1
-44.7808821660655,-20.9707660658924,"RECALIBRANDO",2026-03-06,NA,2026-03-05,0.178717668182686,1
-44.7808821660655,-20.970676234364,"RECALIBRANDO",2026-03-06,NA,2026-03-05,0.144826758715106,1
-44.7808821660655,-20.9705864028356,"RECALIBRANDO",2026-03-17,NA,2026-03-16,0.0692084702766311,1
-44.7808821660655,-20.9704965713071,"RECALIBRANDO",2026-03-06,NA,2026-03-05,0.0523731714910812,1
-44.7808821660655,-20.9704067397787,"RECALIBRANDO",2026-05-10,NA,2026-05-09,0.0124315762267515,1
-44.7808821660655,-20.9703169082503,"NORMAL",2019-01-02,2026-01-01,NA,NA,0
-44.7808821660655,-20.9702270767219,"NORMAL",2019-01-02,2026-01-01,NA,NA,0
-44.7808821660655,-20.9701372451935,"NORMAL",2019-01-02,2026-01-01,NA,NA,0
-44.7808821660655,-20.9700474136651,"NORMAL",2019-01-02,2026-01-01,NA,NA,0
-44.7808821660655,-20.9699575821367,"NORMAL",2019-01-02,2026-01-01,NA,NA,0
-44.7808821660655,-20.9698677506083,"NORMAL",2019-01-02,2026-01-01,NA,NA,0
-44.7808821660655,-20.9697779190798,"NORMAL",2019-01-02,2026-01-01,NA,NA,0
-44.7808821660655,-20.9696880875514,"NORMAL",2019-01-02,2026-01-01,NA,NA,0
-44.7808821660655,-20.969598256023,"NORMAL",2019-01-02,2026-01-01,NA,NA,0
-44.7808821660655,-20.9695084244946,"NORMAL",2019-01-02,2026-01-01,NA,NA,0
-44.7808821660655,-20.9694185929662,"NORMAL",2019-01-02,2026-01-01,NA,NA,0
-44.7808821660655,-20.9693287614378,"NORMAL",2019-01-02,2026-01-01,NA,NA,0
-44.7808821660655,-20.9692389299094,"NORMAL",2019-01-02,2026-01-01,NA,NA,0
-44.7808821660655,-20.969149098381,"NORMAL",2019-01-02,2026-01-01,NA,NA,0
-44.7808821660655,-20.9690592668525,"NORMAL",2019-01-02,2026-01-01,NA,NA,0
-44.7808821660655,-20.9689694353241,"NORMAL",2019-01-02,2026-01-01,NA,NA,0
-44.7808821660655,-20.9688796037957,"NORMAL",2019-01-02,2026-01-01,NA,NA,0
-44.7808821660655,-20.9687897722673,"NORMAL",2019-01-02,2026-01-01,NA,NA,0
-44.7808821660655,-20.9686999407389,"NORMAL",2019-01-02,2026-01-01,NA,NA,0
-44.7808821660655,-20.9686101092105,"NORMAL",2019-01-02,2026-01-01,NA,NA,0
-44.7808821660655,-20.9685202776821,"NORMAL",2019-01-02,2026-01-01,NA,NA,0
-44.7808821660655,-20.9684304461537,"NORMAL",2019-01-02,2026-01-01,NA,NA,0
-44.7808821660655,-20.9683406146253,"RECALIBRANDO",2026-06-29,NA,2026-06-28,-0.0519108159906517,1
-44.7808821660655,-20.9682507830968,"RECALIBRANDO",2026-06-24,NA,2026-06-23,-0.0858675323590788,1
-44.7808821660655,-20.9681609515684,"RECALIBRANDO",2026-06-15,NA,2026-06-14,-0.104509425164761,1
-44.7808821660655,-20.96807112004,"RECALIBRANDO",2026-06-10,NA,2026-06-09,-0.126709537465469,1
-44.7808821660655,-20.9679812885116,"RECALIBRANDO",2026-06-15,NA,2026-06-14,-0.09774562582371,1
-44.7808821660655,-20.9678914569832,"RECALIBRANDO",2026-06-24,NA,2026-06-23,-0.0257088202713561,1
-44.7808821660655,-20.9678016254548,"RECALIBRANDO",2026-06-24,NA,2026-06-23,-0.00717392308453213,1
-44.7808821660655,-20.9677117939264,"NORMAL",2019-01-02,2026-01-01,NA,NA,0
-44.7808821660655,-20.967621962398,"NORMAL",2019-01-02,2026-01-01,NA,NA,0
-44.7808821660655,-20.9675321308695,"NORMAL",2019-01-02,2026-01-01,NA,NA,0
-44.7808821660655,-20.9674422993411,"NORMAL",2019-01-02,2026-01-01,NA,NA,0
-44.7808821660655,-20.9673524678127,"NORMAL",2019-01-02,2026-01-01,NA,NA,0
-44.7808821660655,-20.9672626362843,"RECALIBRANDO",2026-06-05,NA,2026-06-04,-0.142528878001344,1
-44.7808821660655,-20.9671728047559,"RECALIBRANDO",2026-06-05,NA,2026-06-04,-0.162106092516597,1
-44.7807923345371,-20.9713948865913,"RECALIBRANDO",2026-01-10,NA,2026-01-09,-0.0376162509811003,1
-44.7807923345371,-20.9713050550628,"RECALIBRANDO",2026-01-10,NA,2026-01-09,-0.0252950999268817,1
-44.7807923345371,-20.9712152235344,"RECALIBRANDO",2026-01-10,NA,2026-01-09,-0.00077861246418065,1
-44.7807923345371,-20.971125392006,"RECALIBRANDO",2026-04-17,NA,2026-04-16,0.0744371615569759,1
-44.7807923345371,-20.9710355604776,"RECALIBRANDO",2026-03-17,NA,2026-03-16,0.165078220279548,1
-44.7807923345371,-20.9709457289492,"RECALIBRANDO",2026-03-06,NA,2026-03-05,0.193992512632929,1
-44.7807923345371,-20.9708558974208,"RECALIBRANDO",2026-03-06,NA,2026-03-05,0.126654175575168,1
-44.7807923345371,-20.9707660658924,"RECALIBRANDO",2026-03-06,NA,2026-03-05,0.175108426794118,1
-44.7807923345371,-20.970676234364,"RECALIBRANDO",2026-03-06,NA,2026-03-05,0.136720927190679,1
-44.7807923345371,-20.9705864028356,"RECALIBRANDO",2026-03-06,NA,2026-03-05,0.0705807305789638,1
-44.7807923345371,-20.9704965713071,"RECALIBRANDO",2026-04-17,NA,2026-04-16,0.0657352210301823,1
-44.7807923345371,-20.9704067397787,"NORMAL",2019-01-02,2026-01-01,NA,NA,0
-44.7807923345371,-20.9703169082503,"NORMAL",2019-01-02,2026-01-01,NA,NA,0
-44.7807923345371,-20.9702270767219,"NORMAL",2019-01-02,2026-01-01,NA,NA,0
-44.7807923345371,-20.9701372451935,"NORMAL",2019-01-02,2026-01-01,NA,NA,0
-44.7807923345371,-20.9700474136651,"NORMAL",2019-01-02,2026-01-01,NA,NA,0
-44.7807923345371,-20.9699575821367,"NORMAL",2019-01-02,2026-01-01,NA,NA,0
-44.7807923345371,-20.9698677506083,"NORMAL",2019-01-02,2026-01-01,NA,NA,0
-44.7807923345371,-20.9697779190798,"NORMAL",2019-01-02,2026-01-01,NA,NA,0
-44.7807923345371,-20.9696880875514,"NORMAL",2019-01-02,2026-01-01,NA,NA,0
-44.7807923345371,-20.969598256023,"NORMAL",2019-01-02,2026-01-01,NA,NA,0
-44.7807923345371,-20.9695084244946,"NORMAL",2019-01-02,2026-01-01,NA,NA,0
-44.7807923345371,-20.9694185929662,"NORMAL",2019-01-02,2026-01-01,NA,NA,0
-44.7807923345371,-20.9693287614378,"NORMAL",2019-01-02,2026-01-01,NA,NA,0
-44.7807923345371,-20.9692389299094,"NORMAL",2019-01-02,2026-01-01,NA,NA,0
-44.7807923345371,-20.969149098381,"NORMAL",2019-01-02,2026-01-01,NA,NA,0
-44.7807923345371,-20.9690592668525,"NORMAL",2019-01-02,2026-01-01,NA,NA,0
-44.7807923345371,-20.9689694353241,"NORMAL",2019-01-02,2026-01-01,NA,NA,0
-44.7807923345371,-20.9688796037957,"NORMAL",2019-01-02,2026-01-01,NA,NA,0
-44.7807923345371,-20.9687897722673,"NORMAL",2019-01-02,2026-01-01,NA,NA,0
-44.7807923345371,-20.9686999407389,"NORMAL",2019-01-02,2026-01-01,NA,NA,0
-44.7807923345371,-20.9686101092105,"NORMAL",2019-01-02,2026-01-01,NA,NA,0
-44.7807923345371,-20.9685202776821,"NORMAL",2019-01-02,2026-01-01,NA,NA,0
-44.7807923345371,-20.9684304461537,"NORMAL",2019-01-02,2026-01-01,NA,NA,0
-44.7807923345371,-20.9683406146253,"NORMAL",2019-01-02,2026-01-01,NA,NA,0
-44.7807923345371,-20.9682507830968,"NORMAL",2019-01-02,2026-01-01,NA,NA,0
-44.7807923345371,-20.9681609515684,"NORMAL",2019-01-02,2026-01-01,NA,NA,0
-44.7807923345371,-20.96807112004,"NORMAL",2019-01-02,2026-01-01,NA,NA,0
-44.7807923345371,-20.9679812885116,"RECALIBRANDO",2026-06-20,NA,2026-06-19,-0.0477629119588227,1
-44.7807923345371,-20.9678914569832,"NORMAL",2019-01-02,2026-01-01,NA,NA,0
-44.7807923345371,-20.9678016254548,"NORMAL",2019-01-02,2026-01-01,NA,NA,0
-44.7807923345371,-20.9677117939264,"NORMAL",2019-01-02,2026-01-01,NA,NA,0
-44.7807923345371,-20.967621962398,"NORMAL",2019-01-02,2026-01-01,NA,NA,0
-44.7807923345371,-20.9675321308695,"RECALIBRANDO",2026-06-15,NA,2026-06-14,-0.0444160255532176,1
-44.7807923345371,-20.9674422993411,"RECALIBRANDO",2026-06-05,NA,2026-06-04,-0.113938729216381,1
-44.7807923345371,-20.9673524678127,"RECALIBRANDO",2026-06-05,NA,2026-06-04,-0.113938729216381,1
-44.7807923345371,-20.9672626362843,"RECALIBRANDO",2026-05-30,NA,2026-05-29,-0.170258919433504,1
-44.7807025030087,-20.9713948865913,"RECALIBRANDO",2026-01-10,NA,2026-01-09,-0.0362081605812016,1
-44.7807025030087,-20.9713050550628,"RECALIBRANDO",2026-01-10,NA,2026-01-09,-0.0138346096332596,1
-44.7807025030087,-20.9712152235344,"RECALIBRANDO",2026-04-17,NA,2026-04-16,0.0356652656014894,1
-44.7807025030087,-20.971125392006,"RECALIBRANDO",2026-03-06,NA,2026-03-05,0.127957235756297,1
-44.7807025030087,-20.9710355604776,"RECALIBRANDO",2026-03-01,NA,2026-02-28,0.173688445023203,1
-44.7807025030087,-20.9709457289492,"RECALIBRANDO",2026-03-06,NA,2026-03-05,0.152820171101927,1
-44.7807025030087,-20.9708558974208,"RECALIBRANDO",2026-03-06,NA,2026-03-05,0.14993815936314,1
-44.7807025030087,-20.9707660658924,"RECALIBRANDO",2026-03-01,NA,2026-02-28,0.128178627635346,1
-44.7807025030087,-20.970676234364,"RECALIBRANDO",2026-03-06,NA,2026-03-05,0.0597331961086867,1
-44.7807025030087,-20.9705864028356,"RECALIBRANDO",2026-03-01,NA,2026-02-28,0.0161662212619011,1
-44.7807025030087,-20.9704965713071,"RECALIBRANDO",2026-04-26,NA,2026-04-25,0.0299738915876755,1
-44.7807025030087,-20.9704067397787,"NORMAL",2019-01-02,2026-01-01,NA,NA,0
-44.7807025030087,-20.9703169082503,"NORMAL",2019-01-02,2026-01-01,NA,NA,0
-44.7807025030087,-20.9702270767219,"NORMAL",2019-01-02,2026-01-01,NA,NA,0
-44.7807025030087,-20.9701372451935,"NORMAL",2019-01-02,2026-01-01,NA,NA,0
-44.7807025030087,-20.9700474136651,"NORMAL",2019-01-02,2026-01-01,NA,NA,0
-44.7807025030087,-20.9699575821367,"NORMAL",2019-01-02,2026-01-01,NA,NA,0
-44.7807025030087,-20.9698677506083,"NORMAL",2019-01-02,2026-01-01,NA,NA,0
-44.7807025030087,-20.9697779190798,"NORMAL",2019-01-02,2026-01-01,NA,NA,0
-44.7807025030087,-20.9696880875514,"NORMAL",2019-01-02,2026-01-01,NA,NA,0
-44.7807025030087,-20.969598256023,"NORMAL",2019-01-02,2026-01-01,NA,NA,0
-44.7807025030087,-20.9695084244946,"NORMAL",2019-01-02,2026-01-01,NA,NA,0
-44.7807025030087,-20.9694185929662,"NORMAL",2019-01-02,2026-01-01,NA,NA,0
-44.7807025030087,-20.9693287614378,"NORMAL",2019-01-02,2026-01-01,NA,NA,0
-44.7807025030087,-20.9692389299094,"NORMAL",2019-01-02,2026-01-01,NA,NA,0
-44.7807025030087,-20.969149098381,"NORMAL",2019-01-02,2026-01-01,NA,NA,0
-44.7807025030087,-20.9690592668525,"NORMAL",2019-01-02,2026-01-01,NA,NA,0
-44.7807025030087,-20.9689694353241,"NORMAL",2019-01-02,2026-01-01,NA,NA,0
-44.7807025030087,-20.9688796037957,"NORMAL",2019-01-02,2026-01-01,NA,NA,0
-44.7807025030087,-20.9687897722673,"NORMAL",2019-01-02,2026-01-01,NA,NA,0
-44.7807025030087,-20.9686999407389,"NORMAL",2019-01-02,2026-01-01,NA,NA,0
-44.7807025030087,-20.9686101092105,"NORMAL",2019-01-02,2026-01-01,NA,NA,0
-44.7807025030087,-20.9685202776821,"RECALIBRANDO",2026-08-23,NA,2026-08-22,0.131878428387711,1
-44.7807025030087,-20.9684304461537,"RECALIBRANDO",2026-08-29,NA,2026-08-28,0.12339848270883,1
-44.7807025030087,-20.9683406146253,"RECALIBRANDO",2026-09-04,NA,2026-09-03,0.123410582339344,1
-44.7807025030087,-20.9682507830968,"RECALIBRANDO",2026-08-18,NA,2026-08-17,0.139301352651197,1
-44.7807025030087,-20.9681609515684,"RECALIBRANDO",2026-08-08,NA,2026-08-07,0.124696930718285,1
-44.7807025030087,-20.96807112004,"NORMAL",2019-01-02,2026-01-01,NA,NA,0
-44.7807025030087,-20.9679812885116,"NORMAL",2019-01-02,2026-01-01,NA,NA,0
-44.7807025030087,-20.9678914569832,"NORMAL",2019-01-02,2026-01-01,NA,NA,0
-44.7807025030087,-20.9678016254548,"NORMAL",2019-01-02,2026-01-01,NA,NA,0
-44.7807025030087,-20.9677117939264,"NORMAL",2019-01-02,2026-01-01,NA,NA,0
-44.7807025030087,-20.967621962398,"NORMAL",2019-01-02,2026-01-01,NA,NA,0
-44.7807025030087,-20.9675321308695,"RECALIBRANDO",2026-06-24,NA,2026-06-23,-0.041484034597181,1
-44.7807025030087,-20.9674422993411,"RECALIBRANDO",2026-06-24,NA,2026-06-23,-0.041484034597181,1
-44.7807025030087,-20.9673524678127,"RECALIBRANDO",2026-06-10,NA,2026-06-09,-0.133072915618467,1
-44.7807025030087,-20.9672626362843,"RECALIBRANDO",2026-06-24,NA,2026-06-23,-0.191392012070113,1
-44.7806126714803,-20.9713948865913,"RECALIBRANDO",2026-01-10,NA,2026-01-09,-0.0176031856106997,1
-44.7806126714803,-20.9713050550628,"RECALIBRANDO",2026-04-26,NA,2026-04-25,0.0140631750265204,1
-44.7806126714803,-20.9712152235344,"RECALIBRANDO",2026-03-17,NA,2026-03-16,0.0980178867020741,1
-44.7806126714803,-20.971125392006,"RECALIBRANDO",2026-03-06,NA,2026-03-05,0.131492259434498,1
-44.7806126714803,-20.9710355604776,"RECALIBRANDO",2026-03-01,NA,2026-02-28,0.134653632478726,1
-44.7806126714803,-20.9709457289492,"RECALIBRANDO",2026-03-01,NA,2026-02-28,0.12183806632609,1
-44.7806126714803,-20.9708558974208,"RECALIBRANDO",2026-03-01,NA,2026-02-28,0.129379697349492,1
-44.7806126714803,-20.9707660658924,"RECALIBRANDO",2026-03-01,NA,2026-02-28,0.116061827117447,1
-44.7806126714803,-20.970676234364,"RECALIBRANDO",2026-03-01,NA,2026-02-28,0.0329338186562223,1
-44.7806126714803,-20.9705864028356,"RECALIBRANDO",2026-03-01,NA,2026-02-28,-0.00495222523306083,1
-44.7806126714803,-20.9704965713071,"RECALIBRANDO",2026-01-10,NA,2026-01-09,0.0124294016157019,1
-44.7806126714803,-20.9704067397787,"NORMAL",2019-01-02,2026-01-01,NA,NA,0
-44.7806126714803,-20.9703169082503,"NORMAL",2019-01-02,2026-01-01,NA,NA,0
-44.7806126714803,-20.9702270767219,"NORMAL",2019-01-02,2026-01-01,NA,NA,0
-44.7806126714803,-20.9701372451935,"NORMAL",2019-01-02,2026-01-01,NA,NA,0
-44.7806126714803,-20.9700474136651,"NORMAL",2019-01-02,2026-01-01,NA,NA,0
-44.7806126714803,-20.9699575821367,"NORMAL",2019-01-02,2026-01-01,NA,NA,0
-44.7806126714803,-20.9698677506083,"NORMAL",2019-01-02,2026-01-01,NA,NA,0
-44.7806126714803,-20.9697779190798,"NORMAL",2019-01-02,2026-01-01,NA,NA,0
-44.7806126714803,-20.9696880875514,"NORMAL",2019-01-02,2026-01-01,NA,NA,0
-44.7806126714803,-20.969598256023,"NORMAL",2019-01-02,2026-01-01,NA,NA,0
-44.7806126714803,-20.9695084244946,"NORMAL",2019-01-02,2026-01-01,NA,NA,0
-44.7806126714803,-20.9694185929662,"NORMAL",2019-01-02,2026-01-01,NA,NA,0
-44.7806126714803,-20.9693287614378,"NORMAL",2019-01-02,2026-01-01,NA,NA,0
-44.7806126714803,-20.9692389299094,"NORMAL",2019-01-02,2026-01-01,NA,NA,0
-44.7806126714803,-20.969149098381,"NORMAL",2019-01-02,2026-01-01,NA,NA,0
-44.7806126714803,-20.9690592668525,"NORMAL",2019-01-02,2026-01-01,NA,NA,0
-44.7806126714803,-20.9689694353241,"NORMAL",2019-01-02,2026-01-01,NA,NA,0
-44.7806126714803,-20.9688796037957,"NORMAL",2019-01-02,2026-01-01,NA,NA,0
-44.7806126714803,-20.9687897722673,"NORMAL",2019-01-02,2026-01-01,NA,NA,0
-44.7806126714803,-20.9686999407389,"NORMAL",2019-01-02,2026-01-01,NA,NA,0
-44.7806126714803,-20.9686101092105,"NORMAL",2019-01-02,2026-01-01,NA,NA,0
-44.7806126714803,-20.9685202776821,"RECALIBRANDO",2026-08-13,NA,2026-08-12,0.146173394449019,1
-44.7806126714803,-20.9684304461537,"RECALIBRANDO",2026-08-23,NA,2026-08-22,0.142676202807683,1
-44.7806126714803,-20.9683406146253,"RECALIBRANDO",2026-08-29,NA,2026-08-28,0.142005509442443,1
-44.7806126714803,-20.9682507830968,"RECALIBRANDO",2026-08-13,NA,2026-08-12,0.159678184988282,1
-44.7806126714803,-20.9681609515684,"RECALIBRANDO",2026-08-03,NA,2026-08-02,0.16049968957357,1
-44.7806126714803,-20.96807112004,"RECALIBRANDO",2026-08-18,NA,2026-08-17,0.115096839567785,1
-44.7806126714803,-20.9679812885116,"RECALIBRANDO",2026-07-20,NA,2026-07-19,0.0580653777412996,1
-44.7806126714803,-20.9678914569832,"NORMAL",2019-01-02,2026-01-01,NA,NA,0
-44.7806126714803,-20.9678016254548,"RECALIBRANDO",2026-08-03,NA,2026-08-02,0.0282448329510859,1
-44.7806126714803,-20.9677117939264,"RECALIBRANDO",2026-07-09,NA,2026-07-08,0.0583507053114237,1
-44.7806126714803,-20.967621962398,"RECALIBRANDO",2026-07-26,NA,2026-07-25,0.0638914120160799,1
-44.7806126714803,-20.9675321308695,"NORMAL",2019-01-02,2026-01-01,NA,NA,0
-44.7806126714803,-20.9674422993411,"NORMAL",2019-01-02,2026-01-01,NA,NA,0
-44.7806126714803,-20.9673524678127,"RECALIBRANDO",2026-06-24,NA,2026-06-23,-0.0724996442950496,1
-44.7805228399519,-20.9713050550628,"RECALIBRANDO",2026-03-17,NA,2026-03-16,0.114763687097217,1
-44.7805228399519,-20.9712152235344,"RECALIBRANDO",2026-03-06,NA,2026-03-05,0.138128043585111,1
-44.7805228399519,-20.971125392006,"RECALIBRANDO",2026-03-06,NA,2026-03-05,0.130424429067841,1
-44.7805228399519,-20.9710355604776,"RECALIBRANDO",2026-03-01,NA,2026-02-28,0.0980785778387545,1
-44.7805228399519,-20.9709457289492,"RECALIBRANDO",2026-03-01,NA,2026-02-28,0.0934784420076342,1
-44.7805228399519,-20.9708558974208,"RECALIBRANDO",2026-03-01,NA,2026-02-28,0.0986702474794618,1
-44.7805228399519,-20.9707660658924,"RECALIBRANDO",2026-03-01,NA,2026-02-28,0.101456637456311,1
-44.7805228399519,-20.970676234364,"RECALIBRANDO",2026-03-01,NA,2026-02-28,0.0598891662062614,1
-44.7805228399519,-20.9705864028356,"RECALIBRANDO",2026-04-17,NA,2026-04-16,0.00109336560636597,1
-44.7805228399519,-20.9704965713071,"NORMAL",2019-01-02,2026-01-01,NA,NA,0
-44.7805228399519,-20.9704067397787,"NORMAL",2019-01-02,2026-01-01,NA,NA,0
-44.7805228399519,-20.9703169082503,"NORMAL",2019-01-02,2026-01-01,NA,NA,0
-44.7805228399519,-20.9702270767219,"NORMAL",2019-01-02,2026-01-01,NA,NA,0
-44.7805228399519,-20.9701372451935,"NORMAL",2019-01-02,2026-01-01,NA,NA,0
-44.7805228399519,-20.9700474136651,"NORMAL",2019-01-02,2026-01-01,NA,NA,0
-44.7805228399519,-20.9699575821367,"NORMAL",2019-01-02,2026-01-01,NA,NA,0
-44.7805228399519,-20.9698677506083,"NORMAL",2019-01-02,2026-01-01,NA,NA,0
-44.7805228399519,-20.9697779190798,"NORMAL",2019-01-02,2026-01-01,NA,NA,0
-44.7805228399519,-20.9696880875514,"NORMAL",2019-01-02,2026-01-01,NA,NA,0
-44.7805228399519,-20.969598256023,"NORMAL",2019-01-02,2026-01-01,NA,NA,0
-44.7805228399519,-20.9695084244946,"NORMAL",2019-01-02,2026-01-01,NA,NA,0
-44.7805228399519,-20.9694185929662,"NORMAL",2019-01-02,2026-01-01,NA,NA,0
-44.7805228399519,-20.9693287614378,"NORMAL",2019-01-02,2026-01-01,NA,NA,0
-44.7805228399519,-20.9692389299094,"NORMAL",2019-01-02,2026-01-01,NA,NA,0
-44.7805228399519,-20.969149098381,"NORMAL",2019-01-02,2026-01-01,NA,NA,0
-44.7805228399519,-20.9690592668525,"NORMAL",2019-01-02,2026-01-01,NA,NA,0
-44.7805228399519,-20.9689694353241,"NORMAL",2019-01-02,2026-01-01,NA,NA,0
-44.7805228399519,-20.9688796037957,"NORMAL",2019-01-02,2026-01-01,NA,NA,0
-44.7805228399519,-20.9687897722673,"NORMAL",2019-01-02,2026-01-01,NA,NA,0
-44.7805228399519,-20.9686999407389,"NORMAL",2019-01-02,2026-01-01,NA,NA,0
-44.7805228399519,-20.9686101092105,"NORMAL",2019-01-02,2026-01-01,NA,NA,0
-44.7805228399519,-20.9685202776821,"RECALIBRANDO",2026-08-29,NA,2026-08-28,0.135278435393812,1
-44.7805228399519,-20.9684304461537,"RECALIBRANDO",2026-08-13,NA,2026-08-12,0.15555003033185,1
-44.7805228399519,-20.9683406146253,"RECALIBRANDO",2026-08-08,NA,2026-08-07,0.161813398484084,1
-44.7805228399519,-20.9682507830968,"RECALIBRANDO",2026-07-20,NA,2026-07-19,0.173029737868989,1
-44.7805228399519,-20.9681609515684,"RECALIBRANDO",2026-07-15,NA,2026-07-14,0.154128311568795,1
-44.7805228399519,-20.96807112004,"RECALIBRANDO",2026-07-15,NA,2026-07-14,0.091981442937213,1
-44.7805228399519,-20.9679812885116,"RECALIBRANDO",2026-07-26,NA,2026-07-25,0.0481964686918324,1
-44.7805228399519,-20.9678914569832,"NORMAL",2019-01-02,2026-01-01,NA,NA,0
-44.7805228399519,-20.9678016254548,"NORMAL",2019-01-02,2026-01-01,NA,NA,0
-44.7805228399519,-20.9677117939264,"NORMAL",2019-01-02,2026-01-01,NA,NA,0
-44.7805228399519,-20.967621962398,"NORMAL",2019-01-02,2026-01-01,NA,NA,0
-44.7805228399519,-20.9675321308695,"NORMAL",2019-01-02,2026-01-01,NA,NA,0
-44.7805228399519,-20.9674422993411,"NORMAL",2019-01-02,2026-01-01,NA,NA,0
-44.7805228399519,-20.9673524678127,"RECALIBRANDO",2026-07-30,NA,2026-07-29,0.0688250051364974,1
-44.7804330084235,-20.9713050550628,"RECALIBRANDO",2026-03-06,NA,2026-03-05,0.125859473090478,1
-44.7804330084235,-20.9712152235344,"RECALIBRANDO",2026-03-06,NA,2026-03-05,0.15552793325903,1
-44.7804330084235,-20.971125392006,"RECALIBRANDO",2026-03-06,NA,2026-03-05,0.103509003064644,1
-44.7804330084235,-20.9710355604776,"RECALIBRANDO",2026-03-01,NA,2026-02-28,0.11801673095657,1
-44.7804330084235,-20.9709457289492,"RECALIBRANDO",2026-03-01,NA,2026-02-28,0.131514367757948,1
-44.7804330084235,-20.9708558974208,"RECALIBRANDO",2026-03-01,NA,2026-02-28,0.0734747880300286,1
-44.7804330084235,-20.9707660658924,"RECALIBRANDO",2026-03-01,NA,2026-02-28,0.0607095241729916,1
-44.7804330084235,-20.970676234364,"RECALIBRANDO",2026-03-06,NA,2026-03-05,0.0563002596262037,1
-44.7804330084235,-20.9705864028356,"RECALIBRANDO",2026-05-10,NA,2026-05-09,-0.00220987386267529,1
-44.7804330084235,-20.9704965713071,"NORMAL",2019-01-02,2026-01-01,NA,NA,0
-44.7804330084235,-20.9704067397787,"NORMAL",2019-01-02,2026-01-01,NA,NA,0
-44.7804330084235,-20.9703169082503,"NORMAL",2019-01-02,2026-01-01,NA,NA,0
-44.7804330084235,-20.9702270767219,"NORMAL",2019-01-02,2026-01-01,NA,NA,0
-44.7804330084235,-20.9701372451935,"NORMAL",2019-01-02,2026-01-01,NA,NA,0
-44.7804330084235,-20.9700474136651,"NORMAL",2019-01-02,2026-01-01,NA,NA,0
-44.7804330084235,-20.9699575821367,"NORMAL",2019-01-02,2026-01-01,NA,NA,0
-44.7804330084235,-20.9698677506083,"NORMAL",2019-01-02,2026-01-01,NA,NA,0
-44.7804330084235,-20.9697779190798,"NORMAL",2019-01-02,2026-01-01,NA,NA,0
-44.7804330084235,-20.9696880875514,"NORMAL",2019-01-02,2026-01-01,NA,NA,0
-44.7804330084235,-20.969598256023,"NORMAL",2019-01-02,2026-01-01,NA,NA,0
-44.7804330084235,-20.9695084244946,"NORMAL",2019-01-02,2026-01-01,NA,NA,0
-44.7804330084235,-20.9694185929662,"NORMAL",2019-01-02,2026-01-01,NA,NA,0
-44.7804330084235,-20.9693287614378,"NORMAL",2019-01-02,2026-01-01,NA,NA,0
-44.7804330084235,-20.9692389299094,"NORMAL",2019-01-02,2026-01-01,NA,NA,0
-44.7804330084235,-20.969149098381,"NORMAL",2019-01-02,2026-01-01,NA,NA,0
-44.7804330084235,-20.9690592668525,"NORMAL",2019-01-02,2026-01-01,NA,NA,0
-44.7804330084235,-20.9689694353241,"NORMAL",2019-01-02,2026-01-01,NA,NA,0
-44.7804330084235,-20.9688796037957,"NORMAL",2019-01-02,2026-01-01,NA,NA,0
-44.7804330084235,-20.9687897722673,"NORMAL",2019-01-02,2026-01-01,NA,NA,0
-44.7804330084235,-20.9686999407389,"NORMAL",2019-01-02,2026-01-01,NA,NA,0
-44.7804330084235,-20.9686101092105,"RECALIBRANDO",2026-09-04,NA,2026-09-03,0.0973504609057134,1
-44.7804330084235,-20.9685202776821,"RECALIBRANDO",2026-08-18,NA,2026-08-17,0.147447210195373,1
-44.7804330084235,-20.9684304461537,"RECALIBRANDO",2026-08-13,NA,2026-08-12,0.154469694718247,1
-44.7804330084235,-20.9683406146253,"RECALIBRANDO",2026-08-08,NA,2026-08-07,0.146976925936153,1
-44.7804330084235,-20.9682507830968,"RECALIBRANDO",2026-07-15,NA,2026-07-14,0.175385153827188,1
-44.7804330084235,-20.9681609515684,"RECALIBRANDO",2026-07-04,NA,2026-07-03,0.1516033359711,1
-44.7804330084235,-20.96807112004,"RECALIBRANDO",2026-07-20,NA,2026-07-19,0.0626975408357858,1
-44.7804330084235,-20.9679812885116,"RECALIBRANDO",2026-07-25,NA,2026-07-24,0.038590765769966,1
-44.7804330084235,-20.9678914569832,"RECALIBRANDO",2026-07-26,NA,2026-07-25,0.0604117325722996,1
-44.7804330084235,-20.9678016254548,"RECALIBRANDO",2026-06-29,NA,2026-06-28,0.140114621517349,1
-44.7804330084235,-20.9677117939264,"NORMAL",2019-01-02,2026-01-01,NA,NA,0
-44.7804330084235,-20.967621962398,"NORMAL",2019-01-02,2026-01-01,NA,NA,0
-44.7804330084235,-20.9675321308695,"NORMAL",2019-01-02,2026-01-01,NA,NA,0
-44.7804330084235,-20.9674422993411,"NORMAL",2019-01-02,2026-01-01,NA,NA,0
-44.7804330084235,-20.9673524678127,"RECALIBRANDO",2026-08-03,NA,2026-08-02,0.0895038520520849,1
-44.7804330084235,-20.9672626362843,"NORMAL",2019-01-02,2026-01-01,NA,NA,0
-44.7803431768951,-20.9712152235344,"RECALIBRANDO",2026-03-06,NA,2026-03-05,0.109332975415233,1
-44.7803431768951,-20.971125392006,"RECALIBRANDO",2026-03-06,NA,2026-03-05,0.0915725058233715,1
-44.7803431768951,-20.9710355604776,"RECALIBRANDO",2026-03-01,NA,2026-02-28,0.0868355935616028,1
-44.7803431768951,-20.9709457289492,"RECALIBRANDO",2026-03-01,NA,2026-02-28,0.0690411658037943,1
-44.7803431768951,-20.9708558974208,"RECALIBRANDO",2026-03-01,NA,2026-02-28,0.0247761088005493,1
-44.7803431768951,-20.9707660658924,"RECALIBRANDO",2026-03-06,NA,2026-03-05,0.0544791034976186,1
-44.7803431768951,-20.970676234364,"RECALIBRANDO",2026-03-22,NA,2026-03-21,0.0676343675209066,1
-44.7803431768951,-20.9705864028356,"NORMAL",2019-01-02,2026-01-01,NA,NA,0
-44.7803431768951,-20.9704965713071,"NORMAL",2019-01-02,2026-01-01,NA,NA,0
-44.7803431768951,-20.9704067397787,"NORMAL",2019-01-02,2026-01-01,NA,NA,0
-44.7803431768951,-20.9703169082503,"NORMAL",2019-01-02,2026-01-01,NA,NA,0
-44.7803431768951,-20.9702270767219,"NORMAL",2019-01-02,2026-01-01,NA,NA,0
-44.7803431768951,-20.9701372451935,"NORMAL",2019-01-02,2026-01-01,NA,NA,0
-44.7803431768951,-20.9700474136651,"NORMAL",2019-01-02,2026-01-01,NA,NA,0
-44.7803431768951,-20.9699575821367,"NORMAL",2019-01-02,2026-01-01,NA,NA,0
-44.7803431768951,-20.9698677506083,"NORMAL",2019-01-02,2026-01-01,NA,NA,0
-44.7803431768951,-20.9697779190798,"NORMAL",2019-01-02,2026-01-01,NA,NA,0
-44.7803431768951,-20.9696880875514,"NORMAL",2019-01-02,2026-01-01,NA,NA,0
-44.7803431768951,-20.969598256023,"NORMAL",2019-01-02,2026-01-01,NA,NA,0
-44.7803431768951,-20.9695084244946,"NORMAL",2019-01-02,2026-01-01,NA,NA,0
-44.7803431768951,-20.9694185929662,"NORMAL",2019-01-02,2026-01-01,NA,NA,0
-44.7803431768951,-20.9693287614378,"NORMAL",2019-01-02,2026-01-01,NA,NA,0
-44.7803431768951,-20.9692389299094,"NORMAL",2019-01-02,2026-01-01,NA,NA,0
-44.7803431768951,-20.969149098381,"NORMAL",2019-01-02,2026-01-01,NA,NA,0
-44.7803431768951,-20.9690592668525,"NORMAL",2019-01-02,2026-01-01,NA,NA,0
-44.7803431768951,-20.9689694353241,"NORMAL",2019-01-02,2026-01-01,NA,NA,0
-44.7803431768951,-20.9688796037957,"NORMAL",2019-01-02,2026-01-01,NA,NA,0
-44.7803431768951,-20.9687897722673,"NORMAL",2019-01-02,2026-01-01,NA,NA,0
-44.7803431768951,-20.9686999407389,"RECALIBRANDO",2026-09-04,NA,2026-09-03,0.133238727288417,1
-44.7803431768951,-20.9686101092105,"RECALIBRANDO",2026-09-04,NA,2026-09-03,0.0970451175906176,1
-44.7803431768951,-20.9685202776821,"RECALIBRANDO",2026-08-15,NA,2026-08-14,0.150172065490664,1
-44.7803431768951,-20.9684304461537,"RECALIBRANDO",2026-07-30,NA,2026-07-29,0.15658283545591,1
-44.7803431768951,-20.9683406146253,"RECALIBRANDO",2026-08-18,NA,2026-08-17,0.139177898246465,1
-44.7803431768951,-20.9682507830968,"RECALIBRANDO",2026-07-15,NA,2026-07-14,0.154186031820344,1
-44.7803431768951,-20.9681609515684,"RECALIBRANDO",2026-07-09,NA,2026-07-08,0.121130756112381,1
-44.7803431768951,-20.96807112004,"RECALIBRANDO",2026-07-30,NA,2026-07-29,0.0403821086382598,1
-44.7803431768951,-20.9679812885116,"RECALIBRANDO",2026-07-26,NA,2026-07-25,0.049622650000633,1
-44.7803431768951,-20.9678914569832,"RECALIBRANDO",2026-07-15,NA,2026-07-14,0.0974599176786961,1
-44.7803431768951,-20.9678016254548,"NORMAL",2019-01-02,2026-01-01,NA,NA,0
-44.7803431768951,-20.9677117939264,"NORMAL",2019-01-02,2026-01-01,NA,NA,0
-44.7803431768951,-20.967621962398,"NORMAL",2019-01-02,2026-01-01,NA,NA,0
-44.7803431768951,-20.9675321308695,"RECALIBRANDO",2026-06-05,NA,2026-06-04,0.166544445945981,1
-44.7803431768951,-20.9674422993411,"RECALIBRANDO",2026-06-05,NA,2026-06-04,0.166544445945981,1
-44.7803431768951,-20.9673524678127,"NORMAL",2019-01-02,2026-01-01,NA,NA,0
-44.7803431768951,-20.9672626362843,"NORMAL",2019-01-02,2026-01-01,NA,NA,0
-44.7803431768951,-20.9671728047559,"NORMAL",2019-01-02,2026-01-01,NA,NA,0
-44.7802533453666,-20.971125392006,"RECALIBRANDO",2026-03-06,NA,2026-03-05,0.0261795346184582,1
-44.7802533453666,-20.9710355604776,"RECALIBRANDO",2026-03-01,NA,2026-02-28,-0.00170581866044284,1
-44.7802533453666,-20.9709457289492,"RECALIBRANDO",2026-03-01,NA,2026-02-28,-0.0310005702331779,1
-44.7802533453666,-20.9708558974208,"RECALIBRANDO",2026-03-06,NA,2026-03-05,0.0160850257784807,1
-44.7802533453666,-20.9707660658924,"RECALIBRANDO",2026-03-06,NA,2026-03-05,0.0772296936449607,1
-44.7802533453666,-20.970676234364,"RECALIBRANDO",2026-04-26,NA,2026-04-25,0.0437111633425218,1
-44.7802533453666,-20.9705864028356,"NORMAL",2019-01-02,2026-01-01,NA,NA,0
-44.7802533453666,-20.9704965713071,"NORMAL",2019-01-02,2026-01-01,NA,NA,0
-44.7802533453666,-20.9704067397787,"NORMAL",2019-01-02,2026-01-01,NA,NA,0
-44.7802533453666,-20.9703169082503,"NORMAL",2019-01-02,2026-01-01,NA,NA,0
-44.7802533453666,-20.9702270767219,"NORMAL",2019-01-02,2026-01-01,NA,NA,0
-44.7802533453666,-20.9701372451935,"NORMAL",2019-01-02,2026-01-01,NA,NA,0
-44.7802533453666,-20.9700474136651,"NORMAL",2019-01-02,2026-01-01,NA,NA,0
-44.7802533453666,-20.9699575821367,"NORMAL",2019-01-02,2026-01-01,NA,NA,0
-44.7802533453666,-20.9698677506083,"NORMAL",2019-01-02,2026-01-01,NA,NA,0
-44.7802533453666,-20.9697779190798,"NORMAL",2019-01-02,2026-01-01,NA,NA,0
-44.7802533453666,-20.9696880875514,"NORMAL",2019-01-02,2026-01-01,NA,NA,0
-44.7802533453666,-20.969598256023,"NORMAL",2019-01-02,2026-01-01,NA,NA,0
-44.7802533453666,-20.9695084244946,"NORMAL",2019-01-02,2026-01-01,NA,NA,0
-44.7802533453666,-20.9694185929662,"NORMAL",2019-01-02,2026-01-01,NA,NA,0
-44.7802533453666,-20.9693287614378,"NORMAL",2019-01-02,2026-01-01,NA,NA,0
-44.7802533453666,-20.9692389299094,"NORMAL",2019-01-02,2026-01-01,NA,NA,0
-44.7802533453666,-20.969149098381,"NORMAL",2019-01-02,2026-01-01,NA,NA,0
-44.7802533453666,-20.9690592668525,"NORMAL",2019-01-02,2026-01-01,NA,NA,0
-44.7802533453666,-20.9689694353241,"NORMAL",2019-01-02,2026-01-01,NA,NA,0
-44.7802533453666,-20.9688796037957,"NORMAL",2019-01-02,2026-01-01,NA,NA,0
-44.7802533453666,-20.9687897722673,"RECALIBRANDO",2026-09-03,NA,2026-09-02,0.138028208939135,1
-44.7802533453666,-20.9686999407389,"RECALIBRANDO",2026-09-03,NA,2026-09-02,0.139999903522668,1
-44.7802533453666,-20.9686101092105,"RECALIBRANDO",2026-09-04,NA,2026-09-03,0.1213767937672,1
-44.7802533453666,-20.9685202776821,"RECALIBRANDO",2026-08-13,NA,2026-08-12,0.13040007838082,1
-44.7802533453666,-20.9684304461537,"RECALIBRANDO",2026-07-15,NA,2026-07-14,0.155643571235403,1
-44.7802533453666,-20.9683406146253,"RECALIBRANDO",2026-07-20,NA,2026-07-19,0.153949233586095,1
-44.7802533453666,-20.9682507830968,"RECALIBRANDO",2026-07-15,NA,2026-07-14,0.166216399305706,1
-44.7802533453666,-20.9681609515684,"RECALIBRANDO",2026-07-04,NA,2026-07-03,0.107046912478067,1
-44.7802533453666,-20.96807112004,"RECALIBRANDO",2026-07-30,NA,2026-07-29,0.0299853115740326,1
-44.7802533453666,-20.9679812885116,"RECALIBRANDO",2026-07-25,NA,2026-07-24,0.0745367250437111,1
-44.7802533453666,-20.9678914569832,"RECALIBRANDO",2026-05-30,NA,2026-05-29,0.135102486681708,1
-44.7802533453666,-20.9678016254548,"NORMAL",2019-01-02,2026-01-01,NA,NA,0
-44.7802533453666,-20.9677117939264,"NORMAL",2019-01-02,2026-01-01,NA,NA,0
-44.7802533453666,-20.967621962398,"NORMAL",2019-01-02,2026-01-01,NA,NA,0
-44.7802533453666,-20.9675321308695,"NORMAL",2019-01-02,2026-01-01,NA,NA,0
-44.7802533453666,-20.9674422993411,"RECALIBRANDO",2026-07-30,NA,2026-07-29,0.132786003294428,1
-44.7802533453666,-20.9673524678127,"NORMAL",2019-01-02,2026-01-01,NA,NA,0
-44.7802533453666,-20.9672626362843,"NORMAL",2019-01-02,2026-01-01,NA,NA,0
-44.7802533453666,-20.9671728047559,"RECALIBRANDO",2026-07-30,NA,2026-07-29,0.106533162449332,1
-44.7801635138382,-20.9710355604776,"RECALIBRANDO",2026-03-01,NA,2026-02-28,-0.0440938785361199,1
-44.7801635138382,-20.9709457289492,"RECALIBRANDO",2026-03-01,NA,2026-02-28,-0.0166623898071967,1
-44.7801635138382,-20.9708558974208,"RECALIBRANDO",2026-03-06,NA,2026-03-05,0.0447107310291243,1
-44.7801635138382,-20.9707660658924,"RECALIBRANDO",2026-03-22,NA,2026-03-21,0.0482349634540965,1
-44.7801635138382,-20.970676234364,"RECALIBRANDO",2026-01-10,NA,2026-01-09,0.0182966981258981,1
-44.7801635138382,-20.9705864028356,"NORMAL",2019-01-02,2026-01-01,NA,NA,0
-44.7801635138382,-20.9704965713071,"NORMAL",2019-01-02,2026-01-01,NA,NA,0
-44.7801635138382,-20.9704067397787,"NORMAL",2019-01-02,2026-01-01,NA,NA,0
-44.7801635138382,-20.9703169082503,"NORMAL",2019-01-02,2026-01-01,NA,NA,0
-44.7801635138382,-20.9702270767219,"NORMAL",2019-01-02,2026-01-01,NA,NA,0
-44.7801635138382,-20.9701372451935,"NORMAL",2019-01-02,2026-01-01,NA,NA,0
-44.7801635138382,-20.9700474136651,"NORMAL",2019-01-02,2026-01-01,NA,NA,0
-44.7801635138382,-20.9699575821367,"NORMAL",2019-01-02,2026-01-01,NA,NA,0
-44.7801635138382,-20.9698677506083,"NORMAL",2019-01-02,2026-01-01,NA,NA,0
-44.7801635138382,-20.9697779190798,"NORMAL",2019-01-02,2026-01-01,NA,NA,0
-44.7801635138382,-20.9696880875514,"NORMAL",2019-01-02,2026-01-01,NA,NA,0
-44.7801635138382,-20.969598256023,"NORMAL",2019-01-02,2026-01-01,NA,NA,0
-44.7801635138382,-20.9695084244946,"NORMAL",2019-01-02,2026-01-01,NA,NA,0
-44.7801635138382,-20.9694185929662,"NORMAL",2019-01-02,2026-01-01,NA,NA,0
-44.7801635138382,-20.9693287614378,"NORMAL",2019-01-02,2026-01-01,NA,NA,0
-44.7801635138382,-20.9692389299094,"NORMAL",2019-01-02,2026-01-01,NA,NA,0
-44.7801635138382,-20.969149098381,"RECALIBRANDO",2026-01-10,NA,2026-01-09,0.0631253840500222,1
-44.7801635138382,-20.9690592668525,"NORMAL",2019-01-02,2026-01-01,NA,NA,0
-44.7801635138382,-20.9689694353241,"NORMAL",2019-01-02,2026-01-01,NA,NA,0
-44.7801635138382,-20.9688796037957,"RECALIBRANDO",2026-09-03,NA,2026-09-02,0.132527782466316,1
-44.7801635138382,-20.9687897722673,"RECALIBRANDO",2026-09-03,NA,2026-09-02,0.159613825214323,1
-44.7801635138382,-20.9686999407389,"RECALIBRANDO",2026-09-04,NA,2026-09-03,0.13411286643078,1
-44.7801635138382,-20.9686101092105,"RECALIBRANDO",2026-08-29,NA,2026-08-28,0.144344148744568,1
-44.7801635138382,-20.9685202776821,"RECALIBRANDO",2026-07-25,NA,2026-07-24,0.154898207274654,1
-44.7801635138382,-20.9684304461537,"RECALIBRANDO",2026-07-15,NA,2026-07-14,0.15503852922252,1
-44.7801635138382,-20.9683406146253,"RECALIBRANDO",2026-07-15,NA,2026-07-14,0.156361382177044,1
-44.7801635138382,-20.9682507830968,"RECALIBRANDO",2026-07-09,NA,2026-07-08,0.167827485144479,1
-44.7801635138382,-20.9681609515684,"RECALIBRANDO",2026-07-04,NA,2026-07-03,0.0973484074225694,1
-44.7801635138382,-20.96807112004,"RECALIBRANDO",2026-07-26,NA,2026-07-25,0.0263593202347598,1
-44.7801635138382,-20.9679812885116,"RECALIBRANDO",2026-07-20,NA,2026-07-19,0.0903787616466943,1
-44.7801635138382,-20.9678914569832,"NORMAL",2019-01-02,2026-01-01,NA,NA,0
-44.7801635138382,-20.9678016254548,"NORMAL",2019-01-02,2026-01-01,NA,NA,0
-44.7801635138382,-20.9677117939264,"NORMAL",2019-01-02,2026-01-01,NA,NA,0
-44.7801635138382,-20.967621962398,"NORMAL",2019-01-02,2026-01-01,NA,NA,0
-44.7801635138382,-20.9675321308695,"NORMAL",2019-01-02,2026-01-01,NA,NA,0
-44.7801635138382,-20.9674422993411,"RECALIBRANDO",2026-08-03,NA,2026-08-02,0.0984495375826107,1
-44.7801635138382,-20.9673524678127,"NORMAL",2019-01-02,2026-01-01,NA,NA,0
-44.7801635138382,-20.9672626362843,"NORMAL",2019-01-02,2026-01-01,NA,NA,0
-44.7801635138382,-20.9671728047559,"RECALIBRANDO",2026-08-03,NA,2026-08-02,0.0947384683855714,1
-44.7800736823098,-20.9710355604776,"RECALIBRANDO",2026-03-01,NA,2026-02-28,-0.0588943670024519,1
-44.7800736823098,-20.9709457289492,"RECALIBRANDO",2026-03-06,NA,2026-03-05,0.0246326571743438,1
-44.7800736823098,-20.9708558974208,"RECALIBRANDO",2026-03-06,NA,2026-03-05,0.0307661681817287,1
-44.7800736823098,-20.9707660658924,"RECALIBRANDO",2026-04-17,NA,2026-04-16,0.0376480617052697,1
-44.7800736823098,-20.970676234364,"NORMAL",2019-01-02,2026-01-01,NA,NA,0
-44.7800736823098,-20.9705864028356,"NORMAL",2019-01-02,2026-01-01,NA,NA,0
-44.7800736823098,-20.9704965713071,"NORMAL",2019-01-02,2026-01-01,NA,NA,0
-44.7800736823098,-20.9704067397787,"NORMAL",2019-01-02,2026-01-01,NA,NA,0
-44.7800736823098,-20.9703169082503,"NORMAL",2019-01-02,2026-01-01,NA,NA,0
-44.7800736823098,-20.9702270767219,"NORMAL",2019-01-02,2026-01-01,NA,NA,0
-44.7800736823098,-20.9701372451935,"NORMAL",2019-01-02,2026-01-01,NA,NA,0
-44.7800736823098,-20.9700474136651,"NORMAL",2019-01-02,2026-01-01,NA,NA,0
-44.7800736823098,-20.9699575821367,"NORMAL",2019-01-02,2026-01-01,NA,NA,0
-44.7800736823098,-20.9698677506083,"NORMAL",2019-01-02,2026-01-01,NA,NA,0
-44.7800736823098,-20.9697779190798,"NORMAL",2019-01-02,2026-01-01,NA,NA,0
-44.7800736823098,-20.9696880875514,"NORMAL",2019-01-02,2026-01-01,NA,NA,0
-44.7800736823098,-20.969598256023,"NORMAL",2019-01-02,2026-01-01,NA,NA,0
-44.7800736823098,-20.9695084244946,"NORMAL",2019-01-02,2026-01-01,NA,NA,0
-44.7800736823098,-20.9694185929662,"NORMAL",2019-01-02,2026-01-01,NA,NA,0
-44.7800736823098,-20.9693287614378,"NORMAL",2019-01-02,2026-01-01,NA,NA,0
-44.7800736823098,-20.9692389299094,"RECALIBRANDO",2026-01-10,NA,2026-01-09,0.0679433805405811,1
-44.7800736823098,-20.969149098381,"RECALIBRANDO",2026-01-10,NA,2026-01-09,0.0536203695437725,1
-44.7800736823098,-20.9690592668525,"RECALIBRANDO",2026-01-10,NA,2026-01-09,0.0534150836954129,1
-44.7800736823098,-20.9689694353241,"RECALIBRANDO",2026-01-10,NA,2026-01-09,0.0675653711346094,1
-44.7800736823098,-20.9688796037957,"RECALIBRANDO",2026-08-15,NA,2026-08-14,0.142046829735199,1
-44.7800736823098,-20.9687897722673,"RECALIBRANDO",2026-08-29,NA,2026-08-28,0.158765015753549,1
-44.7800736823098,-20.9686999407389,"RECALIBRANDO",2026-09-04,NA,2026-09-03,0.146634115693626,1
-44.7800736823098,-20.9686101092105,"RECALIBRANDO",2026-08-29,NA,2026-08-28,0.153471310426557,1
-44.7800736823098,-20.9685202776821,"RECALIBRANDO",2026-07-30,NA,2026-07-29,0.158230127311529,1
-44.7800736823098,-20.9684304461537,"RECALIBRANDO",2026-07-20,NA,2026-07-19,0.162330076331371,1
-44.7800736823098,-20.9683406146253,"RECALIBRANDO",2026-07-15,NA,2026-07-14,0.158634800129553,1
-44.7800736823098,-20.9682507830968,"RECALIBRANDO",2026-07-09,NA,2026-07-08,0.131862265182919,1
-44.7800736823098,-20.9681609515684,"NORMAL",2019-01-02,2026-01-01,NA,NA,0
-44.7800736823098,-20.96807112004,"RECALIBRANDO",2026-07-25,NA,2026-07-24,0.0546791372082396,1
-44.7800736823098,-20.9679812885116,"RECALIBRANDO",2026-07-15,NA,2026-07-14,0.0886380061586713,1
-44.7800736823098,-20.9678914569832,"NORMAL",2019-01-02,2026-01-01,NA,NA,0
-44.7800736823098,-20.9678016254548,"NORMAL",2019-01-02,2026-01-01,NA,NA,0
-44.7800736823098,-20.9677117939264,"NORMAL",2019-01-02,2026-01-01,NA,NA,0
-44.7800736823098,-20.967621962398,"RECALIBRANDO",2026-07-25,NA,2026-07-24,0.136642692076397,1
-44.7800736823098,-20.9675321308695,"RECALIBRANDO",2026-07-25,NA,2026-07-24,0.136642692076397,1
-44.7800736823098,-20.9674422993411,"NORMAL",2019-01-02,2026-01-01,NA,NA,0
-44.7800736823098,-20.9673524678127,"NORMAL",2019-01-02,2026-01-01,NA,NA,0
-44.7800736823098,-20.9672626362843,"NORMAL",2019-01-02,2026-01-01,NA,NA,0
-44.7800736823098,-20.9671728047559,"RECALIBRANDO",2026-08-03,NA,2026-08-02,0.109453077254219,1
-44.7799838507814,-20.9709457289492,"RECALIBRANDO",2026-03-06,NA,2026-03-05,0.0179033173686617,1
-44.7799838507814,-20.9708558974208,"RECALIBRANDO",2026-03-22,NA,2026-03-21,0.0253375990293289,1
-44.7799838507814,-20.9707660658924,"RECALIBRANDO",2026-01-10,NA,2026-01-09,0.0253473266811426,1
-44.7799838507814,-20.970676234364,"NORMAL",2019-01-02,2026-01-01,NA,NA,0
-44.7799838507814,-20.9705864028356,"NORMAL",2019-01-02,2026-01-01,NA,NA,0
-44.7799838507814,-20.9704965713071,"NORMAL",2019-01-02,2026-01-01,NA,NA,0
-44.7799838507814,-20.9704067397787,"NORMAL",2019-01-02,2026-01-01,NA,NA,0
-44.7799838507814,-20.9703169082503,"NORMAL",2019-01-02,2026-01-01,NA,NA,0
-44.7799838507814,-20.9702270767219,"NORMAL",2019-01-02,2026-01-01,NA,NA,0
-44.7799838507814,-20.9701372451935,"NORMAL",2019-01-02,2026-01-01,NA,NA,0
-44.7799838507814,-20.9700474136651,"NORMAL",2019-01-02,2026-01-01,NA,NA,0
-44.7799838507814,-20.9699575821367,"NORMAL",2019-01-02,2026-01-01,NA,NA,0
-44.7799838507814,-20.9698677506083,"NORMAL",2019-01-02,2026-01-01,NA,NA,0
-44.7799838507814,-20.9697779190798,"NORMAL",2019-01-02,2026-01-01,NA,NA,0
-44.7799838507814,-20.9696880875514,"NORMAL",2019-01-02,2026-01-01,NA,NA,0
-44.7799838507814,-20.969598256023,"NORMAL",2019-01-02,2026-01-01,NA,NA,0
-44.7799838507814,-20.9695084244946,"NORMAL",2019-01-02,2026-01-01,NA,NA,0
-44.7799838507814,-20.9694185929662,"NORMAL",2019-01-02,2026-01-01,NA,NA,0
-44.7799838507814,-20.9693287614378,"NORMAL",2019-01-02,2026-01-01,NA,NA,0
-44.7799838507814,-20.9692389299094,"RECALIBRANDO",2026-01-10,NA,2026-01-09,0.0615746103049424,1
-44.7799838507814,-20.969149098381,"RECALIBRANDO",2026-01-10,NA,2026-01-09,0.0568589282999058,1
-44.7799838507814,-20.9690592668525,"RECALIBRANDO",2026-01-10,NA,2026-01-09,0.0636724744762414,1
-44.7799838507814,-20.9689694353241,"RECALIBRANDO",2026-01-10,NA,2026-01-09,0.0763314069737063,1
-44.7799838507814,-20.9688796037957,"RECALIBRANDO",2026-08-23,NA,2026-08-22,0.164932977800649,1
-44.7799838507814,-20.9687897722673,"RECALIBRANDO",2026-08-29,NA,2026-08-28,0.156768590206489,1
-44.7799838507814,-20.9686999407389,"NORMAL",2019-01-02,2026-01-01,NA,NA,0
-44.7799838507814,-20.9686101092105,"RECALIBRANDO",2026-09-03,NA,2026-09-02,0.14508851721287,1
-44.7799838507814,-20.9685202776821,"RECALIBRANDO",2026-08-03,NA,2026-08-02,0.172399200450918,1
-44.7799838507814,-20.9684304461537,"RECALIBRANDO",2026-07-20,NA,2026-07-19,0.180463950420469,1
-44.7799838507814,-20.9683406146253,"RECALIBRANDO",2026-07-15,NA,2026-07-14,0.168280449757432,1
-44.7799838507814,-20.9682507830968,"RECALIBRANDO",2026-07-09,NA,2026-07-08,0.105022222794933,1
-44.7799838507814,-20.9681609515684,"RECALIBRANDO",2026-07-25,NA,2026-07-24,0.0530498110543629,1
-44.7799838507814,-20.96807112004,"RECALIBRANDO",2026-07-20,NA,2026-07-19,0.0653330351592574,1
-44.7799838507814,-20.9679812885116,"NORMAL",2019-01-02,2026-01-01,NA,NA,0
-44.7799838507814,-20.9678914569832,"NORMAL",2019-01-02,2026-01-01,NA,NA,0
-44.7799838507814,-20.9678016254548,"NORMAL",2019-01-02,2026-01-01,NA,NA,0
-44.7799838507814,-20.9677117939264,"NORMAL",2019-01-02,2026-01-01,NA,NA,0
-44.7799838507814,-20.967621962398,"NORMAL",2019-01-02,2026-01-01,NA,NA,0
-44.7799838507814,-20.9675321308695,"NORMAL",2019-01-02,2026-01-01,NA,NA,0
-44.7799838507814,-20.9674422993411,"NORMAL",2019-01-02,2026-01-01,NA,NA,0
-44.7799838507814,-20.9673524678127,"NORMAL",2019-01-02,2026-01-01,NA,NA,0
-44.7799838507814,-20.9672626362843,"NORMAL",2019-01-02,2026-01-01,NA,NA,0
-44.7799838507814,-20.9671728047559,"RECALIBRANDO",2026-08-08,NA,2026-08-07,0.119790660556179,1
-44.779894019253,-20.9709457289492,"RECALIBRANDO",2026-03-06,NA,2026-03-05,0.0179033173686617,1
-44.779894019253,-20.9708558974208,"RECALIBRANDO",2026-03-22,NA,2026-03-21,0.0253375990293289,1
-44.779894019253,-20.9707660658924,"RECALIBRANDO",2026-01-10,NA,2026-01-09,0.0253473266811426,1
-44.779894019253,-20.970676234364,"NORMAL",2019-01-02,2026-01-01,NA,NA,0
-44.779894019253,-20.9705864028356,"NORMAL",2019-01-02,2026-01-01,NA,NA,0
-44.779894019253,-20.9704965713071,"NORMAL",2019-01-02,2026-01-01,NA,NA,0
-44.779894019253,-20.9704067397787,"NORMAL",2019-01-02,2026-01-01,NA,NA,0
-44.779894019253,-20.9703169082503,"NORMAL",2019-01-02,2026-01-01,NA,NA,0
-44.779894019253,-20.9702270767219,"NORMAL",2019-01-02,2026-01-01,NA,NA,0
-44.779894019253,-20.9701372451935,"NORMAL",2019-01-02,2026-01-01,NA,NA,0
-44.779894019253,-20.9700474136651,"NORMAL",2019-01-02,2026-01-01,NA,NA,0
-44.779894019253,-20.9699575821367,"NORMAL",2019-01-02,2026-01-01,NA,NA,0
-44.779894019253,-20.9698677506083,"NORMAL",2019-01-02,2026-01-01,NA,NA,0
-44.779894019253,-20.9697779190798,"NORMAL",2019-01-02,2026-01-01,NA,NA,0
-44.779894019253,-20.9696880875514,"NORMAL",2019-01-02,2026-01-01,NA,NA,0
-44.779894019253,-20.969598256023,"NORMAL",2019-01-02,2026-01-01,NA,NA,0
-44.779894019253,-20.9695084244946,"NORMAL",2019-01-02,2026-01-01,NA,NA,0
-44.779894019253,-20.9694185929662,"NORMAL",2019-01-02,2026-01-01,NA,NA,0
-44.779894019253,-20.9693287614378,"NORMAL",2019-01-02,2026-01-01,NA,NA,0
-44.779894019253,-20.9692389299094,"RECALIBRANDO",2026-01-10,NA,2026-01-09,0.0859275819799004,1
-44.779894019253,-20.969149098381,"RECALIBRANDO",2026-01-10,NA,2026-01-09,0.074845529797401,1
-44.779894019253,-20.9690592668525,"RECALIBRANDO",2026-01-10,NA,2026-01-09,0.0638346739086308,1
-44.779894019253,-20.9689694353241,"RECALIBRANDO",2026-01-10,NA,2026-01-09,0.0852306402139341,1
-44.779894019253,-20.9688796037957,"RECALIBRANDO",2026-09-03,NA,2026-09-02,0.157335305158605,1
-44.779894019253,-20.9687897722673,"RECALIBRANDO",2026-08-29,NA,2026-08-28,0.159104125511586,1
-44.779894019253,-20.9686999407389,"RECALIBRANDO",2026-09-03,NA,2026-09-02,0.146778626794017,1
-44.779894019253,-20.9686101092105,"NORMAL",2019-01-02,2026-01-01,NA,NA,0
-44.779894019253,-20.9685202776821,"RECALIBRANDO",2026-08-13,NA,2026-08-12,0.164074890765876,1
-44.779894019253,-20.9684304461537,"RECALIBRANDO",2026-07-20,NA,2026-07-19,0.18096231787471,1
-44.779894019253,-20.9683406146253,"RECALIBRANDO",2026-07-09,NA,2026-07-08,0.167222499146764,1
-44.779894019253,-20.9682507830968,"NORMAL",2019-01-02,2026-01-01,NA,NA,0
-44.779894019253,-20.9681609515684,"RECALIBRANDO",2026-07-30,NA,2026-07-29,0.0363600715052154,1
-44.779894019253,-20.96807112004,"RECALIBRANDO",2026-07-15,NA,2026-07-14,0.0907143343733016,1
-44.779894019253,-20.9679812885116,"NORMAL",2019-01-02,2026-01-01,NA,NA,0
-44.779894019253,-20.9678914569832,"NORMAL",2019-01-02,2026-01-01,NA,NA,0
-44.779894019253,-20.9678016254548,"NORMAL",2019-01-02,2026-01-01,NA,NA,0
-44.779894019253,-20.9677117939264,"RECALIBRANDO",2026-07-09,NA,2026-07-08,0.142794567952391,1
-44.779894019253,-20.967621962398,"RECALIBRANDO",2026-07-09,NA,2026-07-08,0.142794567952391,1
-44.779894019253,-20.9675321308695,"NORMAL",2019-01-02,2026-01-01,NA,NA,0
-44.779894019253,-20.9674422993411,"NORMAL",2019-01-02,2026-01-01,NA,NA,0
-44.779894019253,-20.9673524678127,"NORMAL",2019-01-02,2026-01-01,NA,NA,0
-44.779894019253,-20.9672626362843,"RECALIBRANDO",2026-08-13,NA,2026-08-12,0.0944706044328089,1
-44.779894019253,-20.9671728047559,"RECALIBRANDO",2026-08-03,NA,2026-08-02,0.125116786374139,1
-44.7798041877246,-20.9708558974208,"RECALIBRANDO",2026-01-10,NA,2026-01-09,0.014326905625105,1
-44.7798041877246,-20.9707660658924,"NORMAL",2019-01-02,2026-01-01,NA,NA,0
-44.7798041877246,-20.970676234364,"NORMAL",2019-01-02,2026-01-01,NA,NA,0
-44.7798041877246,-20.9705864028356,"NORMAL",2019-01-02,2026-01-01,NA,NA,0
-44.7798041877246,-20.9704965713071,"NORMAL",2019-01-02,2026-01-01,NA,NA,0
-44.7798041877246,-20.9704067397787,"NORMAL",2019-01-02,2026-01-01,NA,NA,0
-44.7798041877246,-20.9703169082503,"NORMAL",2019-01-02,2026-01-01,NA,NA,0
-44.7798041877246,-20.9702270767219,"NORMAL",2019-01-02,2026-01-01,NA,NA,0
-44.7798041877246,-20.9701372451935,"NORMAL",2019-01-02,2026-01-01,NA,NA,0
-44.7798041877246,-20.9700474136651,"NORMAL",2019-01-02,2026-01-01,NA,NA,0
-44.7798041877246,-20.9699575821367,"NORMAL",2019-01-02,2026-01-01,NA,NA,0
-44.7798041877246,-20.9698677506083,"NORMAL",2019-01-02,2026-01-01,NA,NA,0
-44.7798041877246,-20.9697779190798,"NORMAL",2019-01-02,2026-01-01,NA,NA,0
-44.7798041877246,-20.9696880875514,"NORMAL",2019-01-02,2026-01-01,NA,NA,0
-44.7798041877246,-20.969598256023,"NORMAL",2019-01-02,2026-01-01,NA,NA,0
-44.7798041877246,-20.9695084244946,"NORMAL",2019-01-02,2026-01-01,NA,NA,0
-44.7798041877246,-20.9694185929662,"NORMAL",2019-01-02,2026-01-01,NA,NA,0
-44.7798041877246,-20.9693287614378,"NORMAL",2019-01-02,2026-01-01,NA,NA,0
-44.7798041877246,-20.9692389299094,"RECALIBRANDO",2026-01-10,NA,2026-01-09,0.0859275819799004,1
-44.7798041877246,-20.969149098381,"RECALIBRANDO",2026-01-10,NA,2026-01-09,0.074845529797401,1
-44.7798041877246,-20.9690592668525,"RECALIBRANDO",2026-01-10,NA,2026-01-09,0.0638346739086308,1
-44.7798041877246,-20.9689694353241,"RECALIBRANDO",2026-01-10,NA,2026-01-09,0.0852306402139341,1
-44.7798041877246,-20.9688796037957,"RECALIBRANDO",2026-09-03,NA,2026-09-02,0.157335305158605,1
-44.7798041877246,-20.9687897722673,"RECALIBRANDO",2026-08-29,NA,2026-08-28,0.159104125511586,1
-44.7798041877246,-20.9686999407389,"RECALIBRANDO",2026-09-03,NA,2026-09-02,0.146778626794017,1
-44.7798041877246,-20.9686101092105,"NORMAL",2019-01-02,2026-01-01,NA,NA,0
-44.7798041877246,-20.9685202776821,"RECALIBRANDO",2026-08-13,NA,2026-08-12,0.164074890765876,1
-44.7798041877246,-20.9684304461537,"RECALIBRANDO",2026-07-20,NA,2026-07-19,0.18096231787471,1
-44.7798041877246,-20.9683406146253,"RECALIBRANDO",2026-07-09,NA,2026-07-08,0.167222499146764,1
-44.7798041877246,-20.9682507830968,"NORMAL",2019-01-02,2026-01-01,NA,NA,0
-44.7798041877246,-20.9681609515684,"RECALIBRANDO",2026-07-30,NA,2026-07-29,0.0363600715052154,1
-44.7798041877246,-20.96807112004,"RECALIBRANDO",2026-07-15,NA,2026-07-14,0.0907143343733016,1
-44.7798041877246,-20.9679812885116,"NORMAL",2019-01-02,2026-01-01,NA,NA,0
-44.7798041877246,-20.9678914569832,"NORMAL",2019-01-02,2026-01-01,NA,NA,0
-44.7798041877246,-20.9678016254548,"NORMAL",2019-01-02,2026-01-01,NA,NA,0
-44.7798041877246,-20.9677117939264,"RECALIBRANDO",2026-07-09,NA,2026-07-08,0.142794567952391,1
-44.7798041877246,-20.967621962398,"RECALIBRANDO",2026-07-09,NA,2026-07-08,0.142794567952391,1
-44.7798041877246,-20.9675321308695,"NORMAL",2019-01-02,2026-01-01,NA,NA,0
-44.7798041877246,-20.9674422993411,"NORMAL",2019-01-02,2026-01-01,NA,NA,0
-44.7798041877246,-20.9673524678127,"NORMAL",2019-01-02,2026-01-01,NA,NA,0
-44.7798041877246,-20.9672626362843,"RECALIBRANDO",2026-08-13,NA,2026-08-12,0.0944706044328089,1
-44.7798041877246,-20.9671728047559,"RECALIBRANDO",2026-08-03,NA,2026-08-02,0.125116786374139,1
-44.7797143561962,-20.9708558974208,"RECALIBRANDO",2026-01-10,NA,2026-01-09,0.00909607962269421,1
-44.7797143561962,-20.9707660658924,"NORMAL",2019-01-02,2026-01-01,NA,NA,0
-44.7797143561962,-20.970676234364,"NORMAL",2019-01-02,2026-01-01,NA,NA,0
-44.7797143561962,-20.9705864028356,"NORMAL",2019-01-02,2026-01-01,NA,NA,0
-44.7797143561962,-20.9704965713071,"NORMAL",2019-01-02,2026-01-01,NA,NA,0
-44.7797143561962,-20.9704067397787,"NORMAL",2019-01-02,2026-01-01,NA,NA,0
-44.7797143561962,-20.9703169082503,"NORMAL",2019-01-02,2026-01-01,NA,NA,0
-44.7797143561962,-20.9702270767219,"NORMAL",2019-01-02,2026-01-01,NA,NA,0
-44.7797143561962,-20.9701372451935,"NORMAL",2019-01-02,2026-01-01,NA,NA,0
-44.7797143561962,-20.9700474136651,"NORMAL",2019-01-02,2026-01-01,NA,NA,0
-44.7797143561962,-20.9699575821367,"NORMAL",2019-01-02,2026-01-01,NA,NA,0
-44.7797143561962,-20.9698677506083,"NORMAL",2019-01-02,2026-01-01,NA,NA,0
-44.7797143561962,-20.9697779190798,"NORMAL",2019-01-02,2026-01-01,NA,NA,0
-44.7797143561962,-20.9696880875514,"NORMAL",2019-01-02,2026-01-01,NA,NA,0
-44.7797143561962,-20.969598256023,"NORMAL",2019-01-02,2026-01-01,NA,NA,0
-44.7797143561962,-20.9695084244946,"NORMAL",2019-01-02,2026-01-01,NA,NA,0
-44.7797143561962,-20.9694185929662,"NORMAL",2019-01-02,2026-01-01,NA,NA,0
-44.7797143561962,-20.9693287614378,"NORMAL",2019-01-02,2026-01-01,NA,NA,0
-44.7797143561962,-20.9692389299094,"RECALIBRANDO",2026-01-10,NA,2026-01-09,0.0773110675735043,1
-44.7797143561962,-20.969149098381,"RECALIBRANDO",2026-01-10,NA,2026-01-09,0.0903231721611887,1
-44.7797143561962,-20.9690592668525,"RECALIBRANDO",2026-01-10,NA,2026-01-09,0.08703567939085,1
-44.7797143561962,-20.9689694353241,"NORMAL",2019-01-02,2026-01-01,NA,NA,0
-44.7797143561962,-20.9688796037957,"NORMAL",2019-01-02,2026-01-01,NA,NA,0
-44.7797143561962,-20.9687897722673,"NORMAL",2019-01-02,2026-01-01,NA,NA,0
-44.7797143561962,-20.9686999407389,"RECALIBRANDO",2026-08-18,NA,2026-08-17,0.172092809453471,1
-44.7797143561962,-20.9686101092105,"RECALIBRANDO",2026-09-03,NA,2026-09-02,0.131531448487834,1
-44.7797143561962,-20.9685202776821,"RECALIBRANDO",2026-08-18,NA,2026-08-17,0.159511607142823,1
-44.7797143561962,-20.9684304461537,"RECALIBRANDO",2026-08-03,NA,2026-08-02,0.168830546583213,1
-44.7797143561962,-20.9683406146253,"RECALIBRANDO",2026-07-04,NA,2026-07-03,0.142249725724288,1
-44.7797143561962,-20.9682507830968,"RECALIBRANDO",2026-07-25,NA,2026-07-24,0.0576661949333677,1
-44.7797143561962,-20.9681609515684,"RECALIBRANDO",2026-07-25,NA,2026-07-24,0.0511111204296413,1
-44.7797143561962,-20.96807112004,"RECALIBRANDO",2026-06-05,NA,2026-06-04,0.130085222909665,1
-44.7797143561962,-20.9679812885116,"NORMAL",2019-01-02,2026-01-01,NA,NA,0
-44.7797143561962,-20.9678914569832,"NORMAL",2019-01-02,2026-01-01,NA,NA,0
-44.7797143561962,-20.9678016254548,"NORMAL",2019-01-02,2026-01-01,NA,NA,0
-44.7797143561962,-20.9677117939264,"RECALIBRANDO",2026-08-08,NA,2026-08-07,0.113415322646597,1
-44.7797143561962,-20.967621962398,"RECALIBRANDO",2026-08-08,NA,2026-08-07,0.113415322646597,1
-44.7797143561962,-20.9675321308695,"NORMAL",2019-01-02,2026-01-01,NA,NA,0
-44.7797143561962,-20.9674422993411,"NORMAL",2019-01-02,2026-01-01,NA,NA,0
-44.7797143561962,-20.9673524678127,"NORMAL",2019-01-02,2026-01-01,NA,NA,0
-44.7797143561962,-20.9672626362843,"RECALIBRANDO",2026-08-13,NA,2026-08-12,0.104346710665789,1
-44.7797143561962,-20.9671728047559,"RECALIBRANDO",2026-08-08,NA,2026-08-07,0.129292466995969,1
-44.7797143561962,-20.9670829732275,"RECALIBRANDO",2026-08-15,NA,2026-08-14,0.106445990473126,1
-44.7796245246678,-20.9707660658924,"NORMAL",2019-01-02,2026-01-01,NA,NA,0
-44.7796245246678,-20.970676234364,"NORMAL",2019-01-02,2026-01-01,NA,NA,0
-44.7796245246678,-20.9705864028356,"NORMAL",2019-01-02,2026-01-01,NA,NA,0
-44.7796245246678,-20.9704965713071,"NORMAL",2019-01-02,2026-01-01,NA,NA,0
-44.7796245246678,-20.9704067397787,"NORMAL",2019-01-02,2026-01-01,NA,NA,0
-44.7796245246678,-20.9703169082503,"NORMAL",2019-01-02,2026-01-01,NA,NA,0
-44.7796245246678,-20.9702270767219,"NORMAL",2019-01-02,2026-01-01,NA,NA,0
-44.7796245246678,-20.9701372451935,"NORMAL",2019-01-02,2026-01-01,NA,NA,0
-44.7796245246678,-20.9700474136651,"NORMAL",2019-01-02,2026-01-01,NA,NA,0
-44.7796245246678,-20.9699575821367,"NORMAL",2019-01-02,2026-01-01,NA,NA,0
-44.7796245246678,-20.9698677506083,"NORMAL",2019-01-02,2026-01-01,NA,NA,0
-44.7796245246678,-20.9697779190798,"NORMAL",2019-01-02,2026-01-01,NA,NA,0
-44.7796245246678,-20.9696880875514,"NORMAL",2019-01-02,2026-01-01,NA,NA,0
-44.7796245246678,-20.969598256023,"NORMAL",2019-01-02,2026-01-01,NA,NA,0
-44.7796245246678,-20.9695084244946,"NORMAL",2019-01-02,2026-01-01,NA,NA,0
-44.7796245246678,-20.9694185929662,"NORMAL",2019-01-02,2026-01-01,NA,NA,0
-44.7796245246678,-20.9693287614378,"NORMAL",2019-01-02,2026-01-01,NA,NA,0
-44.7796245246678,-20.9692389299094,"NORMAL",2019-01-02,2026-01-01,NA,NA,0
-44.7796245246678,-20.969149098381,"NORMAL",2019-01-02,2026-01-01,NA,NA,0
-44.7796245246678,-20.9690592668525,"RECALIBRANDO",2026-01-10,NA,2026-01-09,0.0844850628087431,1
-44.7796245246678,-20.9689694353241,"NORMAL",2019-01-02,2026-01-01,NA,NA,0
-44.7796245246678,-20.9688796037957,"NORMAL",2019-01-02,2026-01-01,NA,NA,0
-44.7796245246678,-20.9687897722673,"NORMAL",2019-01-02,2026-01-01,NA,NA,0
-44.7796245246678,-20.9686999407389,"RECALIBRANDO",2026-09-03,NA,2026-09-02,0.142132445600449,1
-44.7796245246678,-20.9686101092105,"RECALIBRANDO",2026-09-04,NA,2026-09-03,0.135455987695649,1
-44.7796245246678,-20.9685202776821,"RECALIBRANDO",2026-09-03,NA,2026-09-02,0.138039004464215,1
-44.7796245246678,-20.9684304461537,"RECALIBRANDO",2026-08-13,NA,2026-08-12,0.137809281684971,1
-44.7796245246678,-20.9683406146253,"RECALIBRANDO",2026-07-09,NA,2026-07-08,0.101273020900999,1
-44.7796245246678,-20.9682507830968,"RECALIBRANDO",2026-07-30,NA,2026-07-29,0.0397492893990502,1
-44.7796245246678,-20.9681609515684,"RECALIBRANDO",2026-07-20,NA,2026-07-19,0.0603923519280909,1
-44.7796245246678,-20.96807112004,"NORMAL",2019-01-02,2026-01-01,NA,NA,0
-44.7796245246678,-20.9679812885116,"NORMAL",2019-01-02,2026-01-01,NA,NA,0
-44.7796245246678,-20.9678914569832,"NORMAL",2019-01-02,2026-01-01,NA,NA,0
-44.7796245246678,-20.9678016254548,"RECALIBRANDO",2026-06-05,NA,2026-06-04,0.156550343538539,1
-44.7796245246678,-20.9677117939264,"NORMAL",2019-01-02,2026-01-01,NA,NA,0
-44.7796245246678,-20.967621962398,"NORMAL",2019-01-02,2026-01-01,NA,NA,0
-44.7796245246678,-20.9675321308695,"NORMAL",2019-01-02,2026-01-01,NA,NA,0
-44.7796245246678,-20.9674422993411,"NORMAL",2019-01-02,2026-01-01,NA,NA,0
-44.7796245246678,-20.9673524678127,"NORMAL",2019-01-02,2026-01-01,NA,NA,0
-44.7796245246678,-20.9672626362843,"RECALIBRANDO",2026-08-13,NA,2026-08-12,0.10844599109334,1
-44.7796245246678,-20.9671728047559,"RECALIBRANDO",2026-08-13,NA,2026-08-12,0.122907271394255,1
-44.7796245246678,-20.9670829732275,"RECALIBRANDO",2026-08-13,NA,2026-08-12,0.106005171777325,1
-44.7795346931393,-20.9707660658924,"NORMAL",2019-01-02,2026-01-01,NA,NA,0
-44.7795346931393,-20.970676234364,"NORMAL",2019-01-02,2026-01-01,NA,NA,0
-44.7795346931393,-20.9705864028356,"NORMAL",2019-01-02,2026-01-01,NA,NA,0
-44.7795346931393,-20.9704965713071,"NORMAL",2019-01-02,2026-01-01,NA,NA,0
-44.7795346931393,-20.9704067397787,"NORMAL",2019-01-02,2026-01-01,NA,NA,0
-44.7795346931393,-20.9703169082503,"NORMAL",2019-01-02,2026-01-01,NA,NA,0
-44.7795346931393,-20.9702270767219,"NORMAL",2019-01-02,2026-01-01,NA,NA,0
-44.7795346931393,-20.9701372451935,"NORMAL",2019-01-02,2026-01-01,NA,NA,0
-44.7795346931393,-20.9700474136651,"NORMAL",2019-01-02,2026-01-01,NA,NA,0
-44.7795346931393,-20.9699575821367,"NORMAL",2019-01-02,2026-01-01,NA,NA,0
-44.7795346931393,-20.9698677506083,"NORMAL",2019-01-02,2026-01-01,NA,NA,0
-44.7795346931393,-20.9697779190798,"RECALIBRANDO",2026-03-01,NA,2026-02-28,0.0420321143974413,1
-44.7795346931393,-20.9696880875514,"NORMAL",2019-01-02,2026-01-01,NA,NA,0
-44.7795346931393,-20.969598256023,"NORMAL",2019-01-02,2026-01-01,NA,NA,0
-44.7795346931393,-20.9695084244946,"NORMAL",2019-01-02,2026-01-01,NA,NA,0
-44.7795346931393,-20.9694185929662,"NORMAL",2019-01-02,2026-01-01,NA,NA,0
-44.7795346931393,-20.9693287614378,"NORMAL",2019-01-02,2026-01-01,NA,NA,0
-44.7795346931393,-20.9692389299094,"RECALIBRANDO",2026-01-10,NA,2026-01-09,0.0837621254971123,1
-44.7795346931393,-20.969149098381,"RECALIBRANDO",2026-01-10,NA,2026-01-09,0.0652831035135982,1
-44.7795346931393,-20.9690592668525,"RECALIBRANDO",2026-01-10,NA,2026-01-09,0.0825053423223671,1
-44.7795346931393,-20.9689694353241,"NORMAL",2019-01-02,2026-01-01,NA,NA,0
-44.7795346931393,-20.9688796037957,"NORMAL",2019-01-02,2026-01-01,NA,NA,0
-44.7795346931393,-20.9687897722673,"NORMAL",2019-01-02,2026-01-01,NA,NA,0
-44.7795346931393,-20.9686999407389,"NORMAL",2019-01-02,2026-01-01,NA,NA,0
-44.7795346931393,-20.9686101092105,"NORMAL",2019-01-02,2026-01-01,NA,NA,0
-44.7795346931393,-20.9685202776821,"RECALIBRANDO",2026-09-03,NA,2026-09-02,0.133095508789278,1
-44.7795346931393,-20.9684304461537,"RECALIBRANDO",2026-08-18,NA,2026-08-17,0.12488189825134,1
-44.7795346931393,-20.9683406146253,"NORMAL",2019-01-02,2026-01-01,NA,NA,0
-44.7795346931393,-20.9682507830968,"RECALIBRANDO",2026-08-03,NA,2026-08-02,0.0196781125766677,1
-44.7795346931393,-20.9681609515684,"RECALIBRANDO",2026-07-09,NA,2026-07-08,0.0792214126261587,1
-44.7795346931393,-20.96807112004,"NORMAL",2019-01-02,2026-01-01,NA,NA,0
-44.7795346931393,-20.9679812885116,"NORMAL",2019-01-02,2026-01-01,NA,NA,0
-44.7795346931393,-20.9678914569832,"NORMAL",2019-01-02,2026-01-01,NA,NA,0
-44.7795346931393,-20.9678016254548,"RECALIBRANDO",2026-08-08,NA,2026-08-07,0.118655271418481,1
-44.7795346931393,-20.9677117939264,"NORMAL",2019-01-02,2026-01-01,NA,NA,0
-44.7795346931393,-20.967621962398,"NORMAL",2019-01-02,2026-01-01,NA,NA,0
-44.7795346931393,-20.9675321308695,"NORMAL",2019-01-02,2026-01-01,NA,NA,0
-44.7795346931393,-20.9674422993411,"NORMAL",2019-01-02,2026-01-01,NA,NA,0
-44.7795346931393,-20.9673524678127,"RECALIBRANDO",2026-08-13,NA,2026-08-12,0.0888181954173585,1
-44.7795346931393,-20.9672626362843,"RECALIBRANDO",2026-08-13,NA,2026-08-12,0.101681961009201,1
-44.7795346931393,-20.9671728047559,"RECALIBRANDO",2026-08-13,NA,2026-08-12,0.106427006122706,1
-44.7795346931393,-20.9670829732275,"RECALIBRANDO",2026-08-15,NA,2026-08-14,0.110083677972263,1
-44.7794448616109,-20.970676234364,"NORMAL",2019-01-02,2026-01-01,NA,NA,0
-44.7794448616109,-20.9705864028356,"NORMAL",2019-01-02,2026-01-01,NA,NA,0
-44.7794448616109,-20.9704965713071,"NORMAL",2019-01-02,2026-01-01,NA,NA,0
-44.7794448616109,-20.9704067397787,"NORMAL",2019-01-02,2026-01-01,NA,NA,0
-44.7794448616109,-20.9703169082503,"NORMAL",2019-01-02,2026-01-01,NA,NA,0
-44.7794448616109,-20.9702270767219,"NORMAL",2019-01-02,2026-01-01,NA,NA,0
-44.7794448616109,-20.9701372451935,"NORMAL",2019-01-02,2026-01-01,NA,NA,0
-44.7794448616109,-20.9700474136651,"NORMAL",2019-01-02,2026-01-01,NA,NA,0
-44.7794448616109,-20.9699575821367,"NORMAL",2019-01-02,2026-01-01,NA,NA,0
-44.7794448616109,-20.9698677506083,"NORMAL",2019-01-02,2026-01-01,NA,NA,0
-44.7794448616109,-20.9697779190798,"RECALIBRANDO",2026-03-06,NA,2026-03-05,0.0442308637522842,1
-44.7794448616109,-20.9696880875514,"NORMAL",2019-01-02,2026-01-01,NA,NA,0
-44.7794448616109,-20.969598256023,"NORMAL",2019-01-02,2026-01-01,NA,NA,0
-44.7794448616109,-20.9695084244946,"RECALIBRANDO",2026-01-10,NA,2026-01-09,0.0706395709739897,1
-44.7794448616109,-20.9694185929662,"RECALIBRANDO",2026-01-10,NA,2026-01-09,0.074600903783658,1
-44.7794448616109,-20.9693287614378,"RECALIBRANDO",2026-01-10,NA,2026-01-09,0.0654503555351105,1
-44.7794448616109,-20.9692389299094,"RECALIBRANDO",2026-01-10,NA,2026-01-09,0.0692342323699109,1
-44.7794448616109,-20.969149098381,"RECALIBRANDO",2026-01-10,NA,2026-01-09,0.0727877233103829,1
-44.7794448616109,-20.9690592668525,"NORMAL",2019-01-02,2026-01-01,NA,NA,0
-44.7794448616109,-20.9689694353241,"NORMAL",2019-01-02,2026-01-01,NA,NA,0
-44.7794448616109,-20.9688796037957,"NORMAL",2019-01-02,2026-01-01,NA,NA,0
-44.7794448616109,-20.9687897722673,"NORMAL",2019-01-02,2026-01-01,NA,NA,0
-44.7794448616109,-20.9686999407389,"NORMAL",2019-01-02,2026-01-01,NA,NA,0
-44.7794448616109,-20.9686101092105,"NORMAL",2019-01-02,2026-01-01,NA,NA,0
-44.7794448616109,-20.9685202776821,"RECALIBRANDO",2026-09-03,NA,2026-09-02,0.132217663044771,1
-44.7794448616109,-20.9684304461537,"NORMAL",2019-01-02,2026-01-01,NA,NA,0
-44.7794448616109,-20.9683406146253,"NORMAL",2019-01-02,2026-01-01,NA,NA,0
-44.7794448616109,-20.9682507830968,"RECALIBRANDO",2026-07-30,NA,2026-07-29,0.0467028243001429,1
-44.7794448616109,-20.9681609515684,"RECALIBRANDO",2026-06-29,NA,2026-06-28,0.118194817335164,1
-44.7794448616109,-20.96807112004,"NORMAL",2019-01-02,2026-01-01,NA,NA,0
-44.7794448616109,-20.9679812885116,"NORMAL",2019-01-02,2026-01-01,NA,NA,0
-44.7794448616109,-20.9678914569832,"NORMAL",2019-01-02,2026-01-01,NA,NA,0
-44.7794448616109,-20.9678016254548,"RECALIBRANDO",2026-09-03,NA,2026-09-02,0.0804091852269614,1
-44.7794448616109,-20.9677117939264,"RECALIBRANDO",2026-09-03,NA,2026-09-02,0.0804091852269614,1
-44.7794448616109,-20.967621962398,"NORMAL",2019-01-02,2026-01-01,NA,NA,0
-44.7794448616109,-20.9675321308695,"NORMAL",2019-01-02,2026-01-01,NA,NA,0
-44.7794448616109,-20.9674422993411,"NORMAL",2019-01-02,2026-01-01,NA,NA,0
-44.7794448616109,-20.9673524678127,"RECALIBRANDO",2026-08-08,NA,2026-08-07,0.0913496496606421,1
-44.7794448616109,-20.9672626362843,"RECALIBRANDO",2026-08-13,NA,2026-08-12,0.0988564927550439,1
-44.7794448616109,-20.9671728047559,"RECALIBRANDO",2026-08-13,NA,2026-08-12,0.108993870032478,1
-44.7794448616109,-20.9670829732275,"RECALIBRANDO",2026-08-15,NA,2026-08-14,0.109072655309716,1
-44.7794448616109,-20.9669931416991,"RECALIBRANDO",2026-08-15,NA,2026-08-14,0.112442787921608,1
-44.7794448616109,-20.9664541525286,"NORMAL",2019-01-02,2026-01-01,NA,NA,0
-44.7793550300825,-20.970676234364,"NORMAL",2019-01-02,2026-01-01,NA,NA,0
-44.7793550300825,-20.9705864028356,"NORMAL",2019-01-02,2026-01-01,NA,NA,0
-44.7793550300825,-20.9704965713071,"NORMAL",2019-01-02,2026-01-01,NA,NA,0
-44.7793550300825,-20.9704067397787,"NORMAL",2019-01-02,2026-01-01,NA,NA,0
-44.7793550300825,-20.9703169082503,"NORMAL",2019-01-02,2026-01-01,NA,NA,0
-44.7793550300825,-20.9702270767219,"NORMAL",2019-01-02,2026-01-01,NA,NA,0
-44.7793550300825,-20.9701372451935,"NORMAL",2019-01-02,2026-01-01,NA,NA,0
-44.7793550300825,-20.9700474136651,"NORMAL",2019-01-02,2026-01-01,NA,NA,0
-44.7793550300825,-20.9699575821367,"NORMAL",2019-01-02,2026-01-01,NA,NA,0
-44.7793550300825,-20.9698677506083,"NORMAL",2019-01-02,2026-01-01,NA,NA,0
-44.7793550300825,-20.9697779190798,"RECALIBRANDO",2026-03-01,NA,2026-02-28,0.043839357940731,1
-44.7793550300825,-20.9696880875514,"RECALIBRANDO",2026-03-01,NA,2026-02-28,0.0509915281532132,1
-44.7793550300825,-20.969598256023,"NORMAL",2019-01-02,2026-01-01,NA,NA,0
-44.7793550300825,-20.9695084244946,"NORMAL",2019-01-02,2026-01-01,NA,NA,0
-44.7793550300825,-20.9694185929662,"NORMAL",2019-01-02,2026-01-01,NA,NA,0
-44.7793550300825,-20.9693287614378,"NORMAL",2019-01-02,2026-01-01,NA,NA,0
-44.7793550300825,-20.9692389299094,"RECALIBRANDO",2026-01-10,NA,2026-01-09,0.0624142179341807,1
-44.7793550300825,-20.969149098381,"NORMAL",2019-01-02,2026-01-01,NA,NA,0
-44.7793550300825,-20.9690592668525,"NORMAL",2019-01-02,2026-01-01,NA,NA,0
-44.7793550300825,-20.9689694353241,"NORMAL",2019-01-02,2026-01-01,NA,NA,0
-44.7793550300825,-20.9688796037957,"NORMAL",2019-01-02,2026-01-01,NA,NA,0
-44.7793550300825,-20.9687897722673,"NORMAL",2019-01-02,2026-01-01,NA,NA,0
-44.7793550300825,-20.9686999407389,"NORMAL",2019-01-02,2026-01-01,NA,NA,0
-44.7793550300825,-20.9686101092105,"NORMAL",2019-01-02,2026-01-01,NA,NA,0
-44.7793550300825,-20.9685202776821,"RECALIBRANDO",2026-08-29,NA,2026-08-28,0.141181409964176,1
-44.7793550300825,-20.9684304461537,"RECALIBRANDO",2026-07-30,NA,2026-07-29,0.0912688303151622,1
-44.7793550300825,-20.9683406146253,"NORMAL",2019-01-02,2026-01-01,NA,NA,0
-44.7793550300825,-20.9682507830968,"RECALIBRANDO",2026-07-25,NA,2026-07-24,0.0803645681320504,1
-44.7793550300825,-20.9681609515684,"NORMAL",2019-01-02,2026-01-01,NA,NA,0
-44.7793550300825,-20.96807112004,"NORMAL",2019-01-02,2026-01-01,NA,NA,0
-44.7793550300825,-20.9679812885116,"NORMAL",2019-01-02,2026-01-01,NA,NA,0
-44.7793550300825,-20.9678914569832,"RECALIBRANDO",2026-06-10,NA,2026-06-09,0.139659105128232,1
-44.7793550300825,-20.9678016254548,"NORMAL",2019-01-02,2026-01-01,NA,NA,0
-44.7793550300825,-20.9677117939264,"NORMAL",2019-01-02,2026-01-01,NA,NA,0
-44.7793550300825,-20.967621962398,"NORMAL",2019-01-02,2026-01-01,NA,NA,0
-44.7793550300825,-20.9675321308695,"NORMAL",2019-01-02,2026-01-01,NA,NA,0
-44.7793550300825,-20.9674422993411,"NORMAL",2019-01-02,2026-01-01,NA,NA,0
-44.7793550300825,-20.9673524678127,"RECALIBRANDO",2026-08-13,NA,2026-08-12,0.106046433855335,1
-44.7793550300825,-20.9672626362843,"RECALIBRANDO",2026-08-13,NA,2026-08-12,0.107308059743463,1
-44.7793550300825,-20.9671728047559,"RECALIBRANDO",2026-08-15,NA,2026-08-14,0.101094455528276,1
-44.7793550300825,-20.9670829732275,"RECALIBRANDO",2026-08-13,NA,2026-08-12,0.120114658637297,1
-44.7793550300825,-20.9669931416991,"RECALIBRANDO",2026-08-08,NA,2026-08-07,0.121350405258054,1
-44.7793550300825,-20.9669033101707,"RECALIBRANDO",2026-08-15,NA,2026-08-14,0.104312935711537,1
-44.7793550300825,-20.9668134786422,"NORMAL",2019-01-02,2026-01-01,NA,NA,0
-44.7793550300825,-20.9667236471138,"NORMAL",2019-01-02,2026-01-01,NA,NA,0
-44.7793550300825,-20.9666338155854,"NORMAL",2019-01-02,2026-01-01,NA,NA,0
-44.7793550300825,-20.966543984057,"NORMAL",2019-01-02,2026-01-01,NA,NA,0
-44.7793550300825,-20.9664541525286,"NORMAL",2019-01-02,2026-01-01,NA,NA,0
-44.7793550300825,-20.9663643210002,"NORMAL",2019-01-02,2026-01-01,NA,NA,0
-44.7793550300825,-20.9660049948865,"NORMAL",2019-01-02,2026-01-01,NA,NA,0
-44.7793550300825,-20.9659151633581,"NORMAL",2019-01-02,2026-01-01,NA,NA,0
-44.7792651985541,-20.970676234364,"NORMAL",2019-01-02,2026-01-01,NA,NA,0
-44.7792651985541,-20.9705864028356,"NORMAL",2019-01-02,2026-01-01,NA,NA,0
-44.7792651985541,-20.9704965713071,"NORMAL",2019-01-02,2026-01-01,NA,NA,0
-44.7792651985541,-20.9704067397787,"NORMAL",2019-01-02,2026-01-01,NA,NA,0
-44.7792651985541,-20.9703169082503,"NORMAL",2019-01-02,2026-01-01,NA,NA,0
-44.7792651985541,-20.9702270767219,"NORMAL",2019-01-02,2026-01-01,NA,NA,0
-44.7792651985541,-20.9701372451935,"NORMAL",2019-01-02,2026-01-01,NA,NA,0
-44.7792651985541,-20.9700474136651,"NORMAL",2019-01-02,2026-01-01,NA,NA,0
-44.7792651985541,-20.9699575821367,"NORMAL",2019-01-02,2026-01-01,NA,NA,0
-44.7792651985541,-20.9698677506083,"RECALIBRANDO",2026-01-15,NA,2026-01-14,0.0543630061464633,1
-44.7792651985541,-20.9697779190798,"RECALIBRANDO",2026-03-01,NA,2026-02-28,0.0499288155485428,1
-44.7792651985541,-20.9696880875514,"RECALIBRANDO",2026-01-10,NA,2026-01-09,0.0544517543483624,1
-44.7792651985541,-20.969598256023,"NORMAL",2019-01-02,2026-01-01,NA,NA,0
-44.7792651985541,-20.9695084244946,"NORMAL",2019-01-02,2026-01-01,NA,NA,0
-44.7792651985541,-20.9694185929662,"NORMAL",2019-01-02,2026-01-01,NA,NA,0
-44.7792651985541,-20.9693287614378,"RECALIBRANDO",2026-01-10,NA,2026-01-09,0.0769334634095894,1
-44.7792651985541,-20.9692389299094,"RECALIBRANDO",2026-01-10,NA,2026-01-09,0.0633049073067649,1
-44.7792651985541,-20.969149098381,"NORMAL",2019-01-02,2026-01-01,NA,NA,0
-44.7792651985541,-20.9690592668525,"NORMAL",2019-01-02,2026-01-01,NA,NA,0
-44.7792651985541,-20.9689694353241,"NORMAL",2019-01-02,2026-01-01,NA,NA,0
-44.7792651985541,-20.9688796037957,"NORMAL",2019-01-02,2026-01-01,NA,NA,0
-44.7792651985541,-20.9687897722673,"NORMAL",2019-01-02,2026-01-01,NA,NA,0
-44.7792651985541,-20.9686999407389,"NORMAL",2019-01-02,2026-01-01,NA,NA,0
-44.7792651985541,-20.9686101092105,"RECALIBRANDO",2026-08-29,NA,2026-08-28,0.145750328940894,1
-44.7792651985541,-20.9685202776821,"RECALIBRANDO",2026-08-13,NA,2026-08-12,0.149776926980332,1
-44.7792651985541,-20.9684304461537,"RECALIBRANDO",2026-07-15,NA,2026-07-14,0.0818099555295206,1
-44.7792651985541,-20.9683406146253,"NORMAL",2019-01-02,2026-01-01,NA,NA,0
-44.7792651985541,-20.9682507830968,"RECALIBRANDO",2026-07-09,NA,2026-07-08,0.0907760295516989,1
-44.7792651985541,-20.9681609515684,"NORMAL",2019-01-02,2026-01-01,NA,NA,0
-44.7792651985541,-20.96807112004,"NORMAL",2019-01-02,2026-01-01,NA,NA,0
-44.7792651985541,-20.9679812885116,"NORMAL",2019-01-02,2026-01-01,NA,NA,0
-44.7792651985541,-20.9678914569832,"RECALIBRANDO",2026-08-08,NA,2026-08-07,0.118096992058301,1
-44.7792651985541,-20.9678016254548,"NORMAL",2019-01-02,2026-01-01,NA,NA,0
-44.7792651985541,-20.9677117939264,"NORMAL",2019-01-02,2026-01-01,NA,NA,0
-44.7792651985541,-20.967621962398,"NORMAL",2019-01-02,2026-01-01,NA,NA,0
-44.7792651985541,-20.9675321308695,"NORMAL",2019-01-02,2026-01-01,NA,NA,0
-44.7792651985541,-20.9674422993411,"RECALIBRANDO",2026-09-03,NA,2026-09-02,0.10359329178747,1
-44.7792651985541,-20.9673524678127,"RECALIBRANDO",2026-08-13,NA,2026-08-12,0.103357680157544,1
-44.7792651985541,-20.9672626362843,"RECALIBRANDO",2026-08-13,NA,2026-08-12,0.0985742086920013,1
-44.7792651985541,-20.9671728047559,"RECALIBRANDO",2026-08-15,NA,2026-08-14,0.104291419820083,1
-44.7792651985541,-20.9670829732275,"RECALIBRANDO",2026-08-13,NA,2026-08-12,0.126636168738637,1
-44.7792651985541,-20.9669931416991,"RECALIBRANDO",2026-08-08,NA,2026-08-07,0.143832636428361,1
-44.7792651985541,-20.9669033101707,"RECALIBRANDO",2026-09-04,NA,2026-09-03,0.082334687926751,1
-44.7792651985541,-20.9668134786422,"NORMAL",2019-01-02,2026-01-01,NA,NA,0
-44.7792651985541,-20.9667236471138,"NORMAL",2019-01-02,2026-01-01,NA,NA,0
-44.7792651985541,-20.9666338155854,"NORMAL",2019-01-02,2026-01-01,NA,NA,0
-44.7792651985541,-20.966543984057,"NORMAL",2019-01-02,2026-01-01,NA,NA,0
-44.7792651985541,-20.9664541525286,"NORMAL",2019-01-02,2026-01-01,NA,NA,0
-44.7792651985541,-20.9663643210002,"NORMAL",2019-01-02,2026-01-01,NA,NA,0
-44.7792651985541,-20.9662744894718,"NORMAL",2019-01-02,2026-01-01,NA,NA,0
-44.7792651985541,-20.9661846579434,"NORMAL",2019-01-02,2026-01-01,NA,NA,0
-44.7792651985541,-20.966094826415,"NORMAL",2019-01-02,2026-01-01,NA,NA,0
-44.7792651985541,-20.9660049948865,"NORMAL",2019-01-02,2026-01-01,NA,NA,0
-44.7792651985541,-20.9659151633581,"NORMAL",2019-01-02,2026-01-01,NA,NA,0
-44.7791753670257,-20.9707660658924,"NORMAL",2019-01-02,2026-01-01,NA,NA,0
-44.7791753670257,-20.970676234364,"NORMAL",2019-01-02,2026-01-01,NA,NA,0
-44.7791753670257,-20.9705864028356,"NORMAL",2019-01-02,2026-01-01,NA,NA,0
-44.7791753670257,-20.9704965713071,"NORMAL",2019-01-02,2026-01-01,NA,NA,0
-44.7791753670257,-20.9704067397787,"NORMAL",2019-01-02,2026-01-01,NA,NA,0
-44.7791753670257,-20.9703169082503,"NORMAL",2019-01-02,2026-01-01,NA,NA,0
-44.7791753670257,-20.9702270767219,"NORMAL",2019-01-02,2026-01-01,NA,NA,0
-44.7791753670257,-20.9701372451935,"NORMAL",2019-01-02,2026-01-01,NA,NA,0
-44.7791753670257,-20.9700474136651,"NORMAL",2019-01-02,2026-01-01,NA,NA,0
-44.7791753670257,-20.9699575821367,"NORMAL",2019-01-02,2026-01-01,NA,NA,0
-44.7791753670257,-20.9698677506083,"RECALIBRANDO",2026-03-01,NA,2026-02-28,0.0682210028320449,1
-44.7791753670257,-20.9697779190798,"RECALIBRANDO",2026-03-06,NA,2026-03-05,0.0497098873030076,1
-44.7791753670257,-20.9696880875514,"RECALIBRANDO",2026-01-10,NA,2026-01-09,0.05753111273599,1
-44.7791753670257,-20.969598256023,"NORMAL",2019-01-02,2026-01-01,NA,NA,0
-44.7791753670257,-20.9695084244946,"RECALIBRANDO",2026-01-10,NA,2026-01-09,0.06630303992814,1
-44.7791753670257,-20.9694185929662,"NORMAL",2019-01-02,2026-01-01,NA,NA,0
-44.7791753670257,-20.9693287614378,"RECALIBRANDO",2026-01-10,NA,2026-01-09,0.0722256743961671,1
-44.7791753670257,-20.9692389299094,"RECALIBRANDO",2026-01-10,NA,2026-01-09,0.0671493877558622,1
-44.7791753670257,-20.969149098381,"NORMAL",2019-01-02,2026-01-01,NA,NA,0
-44.7791753670257,-20.9690592668525,"NORMAL",2019-01-02,2026-01-01,NA,NA,0
-44.7791753670257,-20.9689694353241,"NORMAL",2019-01-02,2026-01-01,NA,NA,0
-44.7791753670257,-20.9688796037957,"NORMAL",2019-01-02,2026-01-01,NA,NA,0
-44.7791753670257,-20.9687897722673,"NORMAL",2019-01-02,2026-01-01,NA,NA,0
-44.7791753670257,-20.9686999407389,"NORMAL",2019-01-02,2026-01-01,NA,NA,0
-44.7791753670257,-20.9686101092105,"RECALIBRANDO",2026-08-23,NA,2026-08-22,0.138295357278829,1
-44.7791753670257,-20.9685202776821,"RECALIBRANDO",2026-07-20,NA,2026-07-19,0.152118247608397,1
-44.7791753670257,-20.9684304461537,"RECALIBRANDO",2026-08-03,NA,2026-08-02,0.0684291684237255,1
-44.7791753670257,-20.9683406146253,"RECALIBRANDO",2026-07-30,NA,2026-07-29,0.0634408109250483,1
-44.7791753670257,-20.9682507830968,"NORMAL",2019-01-02,2026-01-01,NA,NA,0
-44.7791753670257,-20.9681609515684,"NORMAL",2019-01-02,2026-01-01,NA,NA,0
-44.7791753670257,-20.96807112004,"NORMAL",2019-01-02,2026-01-01,NA,NA,0
-44.7791753670257,-20.9679812885116,"NORMAL",2019-01-02,2026-01-01,NA,NA,0
-44.7791753670257,-20.9678914569832,"NORMAL",2019-01-02,2026-01-01,NA,NA,0
-44.7791753670257,-20.9678016254548,"NORMAL",2019-01-02,2026-01-01,NA,NA,0
-44.7791753670257,-20.9677117939264,"NORMAL",2019-01-02,2026-01-01,NA,NA,0
-44.7791753670257,-20.967621962398,"NORMAL",2019-01-02,2026-01-01,NA,NA,0
-44.7791753670257,-20.9675321308695,"RECALIBRANDO",2026-09-03,NA,2026-09-02,0.0906958014792297,1
-44.7791753670257,-20.9674422993411,"RECALIBRANDO",2026-08-13,NA,2026-08-12,0.0917700103528188,1
-44.7791753670257,-20.9673524678127,"RECALIBRANDO",2026-08-13,NA,2026-08-12,0.103024022179219,1
-44.7791753670257,-20.9672626362843,"RECALIBRANDO",2026-08-15,NA,2026-08-14,0.0987825516978903,1
-44.7791753670257,-20.9671728047559,"RECALIBRANDO",2026-08-18,NA,2026-08-17,0.0978302558735642,1
-44.7791753670257,-20.9670829732275,"RECALIBRANDO",2026-08-15,NA,2026-08-14,0.12834778349899,1
-44.7791753670257,-20.9669931416991,"RECALIBRANDO",2026-08-13,NA,2026-08-12,0.117775936470895,1
-44.7791753670257,-20.9669033101707,"NORMAL",2019-01-02,2026-01-01,NA,NA,0
-44.7791753670257,-20.9668134786422,"NORMAL",2019-01-02,2026-01-01,NA,NA,0
-44.7791753670257,-20.9667236471138,"NORMAL",2019-01-02,2026-01-01,NA,NA,0
-44.7791753670257,-20.9666338155854,"NORMAL",2019-01-02,2026-01-01,NA,NA,0
-44.7791753670257,-20.966543984057,"NORMAL",2019-01-02,2026-01-01,NA,NA,0
-44.7791753670257,-20.9664541525286,"NORMAL",2019-01-02,2026-01-01,NA,NA,0
-44.7791753670257,-20.9663643210002,"NORMAL",2019-01-02,2026-01-01,NA,NA,0
-44.7791753670257,-20.9662744894718,"NORMAL",2019-01-02,2026-01-01,NA,NA,0
-44.7791753670257,-20.9661846579434,"NORMAL",2019-01-02,2026-01-01,NA,NA,0
-44.7791753670257,-20.966094826415,"NORMAL",2019-01-02,2026-01-01,NA,NA,0
-44.7791753670257,-20.9660049948865,"NORMAL",2019-01-02,2026-01-01,NA,NA,0
-44.7790855354973,-20.9707660658924,"NORMAL",2019-01-02,2026-01-01,NA,NA,0
-44.7790855354973,-20.970676234364,"NORMAL",2019-01-02,2026-01-01,NA,NA,0
-44.7790855354973,-20.9705864028356,"NORMAL",2019-01-02,2026-01-01,NA,NA,0
-44.7790855354973,-20.9704965713071,"NORMAL",2019-01-02,2026-01-01,NA,NA,0
-44.7790855354973,-20.9704067397787,"NORMAL",2019-01-02,2026-01-01,NA,NA,0
-44.7790855354973,-20.9703169082503,"NORMAL",2019-01-02,2026-01-01,NA,NA,0
-44.7790855354973,-20.9702270767219,"NORMAL",2019-01-02,2026-01-01,NA,NA,0
-44.7790855354973,-20.9701372451935,"NORMAL",2019-01-02,2026-01-01,NA,NA,0
-44.7790855354973,-20.9700474136651,"NORMAL",2019-01-02,2026-01-01,NA,NA,0
-44.7790855354973,-20.9699575821367,"NORMAL",2019-01-02,2026-01-01,NA,NA,0
-44.7790855354973,-20.9698677506083,"NORMAL",2019-01-02,2026-01-01,NA,NA,0
-44.7790855354973,-20.9697779190798,"RECALIBRANDO",2026-03-06,NA,2026-03-05,0.0452552897561502,1
-44.7790855354973,-20.9696880875514,"NORMAL",2019-01-02,2026-01-01,NA,NA,0
-44.7790855354973,-20.969598256023,"NORMAL",2019-01-02,2026-01-01,NA,NA,0
-44.7790855354973,-20.9695084244946,"NORMAL",2019-01-02,2026-01-01,NA,NA,0
-44.7790855354973,-20.9694185929662,"NORMAL",2019-01-02,2026-01-01,NA,NA,0
-44.7790855354973,-20.9693287614378,"RECALIBRANDO",2026-01-10,NA,2026-01-09,0.0654348434416707,1
-44.7790855354973,-20.9692389299094,"RECALIBRANDO",2026-01-10,NA,2026-01-09,0.0709604686621515,1
-44.7790855354973,-20.969149098381,"NORMAL",2019-01-02,2026-01-01,NA,NA,0
-44.7790855354973,-20.9690592668525,"NORMAL",2019-01-02,2026-01-01,NA,NA,0
-44.7790855354973,-20.9689694353241,"RECALIBRANDO",2026-08-23,NA,2026-08-22,0.119878775976812,1
-44.7790855354973,-20.9688796037957,"NORMAL",2019-01-02,2026-01-01,NA,NA,0
-44.7790855354973,-20.9687897722673,"NORMAL",2019-01-02,2026-01-01,NA,NA,0
-44.7790855354973,-20.9686999407389,"NORMAL",2019-01-02,2026-01-01,NA,NA,0
-44.7790855354973,-20.9686101092105,"RECALIBRANDO",2026-09-04,NA,2026-09-03,0.110849845856123,1
-44.7790855354973,-20.9685202776821,"RECALIBRANDO",2026-08-18,NA,2026-08-17,0.113086356142739,1
-44.7790855354973,-20.9684304461537,"RECALIBRANDO",2026-08-15,NA,2026-08-14,0.0583534179338329,1
-44.7790855354973,-20.9683406146253,"RECALIBRANDO",2026-07-15,NA,2026-07-14,0.061287813010232,1
-44.7790855354973,-20.9682507830968,"NORMAL",2019-01-02,2026-01-01,NA,NA,0
-44.7790855354973,-20.9681609515684,"NORMAL",2019-01-02,2026-01-01,NA,NA,0
-44.7790855354973,-20.96807112004,"NORMAL",2019-01-02,2026-01-01,NA,NA,0
-44.7790855354973,-20.9679812885116,"RECALIBRANDO",2026-07-30,NA,2026-07-29,0.139899590838138,1
-44.7790855354973,-20.9678914569832,"NORMAL",2019-01-02,2026-01-01,NA,NA,0
-44.7790855354973,-20.9678016254548,"NORMAL",2019-01-02,2026-01-01,NA,NA,0
-44.7790855354973,-20.9677117939264,"NORMAL",2019-01-02,2026-01-01,NA,NA,0
-44.7790855354973,-20.967621962398,"NORMAL",2019-01-02,2026-01-01,NA,NA,0
-44.7790855354973,-20.9675321308695,"RECALIBRANDO",2026-08-15,NA,2026-08-14,0.101984741205928,1
-44.7790855354973,-20.9674422993411,"RECALIBRANDO",2026-08-15,NA,2026-08-14,0.107958942108643,1
-44.7790855354973,-20.9673524678127,"RECALIBRANDO",2026-08-15,NA,2026-08-14,0.0986882862688526,1
-44.7790855354973,-20.9672626362843,"RECALIBRANDO",2026-08-18,NA,2026-08-17,0.104819282702977,1
-44.7790855354973,-20.9671728047559,"RECALIBRANDO",2026-08-18,NA,2026-08-17,0.100162202585845,1
-44.7790855354973,-20.9670829732275,"RECALIBRANDO",2026-08-15,NA,2026-08-14,0.126416794168974,1
-44.7790855354973,-20.9669931416991,"RECALIBRANDO",2026-08-18,NA,2026-08-17,0.0905349256525368,1
-44.7790855354973,-20.9669033101707,"NORMAL",2019-01-02,2026-01-01,NA,NA,0
-44.7790855354973,-20.9668134786422,"NORMAL",2019-01-02,2026-01-01,NA,NA,0
-44.7790855354973,-20.9667236471138,"NORMAL",2019-01-02,2026-01-01,NA,NA,0
-44.7790855354973,-20.9666338155854,"NORMAL",2019-01-02,2026-01-01,NA,NA,0
-44.7790855354973,-20.966543984057,"NORMAL",2019-01-02,2026-01-01,NA,NA,0
-44.7790855354973,-20.9664541525286,"NORMAL",2019-01-02,2026-01-01,NA,NA,0
-44.7790855354973,-20.9663643210002,"NORMAL",2019-01-02,2026-01-01,NA,NA,0
-44.7790855354973,-20.9662744894718,"NORMAL",2019-01-02,2026-01-01,NA,NA,0
-44.7790855354973,-20.9661846579434,"NORMAL",2019-01-02,2026-01-01,NA,NA,0
-44.7790855354973,-20.966094826415,"NORMAL",2019-01-02,2026-01-01,NA,NA,0
-44.7789957039689,-20.9707660658924,"NORMAL",2019-01-02,2026-01-01,NA,NA,0
-44.7789957039689,-20.970676234364,"NORMAL",2019-01-02,2026-01-01,NA,NA,0
-44.7789957039689,-20.9705864028356,"NORMAL",2019-01-02,2026-01-01,NA,NA,0
-44.7789957039689,-20.9704965713071,"NORMAL",2019-01-02,2026-01-01,NA,NA,0
-44.7789957039689,-20.9704067397787,"NORMAL",2019-01-02,2026-01-01,NA,NA,0
-44.7789957039689,-20.9703169082503,"NORMAL",2019-01-02,2026-01-01,NA,NA,0
-44.7789957039689,-20.9702270767219,"NORMAL",2019-01-02,2026-01-01,NA,NA,0
-44.7789957039689,-20.9701372451935,"NORMAL",2019-01-02,2026-01-01,NA,NA,0
-44.7789957039689,-20.9700474136651,"NORMAL",2019-01-02,2026-01-01,NA,NA,0
-44.7789957039689,-20.9699575821367,"NORMAL",2019-01-02,2026-01-01,NA,NA,0
-44.7789957039689,-20.9698677506083,"NORMAL",2019-01-02,2026-01-01,NA,NA,0
-44.7789957039689,-20.9697779190798,"RECALIBRANDO",2026-03-06,NA,2026-03-05,0.0513292716459275,1
-44.7789957039689,-20.9696880875514,"NORMAL",2019-01-02,2026-01-01,NA,NA,0
-44.7789957039689,-20.969598256023,"NORMAL",2019-01-02,2026-01-01,NA,NA,0
-44.7789957039689,-20.9695084244946,"NORMAL",2019-01-02,2026-01-01,NA,NA,0
-44.7789957039689,-20.9694185929662,"NORMAL",2019-01-02,2026-01-01,NA,NA,0
-44.7789957039689,-20.9693287614378,"NORMAL",2019-01-02,2026-01-01,NA,NA,0
-44.7789957039689,-20.9692389299094,"NORMAL",2019-01-02,2026-01-01,NA,NA,0
-44.7789957039689,-20.969149098381,"NORMAL",2019-01-02,2026-01-01,NA,NA,0
-44.7789957039689,-20.9690592668525,"NORMAL",2019-01-02,2026-01-01,NA,NA,0
-44.7789957039689,-20.9689694353241,"RECALIBRANDO",2026-08-18,NA,2026-08-17,0.12923028936467,1
-44.7789957039689,-20.9688796037957,"NORMAL",2019-01-02,2026-01-01,NA,NA,0
-44.7789957039689,-20.9687897722673,"NORMAL",2019-01-02,2026-01-01,NA,NA,0
-44.7789957039689,-20.9686999407389,"NORMAL",2019-01-02,2026-01-01,NA,NA,0
-44.7789957039689,-20.9686101092105,"NORMAL",2019-01-02,2026-01-01,NA,NA,0
-44.7789957039689,-20.9685202776821,"NORMAL",2019-01-02,2026-01-01,NA,NA,0
-44.7789957039689,-20.9684304461537,"RECALIBRANDO",2026-08-08,NA,2026-08-07,0.0578012166848107,1
-44.7789957039689,-20.9683406146253,"RECALIBRANDO",2026-06-10,NA,2026-06-09,0.104457661035424,1
-44.7789957039689,-20.9682507830968,"NORMAL",2019-01-02,2026-01-01,NA,NA,0
-44.7789957039689,-20.9681609515684,"NORMAL",2019-01-02,2026-01-01,NA,NA,0
-44.7789957039689,-20.96807112004,"NORMAL",2019-01-02,2026-01-01,NA,NA,0
-44.7789957039689,-20.9679812885116,"RECALIBRANDO",2026-08-15,NA,2026-08-14,0.124465772174537,1
-44.7789957039689,-20.9678914569832,"NORMAL",2019-01-02,2026-01-01,NA,NA,0
-44.7789957039689,-20.9678016254548,"NORMAL",2019-01-02,2026-01-01,NA,NA,0
-44.7789957039689,-20.9677117939264,"NORMAL",2019-01-02,2026-01-01,NA,NA,0
-44.7789957039689,-20.967621962398,"RECALIBRANDO",2026-08-18,NA,2026-08-17,0.101577993549841,1
-44.7789957039689,-20.9675321308695,"RECALIBRANDO",2026-08-15,NA,2026-08-14,0.0999220947561058,1
-44.7789957039689,-20.9674422993411,"RECALIBRANDO",2026-08-18,NA,2026-08-17,0.105199626990752,1
-44.7789957039689,-20.9673524678127,"RECALIBRANDO",2026-08-18,NA,2026-08-17,0.11072477735877,1
-44.7789957039689,-20.9672626362843,"RECALIBRANDO",2026-08-18,NA,2026-08-17,0.0970350759009653,1
-44.7789957039689,-20.9671728047559,"RECALIBRANDO",2026-08-18,NA,2026-08-17,0.0978927345727277,1
-44.7789957039689,-20.9670829732275,"RECALIBRANDO",2026-08-15,NA,2026-08-14,0.112662672446058,1
-44.7789957039689,-20.9669931416991,"NORMAL",2019-01-02,2026-01-01,NA,NA,0
-44.7789957039689,-20.9669033101707,"NORMAL",2019-01-02,2026-01-01,NA,NA,0
-44.7789957039689,-20.9668134786422,"NORMAL",2019-01-02,2026-01-01,NA,NA,0
-44.7789957039689,-20.9667236471138,"NORMAL",2019-01-02,2026-01-01,NA,NA,0
-44.7789957039689,-20.9666338155854,"NORMAL",2019-01-02,2026-01-01,NA,NA,0
-44.7789957039689,-20.966543984057,"NORMAL",2019-01-02,2026-01-01,NA,NA,0
-44.7789957039689,-20.9664541525286,"NORMAL",2019-01-02,2026-01-01,NA,NA,0
-44.7789957039689,-20.9663643210002,"NORMAL",2019-01-02,2026-01-01,NA,NA,0
-44.7789957039689,-20.9662744894718,"NORMAL",2019-01-02,2026-01-01,NA,NA,0
-44.7789957039689,-20.9661846579434,"NORMAL",2019-01-02,2026-01-01,NA,NA,0
-44.7789957039689,-20.966094826415,"NORMAL",2019-01-02,2026-01-01,NA,NA,0
-44.7789058724405,-20.9707660658924,"NORMAL",2019-01-02,2026-01-01,NA,NA,0
-44.7789058724405,-20.970676234364,"NORMAL",2019-01-02,2026-01-01,NA,NA,0
-44.7789058724405,-20.9705864028356,"NORMAL",2019-01-02,2026-01-01,NA,NA,0
-44.7789058724405,-20.9704965713071,"NORMAL",2019-01-02,2026-01-01,NA,NA,0
-44.7789058724405,-20.9704067397787,"NORMAL",2019-01-02,2026-01-01,NA,NA,0
-44.7789058724405,-20.9703169082503,"NORMAL",2019-01-02,2026-01-01,NA,NA,0
-44.7789058724405,-20.9702270767219,"NORMAL",2019-01-02,2026-01-01,NA,NA,0
-44.7789058724405,-20.9701372451935,"NORMAL",2019-01-02,2026-01-01,NA,NA,0
-44.7789058724405,-20.9700474136651,"NORMAL",2019-01-02,2026-01-01,NA,NA,0
-44.7789058724405,-20.9699575821367,"NORMAL",2019-01-02,2026-01-01,NA,NA,0
-44.7789058724405,-20.9698677506083,"NORMAL",2019-01-02,2026-01-01,NA,NA,0
-44.7789058724405,-20.9697779190798,"RECALIBRANDO",2026-03-06,NA,2026-03-05,0.0325556019982663,1
-44.7789058724405,-20.9696880875514,"NORMAL",2019-01-02,2026-01-01,NA,NA,0
-44.7789058724405,-20.969598256023,"NORMAL",2019-01-02,2026-01-01,NA,NA,0
-44.7789058724405,-20.9695084244946,"NORMAL",2019-01-02,2026-01-01,NA,NA,0
-44.7789058724405,-20.9694185929662,"NORMAL",2019-01-02,2026-01-01,NA,NA,0
-44.7789058724405,-20.9693287614378,"NORMAL",2019-01-02,2026-01-01,NA,NA,0
-44.7789058724405,-20.9692389299094,"NORMAL",2019-01-02,2026-01-01,NA,NA,0
-44.7789058724405,-20.969149098381,"NORMAL",2019-01-02,2026-01-01,NA,NA,0
-44.7789058724405,-20.9690592668525,"NORMAL",2019-01-02,2026-01-01,NA,NA,0
-44.7789058724405,-20.9689694353241,"RECALIBRANDO",2026-08-23,NA,2026-08-22,0.140388684468104,1
-44.7789058724405,-20.9688796037957,"NORMAL",2019-01-02,2026-01-01,NA,NA,0
-44.7789058724405,-20.9687897722673,"NORMAL",2019-01-02,2026-01-01,NA,NA,0
-44.7789058724405,-20.9686999407389,"NORMAL",2019-01-02,2026-01-01,NA,NA,0
-44.7789058724405,-20.9686101092105,"NORMAL",2019-01-02,2026-01-01,NA,NA,0
-44.7789058724405,-20.9685202776821,"NORMAL",2019-01-02,2026-01-01,NA,NA,0
-44.7789058724405,-20.9684304461537,"RECALIBRANDO",2026-08-03,NA,2026-08-02,0.0486823792635858,1
-44.7789058724405,-20.9683406146253,"NORMAL",2019-01-02,2026-01-01,NA,NA,0
-44.7789058724405,-20.9682507830968,"NORMAL",2019-01-02,2026-01-01,NA,NA,0
-44.7789058724405,-20.9681609515684,"NORMAL",2019-01-02,2026-01-01,NA,NA,0
-44.7789058724405,-20.96807112004,"NORMAL",2019-01-02,2026-01-01,NA,NA,0
-44.7789058724405,-20.9679812885116,"NORMAL",2019-01-02,2026-01-01,NA,NA,0
-44.7789058724405,-20.9678914569832,"NORMAL",2019-01-02,2026-01-01,NA,NA,0
-44.7789058724405,-20.9678016254548,"NORMAL",2019-01-02,2026-01-01,NA,NA,0
-44.7789058724405,-20.9677117939264,"NORMAL",2019-01-02,2026-01-01,NA,NA,0
-44.7789058724405,-20.967621962398,"RECALIBRANDO",2026-08-18,NA,2026-08-17,0.104071677008744,1
-44.7789058724405,-20.9675321308695,"RECALIBRANDO",2026-08-15,NA,2026-08-14,0.1111940194816,1
-44.7789058724405,-20.9674422993411,"RECALIBRANDO",2026-08-18,NA,2026-08-17,0.108727165532448,1
-44.7789058724405,-20.9673524678127,"RECALIBRANDO",2026-08-18,NA,2026-08-17,0.103041411061046,1
-44.7789058724405,-20.9672626362843,"RECALIBRANDO",2026-08-18,NA,2026-08-17,0.103525867195287,1
-44.7789058724405,-20.9671728047559,"RECALIBRANDO",2026-08-15,NA,2026-08-14,0.119891140968928,1
-44.7789058724405,-20.9670829732275,"RECALIBRANDO",2026-08-15,NA,2026-08-14,0.096361018584221,1
-44.7789058724405,-20.9669931416991,"NORMAL",2019-01-02,2026-01-01,NA,NA,0
-44.7789058724405,-20.9669033101707,"NORMAL",2019-01-02,2026-01-01,NA,NA,0
-44.7789058724405,-20.9668134786422,"NORMAL",2019-01-02,2026-01-01,NA,NA,0
-44.7789058724405,-20.9667236471138,"NORMAL",2019-01-02,2026-01-01,NA,NA,0
-44.7789058724405,-20.9666338155854,"NORMAL",2019-01-02,2026-01-01,NA,NA,0
-44.7789058724405,-20.966543984057,"NORMAL",2019-01-02,2026-01-01,NA,NA,0
-44.7789058724405,-20.9664541525286,"NORMAL",2019-01-02,2026-01-01,NA,NA,0
-44.7788160409121,-20.9708558974208,"NORMAL",2019-01-02,2026-01-01,NA,NA,0
-44.7788160409121,-20.9707660658924,"NORMAL",2019-01-02,2026-01-01,NA,NA,0
-44.7788160409121,-20.970676234364,"NORMAL",2019-01-02,2026-01-01,NA,NA,0
-44.7788160409121,-20.9705864028356,"NORMAL",2019-01-02,2026-01-01,NA,NA,0
-44.7788160409121,-20.9704965713071,"NORMAL",2019-01-02,2026-01-01,NA,NA,0
-44.7788160409121,-20.9704067397787,"NORMAL",2019-01-02,2026-01-01,NA,NA,0
-44.7788160409121,-20.9703169082503,"NORMAL",2019-01-02,2026-01-01,NA,NA,0
-44.7788160409121,-20.9702270767219,"NORMAL",2019-01-02,2026-01-01,NA,NA,0
-44.7788160409121,-20.9701372451935,"NORMAL",2019-01-02,2026-01-01,NA,NA,0
-44.7788160409121,-20.9700474136651,"NORMAL",2019-01-02,2026-01-01,NA,NA,0
-44.7788160409121,-20.9699575821367,"NORMAL",2019-01-02,2026-01-01,NA,NA,0
-44.7788160409121,-20.9698677506083,"NORMAL",2019-01-02,2026-01-01,NA,NA,0
-44.7788160409121,-20.9697779190798,"RECALIBRANDO",2026-03-06,NA,2026-03-05,0.0395256391665328,1
-44.7788160409121,-20.9696880875514,"NORMAL",2019-01-02,2026-01-01,NA,NA,0
-44.7788160409121,-20.969598256023,"NORMAL",2019-01-02,2026-01-01,NA,NA,0
-44.7788160409121,-20.9695084244946,"NORMAL",2019-01-02,2026-01-01,NA,NA,0
-44.7788160409121,-20.9694185929662,"NORMAL",2019-01-02,2026-01-01,NA,NA,0
-44.7788160409121,-20.9693287614378,"NORMAL",2019-01-02,2026-01-01,NA,NA,0
-44.7788160409121,-20.9692389299094,"NORMAL",2019-01-02,2026-01-01,NA,NA,0
-44.7788160409121,-20.969149098381,"NORMAL",2019-01-02,2026-01-01,NA,NA,0
-44.7788160409121,-20.9690592668525,"NORMAL",2019-01-02,2026-01-01,NA,NA,0
-44.7788160409121,-20.9689694353241,"RECALIBRANDO",2026-08-15,NA,2026-08-14,0.15471986438778,1
-44.7788160409121,-20.9688796037957,"NORMAL",2019-01-02,2026-01-01,NA,NA,0
-44.7788160409121,-20.9687897722673,"NORMAL",2019-01-02,2026-01-01,NA,NA,0
-44.7788160409121,-20.9686999407389,"NORMAL",2019-01-02,2026-01-01,NA,NA,0
-44.7788160409121,-20.9686101092105,"RECALIBRANDO",2026-09-04,NA,2026-09-03,0.130218950291732,1
-44.7788160409121,-20.9685202776821,"RECALIBRANDO",2026-07-15,NA,2026-07-14,0.109757724479639,1
-44.7788160409121,-20.9684304461537,"RECALIBRANDO",2026-07-15,NA,2026-07-14,0.0813681290647175,1
-44.7788160409121,-20.9683406146253,"NORMAL",2019-01-02,2026-01-01,NA,NA,0
-44.7788160409121,-20.9682507830968,"NORMAL",2019-01-02,2026-01-01,NA,NA,0
-44.7788160409121,-20.9681609515684,"NORMAL",2019-01-02,2026-01-01,NA,NA,0
-44.7788160409121,-20.96807112004,"RECALIBRANDO",2026-07-04,NA,2026-07-03,0.138527713163586,1
-44.7788160409121,-20.9679812885116,"NORMAL",2019-01-02,2026-01-01,NA,NA,0
-44.7788160409121,-20.9678914569832,"NORMAL",2019-01-02,2026-01-01,NA,NA,0
-44.7788160409121,-20.9678016254548,"NORMAL",2019-01-02,2026-01-01,NA,NA,0
-44.7788160409121,-20.9677117939264,"NORMAL",2019-01-02,2026-01-01,NA,NA,0
-44.7788160409121,-20.967621962398,"RECALIBRANDO",2026-08-15,NA,2026-08-14,0.120996845316658,1
-44.7788160409121,-20.9675321308695,"RECALIBRANDO",2026-08-15,NA,2026-08-14,0.107587710352918,1
-44.7788160409121,-20.9674422993411,"RECALIBRANDO",2026-08-18,NA,2026-08-17,0.0905814383975494,1
-44.7788160409121,-20.9673524678127,"RECALIBRANDO",2026-08-23,NA,2026-08-22,0.0976905974718981,1
-44.7788160409121,-20.9672626362843,"RECALIBRANDO",2026-08-18,NA,2026-08-17,0.111609800943012,1
-44.7788160409121,-20.9671728047559,"RECALIBRANDO",2026-08-13,NA,2026-08-12,0.121245210334259,1
-44.7788160409121,-20.9670829732275,"RECALIBRANDO",2026-08-23,NA,2026-08-22,0.0863471682213906,1
-44.7788160409121,-20.9669931416991,"NORMAL",2019-01-02,2026-01-01,NA,NA,0
-44.7788160409121,-20.9669033101707,"NORMAL",2019-01-02,2026-01-01,NA,NA,0
-44.7788160409121,-20.9668134786422,"NORMAL",2019-01-02,2026-01-01,NA,NA,0
-44.7788160409121,-20.9667236471138,"NORMAL",2019-01-02,2026-01-01,NA,NA,0
-44.7788160409121,-20.9666338155854,"NORMAL",2019-01-02,2026-01-01,NA,NA,0
-44.7787262093836,-20.9708558974208,"NORMAL",2019-01-02,2026-01-01,NA,NA,0
-44.7787262093836,-20.9707660658924,"NORMAL",2019-01-02,2026-01-01,NA,NA,0
-44.7787262093836,-20.970676234364,"NORMAL",2019-01-02,2026-01-01,NA,NA,0
-44.7787262093836,-20.9705864028356,"NORMAL",2019-01-02,2026-01-01,NA,NA,0
-44.7787262093836,-20.9704965713071,"NORMAL",2019-01-02,2026-01-01,NA,NA,0
-44.7787262093836,-20.9704067397787,"NORMAL",2019-01-02,2026-01-01,NA,NA,0
-44.7787262093836,-20.9703169082503,"NORMAL",2019-01-02,2026-01-01,NA,NA,0
-44.7787262093836,-20.9702270767219,"NORMAL",2019-01-02,2026-01-01,NA,NA,0
-44.7787262093836,-20.9701372451935,"NORMAL",2019-01-02,2026-01-01,NA,NA,0
-44.7787262093836,-20.9700474136651,"NORMAL",2019-01-02,2026-01-01,NA,NA,0
-44.7787262093836,-20.9699575821367,"NORMAL",2019-01-02,2026-01-01,NA,NA,0
-44.7787262093836,-20.9698677506083,"NORMAL",2019-01-02,2026-01-01,NA,NA,0
-44.7787262093836,-20.9697779190798,"RECALIBRANDO",2026-03-17,NA,2026-03-16,0.0557690962391703,1
-44.7787262093836,-20.9696880875514,"NORMAL",2019-01-02,2026-01-01,NA,NA,0
-44.7787262093836,-20.969598256023,"NORMAL",2019-01-02,2026-01-01,NA,NA,0
-44.7787262093836,-20.9695084244946,"NORMAL",2019-01-02,2026-01-01,NA,NA,0
-44.7787262093836,-20.9694185929662,"NORMAL",2019-01-02,2026-01-01,NA,NA,0
-44.7787262093836,-20.9693287614378,"NORMAL",2019-01-02,2026-01-01,NA,NA,0
-44.7787262093836,-20.9692389299094,"NORMAL",2019-01-02,2026-01-01,NA,NA,0
-44.7787262093836,-20.969149098381,"NORMAL",2019-01-02,2026-01-01,NA,NA,0
-44.7787262093836,-20.9690592668525,"NORMAL",2019-01-02,2026-01-01,NA,NA,0
-44.7787262093836,-20.9689694353241,"NORMAL",2019-01-02,2026-01-01,NA,NA,0
-44.7787262093836,-20.9688796037957,"NORMAL",2019-01-02,2026-01-01,NA,NA,0
-44.7787262093836,-20.9687897722673,"NORMAL",2019-01-02,2026-01-01,NA,NA,0
-44.7787262093836,-20.9686999407389,"NORMAL",2019-01-02,2026-01-01,NA,NA,0
-44.7787262093836,-20.9686101092105,"RECALIBRANDO",2026-08-23,NA,2026-08-22,0.146540411134273,1
-44.7787262093836,-20.9685202776821,"RECALIBRANDO",2026-07-25,NA,2026-07-24,0.0981568069967017,1
-44.7787262093836,-20.9684304461537,"NORMAL",2019-01-02,2026-01-01,NA,NA,0
-44.7787262093836,-20.9683406146253,"NORMAL",2019-01-02,2026-01-01,NA,NA,0
-44.7787262093836,-20.9682507830968,"NORMAL",2019-01-02,2026-01-01,NA,NA,0
-44.7787262093836,-20.9681609515684,"NORMAL",2019-01-02,2026-01-01,NA,NA,0
-44.7787262093836,-20.96807112004,"RECALIBRANDO",2026-08-15,NA,2026-08-14,0.118599966984447,1
-44.7787262093836,-20.9679812885116,"NORMAL",2019-01-02,2026-01-01,NA,NA,0
-44.7787262093836,-20.9678914569832,"NORMAL",2019-01-02,2026-01-01,NA,NA,0
-44.7787262093836,-20.9678016254548,"NORMAL",2019-01-02,2026-01-01,NA,NA,0
-44.7787262093836,-20.9677117939264,"RECALIBRANDO",2026-08-18,NA,2026-08-17,0.111985935935896,1
-44.7787262093836,-20.967621962398,"RECALIBRANDO",2026-08-13,NA,2026-08-12,0.12667697789286,1
-44.7787262093836,-20.9675321308695,"RECALIBRANDO",2026-08-18,NA,2026-08-17,0.106658717708416,1
-44.7787262093836,-20.9674422993411,"RECALIBRANDO",2026-08-23,NA,2026-08-22,0.100550804290416,1
-44.7787262093836,-20.9673524678127,"RECALIBRANDO",2026-08-18,NA,2026-08-17,0.110908892375543,1
-44.7787262093836,-20.9672626362843,"RECALIBRANDO",2026-08-18,NA,2026-08-17,0.131054920851976,1
-44.7787262093836,-20.9671728047559,"RECALIBRANDO",2026-08-13,NA,2026-08-12,0.1304779140519,1
-44.7787262093836,-20.9670829732275,"NORMAL",2019-01-02,2026-01-01,NA,NA,0
-44.7787262093836,-20.9669931416991,"NORMAL",2019-01-02,2026-01-01,NA,NA,0
-44.7787262093836,-20.9669033101707,"NORMAL",2019-01-02,2026-01-01,NA,NA,0
-44.7787262093836,-20.9668134786422,"NORMAL",2019-01-02,2026-01-01,NA,NA,0
-44.7787262093836,-20.9667236471138,"NORMAL",2019-01-02,2026-01-01,NA,NA,0
-44.7787262093836,-20.9666338155854,"NORMAL",2019-01-02,2026-01-01,NA,NA,0
-44.7786363778552,-20.9708558974208,"NORMAL",2019-01-02,2026-01-01,NA,NA,0
-44.7786363778552,-20.9707660658924,"NORMAL",2019-01-02,2026-01-01,NA,NA,0
-44.7786363778552,-20.970676234364,"NORMAL",2019-01-02,2026-01-01,NA,NA,0
-44.7786363778552,-20.9705864028356,"NORMAL",2019-01-02,2026-01-01,NA,NA,0
-44.7786363778552,-20.9704965713071,"NORMAL",2019-01-02,2026-01-01,NA,NA,0
-44.7786363778552,-20.9704067397787,"NORMAL",2019-01-02,2026-01-01,NA,NA,0
-44.7786363778552,-20.9703169082503,"NORMAL",2019-01-02,2026-01-01,NA,NA,0
-44.7786363778552,-20.9702270767219,"NORMAL",2019-01-02,2026-01-01,NA,NA,0
-44.7786363778552,-20.9701372451935,"NORMAL",2019-01-02,2026-01-01,NA,NA,0
-44.7786363778552,-20.9700474136651,"NORMAL",2019-01-02,2026-01-01,NA,NA,0
-44.7786363778552,-20.9699575821367,"NORMAL",2019-01-02,2026-01-01,NA,NA,0
-44.7786363778552,-20.9698677506083,"RECALIBRANDO",2026-03-17,NA,2026-03-16,0.0646013673748933,1
-44.7786363778552,-20.9697779190798,"RECALIBRANDO",2026-03-01,NA,2026-02-28,0.0745275077721318,1
-44.7786363778552,-20.9696880875514,"NORMAL",2019-01-02,2026-01-01,NA,NA,0
-44.7786363778552,-20.969598256023,"NORMAL",2019-01-02,2026-01-01,NA,NA,0
-44.7786363778552,-20.9695084244946,"NORMAL",2019-01-02,2026-01-01,NA,NA,0
-44.7786363778552,-20.9694185929662,"NORMAL",2019-01-02,2026-01-01,NA,NA,0
-44.7786363778552,-20.9693287614378,"RECALIBRANDO",2026-01-10,NA,2026-01-09,0.0781152597776378,1
-44.7786363778552,-20.9692389299094,"RECALIBRANDO",2026-01-10,NA,2026-01-09,0.0749573166324083,1
-44.7786363778552,-20.969149098381,"RECALIBRANDO",2026-01-10,NA,2026-01-09,0.0743931775922937,1
-44.7786363778552,-20.9690592668525,"NORMAL",2019-01-02,2026-01-01,NA,NA,0
-44.7786363778552,-20.9689694353241,"NORMAL",2019-01-02,2026-01-01,NA,NA,0
-44.7786363778552,-20.9688796037957,"NORMAL",2019-01-02,2026-01-01,NA,NA,0
-44.7786363778552,-20.9687897722673,"NORMAL",2019-01-02,2026-01-01,NA,NA,0
-44.7786363778552,-20.9686999407389,"NORMAL",2019-01-02,2026-01-01,NA,NA,0
-44.7786363778552,-20.9686101092105,"RECALIBRANDO",2026-09-04,NA,2026-09-03,0.122144242100465,1
-44.7786363778552,-20.9685202776821,"NORMAL",2019-01-02,2026-01-01,NA,NA,0
-44.7786363778552,-20.9684304461537,"NORMAL",2019-01-02,2026-01-01,NA,NA,0
-44.7786363778552,-20.9683406146253,"NORMAL",2019-01-02,2026-01-01,NA,NA,0
-44.7786363778552,-20.9682507830968,"NORMAL",2019-01-02,2026-01-01,NA,NA,0
-44.7786363778552,-20.9681609515684,"RECALIBRANDO",2026-06-10,NA,2026-06-09,0.160050296629958,1
-44.7786363778552,-20.96807112004,"NORMAL",2019-01-02,2026-01-01,NA,NA,0
-44.7786363778552,-20.9679812885116,"NORMAL",2019-01-02,2026-01-01,NA,NA,0
-44.7786363778552,-20.9678914569832,"NORMAL",2019-01-02,2026-01-01,NA,NA,0
-44.7786363778552,-20.9678016254548,"NORMAL",2019-01-02,2026-01-01,NA,NA,0
-44.7786363778552,-20.9677117939264,"RECALIBRANDO",2026-08-18,NA,2026-08-17,0.114552629266494,1
-44.7786363778552,-20.967621962398,"RECALIBRANDO",2026-08-18,NA,2026-08-17,0.132396983139414,1
-44.7786363778552,-20.9675321308695,"RECALIBRANDO",2026-08-18,NA,2026-08-17,0.10692251977455,1
-44.7786363778552,-20.9674422993411,"RECALIBRANDO",2026-08-18,NA,2026-08-17,0.0968589988662831,1
-44.7786363778552,-20.9673524678127,"RECALIBRANDO",2026-08-18,NA,2026-08-17,0.107051058443036,1
-44.7786363778552,-20.9672626362843,"RECALIBRANDO",2026-08-15,NA,2026-08-14,0.130873771571036,1
-44.7786363778552,-20.9671728047559,"RECALIBRANDO",2026-08-15,NA,2026-08-14,0.103533536026059,1
-44.7786363778552,-20.9670829732275,"NORMAL",2019-01-02,2026-01-01,NA,NA,0
-44.7786363778552,-20.9669931416991,"NORMAL",2019-01-02,2026-01-01,NA,NA,0
-44.7786363778552,-20.9669033101707,"NORMAL",2019-01-02,2026-01-01,NA,NA,0
-44.7786363778552,-20.9668134786422,"NORMAL",2019-01-02,2026-01-01,NA,NA,0
-44.7786363778552,-20.9667236471138,"NORMAL",2019-01-02,2026-01-01,NA,NA,0
-44.7785465463268,-20.9709457289492,"NORMAL",2019-01-02,2026-01-01,NA,NA,0
-44.7785465463268,-20.9708558974208,"NORMAL",2019-01-02,2026-01-01,NA,NA,0
-44.7785465463268,-20.9707660658924,"NORMAL",2019-01-02,2026-01-01,NA,NA,0
-44.7785465463268,-20.970676234364,"NORMAL",2019-01-02,2026-01-01,NA,NA,0
-44.7785465463268,-20.9705864028356,"NORMAL",2019-01-02,2026-01-01,NA,NA,0
-44.7785465463268,-20.9704965713071,"NORMAL",2019-01-02,2026-01-01,NA,NA,0
-44.7785465463268,-20.9704067397787,"NORMAL",2019-01-02,2026-01-01,NA,NA,0
-44.7785465463268,-20.9703169082503,"NORMAL",2019-01-02,2026-01-01,NA,NA,0
-44.7785465463268,-20.9702270767219,"NORMAL",2019-01-02,2026-01-01,NA,NA,0
-44.7785465463268,-20.9701372451935,"NORMAL",2019-01-02,2026-01-01,NA,NA,0
-44.7785465463268,-20.9700474136651,"NORMAL",2019-01-02,2026-01-01,NA,NA,0
-44.7785465463268,-20.9699575821367,"NORMAL",2019-01-02,2026-01-01,NA,NA,0
-44.7785465463268,-20.9698677506083,"NORMAL",2019-01-02,2026-01-01,NA,NA,0
-44.7785465463268,-20.9697779190798,"RECALIBRANDO",2026-03-01,NA,2026-02-28,0.0672405272620067,1
-44.7785465463268,-20.9696880875514,"NORMAL",2019-01-02,2026-01-01,NA,NA,0
-44.7785465463268,-20.969598256023,"NORMAL",2019-01-02,2026-01-01,NA,NA,0
-44.7785465463268,-20.9695084244946,"NORMAL",2019-01-02,2026-01-01,NA,NA,0
-44.7785465463268,-20.9694185929662,"NORMAL",2019-01-02,2026-01-01,NA,NA,0
-44.7785465463268,-20.9693287614378,"RECALIBRANDO",2026-01-10,NA,2026-01-09,0.0884641509875301,1
-44.7785465463268,-20.9692389299094,"RECALIBRANDO",2026-01-10,NA,2026-01-09,0.0864200090102674,1
-44.7785465463268,-20.969149098381,"RECALIBRANDO",2026-01-10,NA,2026-01-09,0.0889945600768531,1
-44.7785465463268,-20.9690592668525,"NORMAL",2019-01-02,2026-01-01,NA,NA,0
-44.7785465463268,-20.9689694353241,"NORMAL",2019-01-02,2026-01-01,NA,NA,0
-44.7785465463268,-20.9688796037957,"NORMAL",2019-01-02,2026-01-01,NA,NA,0
-44.7785465463268,-20.9687897722673,"NORMAL",2019-01-02,2026-01-01,NA,NA,0
-44.7785465463268,-20.9686999407389,"NORMAL",2019-01-02,2026-01-01,NA,NA,0
-44.7785465463268,-20.9686101092105,"RECALIBRANDO",2026-09-03,NA,2026-09-02,0.118116008835404,1
-44.7785465463268,-20.9685202776821,"NORMAL",2019-01-02,2026-01-01,NA,NA,0
-44.7785465463268,-20.9684304461537,"NORMAL",2019-01-02,2026-01-01,NA,NA,0
-44.7785465463268,-20.9683406146253,"NORMAL",2019-01-02,2026-01-01,NA,NA,0
-44.7785465463268,-20.9682507830968,"NORMAL",2019-01-02,2026-01-01,NA,NA,0
-44.7785465463268,-20.9681609515684,"RECALIBRANDO",2026-08-15,NA,2026-08-14,0.111799329673478,1
-44.7785465463268,-20.96807112004,"NORMAL",2019-01-02,2026-01-01,NA,NA,0
-44.7785465463268,-20.9679812885116,"NORMAL",2019-01-02,2026-01-01,NA,NA,0
-44.7785465463268,-20.9678914569832,"NORMAL",2019-01-02,2026-01-01,NA,NA,0
-44.7785465463268,-20.9678016254548,"NORMAL",2019-01-02,2026-01-01,NA,NA,0
-44.7785465463268,-20.9677117939264,"RECALIBRANDO",2026-08-18,NA,2026-08-17,0.108476297979193,1
-44.7785465463268,-20.967621962398,"RECALIBRANDO",2026-08-18,NA,2026-08-17,0.127675449470956,1
-44.7785465463268,-20.9675321308695,"RECALIBRANDO",2026-08-15,NA,2026-08-14,0.109158420039488,1
-44.7785465463268,-20.9674422993411,"RECALIBRANDO",2026-08-15,NA,2026-08-14,0.109885590198959,1
-44.7785465463268,-20.9673524678127,"RECALIBRANDO",2026-08-18,NA,2026-08-17,0.103418595577159,1
-44.7785465463268,-20.9672626362843,"RECALIBRANDO",2026-08-13,NA,2026-08-12,0.124661698426922,1
-44.7785465463268,-20.9671728047559,"RECALIBRANDO",2026-09-04,NA,2026-09-03,0.0783937536749121,1
-44.7785465463268,-20.9670829732275,"NORMAL",2019-01-02,2026-01-01,NA,NA,0
-44.7785465463268,-20.9669931416991,"NORMAL",2019-01-02,2026-01-01,NA,NA,0
-44.7785465463268,-20.9669033101707,"NORMAL",2019-01-02,2026-01-01,NA,NA,0
-44.7785465463268,-20.9668134786422,"NORMAL",2019-01-02,2026-01-01,NA,NA,0
-44.7785465463268,-20.9667236471138,"NORMAL",2019-01-02,2026-01-01,NA,NA,0
-44.7784567147984,-20.9709457289492,"NORMAL",2019-01-02,2026-01-01,NA,NA,0
-44.7784567147984,-20.9708558974208,"NORMAL",2019-01-02,2026-01-01,NA,NA,0
-44.7784567147984,-20.9707660658924,"NORMAL",2019-01-02,2026-01-01,NA,NA,0
-44.7784567147984,-20.970676234364,"NORMAL",2019-01-02,2026-01-01,NA,NA,0
-44.7784567147984,-20.9705864028356,"NORMAL",2019-01-02,2026-01-01,NA,NA,0
-44.7784567147984,-20.9704965713071,"NORMAL",2019-01-02,2026-01-01,NA,NA,0
-44.7784567147984,-20.9697779190798,"RECALIBRANDO",2026-03-01,NA,2026-02-28,0.0672405272620067,1
-44.7784567147984,-20.9696880875514,"NORMAL",2019-01-02,2026-01-01,NA,NA,0
-44.7784567147984,-20.969598256023,"NORMAL",2019-01-02,2026-01-01,NA,NA,0
-44.7784567147984,-20.9695084244946,"NORMAL",2019-01-02,2026-01-01,NA,NA,0
-44.7784567147984,-20.9694185929662,"NORMAL",2019-01-02,2026-01-01,NA,NA,0
-44.7784567147984,-20.9693287614378,"RECALIBRANDO",2026-01-10,NA,2026-01-09,0.0884641509875301,1
-44.7784567147984,-20.9692389299094,"RECALIBRANDO",2026-01-10,NA,2026-01-09,0.0864200090102674,1
-44.7784567147984,-20.969149098381,"RECALIBRANDO",2026-01-10,NA,2026-01-09,0.0889945600768531,1
-44.7784567147984,-20.9690592668525,"NORMAL",2019-01-02,2026-01-01,NA,NA,0
-44.7784567147984,-20.9689694353241,"NORMAL",2019-01-02,2026-01-01,NA,NA,0
-44.7784567147984,-20.9688796037957,"NORMAL",2019-01-02,2026-01-01,NA,NA,0
-44.7784567147984,-20.9687897722673,"NORMAL",2019-01-02,2026-01-01,NA,NA,0
-44.7784567147984,-20.9686999407389,"NORMAL",2019-01-02,2026-01-01,NA,NA,0
-44.7784567147984,-20.9686101092105,"RECALIBRANDO",2026-09-03,NA,2026-09-02,0.118116008835404,1
-44.7784567147984,-20.9685202776821,"NORMAL",2019-01-02,2026-01-01,NA,NA,0
-44.7784567147984,-20.9684304461537,"NORMAL",2019-01-02,2026-01-01,NA,NA,0
-44.7784567147984,-20.9683406146253,"NORMAL",2019-01-02,2026-01-01,NA,NA,0
-44.7784567147984,-20.9682507830968,"NORMAL",2019-01-02,2026-01-01,NA,NA,0
-44.7784567147984,-20.9681609515684,"RECALIBRANDO",2026-08-15,NA,2026-08-14,0.111799329673478,1
-44.7784567147984,-20.96807112004,"NORMAL",2019-01-02,2026-01-01,NA,NA,0
-44.7784567147984,-20.9679812885116,"NORMAL",2019-01-02,2026-01-01,NA,NA,0
-44.7784567147984,-20.9678914569832,"NORMAL",2019-01-02,2026-01-01,NA,NA,0
-44.7784567147984,-20.9678016254548,"NORMAL",2019-01-02,2026-01-01,NA,NA,0
-44.7784567147984,-20.9677117939264,"RECALIBRANDO",2026-08-18,NA,2026-08-17,0.108476297979193,1
-44.7784567147984,-20.967621962398,"RECALIBRANDO",2026-08-18,NA,2026-08-17,0.127675449470956,1
-44.7784567147984,-20.9675321308695,"RECALIBRANDO",2026-08-15,NA,2026-08-14,0.109158420039488,1
-44.7784567147984,-20.9674422993411,"RECALIBRANDO",2026-08-15,NA,2026-08-14,0.109885590198959,1
-44.7784567147984,-20.9673524678127,"RECALIBRANDO",2026-08-18,NA,2026-08-17,0.103418595577159,1
-44.7784567147984,-20.9672626362843,"RECALIBRANDO",2026-08-13,NA,2026-08-12,0.124661698426922,1
-44.7784567147984,-20.9671728047559,"RECALIBRANDO",2026-09-04,NA,2026-09-03,0.0783937536749121,1
-44.7784567147984,-20.9670829732275,"NORMAL",2019-01-02,2026-01-01,NA,NA,0
-44.7784567147984,-20.9669931416991,"NORMAL",2019-01-02,2026-01-01,NA,NA,0
-44.7784567147984,-20.9669033101707,"NORMAL",2019-01-02,2026-01-01,NA,NA,0
-44.7784567147984,-20.9668134786422,"NORMAL",2019-01-02,2026-01-01,NA,NA,0
-44.77836688327,-20.9709457289492,"NORMAL",2019-01-02,2026-01-01,NA,NA,0
-44.77836688327,-20.9708558974208,"NORMAL",2019-01-02,2026-01-01,NA,NA,0
-44.77836688327,-20.9707660658924,"NORMAL",2019-01-02,2026-01-01,NA,NA,0
-44.77836688327,-20.970676234364,"NORMAL",2019-01-02,2026-01-01,NA,NA,0
-44.77836688327,-20.9696880875514,"NORMAL",2019-01-02,2026-01-01,NA,NA,0
-44.77836688327,-20.969598256023,"RECALIBRANDO",2026-01-10,NA,2026-01-09,0.0850236632572715,1
-44.77836688327,-20.9695084244946,"NORMAL",2019-01-02,2026-01-01,NA,NA,0
-44.77836688327,-20.9694185929662,"RECALIBRANDO",2026-01-10,NA,2026-01-09,0.108206014176916,1
-44.77836688327,-20.9693287614378,"RECALIBRANDO",2026-01-10,NA,2026-01-09,0.091911553758587,1
-44.77836688327,-20.9692389299094,"NORMAL",2019-01-02,2026-01-01,NA,NA,0
-44.77836688327,-20.969149098381,"NORMAL",2019-01-02,2026-01-01,NA,NA,0
-44.77836688327,-20.9690592668525,"NORMAL",2019-01-02,2026-01-01,NA,NA,0
-44.77836688327,-20.9689694353241,"NORMAL",2019-01-02,2026-01-01,NA,NA,0
-44.77836688327,-20.9688796037957,"NORMAL",2019-01-02,2026-01-01,NA,NA,0
-44.77836688327,-20.9687897722673,"NORMAL",2019-01-02,2026-01-01,NA,NA,0
-44.77836688327,-20.9686999407389,"RECALIBRANDO",2026-09-04,NA,2026-09-03,0.129282759087746,1
-44.77836688327,-20.9686101092105,"RECALIBRANDO",2026-07-30,NA,2026-07-29,0.151932977137087,1
-44.77836688327,-20.9685202776821,"NORMAL",2019-01-02,2026-01-01,NA,NA,0
-44.77836688327,-20.9684304461537,"NORMAL",2019-01-02,2026-01-01,NA,NA,0
-44.77836688327,-20.9683406146253,"NORMAL",2019-01-02,2026-01-01,NA,NA,0
-44.77836688327,-20.9682507830968,"NORMAL",2019-01-02,2026-01-01,NA,NA,0
-44.77836688327,-20.9681609515684,"NORMAL",2019-01-02,2026-01-01,NA,NA,0
-44.77836688327,-20.96807112004,"NORMAL",2019-01-02,2026-01-01,NA,NA,0
-44.77836688327,-20.9679812885116,"NORMAL",2019-01-02,2026-01-01,NA,NA,0
-44.77836688327,-20.9678914569832,"NORMAL",2019-01-02,2026-01-01,NA,NA,0
-44.77836688327,-20.9678016254548,"NORMAL",2019-01-02,2026-01-01,NA,NA,0
-44.77836688327,-20.9677117939264,"RECALIBRANDO",2026-08-18,NA,2026-08-17,0.123369815771072,1
-44.77836688327,-20.967621962398,"RECALIBRANDO",2026-08-23,NA,2026-08-22,0.132861784789871,1
-44.77836688327,-20.9675321308695,"RECALIBRANDO",2026-08-23,NA,2026-08-22,0.128319597244027,1
-44.77836688327,-20.9674422993411,"RECALIBRANDO",2026-08-15,NA,2026-08-14,0.115710498022665,1
-44.77836688327,-20.9673524678127,"RECALIBRANDO",2026-08-15,NA,2026-08-14,0.116096010561132,1
-44.77836688327,-20.9672626362843,"RECALIBRANDO",2026-08-18,NA,2026-08-17,0.102253322677821,1
-44.77836688327,-20.9671728047559,"NORMAL",2019-01-02,2026-01-01,NA,NA,0
-44.77836688327,-20.9670829732275,"NORMAL",2019-01-02,2026-01-01,NA,NA,0
-44.77836688327,-20.9669931416991,"NORMAL",2019-01-02,2026-01-01,NA,NA,0
-44.77836688327,-20.9669033101707,"NORMAL",2019-01-02,2026-01-01,NA,NA,0
-44.77836688327,-20.9668134786422,"NORMAL",2019-01-02,2026-01-01,NA,NA,0
-44.7782770517416,-20.9709457289492,"NORMAL",2019-01-02,2026-01-01,NA,NA,0
-44.7782770517416,-20.969598256023,"RECALIBRANDO",2026-01-10,NA,2026-01-09,0.0991037830581555,1
-44.7782770517416,-20.9695084244946,"NORMAL",2019-01-02,2026-01-01,NA,NA,0
-44.7782770517416,-20.9694185929662,"NORMAL",2019-01-02,2026-01-01,NA,NA,0
-44.7782770517416,-20.9693287614378,"NORMAL",2019-01-02,2026-01-01,NA,NA,0
-44.7782770517416,-20.9692389299094,"NORMAL",2019-01-02,2026-01-01,NA,NA,0
-44.7782770517416,-20.969149098381,"RECALIBRANDO",2026-01-10,NA,2026-01-09,0.104377606274423,1
-44.7782770517416,-20.9690592668525,"NORMAL",2019-01-02,2026-01-01,NA,NA,0
-44.7782770517416,-20.9689694353241,"NORMAL",2019-01-02,2026-01-01,NA,NA,0
-44.7782770517416,-20.9688796037957,"NORMAL",2019-01-02,2026-01-01,NA,NA,0
-44.7782770517416,-20.9687897722673,"NORMAL",2019-01-02,2026-01-01,NA,NA,0
-44.7782770517416,-20.9686999407389,"RECALIBRANDO",2026-08-13,NA,2026-08-12,0.162442795077875,1
-44.7782770517416,-20.9686101092105,"RECALIBRANDO",2026-07-20,NA,2026-07-19,0.136351170225433,1
-44.7782770517416,-20.9685202776821,"NORMAL",2019-01-02,2026-01-01,NA,NA,0
-44.7782770517416,-20.9684304461537,"NORMAL",2019-01-02,2026-01-01,NA,NA,0
-44.7782770517416,-20.9683406146253,"NORMAL",2019-01-02,2026-01-01,NA,NA,0
-44.7782770517416,-20.9682507830968,"RECALIBRANDO",2026-08-18,NA,2026-08-17,0.107406191228023,1
-44.7782770517416,-20.9681609515684,"NORMAL",2019-01-02,2026-01-01,NA,NA,0
-44.7782770517416,-20.96807112004,"NORMAL",2019-01-02,2026-01-01,NA,NA,0
-44.7782770517416,-20.9679812885116,"NORMAL",2019-01-02,2026-01-01,NA,NA,0
-44.7782770517416,-20.9678914569832,"NORMAL",2019-01-02,2026-01-01,NA,NA,0
-44.7782770517416,-20.9678016254548,"NORMAL",2019-01-02,2026-01-01,NA,NA,0
-44.7782770517416,-20.9677117939264,"RECALIBRANDO",2026-09-03,NA,2026-09-02,0.118077057317383,1
-44.7782770517416,-20.967621962398,"RECALIBRANDO",2026-08-23,NA,2026-08-22,0.112375216016425,1
-44.7782770517416,-20.9675321308695,"RECALIBRANDO",2026-08-23,NA,2026-08-22,0.13611880346657,1
-44.7782770517416,-20.9674422993411,"RECALIBRANDO",2026-08-18,NA,2026-08-17,0.122722885193593,1
-44.7782770517416,-20.9673524678127,"RECALIBRANDO",2026-08-15,NA,2026-08-14,0.11691763349766,1
-44.7782770517416,-20.9672626362843,"NORMAL",2019-01-02,2026-01-01,NA,NA,0
-44.7782770517416,-20.9671728047559,"NORMAL",2019-01-02,2026-01-01,NA,NA,0
-44.7782770517416,-20.9670829732275,"NORMAL",2019-01-02,2026-01-01,NA,NA,0
-44.7782770517416,-20.9669931416991,"NORMAL",2019-01-02,2026-01-01,NA,NA,0
-44.7782770517416,-20.9669033101707,"NORMAL",2019-01-02,2026-01-01,NA,NA,0
-44.7782770517416,-20.9668134786422,"NORMAL",2019-01-02,2026-01-01,NA,NA,0
-44.7781872202132,-20.9693287614378,"RECALIBRANDO",2026-01-10,NA,2026-01-09,0.109415600062737,1
-44.7781872202132,-20.9692389299094,"RECALIBRANDO",2026-01-10,NA,2026-01-09,0.0759811860854754,1
-44.7781872202132,-20.969149098381,"RECALIBRANDO",2026-01-10,NA,2026-01-09,0.0809118244582008,1
-44.7781872202132,-20.9690592668525,"NORMAL",2019-01-02,2026-01-01,NA,NA,0
-44.7781872202132,-20.9689694353241,"NORMAL",2019-01-02,2026-01-01,NA,NA,0
-44.7781872202132,-20.9688796037957,"NORMAL",2019-01-02,2026-01-01,NA,NA,0
-44.7781872202132,-20.9687897722673,"NORMAL",2019-01-02,2026-01-01,NA,NA,0
-44.7781872202132,-20.9686999407389,"RECALIBRANDO",2026-08-15,NA,2026-08-14,0.153060091926228,1
-44.7781872202132,-20.9686101092105,"NORMAL",2019-01-02,2026-01-01,NA,NA,0
-44.7781872202132,-20.9685202776821,"NORMAL",2019-01-02,2026-01-01,NA,NA,0
-44.7781872202132,-20.9684304461537,"NORMAL",2019-01-02,2026-01-01,NA,NA,0
-44.7781872202132,-20.9683406146253,"NORMAL",2019-01-02,2026-01-01,NA,NA,0
-44.7781872202132,-20.9682507830968,"NORMAL",2019-01-02,2026-01-01,NA,NA,0
-44.7781872202132,-20.9681609515684,"NORMAL",2019-01-02,2026-01-01,NA,NA,0
-44.7781872202132,-20.96807112004,"NORMAL",2019-01-02,2026-01-01,NA,NA,0
-44.7781872202132,-20.9679812885116,"NORMAL",2019-01-02,2026-01-01,NA,NA,0
-44.7781872202132,-20.9678914569832,"NORMAL",2019-01-02,2026-01-01,NA,NA,0
-44.7781872202132,-20.9678016254548,"NORMAL",2019-01-02,2026-01-01,NA,NA,0
-44.7781872202132,-20.9677117939264,"RECALIBRANDO",2026-08-29,NA,2026-08-28,0.119358715112805,1
-44.7781872202132,-20.967621962398,"RECALIBRANDO",2026-08-23,NA,2026-08-22,0.132240162859833,1
-44.7781872202132,-20.9675321308695,"RECALIBRANDO",2026-08-15,NA,2026-08-14,0.128418622443018,1
-44.7781872202132,-20.9674422993411,"RECALIBRANDO",2026-08-15,NA,2026-08-14,0.125133773572217,1
-44.7781872202132,-20.9673524678127,"RECALIBRANDO",2026-08-13,NA,2026-08-12,0.132068413004137,1
-44.7781872202132,-20.9672626362843,"NORMAL",2019-01-02,2026-01-01,NA,NA,0
-44.7781872202132,-20.9671728047559,"NORMAL",2019-01-02,2026-01-01,NA,NA,0
-44.7781872202132,-20.9670829732275,"NORMAL",2019-01-02,2026-01-01,NA,NA,0
-44.7781872202132,-20.9669931416991,"NORMAL",2019-01-02,2026-01-01,NA,NA,0
-44.7781872202132,-20.9669033101707,"NORMAL",2019-01-02,2026-01-01,NA,NA,0
-44.7780973886848,-20.9688796037957,"NORMAL",2019-01-02,2026-01-01,NA,NA,0
-44.7780973886848,-20.9687897722673,"NORMAL",2019-01-02,2026-01-01,NA,NA,0
-44.7780973886848,-20.9686999407389,"RECALIBRANDO",2026-07-30,NA,2026-07-29,0.1193984408616,1
-44.7780973886848,-20.9686101092105,"NORMAL",2019-01-02,2026-01-01,NA,NA,0
-44.7780973886848,-20.9685202776821,"NORMAL",2019-01-02,2026-01-01,NA,NA,0
-44.7780973886848,-20.9684304461537,"NORMAL",2019-01-02,2026-01-01,NA,NA,0
-44.7780973886848,-20.9683406146253,"RECALIBRANDO",2026-06-20,NA,2026-06-19,0.124652589547393,1
-44.7780973886848,-20.9682507830968,"NORMAL",2019-01-02,2026-01-01,NA,NA,0
-44.7780973886848,-20.9681609515684,"NORMAL",2019-01-02,2026-01-01,NA,NA,0
-44.7780973886848,-20.96807112004,"NORMAL",2019-01-02,2026-01-01,NA,NA,0
-44.7780973886848,-20.9679812885116,"NORMAL",2019-01-02,2026-01-01,NA,NA,0
-44.7780973886848,-20.9678914569832,"NORMAL",2019-01-02,2026-01-01,NA,NA,0
-44.7780973886848,-20.9678016254548,"RECALIBRANDO",2026-08-23,NA,2026-08-22,0.115587429409969,1
-44.7780973886848,-20.9677117939264,"RECALIBRANDO",2026-08-15,NA,2026-08-14,0.123100860129358,1
-44.7780973886848,-20.967621962398,"RECALIBRANDO",2026-08-13,NA,2026-08-12,0.13849040927923,1
-44.7780973886848,-20.9675321308695,"RECALIBRANDO",2026-08-15,NA,2026-08-14,0.125131029817642,1
-44.7780973886848,-20.9674422993411,"RECALIBRANDO",2026-08-15,NA,2026-08-14,0.113209966978496,1
-44.7780973886848,-20.9673524678127,"RECALIBRANDO",2026-08-15,NA,2026-08-14,0.111512502976082,1
-44.7780973886848,-20.9672626362843,"NORMAL",2019-01-02,2026-01-01,NA,NA,0
-44.7780973886848,-20.9671728047559,"NORMAL",2019-01-02,2026-01-01,NA,NA,0
-44.7780973886848,-20.9670829732275,"NORMAL",2019-01-02,2026-01-01,NA,NA,0
-44.7780973886848,-20.9669931416991,"NORMAL",2019-01-02,2026-01-01,NA,NA,0
-44.7780973886848,-20.9669033101707,"NORMAL",2019-01-02,2026-01-01,NA,NA,0
-44.7780075571563,-20.9686999407389,"NORMAL",2019-01-02,2026-01-01,NA,NA,0
-44.7780075571563,-20.9686101092105,"NORMAL",2019-01-02,2026-01-01,NA,NA,0
-44.7780075571563,-20.9685202776821,"NORMAL",2019-01-02,2026-01-01,NA,NA,0
-44.7780075571563,-20.9684304461537,"NORMAL",2019-01-02,2026-01-01,NA,NA,0
-44.7780075571563,-20.9683406146253,"NORMAL",2019-01-02,2026-01-01,NA,NA,0
-44.7780075571563,-20.9682507830968,"NORMAL",2019-01-02,2026-01-01,NA,NA,0
-44.7780075571563,-20.9681609515684,"NORMAL",2019-01-02,2026-01-01,NA,NA,0
-44.7780075571563,-20.96807112004,"NORMAL",2019-01-02,2026-01-01,NA,NA,0
-44.7780075571563,-20.9679812885116,"NORMAL",2019-01-02,2026-01-01,NA,NA,0
-44.7780075571563,-20.9678914569832,"NORMAL",2019-01-02,2026-01-01,NA,NA,0
-44.7780075571563,-20.9678016254548,"RECALIBRANDO",2026-08-18,NA,2026-08-17,0.121810412959352,1
-44.7780075571563,-20.9677117939264,"RECALIBRANDO",2026-08-15,NA,2026-08-14,0.124023188023057,1
-44.7780075571563,-20.967621962398,"RECALIBRANDO",2026-08-15,NA,2026-08-14,0.127467817624829,1
-44.7780075571563,-20.9675321308695,"RECALIBRANDO",2026-08-18,NA,2026-08-17,0.115746892672449,1
-44.7780075571563,-20.9674422993411,"RECALIBRANDO",2026-08-18,NA,2026-08-17,0.112855329774398,1
-44.7780075571563,-20.9673524678127,"RECALIBRANDO",2026-08-29,NA,2026-08-28,0.0984692691621911,1
-44.7780075571563,-20.9672626362843,"NORMAL",2019-01-02,2026-01-01,NA,NA,0
-44.7780075571563,-20.9671728047559,"NORMAL",2019-01-02,2026-01-01,NA,NA,0
-44.7780075571563,-20.9670829732275,"NORMAL",2019-01-02,2026-01-01,NA,NA,0
-44.7780075571563,-20.9669931416991,"NORMAL",2019-01-02,2026-01-01,NA,NA,0
-44.7779177256279,-20.9686999407389,"NORMAL",2019-01-02,2026-01-01,NA,NA,0
-44.7779177256279,-20.9686101092105,"NORMAL",2019-01-02,2026-01-01,NA,NA,0
-44.7779177256279,-20.9685202776821,"NORMAL",2019-01-02,2026-01-01,NA,NA,0
-44.7779177256279,-20.9684304461537,"RECALIBRANDO",2026-06-24,NA,2026-06-23,0.114141282291929,1
-44.7779177256279,-20.9683406146253,"NORMAL",2019-01-02,2026-01-01,NA,NA,0
-44.7779177256279,-20.9682507830968,"NORMAL",2019-01-02,2026-01-01,NA,NA,0
-44.7779177256279,-20.9681609515684,"NORMAL",2019-01-02,2026-01-01,NA,NA,0
-44.7779177256279,-20.96807112004,"NORMAL",2019-01-02,2026-01-01,NA,NA,0
-44.7779177256279,-20.9679812885116,"NORMAL",2019-01-02,2026-01-01,NA,NA,0
-44.7779177256279,-20.9678914569832,"RECALIBRANDO",2026-09-04,NA,2026-09-03,0.104496523417426,1
-44.7779177256279,-20.9678016254548,"RECALIBRANDO",2026-08-18,NA,2026-08-17,0.112366017156299,1
-44.7779177256279,-20.9677117939264,"RECALIBRANDO",2026-08-15,NA,2026-08-14,0.127765806422689,1
-44.7779177256279,-20.967621962398,"RECALIBRANDO",2026-08-15,NA,2026-08-14,0.134523745674748,1
-44.7779177256279,-20.9675321308695,"RECALIBRANDO",2026-08-18,NA,2026-08-17,0.115452581417947,1
-44.7779177256279,-20.9674422993411,"RECALIBRANDO",2026-08-18,NA,2026-08-17,0.105745571943961,1
-44.7779177256279,-20.9673524678127,"NORMAL",2019-01-02,2026-01-01,NA,NA,0
-44.7779177256279,-20.9672626362843,"NORMAL",2019-01-02,2026-01-01,NA,NA,0
-44.7779177256279,-20.9671728047559,"NORMAL",2019-01-02,2026-01-01,NA,NA,0
-44.7779177256279,-20.9670829732275,"NORMAL",2019-01-02,2026-01-01,NA,NA,0
-44.7779177256279,-20.9669931416991,"NORMAL",2019-01-02,2026-01-01,NA,NA,0
-44.7778278940995,-20.9686101092105,"NORMAL",2019-01-02,2026-01-01,NA,NA,0
-44.7778278940995,-20.9685202776821,"RECALIBRANDO",2026-07-09,NA,2026-07-08,0.107413889414788,1
-44.7778278940995,-20.9684304461537,"NORMAL",2019-01-02,2026-01-01,NA,NA,0
-44.7778278940995,-20.9683406146253,"NORMAL",2019-01-02,2026-01-01,NA,NA,0
-44.7778278940995,-20.9682507830968,"NORMAL",2019-01-02,2026-01-01,NA,NA,0
-44.7778278940995,-20.9681609515684,"NORMAL",2019-01-02,2026-01-01,NA,NA,0
-44.7778278940995,-20.96807112004,"NORMAL",2019-01-02,2026-01-01,NA,NA,0
-44.7778278940995,-20.9679812885116,"NORMAL",2019-01-02,2026-01-01,NA,NA,0
-44.7778278940995,-20.9678914569832,"RECALIBRANDO",2026-08-18,NA,2026-08-17,0.10825680639323,1
-44.7778278940995,-20.9678016254548,"RECALIBRANDO",2026-08-18,NA,2026-08-17,0.115087131162027,1
-44.7778278940995,-20.9677117939264,"RECALIBRANDO",2026-08-15,NA,2026-08-14,0.115202520870855,1
-44.7778278940995,-20.967621962398,"RECALIBRANDO",2026-08-18,NA,2026-08-17,0.119253798108822,1
-44.7778278940995,-20.9675321308695,"RECALIBRANDO",2026-08-18,NA,2026-08-17,0.116770355295411,1
-44.7778278940995,-20.9674422993411,"RECALIBRANDO",2026-09-03,NA,2026-09-02,0.0893581210055676,1
-44.7778278940995,-20.9673524678127,"NORMAL",2019-01-02,2026-01-01,NA,NA,0
-44.7778278940995,-20.9672626362843,"NORMAL",2019-01-02,2026-01-01,NA,NA,0
-44.7778278940995,-20.9671728047559,"NORMAL",2019-01-02,2026-01-01,NA,NA,0
-44.7778278940995,-20.9670829732275,"NORMAL",2019-01-02,2026-01-01,NA,NA,0
-44.7777380625711,-20.9685202776821,"NORMAL",2019-01-02,2026-01-01,NA,NA,0
-44.7777380625711,-20.9684304461537,"NORMAL",2019-01-02,2026-01-01,NA,NA,0
-44.7777380625711,-20.9683406146253,"NORMAL",2019-01-02,2026-01-01,NA,NA,0
-44.7777380625711,-20.9682507830968,"NORMAL",2019-01-02,2026-01-01,NA,NA,0
-44.7777380625711,-20.9681609515684,"NORMAL",2019-01-02,2026-01-01,NA,NA,0
-44.7777380625711,-20.96807112004,"NORMAL",2019-01-02,2026-01-01,NA,NA,0
-44.7777380625711,-20.9679812885116,"NORMAL",2019-01-02,2026-01-01,NA,NA,0
-44.7777380625711,-20.9678914569832,"NORMAL",2019-01-02,2026-01-01,NA,NA,0
-44.7777380625711,-20.9678016254548,"RECALIBRANDO",2026-08-18,NA,2026-08-17,0.115498991575381,1
-44.7777380625711,-20.9677117939264,"RECALIBRANDO",2026-08-18,NA,2026-08-17,0.109096000718801,1
-44.7777380625711,-20.967621962398,"RECALIBRANDO",2026-09-03,NA,2026-09-02,0.108969045119049,1
-44.7777380625711,-20.9675321308695,"RECALIBRANDO",2026-08-18,NA,2026-08-17,0.108077960516186,1
-44.7777380625711,-20.9674422993411,"NORMAL",2019-01-02,2026-01-01,NA,NA,0
-44.7777380625711,-20.9673524678127,"NORMAL",2019-01-02,2026-01-01,NA,NA,0
-44.7777380625711,-20.9672626362843,"NORMAL",2019-01-02,2026-01-01,NA,NA,0
-44.7777380625711,-20.9671728047559,"NORMAL",2019-01-02,2026-01-01,NA,NA,0
-44.7777380625711,-20.9670829732275,"NORMAL",2019-01-02,2026-01-01,NA,NA,0
-44.7776482310427,-20.9685202776821,"NORMAL",2019-01-02,2026-01-01,NA,NA,0
-44.7776482310427,-20.9684304461537,"NORMAL",2019-01-02,2026-01-01,NA,NA,0
-44.7776482310427,-20.9683406146253,"NORMAL",2019-01-02,2026-01-01,NA,NA,0
-44.7776482310427,-20.9682507830968,"NORMAL",2019-01-02,2026-01-01,NA,NA,0
-44.7776482310427,-20.9681609515684,"NORMAL",2019-01-02,2026-01-01,NA,NA,0
-44.7776482310427,-20.96807112004,"NORMAL",2019-01-02,2026-01-01,NA,NA,0
-44.7776482310427,-20.9679812885116,"NORMAL",2019-01-02,2026-01-01,NA,NA,0
-44.7776482310427,-20.9678914569832,"NORMAL",2019-01-02,2026-01-01,NA,NA,0
-44.7776482310427,-20.9678016254548,"NORMAL",2019-01-02,2026-01-01,NA,NA,0
-44.7776482310427,-20.9677117939264,"NORMAL",2019-01-02,2026-01-01,NA,NA,0
-44.7776482310427,-20.967621962398,"RECALIBRANDO",2026-09-03,NA,2026-09-02,0.111919088529676,1
-44.7776482310427,-20.9675321308695,"RECALIBRANDO",2026-08-29,NA,2026-08-28,0.098611035437502,1
-44.7776482310427,-20.9674422993411,"NORMAL",2019-01-02,2026-01-01,NA,NA,0
-44.7776482310427,-20.9673524678127,"NORMAL",2019-01-02,2026-01-01,NA,NA,0
-44.7776482310427,-20.9672626362843,"NORMAL",2019-01-02,2026-01-01,NA,NA,0
-44.7776482310427,-20.9671728047559,"NORMAL",2019-01-02,2026-01-01,NA,NA,0
-44.7776482310427,-20.9670829732275,"NORMAL",2019-01-02,2026-01-01,NA,NA,0
-44.7775583995143,-20.9684304461537,"NORMAL",2019-01-02,2026-01-01,NA,NA,0
-44.7775583995143,-20.9683406146253,"NORMAL",2019-01-02,2026-01-01,NA,NA,0
-44.7775583995143,-20.9682507830968,"NORMAL",2019-01-02,2026-01-01,NA,NA,0
-44.7775583995143,-20.9681609515684,"NORMAL",2019-01-02,2026-01-01,NA,NA,0
-44.7775583995143,-20.96807112004,"NORMAL",2019-01-02,2026-01-01,NA,NA,0
-44.7775583995143,-20.9679812885116,"NORMAL",2019-01-02,2026-01-01,NA,NA,0
-44.7775583995143,-20.9678914569832,"RECALIBRANDO",2026-09-03,NA,2026-09-02,0.106498942642817,1
-44.7775583995143,-20.9678016254548,"NORMAL",2019-01-02,2026-01-01,NA,NA,0
-44.7775583995143,-20.9677117939264,"NORMAL",2019-01-02,2026-01-01,NA,NA,0
-44.7775583995143,-20.967621962398,"RECALIBRANDO",2026-09-04,NA,2026-09-03,0.101820731461746,1
-44.7775583995143,-20.9675321308695,"RECALIBRANDO",2026-09-04,NA,2026-09-03,0.080280969375825,1
-44.7775583995143,-20.9674422993411,"NORMAL",2019-01-02,2026-01-01,NA,NA,0
-44.7775583995143,-20.9673524678127,"NORMAL",2019-01-02,2026-01-01,NA,NA,0
-44.7775583995143,-20.9672626362843,"NORMAL",2019-01-02,2026-01-01,NA,NA,0
-44.7775583995143,-20.9671728047559,"NORMAL",2019-01-02,2026-01-01,NA,NA,0
-44.7774685679859,-20.9683406146253,"NORMAL",2019-01-02,2026-01-01,NA,NA,0
-44.7774685679859,-20.9682507830968,"NORMAL",2019-01-02,2026-01-01,NA,NA,0
-44.7774685679859,-20.9681609515684,"NORMAL",2019-01-02,2026-01-01,NA,NA,0
-44.7774685679859,-20.96807112004,"NORMAL",2019-01-02,2026-01-01,NA,NA,0
-44.7774685679859,-20.9679812885116,"RECALIBRANDO",2026-08-29,NA,2026-08-28,0.125057497060954,1
-44.7774685679859,-20.9678914569832,"NORMAL",2019-01-02,2026-01-01,NA,NA,0
-44.7774685679859,-20.9678016254548,"NORMAL",2019-01-02,2026-01-01,NA,NA,0
-44.7774685679859,-20.9677117939264,"NORMAL",2019-01-02,2026-01-01,NA,NA,0
-44.7774685679859,-20.967621962398,"RECALIBRANDO",2026-09-04,NA,2026-09-03,0.076188701326294,1
-44.7774685679859,-20.9675321308695,"NORMAL",2019-01-02,2026-01-01,NA,NA,0
-44.7774685679859,-20.9674422993411,"NORMAL",2019-01-02,2026-01-01,NA,NA,0
-44.7774685679859,-20.9673524678127,"NORMAL",2019-01-02,2026-01-01,NA,NA,0
-44.7774685679859,-20.9672626362843,"NORMAL",2019-01-02,2026-01-01,NA,NA,0
-44.7774685679859,-20.9671728047559,"NORMAL",2019-01-02,2026-01-01,NA,NA,0
-44.7773787364575,-20.9682507830968,"NORMAL",2019-01-02,2026-01-01,NA,NA,0
-44.7773787364575,-20.9681609515684,"NORMAL",2019-01-02,2026-01-01,NA,NA,0
-44.7773787364575,-20.96807112004,"RECALIBRANDO",2026-09-03,NA,2026-09-02,0.126764819973519,1
-44.7773787364575,-20.9679812885116,"RECALIBRANDO",2026-08-29,NA,2026-08-28,0.133615005087723,1
-44.7773787364575,-20.9678914569832,"NORMAL",2019-01-02,2026-01-01,NA,NA,0
-44.7773787364575,-20.9678016254548,"NORMAL",2019-01-02,2026-01-01,NA,NA,0
-44.7773787364575,-20.9677117939264,"RECALIBRANDO",2026-08-29,NA,2026-08-28,0.0955174898175261,1
-44.7773787364575,-20.967621962398,"NORMAL",2019-01-02,2026-01-01,NA,NA,0
-44.7773787364575,-20.9675321308695,"NORMAL",2019-01-02,2026-01-01,NA,NA,0
-44.7773787364575,-20.9674422993411,"NORMAL",2019-01-02,2026-01-01,NA,NA,0
-44.7773787364575,-20.9673524678127,"NORMAL",2019-01-02,2026-01-01,NA,NA,0
-44.7773787364575,-20.9672626362843,"NORMAL",2019-01-02,2026-01-01,NA,NA,0
-44.7772889049291,-20.96807112004,"NORMAL",2019-01-02,2026-01-01,NA,NA,0
-44.7772889049291,-20.9679812885116,"NORMAL",2019-01-02,2026-01-01,NA,NA,0
-44.7772889049291,-20.9678914569832,"NORMAL",2019-01-02,2026-01-01,NA,NA,0
-44.7772889049291,-20.9678016254548,"RECALIBRANDO",2026-09-04,NA,2026-09-03,0.0970015166443685,1
-44.7772889049291,-20.9677117939264,"RECALIBRANDO",2026-09-03,NA,2026-09-02,0.075209543373324,1
-44.7772889049291,-20.967621962398,"NORMAL",2019-01-02,2026-01-01,NA,NA,0
-44.7772889049291,-20.9675321308695,"NORMAL",2019-01-02,2026-01-01,NA,NA,0
-44.7772889049291,-20.9674422993411,"NORMAL",2019-01-02,2026-01-01,NA,NA,0
-44.7772889049291,-20.9673524678127,"NORMAL",2019-01-02,2026-01-01,NA,NA,0
-44.7771990734006,-20.9678914569832,"RECALIBRANDO",2026-08-23,NA,2026-08-22,0.108846969032182,1
-44.7771990734006,-20.9678016254548,"RECALIBRANDO",2026-08-18,NA,2026-08-17,0.0920755038039314,1
-44.7771990734006,-20.9677117939264,"NORMAL",2019-01-02,2026-01-01,NA,NA,0
-44.7771990734006,-20.967621962398,"NORMAL",2019-01-02,2026-01-01,NA,NA,0
-44.7771990734006,-20.9675321308695,"NORMAL",2019-01-02,2026-01-01,NA,NA,0
-44.7771990734006,-20.9674422993411,"NORMAL",2019-01-02,2026-01-01,NA,NA,0
-44.7771990734006,-20.9673524678127,"NORMAL",2019-01-02,2026-01-01,NA,NA,0
-44.7771092418722,-20.967621962398,"NORMAL",2019-01-02,2026-01-01,NA,NA,0
-44.7771092418722,-20.9675321308695,"NORMAL",2019-01-02,2026-01-01,NA,NA,0
-44.7771092418722,-20.9674422993411,"NORMAL",2019-01-02,2026-01-01,NA,NA,0
