"longitude","latitude","n_obs","historico_inicio","historico_fim","n_historico","r2_historico","sigma_historico","data_quebra","desvio_quebra","magnitude","aviso"
-44.7771092418722,-20.9674422993411,583,2019-01-02,2021-05-31,177,0.2144,0.3263,NA,NA,0.103367,NA
-44.7771092418722,-20.9675321308695,583,2019-01-02,2021-05-31,177,0.2141,0.3297,NA,NA,0.096104,NA
-44.7771092418722,-20.967621962398,583,2019-01-02,2021-05-31,177,0.2131,0.3297,NA,NA,0.105237,NA
-44.7771990734006,-20.9673524678127,583,2019-01-02,2021-05-31,177,0.2104,0.3182,NA,NA,0.100423,NA
-44.7771990734006,-20.9674422993411,583,2019-01-02,2021-05-31,177,0.2144,0.3263,NA,NA,0.103367,NA
-44.7771990734006,-20.9675321308695,583,2019-01-02,2021-05-31,177,0.2141,0.3297,NA,NA,0.096104,NA
-44.7771990734006,-20.967621962398,583,2019-01-02,2021-05-31,177,0.2131,0.3297,NA,NA,0.105237,NA
-44.7771990734006,-20.9677117939264,583,2019-01-02,2021-05-31,177,0.2124,0.3227,NA,NA,0.087827,NA
-44.7771990734006,-20.9678016254548,583,2019-01-02,2021-05-31,177,0.2208,0.3177,NA,NA,-0.002718,NA
-44.7771990734006,-20.9678914569832,583,2019-01-02,2021-05-31,177,0.2336,0.3191,2024-08-23,-0.315951,-0.059921,NA
-44.7772889049291,-20.9673524678127,583,2019-01-02,2021-05-31,177,0.2215,0.3251,NA,NA,0.099564,NA
-44.7772889049291,-20.9674422993411,583,2019-01-02,2021-05-31,177,0.2218,0.3297,NA,NA,0.104527,NA
-44.7772889049291,-20.9675321308695,583,2019-01-02,2021-05-31,177,0.2198,0.3295,NA,NA,0.108252,NA
-44.7772889049291,-20.967621962398,583,2019-01-02,2021-05-31,177,0.218,0.3244,NA,NA,0.094959,NA
-44.7772889049291,-20.9677117939264,583,2019-01-02,2021-05-31,177,0.2257,0.3191,NA,NA,0.005233,NA
-44.7772889049291,-20.9678016254548,583,2019-01-02,2021-05-31,177,0.2297,0.3184,2024-08-28,-0.308734,-0.050044,NA
-44.7772889049291,-20.9678914569832,583,2019-01-02,2021-05-31,177,0.2349,0.3186,2024-08-13,-0.325501,-0.092798,NA
-44.7772889049291,-20.9679812885116,583,2019-01-02,2021-05-31,177,0.243,0.3202,2024-07-29,-0.289155,-0.106025,NA
-44.7772889049291,-20.96807112004,583,2019-01-02,2021-05-31,177,0.242,0.3042,2024-07-29,-0.279529,-0.094326,NA
-44.7773787364575,-20.9672626362843,583,2019-01-02,2021-05-31,177,0.217,0.3241,NA,NA,0.085133,NA
-44.7773787364575,-20.9673524678127,583,2019-01-02,2021-05-31,177,0.2254,0.3294,NA,NA,0.094919,NA
-44.7773787364575,-20.9674422993411,583,2019-01-02,2021-05-31,177,0.2269,0.3298,NA,NA,0.109242,NA
-44.7773787364575,-20.9675321308695,583,2019-01-02,2021-05-31,177,0.2258,0.3243,NA,NA,0.104349,NA
-44.7773787364575,-20.967621962398,583,2019-01-02,2021-05-31,177,0.2256,0.3178,NA,NA,0.027583,NA
-44.7773787364575,-20.9677117939264,583,2019-01-02,2021-05-31,177,0.2329,0.3188,2024-09-07,-0.279589,-0.052749,NA
-44.7773787364575,-20.9678016254548,583,2019-01-02,2021-05-31,177,0.2364,0.3222,2024-08-08,-0.314782,-0.097177,NA
-44.7773787364575,-20.9678914569832,583,2019-01-02,2021-05-31,177,0.2383,0.3217,2024-07-29,-0.292626,-0.112922,NA
-44.7773787364575,-20.9679812885116,583,2019-01-02,2021-05-31,177,0.2462,0.3206,2024-07-29,-0.289194,-0.112022,NA
-44.7773787364575,-20.96807112004,583,2019-01-02,2021-05-31,177,0.2595,0.3166,2024-07-24,-0.253318,-0.130239,NA
-44.7773787364575,-20.9681609515684,583,2019-01-02,2021-05-31,177,0.2659,0.3071,2024-07-14,-0.242374,-0.152378,NA
-44.7773787364575,-20.9682507830968,583,2019-01-02,2021-05-31,177,0.2659,0.3071,2024-07-14,-0.242374,-0.152378,NA
-44.7774685679859,-20.9671728047559,583,2019-01-02,2021-05-31,177,0.21,0.3224,NA,NA,0.099937,NA
-44.7774685679859,-20.9672626362843,583,2019-01-02,2021-05-31,177,0.2191,0.3281,NA,NA,0.099649,NA
-44.7774685679859,-20.9673524678127,583,2019-01-02,2021-05-31,177,0.2246,0.3301,NA,NA,0.111486,NA
-44.7774685679859,-20.9674422993411,583,2019-01-02,2021-05-31,177,0.2282,0.3277,NA,NA,0.109994,NA
-44.7774685679859,-20.9675321308695,583,2019-01-02,2021-05-31,177,0.2311,0.3201,NA,NA,0.085388,NA
-44.7774685679859,-20.967621962398,583,2019-01-02,2021-05-31,177,0.2332,0.3176,2024-10-22,-0.223856,-0.017607,NA
-44.7774685679859,-20.9677117939264,583,2019-01-02,2021-05-31,177,0.2353,0.3203,2024-08-18,-0.329308,-0.081973,NA
-44.7774685679859,-20.9678016254548,583,2019-01-02,2021-05-31,177,0.2368,0.3225,2024-07-29,-0.289215,-0.117407,NA
-44.7774685679859,-20.9678914569832,583,2019-01-02,2021-05-31,177,0.239,0.3222,2024-07-29,-0.292764,-0.123097,NA
-44.7774685679859,-20.9679812885116,583,2019-01-02,2021-05-31,177,0.2535,0.3188,2024-07-19,-0.197328,-0.128047,NA
-44.7774685679859,-20.96807112004,583,2019-01-02,2021-05-31,177,0.2706,0.315,2024-07-14,-0.235524,-0.150027,NA
-44.7774685679859,-20.9681609515684,583,2019-01-02,2021-05-31,177,0.2799,0.3128,2024-07-14,-0.252129,-0.157641,NA
-44.7774685679859,-20.9682507830968,583,2019-01-02,2021-05-31,177,0.2799,0.3128,2024-07-14,-0.252129,-0.157641,NA
-44.7774685679859,-20.9683406146253,583,2019-01-02,2021-05-31,177,0.2769,0.3115,2024-07-14,-0.265849,-0.149403,NA
-44.7775583995143,-20.9671728047559,583,2019-01-02,2021-05-31,177,0.215,0.3247,NA,NA,0.092818,NA
-44.7775583995143,-20.9672626362843,583,2019-01-02,2021-05-31,177,0.2192,0.3278,NA,NA,0.104722,NA
-44.7775583995143,-20.9673524678127,583,2019-01-02,2021-05-31,177,0.2239,0.3248,NA,NA,0.115238,NA
-44.7775583995143,-20.9674422993411,583,2019-01-02,2021-05-31,177,0.2312,0.3209,NA,NA,0.103538,NA
-44.7775583995143,-20.9675321308695,583,2019-01-02,2021-05-31,177,0.2342,0.315,NA,NA,0.005691,NA
-44.7775583995143,-20.967621962398,583,2019-01-02,2021-05-31,177,0.2385,0.3164,2024-08-18,-0.335506,-0.070295,NA
-44.7775583995143,-20.9677117939264,583,2019-01-02,2021-05-31,177,0.242,0.3192,2024-08-03,-0.296622,-0.108891,NA
-44.7775583995143,-20.9678016254548,583,2019-01-02,2021-05-31,177,0.2407,0.3223,2024-07-29,-0.289548,-0.124533,NA
-44.7775583995143,-20.9678914569832,583,2019-01-02,2021-05-31,177,0.2475,0.3216,2024-07-14,-0.21628,-0.133466,NA
-44.7775583995143,-20.9679812885116,583,2019-01-02,2021-05-31,177,0.269,0.3158,2024-07-14,-0.213579,-0.161629,NA
-44.7775583995143,-20.96807112004,583,2019-01-02,2021-05-31,177,0.283,0.316,2024-07-09,-0.218093,-0.165541,NA
-44.7775583995143,-20.9681609515684,583,2019-01-02,2021-05-31,177,0.283,0.316,2024-07-09,-0.218093,-0.165541,NA
-44.7775583995143,-20.9682507830968,583,2019-01-02,2021-05-31,177,0.2813,0.3147,2024-07-14,-0.241904,-0.153804,NA
-44.7775583995143,-20.9683406146253,583,2019-01-02,2021-05-31,177,0.2725,0.311,2024-07-14,-0.255572,-0.137254,NA
-44.7775583995143,-20.9684304461537,583,2019-01-02,2021-05-31,177,0.2594,0.3135,2024-07-24,-0.294535,-0.132138,NA
-44.7776482310427,-20.9670829732275,583,2019-01-02,2021-05-31,177,0.2133,0.3204,NA,NA,0.086783,NA
-44.7776482310427,-20.9671728047559,583,2019-01-02,2021-05-31,177,0.2218,0.3263,NA,NA,0.085704,NA
-44.7776482310427,-20.9672626362843,583,2019-01-02,2021-05-31,177,0.2249,0.3258,NA,NA,0.115477,NA
-44.7776482310427,-20.9673524678127,583,2019-01-02,2021-05-31,177,0.2311,0.3208,NA,NA,0.11288,NA
-44.7776482310427,-20.9674422993411,583,2019-01-02,2021-05-31,177,0.2378,0.3137,NA,NA,0.069703,NA
-44.7776482310427,-20.9675321308695,583,2019-01-02,2021-05-31,177,0.2391,0.3111,2024-10-07,-0.241531,-0.04365,NA
-44.7776482310427,-20.967621962398,583,2019-01-02,2021-05-31,177,0.2459,0.316,2024-08-13,-0.326866,-0.103489,NA
-44.7776482310427,-20.9677117939264,583,2019-01-02,2021-05-31,177,0.2473,0.3207,2024-08-03,-0.297699,-0.123531,NA
-44.7776482310427,-20.9678016254548,583,2019-01-02,2021-05-31,177,0.2478,0.3216,2024-07-29,-0.289966,-0.123895,NA
-44.7776482310427,-20.9678914569832,583,2019-01-02,2021-05-31,177,0.2619,0.3173,2024-07-14,-0.216125,-0.151793,NA
-44.7776482310427,-20.9679812885116,583,2019-01-02,2021-05-31,177,0.2804,0.313,2024-07-09,-0.2202,-0.169107,NA
-44.7776482310427,-20.96807112004,583,2019-01-02,2021-05-31,177,0.2852,0.3121,2024-07-14,-0.245234,-0.167149,NA
-44.7776482310427,-20.9681609515684,583,2019-01-02,2021-05-31,177,0.2852,0.3121,2024-07-14,-0.245234,-0.167149,NA
-44.7776482310427,-20.9682507830968,583,2019-01-02,2021-05-31,177,0.2786,0.3104,2024-07-14,-0.248306,-0.148767,NA
-44.7776482310427,-20.9683406146253,583,2019-01-02,2021-05-31,177,0.2649,0.3088,2024-07-14,-0.257445,-0.141243,NA
-44.7776482310427,-20.9684304461537,583,2019-01-02,2021-05-31,177,0.256,0.3133,2024-07-14,-0.272131,-0.138416,NA
-44.7776482310427,-20.9685202776821,583,2019-01-02,2021-05-31,177,0.2473,0.3158,2024-07-14,-0.275182,-0.137089,NA
-44.7777380625711,-20.9670829732275,583,2019-01-02,2021-05-31,177,0.2189,0.3188,NA,NA,0.086701,NA
-44.7777380625711,-20.9671728047559,583,2019-01-02,2021-05-31,177,0.2256,0.3242,NA,NA,0.102854,NA
-44.7777380625711,-20.9672626362843,583,2019-01-02,2021-05-31,177,0.228,0.3255,NA,NA,0.116543,NA
-44.7777380625711,-20.9673524678127,583,2019-01-02,2021-05-31,177,0.2341,0.3209,NA,NA,0.10209,NA
-44.7777380625711,-20.9674422993411,583,2019-01-02,2021-05-31,177,0.242,0.3127,NA,NA,0.000488,NA
-44.7777380625711,-20.9675321308695,583,2019-01-02,2021-05-31,177,0.2437,0.3141,2024-08-18,-0.297325,-0.087271,NA
-44.7777380625711,-20.967621962398,583,2019-01-02,2021-05-31,177,0.2514,0.3187,2024-08-03,-0.284463,-0.123012,NA
-44.7777380625711,-20.9677117939264,583,2019-01-02,2021-05-31,177,0.2491,0.3214,2024-08-03,-0.297786,-0.124803,NA
-44.7777380625711,-20.9678016254548,583,2019-01-02,2021-05-31,177,0.256,0.3192,2024-07-24,-0.259584,-0.136324,NA
-44.7777380625711,-20.9678914569832,583,2019-01-02,2021-05-31,177,0.2758,0.3139,2024-07-14,-0.214034,-0.156582,NA
-44.7777380625711,-20.9679812885116,583,2019-01-02,2021-05-31,177,0.2839,0.3092,2024-07-14,-0.229224,-0.162216,NA
-44.7777380625711,-20.96807112004,583,2019-01-02,2021-05-31,177,0.2778,0.3073,2024-07-14,-0.24009,-0.148234,NA
-44.7777380625711,-20.9681609515684,583,2019-01-02,2021-05-31,177,0.2778,0.3073,2024-07-14,-0.24009,-0.148234,NA
-44.7777380625711,-20.9682507830968,583,2019-01-02,2021-05-31,177,0.2709,0.3094,2024-07-14,-0.260509,-0.146646,NA
-44.7777380625711,-20.9683406146253,583,2019-01-02,2021-05-31,177,0.2649,0.3094,2024-07-14,-0.266165,-0.149112,NA
-44.7777380625711,-20.9684304461537,583,2019-01-02,2021-05-31,177,0.2614,0.3121,2024-07-09,-0.260151,-0.150801,NA
-44.7777380625711,-20.9685202776821,583,2019-01-02,2021-05-31,177,0.2477,0.3128,2024-07-04,-0.258677,-0.131052,NA
-44.7778278940995,-20.9670829732275,583,2019-01-02,2021-05-31,177,0.2254,0.3197,NA,NA,0.077977,NA
-44.7778278940995,-20.9671728047559,583,2019-01-02,2021-05-31,177,0.2305,0.3258,NA,NA,0.094621,NA
-44.7778278940995,-20.9672626362843,583,2019-01-02,2021-05-31,177,0.2304,0.3263,NA,NA,0.10984,NA
-44.7778278940995,-20.9673524678127,583,2019-01-02,2021-05-31,177,0.233,0.3187,NA,NA,0.080529,NA
-44.7778278940995,-20.9674422993411,583,2019-01-02,2021-05-31,177,0.2432,0.3138,2025-09-07,-0.101879,-0.042929,NA
-44.7778278940995,-20.9675321308695,583,2019-01-02,2021-05-31,177,0.2504,0.3188,2024-08-03,-0.276692,-0.120765,NA
-44.7778278940995,-20.967621962398,583,2019-01-02,2021-05-31,177,0.2532,0.3213,2024-08-03,-0.280132,-0.136736,NA
-44.7778278940995,-20.9677117939264,583,2019-01-02,2021-05-31,177,0.2542,0.3197,2024-07-29,-0.281447,-0.128694,NA
-44.7778278940995,-20.9678016254548,583,2019-01-02,2021-05-31,177,0.2677,0.3148,2024-07-14,-0.244789,-0.15283,NA
-44.7778278940995,-20.9678914569832,583,2019-01-02,2021-05-31,177,0.2798,0.312,2024-07-14,-0.246282,-0.16144,NA
-44.7778278940995,-20.9679812885116,583,2019-01-02,2021-05-31,177,0.2762,0.3081,2024-07-14,-0.243058,-0.149489,NA
-44.7778278940995,-20.96807112004,583,2019-01-02,2021-05-31,177,0.2708,0.3084,2024-07-14,-0.252686,-0.144226,NA
-44.7778278940995,-20.9681609515684,583,2019-01-02,2021-05-31,177,0.2708,0.3084,2024-07-14,-0.252686,-0.144226,NA
-44.7778278940995,-20.9682507830968,583,2019-01-02,2021-05-31,177,0.2711,0.313,2024-07-14,-0.273541,-0.145953,NA
-44.7778278940995,-20.9683406146253,583,2019-01-02,2021-05-31,177,0.271,0.3108,2024-07-09,-0.265808,-0.138084,NA
-44.7778278940995,-20.9684304461537,583,2019-01-02,2021-05-31,177,0.2634,0.3118,2024-06-29,-0.23145,-0.142591,NA
-44.7778278940995,-20.9685202776821,583,2019-01-02,2021-05-31,177,0.2456,0.313,2024-06-24,-0.277095,-0.145565,NA
-44.7778278940995,-20.9686101092105,583,2019-01-02,2021-05-31,177,0.2364,0.3142,2024-06-29,-0.275769,-0.132523,NA
-44.7779177256279,-20.9669931416991,583,2019-01-02,2021-05-31,177,0.2226,0.3128,NA,NA,0.064864,NA
-44.7779177256279,-20.9670829732275,583,2019-01-02,2021-05-31,177,0.2317,0.3204,NA,NA,0.069403,NA
-44.7779177256279,-20.9671728047559,583,2019-01-02,2021-05-31,177,0.2342,0.3258,NA,NA,0.088142,NA
-44.7779177256279,-20.9672626362843,583,2019-01-02,2021-05-31,177,0.2336,0.3228,NA,NA,0.102025,NA
-44.7779177256279,-20.9673524678127,583,2019-01-02,2021-05-31,177,0.2358,0.3151,NA,NA,0.045917,NA
-44.7779177256279,-20.9674422993411,583,2019-01-02,2021-05-31,177,0.242,0.3167,2024-09-02,-0.280224,-0.085679,NA
-44.7779177256279,-20.9675321308695,583,2019-01-02,2021-05-31,177,0.2536,0.3205,2024-07-29,-0.263692,-0.141295,NA
-44.7779177256279,-20.967621962398,583,2019-01-02,2021-05-31,177,0.2579,0.3199,2024-07-29,-0.255698,-0.133558,NA
-44.7779177256279,-20.9677117939264,583,2019-01-02,2021-05-31,177,0.2652,0.315,2024-07-14,-0.235127,-0.14418,NA
-44.7779177256279,-20.9678016254548,583,2019-01-02,2021-05-31,177,0.2797,0.3106,2024-07-14,-0.26057,-0.153531,NA
-44.7779177256279,-20.9678914569832,583,2019-01-02,2021-05-31,177,0.2835,0.3084,2024-07-14,-0.269237,-0.162176,NA
-44.7779177256279,-20.9679812885116,583,2019-01-02,2021-05-31,177,0.2782,0.3071,2024-07-14,-0.270873,-0.14478,NA
-44.7779177256279,-20.96807112004,583,2019-01-02,2021-05-31,177,0.2782,0.3071,2024-07-14,-0.270873,-0.14478,NA
-44.7779177256279,-20.9681609515684,583,2019-01-02,2021-05-31,177,0.2786,0.3104,2024-07-14,-0.266689,-0.14333,NA
-44.7779177256279,-20.9682507830968,583,2019-01-02,2021-05-31,177,0.2779,0.3119,2024-07-14,-0.275392,-0.145102,NA
-44.7779177256279,-20.9683406146253,583,2019-01-02,2021-05-31,177,0.2734,0.3078,2024-07-04,-0.263602,-0.140925,NA
-44.7779177256279,-20.9684304461537,583,2019-01-02,2021-05-31,177,0.2646,0.3094,2024-06-19,-0.271595,-0.14993,NA
-44.7779177256279,-20.9685202776821,583,2019-01-02,2021-05-31,177,0.2459,0.3111,2024-06-24,-0.280481,-0.141228,NA
-44.7779177256279,-20.9686101092105,583,2019-01-02,2021-05-31,177,0.2287,0.3139,2024-07-09,-0.228256,-0.131782,NA
-44.7779177256279,-20.9686999407389,583,2019-01-02,2021-05-31,177,0.2047,0.3069,2024-08-28,-0.19167,-0.093418,NA
-44.7780075571563,-20.9669931416991,583,2019-01-02,2021-05-31,177,0.2301,0.3173,NA,NA,0.07602,NA
-44.7780075571563,-20.9670829732275,583,2019-01-02,2021-05-31,177,0.2355,0.3223,NA,NA,0.076123,NA
-44.7780075571563,-20.9671728047559,583,2019-01-02,2021-05-31,177,0.2372,0.3237,NA,NA,0.097183,NA
-44.7780075571563,-20.9672626362843,583,2019-01-02,2021-05-31,177,0.2361,0.3171,NA,NA,0.098312,NA
-44.7780075571563,-20.9673524678127,583,2019-01-02,2021-05-31,177,0.2388,0.3146,2025-09-22,-0.079553,-0.013334,NA
-44.7780075571563,-20.9674422993411,583,2019-01-02,2021-05-31,177,0.245,0.3195,2024-08-18,-0.313314,-0.113342,NA
-44.7780075571563,-20.9675321308695,583,2019-01-02,2021-05-31,177,0.256,0.3205,2024-08-03,-0.282307,-0.138112,NA
-44.7780075571563,-20.967621962398,583,2019-01-02,2021-05-31,177,0.2602,0.3188,2024-08-03,-0.281919,-0.135372,NA
-44.7780075571563,-20.9677117939264,583,2019-01-02,2021-05-31,177,0.2723,0.3117,2024-07-19,-0.256788,-0.153541,NA
-44.7780075571563,-20.9678016254548,583,2019-01-02,2021-05-31,177,0.2862,0.3078,2024-07-14,-0.244237,-0.14941,NA
-44.7780075571563,-20.9678914569832,583,2019-01-02,2021-05-31,177,0.2859,0.3058,2024-07-14,-0.247077,-0.157617,NA
-44.7780075571563,-20.9679812885116,583,2019-01-02,2021-05-31,177,0.2805,0.3056,2024-07-14,-0.253353,-0.150032,NA
-44.7780075571563,-20.96807112004,583,2019-01-02,2021-05-31,177,0.2805,0.3056,2024-07-14,-0.253353,-0.150032,NA
-44.7780075571563,-20.9681609515684,583,2019-01-02,2021-05-31,177,0.2808,0.3087,2024-07-09,-0.277372,-0.147552,NA
-44.7780075571563,-20.9682507830968,583,2019-01-02,2021-05-31,177,0.2861,0.3089,2024-07-09,-0.276082,-0.15091,NA
-44.7780075571563,-20.9683406146253,583,2019-01-02,2021-05-31,177,0.2823,0.3072,2024-06-24,-0.24544,-0.161869,NA
-44.7780075571563,-20.9684304461537,583,2019-01-02,2021-05-31,177,0.267,0.3113,2024-06-19,-0.276636,-0.150815,NA
-44.7780075571563,-20.9685202776821,583,2019-01-02,2021-05-31,177,0.2441,0.3142,2024-07-09,-0.257665,-0.140771,NA
-44.7780075571563,-20.9686101092105,583,2019-01-02,2021-05-31,177,0.2067,0.2994,2024-08-28,-0.195463,-0.093844,NA
-44.7780075571563,-20.9686999407389,583,2019-01-02,2021-05-31,177,0.1884,0.2867,NA,NA,-0.020004,NA
-44.7780973886848,-20.9669033101707,583,2019-01-02,2021-05-31,177,0.235,0.3173,NA,NA,0.078567,NA
-44.7780973886848,-20.9669931416991,583,2019-01-02,2021-05-31,177,0.2355,0.321,NA,NA,0.093647,NA
-44.7780973886848,-20.9670829732275,583,2019-01-02,2021-05-31,177,0.2383,0.3229,NA,NA,0.105617,NA
-44.7780973886848,-20.9671728047559,583,2019-01-02,2021-05-31,177,0.2401,0.3198,NA,NA,0.09796,NA
-44.7780973886848,-20.9672626362843,583,2019-01-02,2021-05-31,177,0.2406,0.313,NA,NA,0.06841,NA
-44.7780973886848,-20.9673524678127,583,2019-01-02,2021-05-31,177,0.2496,0.3135,2024-10-07,-0.227547,-0.056227,NA
-44.7780973886848,-20.9674422993411,583,2019-01-02,2021-05-31,177,0.2556,0.3183,2024-07-29,-0.279728,-0.128889,NA
-44.7780973886848,-20.9675321308695,583,2019-01-02,2021-05-31,177,0.2609,0.319,2024-08-03,-0.289361,-0.142087,NA
-44.7780973886848,-20.967621962398,583,2019-01-02,2021-05-31,177,0.2607,0.3178,2024-07-29,-0.280058,-0.138552,NA
-44.7780973886848,-20.9677117939264,583,2019-01-02,2021-05-31,177,0.2751,0.3106,2024-07-19,-0.266465,-0.150817,NA
-44.7780973886848,-20.9678016254548,583,2019-01-02,2021-05-31,177,0.2873,0.3061,2024-07-14,-0.244859,-0.154167,NA
-44.7780973886848,-20.9678914569832,583,2019-01-02,2021-05-31,177,0.286,0.3042,2024-07-14,-0.270381,-0.145714,NA
-44.7780973886848,-20.9679812885116,583,2019-01-02,2021-05-31,177,0.284,0.306,2024-07-09,-0.272953,-0.151777,NA
-44.7780973886848,-20.96807112004,583,2019-01-02,2021-05-31,177,0.284,0.306,2024-07-09,-0.272953,-0.151777,NA
-44.7780973886848,-20.9681609515684,583,2019-01-02,2021-05-31,177,0.2855,0.3067,2024-07-09,-0.274565,-0.155315,NA
-44.7780973886848,-20.9682507830968,583,2019-01-02,2021-05-31,177,0.2918,0.3065,2024-06-29,-0.210297,-0.148806,NA
-44.7780973886848,-20.9683406146253,583,2019-01-02,2021-05-31,177,0.2846,0.3084,2024-06-19,-0.258292,-0.155775,NA
-44.7780973886848,-20.9684304461537,583,2019-01-02,2021-05-31,177,0.2638,0.3155,2024-06-19,-0.276677,-0.153586,NA
-44.7780973886848,-20.9685202776821,583,2019-01-02,2021-05-31,177,0.2348,0.3109,2024-07-14,-0.225923,-0.135616,NA
-44.7780973886848,-20.9686101092105,583,2019-01-02,2021-05-31,177,0.2086,0.2936,2025-09-19,-0.1458,-0.064446,NA
-44.7780973886848,-20.9686999407389,583,2019-01-02,2021-05-31,177,0.2188,0.3033,2023-10-03,-0.146956,-0.01057,NA
-44.7780973886848,-20.9687897722673,583,2019-01-02,2021-05-31,177,0.2266,0.3153,2023-09-18,-0.184758,-0.00342,NA
-44.7780973886848,-20.9688796037957,583,2019-01-02,2021-05-31,177,0.2293,0.3172,2023-09-08,-0.203553,-0.035437,NA
-44.7781872202132,-20.9669033101707,583,2019-01-02,2021-05-31,177,0.2376,0.3182,NA,NA,0.088634,NA
-44.7781872202132,-20.9669931416991,583,2019-01-02,2021-05-31,177,0.2365,0.3199,NA,NA,0.10255,NA
-44.7781872202132,-20.9670829732275,583,2019-01-02,2021-05-31,177,0.2391,0.321,NA,NA,0.109554,NA
-44.7781872202132,-20.9671728047559,583,2019-01-02,2021-05-31,177,0.2407,0.3158,NA,NA,0.10712,NA
-44.7781872202132,-20.9672626362843,583,2019-01-02,2021-05-31,177,0.2478,0.3126,NA,NA,0.017007,NA
-44.7781872202132,-20.9673524678127,583,2019-01-02,2021-05-31,177,0.256,0.3161,2024-08-23,-0.303745,-0.092006,NA
-44.7781872202132,-20.9674422993411,583,2019-01-02,2021-05-31,177,0.2571,0.3193,2024-07-29,-0.280285,-0.129492,NA
-44.7781872202132,-20.9675321308695,583,2019-01-02,2021-05-31,177,0.2591,0.3193,2024-08-03,-0.28921,-0.139029,NA
-44.7781872202132,-20.967621962398,583,2019-01-02,2021-05-31,177,0.2621,0.316,2024-07-24,-0.27101,-0.15994,NA
-44.7781872202132,-20.9677117939264,583,2019-01-02,2021-05-31,177,0.2752,0.3096,2024-07-19,-0.270477,-0.161744,NA
-44.7781872202132,-20.9678016254548,583,2019-01-02,2021-05-31,177,0.2866,0.3024,2024-07-14,-0.253899,-0.158131,NA
-44.7781872202132,-20.9678914569832,583,2019-01-02,2021-05-31,177,0.2913,0.3013,2024-07-09,-0.27125,-0.140977,NA
-44.7781872202132,-20.9679812885116,583,2019-01-02,2021-05-31,177,0.2906,0.3055,2024-07-09,-0.275772,-0.137886,NA
-44.7781872202132,-20.96807112004,583,2019-01-02,2021-05-31,177,0.2906,0.3055,2024-07-09,-0.275772,-0.137886,NA
-44.7781872202132,-20.9681609515684,583,2019-01-02,2021-05-31,177,0.2897,0.3048,2024-07-04,-0.276561,-0.150791,NA
-44.7781872202132,-20.9682507830968,583,2019-01-02,2021-05-31,177,0.2908,0.3056,2024-06-24,-0.226635,-0.152946,NA
-44.7781872202132,-20.9683406146253,583,2019-01-02,2021-05-31,177,0.2826,0.3101,2024-06-14,-0.213256,-0.157001,NA
-44.7781872202132,-20.9684304461537,583,2019-01-02,2021-05-31,177,0.2608,0.3165,2024-06-19,-0.278052,-0.158083,NA
-44.7781872202132,-20.9685202776821,583,2019-01-02,2021-05-31,177,0.219,0.2931,2024-08-08,-0.206316,-0.12679,NA
-44.7781872202132,-20.9686101092105,583,2019-01-02,2021-05-31,177,0.2194,0.2884,NA,NA,-0.042093,NA
-44.7781872202132,-20.9686999407389,583,2019-01-02,2021-05-31,177,0.2376,0.3117,2023-09-13,-0.174559,-0.006333,NA
-44.7781872202132,-20.9687897722673,583,2019-01-02,2021-05-31,177,0.2367,0.3156,2023-09-13,-0.17688,-0.006707,NA
-44.7781872202132,-20.9688796037957,583,2019-01-02,2021-05-31,177,0.2409,0.317,2023-09-08,-0.198779,-0.011676,NA
-44.7781872202132,-20.9689694353241,583,2019-01-02,2021-05-31,177,0.2385,0.3195,2023-09-23,-0.181121,0.001953,NA
-44.7781872202132,-20.9690592668525,583,2019-01-02,2021-05-31,177,0.2345,0.3073,NA,NA,0.086684,NA
-44.7781872202132,-20.969149098381,583,2019-01-02,2021-05-31,177,0.2307,0.2993,NA,NA,0.12131,NA
-44.7781872202132,-20.9692389299094,583,2019-01-02,2021-05-31,177,0.2237,0.2964,2024-04-05,0.213114,0.115681,NA
-44.7781872202132,-20.9693287614378,583,2019-01-02,2021-05-31,177,0.2136,0.2932,2024-04-05,0.209007,0.096886,NA
-44.7782770517416,-20.9668134786422,583,2019-01-02,2021-05-31,177,0.2415,0.3195,NA,NA,0.061857,NA
-44.7782770517416,-20.9669033101707,583,2019-01-02,2021-05-31,177,0.2348,0.3198,NA,NA,0.086618,NA
-44.7782770517416,-20.9669931416991,583,2019-01-02,2021-05-31,177,0.2373,0.3207,NA,NA,0.098076,NA
-44.7782770517416,-20.9670829732275,583,2019-01-02,2021-05-31,177,0.2377,0.3199,NA,NA,0.106044,NA
-44.7782770517416,-20.9671728047559,583,2019-01-02,2021-05-31,177,0.2398,0.3152,NA,NA,0.083484,NA
-44.7782770517416,-20.9672626362843,583,2019-01-02,2021-05-31,177,0.2495,0.3137,2025-09-12,-0.110768,-0.036165,NA
-44.7782770517416,-20.9673524678127,583,2019-01-02,2021-05-31,177,0.258,0.3176,2024-08-18,-0.321906,-0.107654,NA
-44.7782770517416,-20.9674422993411,583,2019-01-02,2021-05-31,177,0.2583,0.3209,2024-08-08,-0.297711,-0.12569,NA
-44.7782770517416,-20.9675321308695,583,2019-01-02,2021-05-31,177,0.258,0.3195,2024-08-03,-0.291382,-0.130127,NA
-44.7782770517416,-20.967621962398,583,2019-01-02,2021-05-31,177,0.2669,0.3135,2024-07-24,-0.279558,-0.156466,NA
-44.7782770517416,-20.9677117939264,583,2019-01-02,2021-05-31,177,0.2799,0.3074,2024-07-14,-0.256066,-0.15938,NA
-44.7782770517416,-20.9678016254548,583,2019-01-02,2021-05-31,177,0.2832,0.2989,2024-07-14,-0.273296,-0.146539,NA
-44.7782770517416,-20.9678914569832,583,2019-01-02,2021-05-31,177,0.2905,0.2996,2024-07-09,-0.275734,-0.141555,NA
-44.7782770517416,-20.9679812885116,583,2019-01-02,2021-05-31,177,0.2891,0.3057,2024-07-04,-0.248829,-0.141352,NA
-44.7782770517416,-20.96807112004,583,2019-01-02,2021-05-31,177,0.2891,0.3057,2024-07-04,-0.248829,-0.141352,NA
-44.7782770517416,-20.9681609515684,583,2019-01-02,2021-05-31,177,0.2901,0.3053,2024-06-29,-0.245918,-0.154477,NA
-44.7782770517416,-20.9682507830968,583,2019-01-02,2021-05-31,177,0.2902,0.3059,2024-06-14,-0.239013,-0.160705,NA
-44.7782770517416,-20.9683406146253,583,2019-01-02,2021-05-31,177,0.2794,0.312,2024-06-14,-0.237395,-0.157175,NA
-44.7782770517416,-20.9684304461537,583,2019-01-02,2021-05-31,177,0.252,0.314,2024-06-24,-0.264252,-0.147671,NA
-44.7782770517416,-20.9685202776821,583,2019-01-02,2021-05-31,177,0.2062,0.2813,2024-09-12,-0.177554,-0.087614,NA
-44.7782770517416,-20.9686101092105,583,2019-01-02,2021-05-31,177,0.2248,0.2886,NA,NA,-0.022725,NA
-44.7782770517416,-20.9686999407389,583,2019-01-02,2021-05-31,177,0.2454,0.3151,2023-09-13,-0.172878,-0.004023,NA
-44.7782770517416,-20.9687897722673,583,2019-01-02,2021-05-31,177,0.2417,0.3156,2023-09-13,-0.174113,-0.019929,NA
-44.7782770517416,-20.9688796037957,583,2019-01-02,2021-05-31,177,0.2479,0.3184,2023-09-08,-0.19807,-0.011671,NA
-44.7782770517416,-20.9689694353241,583,2019-01-02,2021-05-31,177,0.2409,0.3183,2023-10-03,-0.158872,0.019844,NA
-44.7782770517416,-20.9690592668525,583,2019-01-02,2021-05-31,177,0.2279,0.3005,NA,NA,0.07715,NA
-44.7782770517416,-20.969149098381,583,2019-01-02,2021-05-31,177,0.2176,0.2903,NA,NA,0.100135,NA
-44.7782770517416,-20.9692389299094,583,2019-01-02,2021-05-31,177,0.2104,0.2861,NA,NA,0.081135,NA
-44.7782770517416,-20.9693287614378,583,2019-01-02,2021-05-31,177,0.2085,0.2851,2024-04-05,0.18968,0.089314,NA
-44.7782770517416,-20.9694185929662,583,2019-01-02,2021-05-31,177,0.2057,0.2891,2024-04-05,0.191807,0.098756,NA
-44.7782770517416,-20.9695084244946,583,2019-01-02,2021-05-31,177,0.2085,0.2898,2024-04-10,0.18126,0.09396,NA
-44.7782770517416,-20.969598256023,583,2019-01-02,2021-05-31,177,0.2142,0.2961,NA,NA,0.102653,NA
-44.7782770517416,-20.9709457289492,583,2019-01-02,2021-05-31,177,0.2231,0.3099,NA,NA,0.097638,NA
-44.77836688327,-20.9668134786422,583,2019-01-02,2021-05-31,177,0.2359,0.3193,NA,NA,0.075524,NA
-44.77836688327,-20.9669033101707,583,2019-01-02,2021-05-31,177,0.2314,0.3204,NA,NA,0.090042,NA
-44.77836688327,-20.9669931416991,583,2019-01-02,2021-05-31,177,0.2342,0.3203,NA,NA,0.100462,NA
-44.77836688327,-20.9670829732275,583,2019-01-02,2021-05-31,177,0.2355,0.3174,NA,NA,0.097733,NA
-44.77836688327,-20.9671728047559,583,2019-01-02,2021-05-31,177,0.2405,0.3155,NA,NA,0.046084,NA
-44.77836688327,-20.9672626362843,583,2019-01-02,2021-05-31,177,0.2538,0.3138,2024-09-07,-0.273677,-0.074551,NA
-44.77836688327,-20.9673524678127,583,2019-01-02,2021-05-31,177,0.2601,0.3169,2024-08-03,-0.292911,-0.117668,NA
-44.77836688327,-20.9674422993411,583,2019-01-02,2021-05-31,177,0.2628,0.3194,2024-07-29,-0.284434,-0.130169,NA
-44.77836688327,-20.9675321308695,583,2019-01-02,2021-05-31,177,0.2666,0.3161,2024-07-24,-0.277176,-0.135394,NA
-44.77836688327,-20.967621962398,583,2019-01-02,2021-05-31,177,0.2744,0.3122,2024-07-24,-0.278973,-0.15699,NA
-44.77836688327,-20.9677117939264,583,2019-01-02,2021-05-31,177,0.2819,0.3078,2024-07-14,-0.275096,-0.158804,NA
-44.77836688327,-20.9678016254548,583,2019-01-02,2021-05-31,177,0.2842,0.3002,2024-07-14,-0.276566,-0.146336,NA
-44.77836688327,-20.9678914569832,583,2019-01-02,2021-05-31,177,0.2901,0.3019,2024-07-09,-0.27916,-0.147401,NA
-44.77836688327,-20.9679812885116,583,2019-01-02,2021-05-31,177,0.2901,0.3019,2024-07-09,-0.27916,-0.147401,NA
-44.77836688327,-20.96807112004,583,2019-01-02,2021-05-31,177,0.2907,0.3057,2024-07-09,-0.279704,-0.15085,NA
-44.77836688327,-20.9681609515684,583,2019-01-02,2021-05-31,177,0.2896,0.3066,2024-06-29,-0.223453,-0.155129,NA
-44.77836688327,-20.9682507830968,583,2019-01-02,2021-05-31,177,0.283,0.3067,2024-06-14,-0.21824,-0.16329,NA
-44.77836688327,-20.9683406146253,583,2019-01-02,2021-05-31,177,0.2679,0.3113,2024-06-19,-0.249312,-0.150879,NA
-44.77836688327,-20.9684304461537,583,2019-01-02,2021-05-31,177,0.2405,0.3112,2024-07-09,-0.239089,-0.138692,NA
-44.77836688327,-20.9685202776821,583,2019-01-02,2021-05-31,177,0.2123,0.2915,2025-08-30,-0.121089,-0.079113,NA
-44.77836688327,-20.9686101092105,583,2019-01-02,2021-05-31,177,0.2356,0.306,2023-10-08,-0.142923,-0.022558,NA
-44.77836688327,-20.9686999407389,583,2019-01-02,2021-05-31,177,0.245,0.3172,2023-09-13,-0.163181,-0.00934,NA
-44.77836688327,-20.9687897722673,583,2019-01-02,2021-05-31,177,0.2421,0.3165,2023-09-08,-0.183176,-0.027441,NA
-44.77836688327,-20.9688796037957,583,2019-01-02,2021-05-31,177,0.248,0.3219,2023-09-03,-0.18759,-0.030499,NA
-44.77836688327,-20.9689694353241,583,2019-01-02,2021-05-31,177,0.2377,0.3189,2023-10-03,-0.154276,0.005632,NA
-44.77836688327,-20.9690592668525,583,2019-01-02,2021-05-31,177,0.22,0.2999,NA,NA,0.08551,NA
-44.77836688327,-20.969149098381,583,2019-01-02,2021-05-31,177,0.2227,0.2958,NA,NA,0.118449,NA
-44.77836688327,-20.9692389299094,583,2019-01-02,2021-05-31,177,0.2305,0.2981,2024-04-05,0.176046,0.122666,NA
-44.77836688327,-20.9693287614378,583,2019-01-02,2021-05-31,177,0.2357,0.2987,2024-04-05,0.210223,0.132669,NA
-44.77836688327,-20.9694185929662,583,2019-01-02,2021-05-31,177,0.2367,0.2987,NA,NA,0.113934,NA
-44.77836688327,-20.9695084244946,583,2019-01-02,2021-05-31,177,0.2347,0.2965,NA,NA,0.099312,NA
-44.77836688327,-20.969598256023,583,2019-01-02,2021-05-31,177,0.2291,0.3,2024-04-10,0.200154,0.092196,NA
-44.77836688327,-20.9696880875514,583,2019-01-02,2021-05-31,177,0.2379,0.3031,2024-04-05,0.191143,0.09728,NA
-44.77836688327,-20.970676234364,583,2019-01-02,2021-05-31,177,0.2309,0.3097,NA,NA,0.119243,NA
-44.77836688327,-20.9707660658924,583,2019-01-02,2021-05-31,177,0.2285,0.3104,NA,NA,0.107839,NA
-44.77836688327,-20.9708558974208,583,2019-01-02,2021-05-31,177,0.222,0.3121,NA,NA,0.108497,NA
-44.77836688327,-20.9709457289492,583,2019-01-02,2021-05-31,177,0.2225,0.3114,NA,NA,0.10092,NA
-44.7784567147984,-20.9668134786422,583,2019-01-02,2021-05-31,177,0.2283,0.3201,NA,NA,0.083849,NA
-44.7784567147984,-20.9669033101707,583,2019-01-02,2021-05-31,177,0.2298,0.3201,NA,NA,0.102424,NA
-44.7784567147984,-20.9669931416991,583,2019-01-02,2021-05-31,177,0.2346,0.3187,NA,NA,0.101432,NA
-44.7784567147984,-20.9670829732275,583,2019-01-02,2021-05-31,177,0.2352,0.316,NA,NA,0.078372,NA
-44.7784567147984,-20.9671728047559,583,2019-01-02,2021-05-31,177,0.2426,0.3147,NA,NA,-0.015138,NA
-44.7784567147984,-20.9672626362843,583,2019-01-02,2021-05-31,177,0.2548,0.3149,2024-08-18,-0.310987,-0.101932,NA
-44.7784567147984,-20.9673524678127,583,2019-01-02,2021-05-31,177,0.263,0.3163,2024-07-24,-0.28257,-0.130042,NA
-44.7784567147984,-20.9674422993411,583,2019-01-02,2021-05-31,177,0.2679,0.3156,2024-07-19,-0.268256,-0.141754,NA
-44.7784567147984,-20.9675321308695,583,2019-01-02,2021-05-31,177,0.2741,0.3109,2024-07-19,-0.270343,-0.147843,NA
-44.7784567147984,-20.967621962398,583,2019-01-02,2021-05-31,177,0.2807,0.3076,2024-07-19,-0.278028,-0.152459,NA
-44.7784567147984,-20.9677117939264,583,2019-01-02,2021-05-31,177,0.2798,0.3046,2024-07-14,-0.273203,-0.149379,NA
-44.7784567147984,-20.9678016254548,583,2019-01-02,2021-05-31,177,0.2815,0.3024,2024-07-14,-0.275055,-0.141098,NA
-44.7784567147984,-20.9678914569832,583,2019-01-02,2021-05-31,177,0.2854,0.3062,2024-07-09,-0.262179,-0.148849,NA
-44.7784567147984,-20.9679812885116,583,2019-01-02,2021-05-31,177,0.2854,0.3062,2024-07-09,-0.262179,-0.148849,NA
-44.7784567147984,-20.96807112004,583,2019-01-02,2021-05-31,177,0.2861,0.308,2024-07-09,-0.268366,-0.158142,NA
-44.7784567147984,-20.9681609515684,583,2019-01-02,2021-05-31,177,0.2813,0.3091,2024-06-24,-0.227481,-0.158196,NA
-44.7784567147984,-20.9682507830968,583,2019-01-02,2021-05-31,177,0.2699,0.307,2024-06-19,-0.258723,-0.16077,NA
-44.7784567147984,-20.9683406146253,583,2019-01-02,2021-05-31,177,0.2532,0.3123,2024-06-29,-0.242222,-0.150084,NA
-44.7784567147984,-20.9684304461537,583,2019-01-02,2021-05-31,177,0.2227,0.3022,2024-07-14,-0.212166,-0.137273,NA
-44.7784567147984,-20.9685202776821,583,2019-01-02,2021-05-31,177,0.2019,0.2819,2025-09-12,-0.139137,-0.04854,NA
-44.7784567147984,-20.9686101092105,583,2019-01-02,2021-05-31,177,0.2406,0.3082,2023-10-13,-0.151508,-0.015406,NA
-44.7784567147984,-20.9686999407389,583,2019-01-02,2021-05-31,177,0.2466,0.3174,2023-09-23,-0.161517,-0.011485,NA
-44.7784567147984,-20.9687897722673,583,2019-01-02,2021-05-31,177,0.243,0.3162,2023-09-13,-0.188664,-0.037044,NA
-44.7784567147984,-20.9688796037957,583,2019-01-02,2021-05-31,177,0.2454,0.3217,2023-09-03,-0.199524,-0.043356,NA
-44.7784567147984,-20.9689694353241,583,2019-01-02,2021-05-31,177,0.2373,0.3193,NA,NA,0.011275,NA
-44.7784567147984,-20.9690592668525,583,2019-01-02,2021-05-31,177,0.2303,0.3066,NA,NA,0.096478,NA
-44.7784567147984,-20.969149098381,583,2019-01-02,2021-05-31,177,0.2318,0.3039,NA,NA,0.126543,NA
-44.7784567147984,-20.9692389299094,583,2019-01-02,2021-05-31,177,0.2357,0.3035,NA,NA,0.115606,NA
-44.7784567147984,-20.9693287614378,583,2019-01-02,2021-05-31,177,0.2378,0.3019,NA,NA,0.11783,NA
-44.7784567147984,-20.9694185929662,583,2019-01-02,2021-05-31,177,0.2395,0.2984,NA,NA,0.110375,NA
-44.7784567147984,-20.9695084244946,583,2019-01-02,2021-05-31,177,0.2409,0.2964,2024-04-10,0.179055,0.098187,NA
-44.7784567147984,-20.969598256023,583,2019-01-02,2021-05-31,177,0.2365,0.2997,2024-04-05,0.181802,0.087449,NA
-44.7784567147984,-20.9696880875514,583,2019-01-02,2021-05-31,177,0.2389,0.3032,2024-04-05,0.189,0.104238,NA
-44.7784567147984,-20.9697779190798,583,2019-01-02,2021-05-31,177,0.2424,0.3045,2024-04-05,0.200648,0.094201,NA
-44.7784567147984,-20.9704965713071,583,2019-01-02,2021-05-31,177,0.2316,0.306,NA,NA,0.101516,NA
-44.7784567147984,-20.9705864028356,583,2019-01-02,2021-05-31,177,0.2325,0.3092,NA,NA,0.119492,NA
-44.7784567147984,-20.970676234364,583,2019-01-02,2021-05-31,177,0.227,0.3108,NA,NA,0.11979,NA
-44.7784567147984,-20.9707660658924,583,2019-01-02,2021-05-31,177,0.2231,0.3114,NA,NA,0.119255,NA
-44.7784567147984,-20.9708558974208,583,2019-01-02,2021-05-31,177,0.2182,0.311,NA,NA,0.113312,NA
-44.7784567147984,-20.9709457289492,583,2019-01-02,2021-05-31,177,0.2164,0.3097,NA,NA,0.101668,NA
-44.7785465463268,-20.9667236471138,583,2019-01-02,2021-05-31,177,0.2303,0.3176,NA,NA,0.059667,NA
-44.7785465463268,-20.9668134786422,583,2019-01-02,2021-05-31,177,0.2283,0.3201,NA,NA,0.083849,NA
-44.7785465463268,-20.9669033101707,583,2019-01-02,2021-05-31,177,0.2298,0.3201,NA,NA,0.102424,NA
-44.7785465463268,-20.9669931416991,583,2019-01-02,2021-05-31,177,0.2346,0.3187,NA,NA,0.101432,NA
-44.7785465463268,-20.9670829732275,583,2019-01-02,2021-05-31,177,0.2352,0.316,NA,NA,0.078372,NA
-44.7785465463268,-20.9671728047559,583,2019-01-02,2021-05-31,177,0.2426,0.3147,NA,NA,-0.015138,NA
-44.7785465463268,-20.9672626362843,583,2019-01-02,2021-05-31,177,0.2548,0.3149,2024-08-18,-0.310987,-0.101932,NA
-44.7785465463268,-20.9673524678127,583,2019-01-02,2021-05-31,177,0.263,0.3163,2024-07-24,-0.28257,-0.130042,NA
-44.7785465463268,-20.9674422993411,583,2019-01-02,2021-05-31,177,0.2679,0.3156,2024-07-19,-0.268256,-0.141754,NA
-44.7785465463268,-20.9675321308695,583,2019-01-02,2021-05-31,177,0.2741,0.3109,2024-07-19,-0.270343,-0.147843,NA
-44.7785465463268,-20.967621962398,583,2019-01-02,2021-05-31,177,0.2807,0.3076,2024-07-19,-0.278028,-0.152459,NA
-44.7785465463268,-20.9677117939264,583,2019-01-02,2021-05-31,177,0.2798,0.3046,2024-07-14,-0.273203,-0.149379,NA
-44.7785465463268,-20.9678016254548,583,2019-01-02,2021-05-31,177,0.2815,0.3024,2024-07-14,-0.275055,-0.141098,NA
-44.7785465463268,-20.9678914569832,583,2019-01-02,2021-05-31,177,0.2854,0.3062,2024-07-09,-0.262179,-0.148849,NA
-44.7785465463268,-20.9679812885116,583,2019-01-02,2021-05-31,177,0.2854,0.3062,2024-07-09,-0.262179,-0.148849,NA
-44.7785465463268,-20.96807112004,583,2019-01-02,2021-05-31,177,0.2861,0.308,2024-07-09,-0.268366,-0.158142,NA
-44.7785465463268,-20.9681609515684,583,2019-01-02,2021-05-31,177,0.2813,0.3091,2024-06-24,-0.227481,-0.158196,NA
-44.7785465463268,-20.9682507830968,583,2019-01-02,2021-05-31,177,0.2699,0.307,2024-06-19,-0.258723,-0.16077,NA
-44.7785465463268,-20.9683406146253,583,2019-01-02,2021-05-31,177,0.2532,0.3123,2024-06-29,-0.242222,-0.150084,NA
-44.7785465463268,-20.9684304461537,583,2019-01-02,2021-05-31,177,0.2227,0.3022,2024-07-14,-0.212166,-0.137273,NA
-44.7785465463268,-20.9685202776821,583,2019-01-02,2021-05-31,177,0.2019,0.2819,2025-09-12,-0.139137,-0.04854,NA
-44.7785465463268,-20.9686101092105,583,2019-01-02,2021-05-31,177,0.2406,0.3082,2023-10-13,-0.151508,-0.015406,NA
-44.7785465463268,-20.9686999407389,583,2019-01-02,2021-05-31,177,0.2466,0.3174,2023-09-23,-0.161517,-0.011485,NA
-44.7785465463268,-20.9687897722673,583,2019-01-02,2021-05-31,177,0.243,0.3162,2023-09-13,-0.188664,-0.037044,NA
-44.7785465463268,-20.9688796037957,583,2019-01-02,2021-05-31,177,0.2454,0.3217,2023-09-03,-0.199524,-0.043356,NA
-44.7785465463268,-20.9689694353241,583,2019-01-02,2021-05-31,177,0.2373,0.3193,NA,NA,0.011275,NA
-44.7785465463268,-20.9690592668525,583,2019-01-02,2021-05-31,177,0.2303,0.3066,NA,NA,0.096478,NA
-44.7785465463268,-20.969149098381,583,2019-01-02,2021-05-31,177,0.2318,0.3039,NA,NA,0.126543,NA
-44.7785465463268,-20.9692389299094,583,2019-01-02,2021-05-31,177,0.2357,0.3035,NA,NA,0.115606,NA
-44.7785465463268,-20.9693287614378,583,2019-01-02,2021-05-31,177,0.2378,0.3019,NA,NA,0.11783,NA
-44.7785465463268,-20.9694185929662,583,2019-01-02,2021-05-31,177,0.2395,0.2984,NA,NA,0.110375,NA
-44.7785465463268,-20.9695084244946,583,2019-01-02,2021-05-31,177,0.2409,0.2964,2024-04-10,0.179055,0.098187,NA
-44.7785465463268,-20.969598256023,583,2019-01-02,2021-05-31,177,0.2365,0.2997,2024-04-05,0.181802,0.087449,NA
-44.7785465463268,-20.9696880875514,583,2019-01-02,2021-05-31,177,0.2389,0.3032,2024-04-05,0.189,0.104238,NA
-44.7785465463268,-20.9697779190798,583,2019-01-02,2021-05-31,177,0.2424,0.3045,2024-04-05,0.200648,0.094201,NA
-44.7785465463268,-20.9698677506083,583,2019-01-02,2021-05-31,177,0.2451,0.3027,2024-04-05,0.211498,0.090459,NA
-44.7785465463268,-20.9699575821367,583,2019-01-02,2021-05-31,177,0.2367,0.2962,2024-03-16,0.159703,0.126253,NA
-44.7785465463268,-20.9700474136651,583,2019-01-02,2021-05-31,177,0.2316,0.2869,2024-03-16,0.13077,0.123563,NA
-44.7785465463268,-20.9701372451935,583,2019-01-02,2021-05-31,177,0.2357,0.2881,2024-03-16,0.11649,0.121788,NA
-44.7785465463268,-20.9702270767219,583,2019-01-02,2021-05-31,177,0.2403,0.3025,2024-04-05,0.211274,0.117769,NA
-44.7785465463268,-20.9703169082503,583,2019-01-02,2021-05-31,177,0.2344,0.3038,NA,NA,0.114678,NA
-44.7785465463268,-20.9704067397787,583,2019-01-02,2021-05-31,177,0.231,0.3038,NA,NA,0.107492,NA
-44.7785465463268,-20.9704965713071,583,2019-01-02,2021-05-31,177,0.2316,0.3071,NA,NA,0.107849,NA
-44.7785465463268,-20.9705864028356,583,2019-01-02,2021-05-31,177,0.2271,0.3086,NA,NA,0.122793,NA
-44.7785465463268,-20.970676234364,583,2019-01-02,2021-05-31,177,0.2209,0.3093,NA,NA,0.108294,NA
-44.7785465463268,-20.9707660658924,583,2019-01-02,2021-05-31,177,0.2182,0.311,NA,NA,0.100039,NA
-44.7785465463268,-20.9708558974208,583,2019-01-02,2021-05-31,177,0.2136,0.3108,NA,NA,0.098842,NA
-44.7785465463268,-20.9709457289492,583,2019-01-02,2021-05-31,177,0.1994,0.3011,NA,NA,0.084058,NA
-44.7786363778552,-20.9667236471138,583,2019-01-02,2021-05-31,177,0.2285,0.3173,NA,NA,0.06838,NA
-44.7786363778552,-20.9668134786422,583,2019-01-02,2021-05-31,177,0.2257,0.3177,NA,NA,0.096167,NA
-44.7786363778552,-20.9669033101707,583,2019-01-02,2021-05-31,177,0.2287,0.3175,NA,NA,0.099207,NA
-44.7786363778552,-20.9669931416991,583,2019-01-02,2021-05-31,177,0.233,0.3152,NA,NA,0.096434,NA
-44.7786363778552,-20.9670829732275,583,2019-01-02,2021-05-31,177,0.2364,0.3135,NA,NA,0.060855,NA
-44.7786363778552,-20.9671728047559,583,2019-01-02,2021-05-31,177,0.252,0.3136,2024-10-07,-0.232671,-0.072269,NA
-44.7786363778552,-20.9672626362843,583,2019-01-02,2021-05-31,177,0.2649,0.3151,2024-07-29,-0.293526,-0.126425,NA
-44.7786363778552,-20.9673524678127,583,2019-01-02,2021-05-31,177,0.2716,0.315,2024-07-19,-0.285141,-0.141174,NA
-44.7786363778552,-20.9674422993411,583,2019-01-02,2021-05-31,177,0.273,0.3108,2024-07-19,-0.282837,-0.136235,NA
-44.7786363778552,-20.9675321308695,583,2019-01-02,2021-05-31,177,0.2794,0.3068,2024-07-19,-0.272115,-0.149159,NA
-44.7786363778552,-20.967621962398,583,2019-01-02,2021-05-31,177,0.2848,0.3046,2024-07-14,-0.286466,-0.152431,NA
-44.7786363778552,-20.9677117939264,583,2019-01-02,2021-05-31,177,0.2825,0.3021,2024-07-14,-0.282414,-0.142282,NA
-44.7786363778552,-20.9678016254548,583,2019-01-02,2021-05-31,177,0.2804,0.3042,2024-07-14,-0.279351,-0.143297,NA
-44.7786363778552,-20.9678914569832,583,2019-01-02,2021-05-31,177,0.2815,0.3074,2024-07-09,-0.268236,-0.145781,NA
-44.7786363778552,-20.9679812885116,583,2019-01-02,2021-05-31,177,0.2815,0.3074,2024-07-09,-0.268236,-0.145781,NA
-44.7786363778552,-20.96807112004,583,2019-01-02,2021-05-31,177,0.2754,0.3093,2024-07-09,-0.26159,-0.152595,NA
-44.7786363778552,-20.9681609515684,583,2019-01-02,2021-05-31,177,0.269,0.311,2024-06-19,-0.256702,-0.162046,NA
-44.7786363778552,-20.9682507830968,583,2019-01-02,2021-05-31,177,0.2605,0.3111,2024-06-19,-0.268046,-0.161821,NA
-44.7786363778552,-20.9683406146253,583,2019-01-02,2021-05-31,177,0.2464,0.3195,2024-06-24,-0.259171,-0.166524,NA
-44.7786363778552,-20.9684304461537,583,2019-01-02,2021-05-31,177,0.2216,0.3047,2024-07-24,-0.223151,-0.13755,NA
-44.7786363778552,-20.9685202776821,583,2019-01-02,2021-05-31,177,0.2185,0.2907,2025-09-12,-0.119734,-0.039134,NA
-44.7786363778552,-20.9686101092105,583,2019-01-02,2021-05-31,177,0.2483,0.3124,2023-09-28,-0.149817,-0.019672,NA
-44.7786363778552,-20.9686999407389,583,2019-01-02,2021-05-31,177,0.2476,0.3182,2023-09-18,-0.161307,-0.025418,NA
-44.7786363778552,-20.9687897722673,583,2019-01-02,2021-05-31,177,0.2418,0.3169,2023-09-08,-0.186099,-0.049584,NA
-44.7786363778552,-20.9688796037957,583,2019-01-02,2021-05-31,177,0.2431,0.3224,2023-09-03,-0.196747,-0.042098,NA
-44.7786363778552,-20.9689694353241,583,2019-01-02,2021-05-31,177,0.2386,0.3184,NA,NA,0.026125,NA
-44.7786363778552,-20.9690592668525,583,2019-01-02,2021-05-31,177,0.2349,0.3061,NA,NA,0.109763,NA
-44.7786363778552,-20.969149098381,583,2019-01-02,2021-05-31,177,0.2334,0.3049,NA,NA,0.126214,NA
-44.7786363778552,-20.9692389299094,583,2019-01-02,2021-05-31,177,0.2318,0.3042,NA,NA,0.122189,NA
-44.7786363778552,-20.9693287614378,583,2019-01-02,2021-05-31,177,0.2351,0.3031,NA,NA,0.123908,NA
-44.7786363778552,-20.9694185929662,583,2019-01-02,2021-05-31,177,0.2403,0.3007,NA,NA,0.106425,NA
-44.7786363778552,-20.9695084244946,583,2019-01-02,2021-05-31,177,0.2429,0.299,NA,NA,0.09142,NA
-44.7786363778552,-20.969598256023,583,2019-01-02,2021-05-31,177,0.2387,0.2998,2024-04-05,0.17974,0.097234,NA
-44.7786363778552,-20.9696880875514,583,2019-01-02,2021-05-31,177,0.2407,0.3023,2024-04-05,0.190839,0.108434,NA
-44.7786363778552,-20.9697779190798,583,2019-01-02,2021-05-31,177,0.2421,0.3048,2024-04-05,0.212473,0.094943,NA
-44.7786363778552,-20.9698677506083,583,2019-01-02,2021-05-31,177,0.2419,0.3049,2024-04-05,0.215042,0.092053,NA
-44.7786363778552,-20.9699575821367,583,2019-01-02,2021-05-31,177,0.2408,0.303,2024-04-05,0.220924,0.123243,NA
-44.7786363778552,-20.9700474136651,583,2019-01-02,2021-05-31,177,0.2472,0.3025,2024-04-05,0.218091,0.120626,NA
-44.7786363778552,-20.9701372451935,583,2019-01-02,2021-05-31,177,0.2474,0.3017,2024-04-05,0.199957,0.120318,NA
-44.7786363778552,-20.9702270767219,583,2019-01-02,2021-05-31,177,0.2403,0.3025,2024-04-05,0.211274,0.117769,NA
-44.7786363778552,-20.9703169082503,583,2019-01-02,2021-05-31,177,0.2344,0.3038,NA,NA,0.114678,NA
-44.7786363778552,-20.9704067397787,583,2019-01-02,2021-05-31,177,0.231,0.3038,NA,NA,0.107492,NA
-44.7786363778552,-20.9704965713071,583,2019-01-02,2021-05-31,177,0.2316,0.3071,NA,NA,0.107849,NA
-44.7786363778552,-20.9705864028356,583,2019-01-02,2021-05-31,177,0.2271,0.3086,NA,NA,0.122793,NA
-44.7786363778552,-20.970676234364,583,2019-01-02,2021-05-31,177,0.2209,0.3093,NA,NA,0.108294,NA
-44.7786363778552,-20.9707660658924,583,2019-01-02,2021-05-31,177,0.2182,0.311,NA,NA,0.100039,NA
-44.7786363778552,-20.9708558974208,583,2019-01-02,2021-05-31,177,0.2136,0.3108,NA,NA,0.098842,NA
-44.7787262093836,-20.9666338155854,583,2019-01-02,2021-05-31,177,0.2224,0.3172,2022-10-13,-0.124677,0.02969,NA
-44.7787262093836,-20.9667236471138,583,2019-01-02,2021-05-31,177,0.2173,0.3152,NA,NA,0.065206,NA
-44.7787262093836,-20.9668134786422,583,2019-01-02,2021-05-31,177,0.2207,0.3169,NA,NA,0.098201,NA
-44.7787262093836,-20.9669033101707,583,2019-01-02,2021-05-31,177,0.2284,0.3174,NA,NA,0.089242,NA
-44.7787262093836,-20.9669931416991,583,2019-01-02,2021-05-31,177,0.228,0.3123,NA,NA,0.076353,NA
-44.7787262093836,-20.9670829732275,583,2019-01-02,2021-05-31,177,0.2378,0.3102,NA,NA,0.017117,NA
-44.7787262093836,-20.9671728047559,583,2019-01-02,2021-05-31,177,0.2606,0.3131,2024-08-23,-0.313805,-0.097726,NA
-44.7787262093836,-20.9672626362843,583,2019-01-02,2021-05-31,177,0.2705,0.3155,2024-07-19,-0.287727,-0.128597,NA
-44.7787262093836,-20.9673524678127,583,2019-01-02,2021-05-31,177,0.2708,0.3122,2024-07-19,-0.285536,-0.131321,NA
-44.7787262093836,-20.9674422993411,583,2019-01-02,2021-05-31,177,0.2662,0.3067,2024-07-19,-0.277259,-0.136869,NA
-44.7787262093836,-20.9675321308695,583,2019-01-02,2021-05-31,177,0.2744,0.3057,2024-07-19,-0.26953,-0.150379,NA
-44.7787262093836,-20.967621962398,583,2019-01-02,2021-05-31,177,0.2807,0.3011,2024-07-19,-0.283455,-0.137154,NA
-44.7787262093836,-20.9677117939264,583,2019-01-02,2021-05-31,177,0.2817,0.3001,2024-07-14,-0.279303,-0.123866,NA
-44.7787262093836,-20.9678016254548,583,2019-01-02,2021-05-31,177,0.2839,0.3067,2024-07-14,-0.278388,-0.13245,NA
-44.7787262093836,-20.9678914569832,583,2019-01-02,2021-05-31,177,0.2839,0.3067,2024-07-14,-0.278388,-0.13245,NA
-44.7787262093836,-20.9679812885116,583,2019-01-02,2021-05-31,177,0.2846,0.3078,2024-07-14,-0.279554,-0.136608,NA
-44.7787262093836,-20.96807112004,583,2019-01-02,2021-05-31,177,0.2766,0.3085,2024-07-04,-0.247281,-0.136561,NA
-44.7787262093836,-20.9681609515684,583,2019-01-02,2021-05-31,177,0.2678,0.3088,2024-06-19,-0.266326,-0.154962,NA
-44.7787262093836,-20.9682507830968,583,2019-01-02,2021-05-31,177,0.2546,0.3139,2024-06-19,-0.27582,-0.161372,NA
-44.7787262093836,-20.9683406146253,583,2019-01-02,2021-05-31,177,0.2367,0.3232,2024-06-29,-0.26726,-0.162334,NA
-44.7787262093836,-20.9684304461537,583,2019-01-02,2021-05-31,177,0.2159,0.3083,2024-08-03,-0.218638,-0.125688,NA
-44.7787262093836,-20.9685202776821,583,2019-01-02,2021-05-31,177,0.2269,0.3055,2025-09-19,-0.113476,-0.042996,NA
-44.7787262093836,-20.9686101092105,583,2019-01-02,2021-05-31,177,0.2446,0.3185,2023-09-18,-0.164165,-0.026642,NA
-44.7787262093836,-20.9686999407389,583,2019-01-02,2021-05-31,177,0.2429,0.3188,2023-09-13,-0.16986,-0.035719,NA
-44.7787262093836,-20.9687897722673,583,2019-01-02,2021-05-31,177,0.2373,0.3174,2023-09-03,-0.185722,-0.042498,NA
-44.7787262093836,-20.9688796037957,583,2019-01-02,2021-05-31,177,0.2387,0.3227,2023-09-03,-0.207652,-0.048712,NA
-44.7787262093836,-20.9689694353241,583,2019-01-02,2021-05-31,177,0.2422,0.3174,NA,NA,0.023296,NA
-44.7787262093836,-20.9690592668525,583,2019-01-02,2021-05-31,177,0.2394,0.3051,NA,NA,0.118843,NA
-44.7787262093836,-20.969149098381,583,2019-01-02,2021-05-31,177,0.2363,0.3049,NA,NA,0.131782,NA
-44.7787262093836,-20.9692389299094,583,2019-01-02,2021-05-31,177,0.2337,0.3039,NA,NA,0.127691,NA
-44.7787262093836,-20.9693287614378,583,2019-01-02,2021-05-31,177,0.2331,0.3054,2024-04-05,0.219668,0.127443,NA
-44.7787262093836,-20.9694185929662,583,2019-01-02,2021-05-31,177,0.236,0.306,2024-04-05,0.206938,0.107245,NA
-44.7787262093836,-20.9695084244946,583,2019-01-02,2021-05-31,177,0.2394,0.3038,2024-04-05,0.19263,0.1064,NA
-44.7787262093836,-20.969598256023,583,2019-01-02,2021-05-31,177,0.2404,0.3019,2024-04-05,0.191269,0.110909,NA
-44.7787262093836,-20.9696880875514,583,2019-01-02,2021-05-31,177,0.2391,0.3039,2024-04-05,0.20184,0.112602,NA
-44.7787262093836,-20.9697779190798,583,2019-01-02,2021-05-31,177,0.2397,0.3053,2024-04-05,0.212341,0.094645,NA
-44.7787262093836,-20.9698677506083,583,2019-01-02,2021-05-31,177,0.2362,0.308,2024-04-05,0.214021,0.10026,NA
-44.7787262093836,-20.9699575821367,583,2019-01-02,2021-05-31,177,0.2388,0.3073,2024-04-05,0.223812,0.123344,NA
-44.7787262093836,-20.9700474136651,583,2019-01-02,2021-05-31,177,0.245,0.3061,2024-04-05,0.228514,0.12364,NA
-44.7787262093836,-20.9701372451935,583,2019-01-02,2021-05-31,177,0.2448,0.3046,2024-04-05,0.206338,0.130816,NA
-44.7787262093836,-20.9702270767219,583,2019-01-02,2021-05-31,177,0.2356,0.3042,NA,NA,0.120138,NA
-44.7787262093836,-20.9703169082503,583,2019-01-02,2021-05-31,177,0.2305,0.3048,NA,NA,0.121421,NA
-44.7787262093836,-20.9704067397787,583,2019-01-02,2021-05-31,177,0.228,0.306,NA,NA,0.109464,NA
-44.7787262093836,-20.9704965713071,583,2019-01-02,2021-05-31,177,0.2258,0.3086,NA,NA,0.111135,NA
-44.7787262093836,-20.9705864028356,583,2019-01-02,2021-05-31,177,0.2214,0.3084,NA,NA,0.117876,NA
-44.7787262093836,-20.970676234364,583,2019-01-02,2021-05-31,177,0.2189,0.3077,NA,NA,0.107027,NA
-44.7787262093836,-20.9707660658924,583,2019-01-02,2021-05-31,177,0.2192,0.3098,NA,NA,0.087116,NA
-44.7787262093836,-20.9708558974208,583,2019-01-02,2021-05-31,177,0.2114,0.3091,NA,NA,0.072621,NA
-44.7788160409121,-20.9666338155854,583,2019-01-02,2021-05-31,177,0.2182,0.3179,NA,NA,0.028518,NA
-44.7788160409121,-20.9667236471138,583,2019-01-02,2021-05-31,177,0.2122,0.3165,NA,NA,0.062766,NA
-44.7788160409121,-20.9668134786422,583,2019-01-02,2021-05-31,177,0.2211,0.3194,NA,NA,0.079332,NA
-44.7788160409121,-20.9669033101707,583,2019-01-02,2021-05-31,177,0.227,0.3175,NA,NA,0.074104,NA
-44.7788160409121,-20.9669931416991,583,2019-01-02,2021-05-31,177,0.2265,0.3091,NA,NA,0.06478,NA
-44.7788160409121,-20.9670829732275,583,2019-01-02,2021-05-31,177,0.2374,0.3057,NA,NA,-0.024061,NA
-44.7788160409121,-20.9671728047559,583,2019-01-02,2021-05-31,177,0.2567,0.3112,2024-08-03,-0.292287,-0.108755,NA
-44.7788160409121,-20.9672626362843,583,2019-01-02,2021-05-31,177,0.2659,0.3143,2024-07-19,-0.287745,-0.129358,NA
-44.7788160409121,-20.9673524678127,583,2019-01-02,2021-05-31,177,0.2676,0.3094,2024-07-19,-0.282883,-0.124451,NA
-44.7788160409121,-20.9674422993411,583,2019-01-02,2021-05-31,177,0.2672,0.3063,2024-07-24,-0.289538,-0.128514,NA
-44.7788160409121,-20.9675321308695,583,2019-01-02,2021-05-31,177,0.2736,0.307,2024-07-24,-0.292652,-0.146488,NA
-44.7788160409121,-20.967621962398,583,2019-01-02,2021-05-31,177,0.2734,0.3021,2024-07-19,-0.286907,-0.134875,NA
-44.7788160409121,-20.9677117939264,583,2019-01-02,2021-05-31,177,0.2738,0.3023,2024-07-19,-0.285795,-0.128482,NA
-44.7788160409121,-20.9678016254548,583,2019-01-02,2021-05-31,177,0.2812,0.308,2024-07-19,-0.286947,-0.132583,NA
-44.7788160409121,-20.9678914569832,583,2019-01-02,2021-05-31,177,0.2812,0.308,2024-07-19,-0.286947,-0.132583,NA
-44.7788160409121,-20.9679812885116,583,2019-01-02,2021-05-31,177,0.2828,0.3075,2024-07-14,-0.27742,-0.131155,NA
-44.7788160409121,-20.96807112004,583,2019-01-02,2021-05-31,177,0.276,0.3079,2024-07-04,-0.269328,-0.134483,NA
-44.7788160409121,-20.9681609515684,583,2019-01-02,2021-05-31,177,0.2628,0.3093,2024-06-24,-0.282303,-0.148948,NA
-44.7788160409121,-20.9682507830968,583,2019-01-02,2021-05-31,177,0.2473,0.3182,2024-06-29,-0.275752,-0.155744,NA
-44.7788160409121,-20.9683406146253,583,2019-01-02,2021-05-31,177,0.2316,0.3256,2024-06-29,-0.266636,-0.154993,NA
-44.7788160409121,-20.9684304461537,583,2019-01-02,2021-05-31,177,0.2153,0.3137,2024-08-13,-0.23875,-0.11373,NA
-44.7788160409121,-20.9685202776821,583,2019-01-02,2021-05-31,177,0.2283,0.3114,2025-09-22,-0.112792,-0.053483,NA
-44.7788160409121,-20.9686101092105,583,2019-01-02,2021-05-31,177,0.2397,0.3191,2023-09-13,-0.150792,-0.025973,NA
-44.7788160409121,-20.9686999407389,583,2019-01-02,2021-05-31,177,0.2395,0.3201,2023-09-03,-0.16404,-0.031389,NA
-44.7788160409121,-20.9687897722673,583,2019-01-02,2021-05-31,177,0.2408,0.3212,2023-09-13,-0.191997,-0.025388,NA
-44.7788160409121,-20.9688796037957,583,2019-01-02,2021-05-31,177,0.2437,0.3236,2023-09-13,-0.210275,-0.014949,NA
-44.7788160409121,-20.9689694353241,583,2019-01-02,2021-05-31,177,0.244,0.3158,NA,NA,0.041667,NA
-44.7788160409121,-20.9690592668525,583,2019-01-02,2021-05-31,177,0.2429,0.3046,NA,NA,0.117749,NA
-44.7788160409121,-20.969149098381,583,2019-01-02,2021-05-31,177,0.237,0.3042,NA,NA,0.135061,NA
-44.7788160409121,-20.9692389299094,583,2019-01-02,2021-05-31,177,0.2279,0.3057,2024-04-05,0.212762,0.139159,NA
-44.7788160409121,-20.9693287614378,583,2019-01-02,2021-05-31,177,0.2237,0.3101,2024-04-05,0.226515,0.133894,NA
-44.7788160409121,-20.9694185929662,583,2019-01-02,2021-05-31,177,0.2262,0.3092,2024-04-05,0.208321,0.116511,NA
-44.7788160409121,-20.9695084244946,583,2019-01-02,2021-05-31,177,0.2317,0.3065,2024-04-05,0.200974,0.108296,NA
-44.7788160409121,-20.969598256023,583,2019-01-02,2021-05-31,177,0.2401,0.3037,2024-04-05,0.208547,0.111474,NA
-44.7788160409121,-20.9696880875514,583,2019-01-02,2021-05-31,177,0.2394,0.3053,2024-04-05,0.217707,0.116328,NA
-44.7788160409121,-20.9697779190798,583,2019-01-02,2021-05-31,177,0.2403,0.3061,2024-03-16,0.158386,0.093677,NA
-44.7788160409121,-20.9698677506083,583,2019-01-02,2021-05-31,177,0.2381,0.3069,2024-04-05,0.228485,0.11003,NA
-44.7788160409121,-20.9699575821367,583,2019-01-02,2021-05-31,177,0.2367,0.3077,2024-04-05,0.230471,0.129435,NA
-44.7788160409121,-20.9700474136651,583,2019-01-02,2021-05-31,177,0.2405,0.3073,2024-04-05,0.242567,0.137475,NA
-44.7788160409121,-20.9701372451935,583,2019-01-02,2021-05-31,177,0.24,0.3048,2024-04-05,0.229583,0.129594,NA
-44.7788160409121,-20.9702270767219,583,2019-01-02,2021-05-31,177,0.2354,0.304,2024-04-10,0.196495,0.125509,NA
-44.7788160409121,-20.9703169082503,583,2019-01-02,2021-05-31,177,0.2323,0.3045,NA,NA,0.119569,NA
-44.7788160409121,-20.9704067397787,583,2019-01-02,2021-05-31,177,0.2278,0.3065,NA,NA,0.106739,NA
-44.7788160409121,-20.9704965713071,583,2019-01-02,2021-05-31,177,0.2247,0.3085,NA,NA,0.105436,NA
-44.7788160409121,-20.9705864028356,583,2019-01-02,2021-05-31,177,0.2227,0.3088,NA,NA,0.103699,NA
-44.7788160409121,-20.970676234364,583,2019-01-02,2021-05-31,177,0.2225,0.3084,NA,NA,0.100273,NA
-44.7788160409121,-20.9707660658924,583,2019-01-02,2021-05-31,177,0.2209,0.3075,NA,NA,0.087337,NA
-44.7788160409121,-20.9708558974208,583,2019-01-02,2021-05-31,177,0.2083,0.301,NA,NA,0.072689,NA
-44.7789058724405,-20.9664541525286,583,2019-01-02,2021-05-31,177,0.2224,0.3144,2022-10-08,-0.148133,-0.003258,NA
-44.7789058724405,-20.966543984057,583,2019-01-02,2021-05-31,177,0.2221,0.3172,2022-10-08,-0.130117,0.017144,NA
-44.7789058724405,-20.9666338155854,583,2019-01-02,2021-05-31,177,0.2188,0.3166,NA,NA,0.034458,NA
-44.7789058724405,-20.9667236471138,583,2019-01-02,2021-05-31,177,0.2169,0.3196,NA,NA,0.070815,NA
-44.7789058724405,-20.9668134786422,583,2019-01-02,2021-05-31,177,0.2219,0.3195,NA,NA,0.077192,NA
-44.7789058724405,-20.9669033101707,583,2019-01-02,2021-05-31,177,0.2237,0.3127,NA,NA,0.071627,NA
-44.7789058724405,-20.9669931416991,583,2019-01-02,2021-05-31,177,0.2333,0.3049,NA,NA,0.033973,NA
-44.7789058724405,-20.9670829732275,583,2019-01-02,2021-05-31,177,0.2455,0.3053,2024-09-02,-0.260084,-0.080816,NA
-44.7789058724405,-20.9671728047559,583,2019-01-02,2021-05-31,177,0.2546,0.3115,2024-07-24,-0.29598,-0.128714,NA
-44.7789058724405,-20.9672626362843,583,2019-01-02,2021-05-31,177,0.2617,0.3125,2024-07-24,-0.301937,-0.126241,NA
-44.7789058724405,-20.9673524678127,583,2019-01-02,2021-05-31,177,0.2644,0.3078,2024-07-24,-0.299972,-0.118462,NA
-44.7789058724405,-20.9674422993411,583,2019-01-02,2021-05-31,177,0.2671,0.3072,2024-07-24,-0.297816,-0.125275,NA
-44.7789058724405,-20.9675321308695,583,2019-01-02,2021-05-31,177,0.2716,0.3081,2024-07-24,-0.307459,-0.137601,NA
-44.7789058724405,-20.967621962398,583,2019-01-02,2021-05-31,177,0.268,0.3069,2024-07-19,-0.28645,-0.1426,NA
-44.7789058724405,-20.9677117939264,583,2019-01-02,2021-05-31,177,0.2675,0.3096,2024-07-19,-0.28493,-0.136918,NA
-44.7789058724405,-20.9678016254548,583,2019-01-02,2021-05-31,177,0.2754,0.3092,2024-07-24,-0.296284,-0.137843,NA
-44.7789058724405,-20.9678914569832,583,2019-01-02,2021-05-31,177,0.2754,0.3092,2024-07-24,-0.296284,-0.137843,NA
-44.7789058724405,-20.9679812885116,583,2019-01-02,2021-05-31,177,0.2764,0.3081,2024-07-14,-0.276787,-0.130528,NA
-44.7789058724405,-20.96807112004,583,2019-01-02,2021-05-31,177,0.2677,0.3112,2024-07-04,-0.2823,-0.148425,NA
-44.7789058724405,-20.9681609515684,583,2019-01-02,2021-05-31,177,0.2522,0.3158,2024-07-04,-0.274875,-0.158573,NA
-44.7789058724405,-20.9682507830968,583,2019-01-02,2021-05-31,177,0.2365,0.3253,2024-07-09,-0.271504,-0.156606,NA
-44.7789058724405,-20.9683406146253,583,2019-01-02,2021-05-31,177,0.2278,0.3275,2024-07-09,-0.28046,-0.143095,NA
-44.7789058724405,-20.9684304461537,583,2019-01-02,2021-05-31,177,0.216,0.3136,2024-08-18,-0.222799,-0.09543,NA
-44.7789058724405,-20.9685202776821,583,2019-01-02,2021-05-31,177,0.23,0.3133,2023-10-13,-0.16102,-0.05503,NA
-44.7789058724405,-20.9686101092105,583,2019-01-02,2021-05-31,177,0.2404,0.3197,2023-09-13,-0.165068,-0.031587,NA
-44.7789058724405,-20.9686999407389,583,2019-01-02,2021-05-31,177,0.235,0.3193,2023-09-03,-0.205117,-0.038636,NA
-44.7789058724405,-20.9687897722673,583,2019-01-02,2021-05-31,177,0.2374,0.3225,2023-09-03,-0.201471,-0.045344,NA
-44.7789058724405,-20.9688796037957,583,2019-01-02,2021-05-31,177,0.247,0.3246,2023-09-03,-0.209497,-0.027396,NA
-44.7789058724405,-20.9689694353241,583,2019-01-02,2021-05-31,177,0.2467,0.3153,NA,NA,0.044096,NA
-44.7789058724405,-20.9690592668525,583,2019-01-02,2021-05-31,177,0.2439,0.3055,NA,NA,0.127859,NA
-44.7789058724405,-20.969149098381,583,2019-01-02,2021-05-31,177,0.2351,0.3058,NA,NA,0.1381,NA
-44.7789058724405,-20.9692389299094,583,2019-01-02,2021-05-31,177,0.2252,0.3086,NA,NA,0.136139,NA
-44.7789058724405,-20.9693287614378,583,2019-01-02,2021-05-31,177,0.2268,0.3093,2024-04-05,0.23274,0.127527,NA
-44.7789058724405,-20.9694185929662,583,2019-01-02,2021-05-31,177,0.2283,0.3065,2024-04-05,0.238576,0.111286,NA
-44.7789058724405,-20.9695084244946,583,2019-01-02,2021-05-31,177,0.2295,0.3038,2024-04-05,0.220989,0.120016,NA
-44.7789058724405,-20.969598256023,583,2019-01-02,2021-05-31,177,0.236,0.3015,2024-04-05,0.226499,0.118033,NA
-44.7789058724405,-20.9696880875514,583,2019-01-02,2021-05-31,177,0.2393,0.3036,2024-03-16,0.168724,0.118887,NA
-44.7789058724405,-20.9697779190798,583,2019-01-02,2021-05-31,177,0.2424,0.307,2024-03-16,0.172016,0.093149,NA
-44.7789058724405,-20.9698677506083,583,2019-01-02,2021-05-31,177,0.2376,0.3079,2024-03-16,0.196367,0.111245,NA
-44.7789058724405,-20.9699575821367,583,2019-01-02,2021-05-31,177,0.2318,0.3082,2024-04-05,0.23854,0.137375,NA
-44.7789058724405,-20.9700474136651,583,2019-01-02,2021-05-31,177,0.2366,0.308,2024-04-05,0.237769,0.135501,NA
-44.7789058724405,-20.9701372451935,583,2019-01-02,2021-05-31,177,0.2373,0.3046,2024-04-05,0.223121,0.137866,NA
-44.7789058724405,-20.9702270767219,583,2019-01-02,2021-05-31,177,0.2358,0.302,2024-04-05,0.22938,0.122207,NA
-44.7789058724405,-20.9703169082503,583,2019-01-02,2021-05-31,177,0.2344,0.3011,2024-04-05,0.199065,0.118972,NA
-44.7789058724405,-20.9704067397787,583,2019-01-02,2021-05-31,177,0.2333,0.3037,NA,NA,0.109154,NA
-44.7789058724405,-20.9704965713071,583,2019-01-02,2021-05-31,177,0.2303,0.3075,NA,NA,0.096183,NA
-44.7789058724405,-20.9705864028356,583,2019-01-02,2021-05-31,177,0.2241,0.3072,NA,NA,0.091653,NA
-44.7789058724405,-20.970676234364,583,2019-01-02,2021-05-31,177,0.2221,0.3051,NA,NA,0.087655,NA
-44.7789058724405,-20.9707660658924,583,2019-01-02,2021-05-31,177,0.2194,0.3057,NA,NA,0.075544,NA
-44.7789957039689,-20.966094826415,583,2019-01-02,2021-05-31,177,0.2322,0.3194,2022-10-08,-0.148672,-0.00805,NA
-44.7789957039689,-20.9661846579434,583,2019-01-02,2021-05-31,177,0.2295,0.3184,NA,NA,0.021163,NA
-44.7789957039689,-20.9662744894718,583,2019-01-02,2021-05-31,177,0.2181,0.3068,2022-10-13,-0.133336,0.024584,NA
-44.7789957039689,-20.9663643210002,583,2019-01-02,2021-05-31,177,0.2182,0.3033,2022-10-13,-0.113051,0.029001,NA
-44.7789957039689,-20.9664541525286,583,2019-01-02,2021-05-31,177,0.2228,0.3112,2022-10-13,-0.113971,0.025233,NA
-44.7789957039689,-20.966543984057,583,2019-01-02,2021-05-31,177,0.2221,0.3132,NA,NA,0.039476,NA
-44.7789957039689,-20.9666338155854,583,2019-01-02,2021-05-31,177,0.2217,0.3176,NA,NA,0.065551,NA
-44.7789957039689,-20.9667236471138,583,2019-01-02,2021-05-31,177,0.2222,0.3208,NA,NA,0.074341,NA
-44.7789957039689,-20.9668134786422,583,2019-01-02,2021-05-31,177,0.2239,0.3182,NA,NA,0.083447,NA
-44.7789957039689,-20.9669033101707,583,2019-01-02,2021-05-31,177,0.2232,0.3083,NA,NA,0.081112,NA
-44.7789957039689,-20.9669931416991,583,2019-01-02,2021-05-31,177,0.2413,0.3022,NA,NA,-0.011744,NA
-44.7789957039689,-20.9670829732275,583,2019-01-02,2021-05-31,177,0.2601,0.307,2024-08-03,-0.29437,-0.114218,NA
-44.7789957039689,-20.9671728047559,583,2019-01-02,2021-05-31,177,0.265,0.3117,2024-07-19,-0.296466,-0.133986,NA
-44.7789957039689,-20.9672626362843,583,2019-01-02,2021-05-31,177,0.2641,0.3102,2024-07-19,-0.288968,-0.122316,NA
-44.7789957039689,-20.9673524678127,583,2019-01-02,2021-05-31,177,0.2625,0.3057,2024-07-24,-0.288435,-0.12222,NA
-44.7789957039689,-20.9674422993411,583,2019-01-02,2021-05-31,177,0.2622,0.3074,2024-07-29,-0.290333,-0.134681,NA
-44.7789957039689,-20.9675321308695,583,2019-01-02,2021-05-31,177,0.267,0.3076,2024-07-24,-0.295385,-0.131468,NA
-44.7789957039689,-20.967621962398,583,2019-01-02,2021-05-31,177,0.2664,0.3069,2024-07-19,-0.288672,-0.136815,NA
-44.7789957039689,-20.9677117939264,583,2019-01-02,2021-05-31,177,0.2669,0.3106,2024-07-24,-0.287286,-0.138072,NA
-44.7789957039689,-20.9678016254548,583,2019-01-02,2021-05-31,177,0.2718,0.3076,2024-07-24,-0.284358,-0.135468,NA
-44.7789957039689,-20.9678914569832,583,2019-01-02,2021-05-31,177,0.2718,0.3076,2024-07-24,-0.284358,-0.135468,NA
-44.7789957039689,-20.9679812885116,583,2019-01-02,2021-05-31,177,0.2728,0.3072,2024-07-14,-0.281274,-0.135663,NA
-44.7789957039689,-20.96807112004,583,2019-01-02,2021-05-31,177,0.2594,0.3135,2024-06-29,-0.283489,-0.158913,NA
-44.7789957039689,-20.9681609515684,583,2019-01-02,2021-05-31,177,0.2395,0.322,2024-07-09,-0.27589,-0.15913,NA
-44.7789957039689,-20.9682507830968,583,2019-01-02,2021-05-31,177,0.2288,0.3303,2024-07-14,-0.282803,-0.154853,NA
-44.7789957039689,-20.9683406146253,583,2019-01-02,2021-05-31,177,0.2251,0.3282,2024-07-14,-0.290576,-0.137215,NA
-44.7789957039689,-20.9684304461537,583,2019-01-02,2021-05-31,177,0.2101,0.3117,2024-09-12,-0.244426,-0.087902,NA
-44.7789957039689,-20.9685202776821,583,2019-01-02,2021-05-31,177,0.2266,0.3128,2023-10-08,-0.157733,-0.031672,NA
-44.7789957039689,-20.9686101092105,583,2019-01-02,2021-05-31,177,0.2381,0.3192,2023-09-13,-0.172441,-0.019004,NA
-44.7789957039689,-20.9686999407389,583,2019-01-02,2021-05-31,177,0.233,0.3163,2023-09-03,-0.184109,-0.014929,NA
-44.7789957039689,-20.9687897722673,583,2019-01-02,2021-05-31,177,0.23,0.3183,2023-09-03,-0.205999,-0.0359,NA
-44.7789957039689,-20.9688796037957,583,2019-01-02,2021-05-31,177,0.2425,0.3223,2023-09-03,-0.204399,-0.035555,NA
-44.7789957039689,-20.9689694353241,583,2019-01-02,2021-05-31,177,0.2451,0.3138,NA,NA,0.051028,NA
-44.7789957039689,-20.9690592668525,583,2019-01-02,2021-05-31,177,0.2397,0.3068,NA,NA,0.131034,NA
-44.7789957039689,-20.969149098381,583,2019-01-02,2021-05-31,177,0.229,0.3083,NA,NA,0.140505,NA
-44.7789957039689,-20.9692389299094,583,2019-01-02,2021-05-31,177,0.2241,0.3087,NA,NA,0.13781,NA
-44.7789957039689,-20.9693287614378,583,2019-01-02,2021-05-31,177,0.2244,0.3071,2024-04-05,0.226306,0.132746,NA
-44.7789957039689,-20.9694185929662,583,2019-01-02,2021-05-31,177,0.2295,0.3049,2024-04-05,0.228306,0.104568,NA
-44.7789957039689,-20.9695084244946,583,2019-01-02,2021-05-31,177,0.2347,0.3025,2024-04-05,0.240689,0.10291,NA
-44.7789957039689,-20.969598256023,583,2019-01-02,2021-05-31,177,0.2386,0.2996,2024-03-16,0.198336,0.113249,NA
-44.7789957039689,-20.9696880875514,583,2019-01-02,2021-05-31,177,0.2364,0.3018,2024-03-16,0.202859,0.120253,NA
-44.7789957039689,-20.9697779190798,583,2019-01-02,2021-05-31,177,0.237,0.3061,2024-03-16,0.210958,0.092603,NA
-44.7789957039689,-20.9698677506083,583,2019-01-02,2021-05-31,177,0.2351,0.3084,2024-03-16,0.215953,0.117823,NA
-44.7789957039689,-20.9699575821367,583,2019-01-02,2021-05-31,177,0.2335,0.3087,2024-03-16,0.209893,0.136363,NA
-44.7789957039689,-20.9700474136651,583,2019-01-02,2021-05-31,177,0.2382,0.3076,2024-03-16,0.191256,0.130524,NA
-44.7789957039689,-20.9701372451935,583,2019-01-02,2021-05-31,177,0.2362,0.3039,2024-03-16,0.194104,0.134929,NA
-44.7789957039689,-20.9702270767219,583,2019-01-02,2021-05-31,177,0.2366,0.3015,2024-03-16,0.191736,0.131408,NA
-44.7789957039689,-20.9703169082503,583,2019-01-02,2021-05-31,177,0.2368,0.3022,2024-04-05,0.229107,0.112669,NA
-44.7789957039689,-20.9704067397787,583,2019-01-02,2021-05-31,177,0.2392,0.3052,2024-04-05,0.213568,0.107683,NA
-44.7789957039689,-20.9704965713071,583,2019-01-02,2021-05-31,177,0.2361,0.3071,NA,NA,0.094932,NA
-44.7789957039689,-20.9705864028356,583,2019-01-02,2021-05-31,177,0.2314,0.3039,NA,NA,0.083247,NA
-44.7789957039689,-20.970676234364,583,2019-01-02,2021-05-31,177,0.228,0.3029,NA,NA,0.079607,NA
-44.7789957039689,-20.9707660658924,583,2019-01-02,2021-05-31,177,0.2183,0.3041,NA,NA,0.067174,NA
-44.7790855354973,-20.966094826415,583,2019-01-02,2021-05-31,177,0.2307,0.3133,2022-10-08,-0.167456,0.016021,NA
-44.7790855354973,-20.9661846579434,583,2019-01-02,2021-05-31,177,0.2272,0.3074,2022-10-13,-0.121726,0.021451,NA
-44.7790855354973,-20.9662744894718,583,2019-01-02,2021-05-31,177,0.2169,0.2956,NA,NA,0.031422,NA
-44.7790855354973,-20.9663643210002,583,2019-01-02,2021-05-31,177,0.229,0.3017,NA,NA,0.043819,NA
-44.7790855354973,-20.9664541525286,583,2019-01-02,2021-05-31,177,0.2299,0.3097,NA,NA,0.055082,NA
-44.7790855354973,-20.966543984057,583,2019-01-02,2021-05-31,177,0.2268,0.3118,NA,NA,0.069,NA
-44.7790855354973,-20.9666338155854,583,2019-01-02,2021-05-31,177,0.2255,0.3178,NA,NA,0.095492,NA
-44.7790855354973,-20.9667236471138,583,2019-01-02,2021-05-31,177,0.229,0.3197,NA,NA,0.089759,NA
-44.7790855354973,-20.9668134786422,583,2019-01-02,2021-05-31,177,0.227,0.3163,NA,NA,0.079292,NA
-44.7790855354973,-20.9669033101707,583,2019-01-02,2021-05-31,177,0.2282,0.3059,NA,NA,0.053564,NA
-44.7790855354973,-20.9669931416991,583,2019-01-02,2021-05-31,177,0.2521,0.3027,2024-09-12,-0.230528,-0.059974,NA
-44.7790855354973,-20.9670829732275,583,2019-01-02,2021-05-31,177,0.2708,0.3085,2024-07-24,-0.294696,-0.128696,NA
-44.7790855354973,-20.9671728047559,583,2019-01-02,2021-05-31,177,0.2702,0.3102,2024-07-24,-0.293632,-0.126661,NA
-44.7790855354973,-20.9672626362843,583,2019-01-02,2021-05-31,177,0.2633,0.3062,2024-07-24,-0.285508,-0.117292,NA
-44.7790855354973,-20.9673524678127,583,2019-01-02,2021-05-31,177,0.2595,0.3032,2024-07-24,-0.281556,-0.129673,NA
-44.7790855354973,-20.9674422993411,583,2019-01-02,2021-05-31,177,0.2649,0.3049,2024-07-24,-0.288564,-0.125915,NA
-44.7790855354973,-20.9675321308695,583,2019-01-02,2021-05-31,177,0.2672,0.3058,2024-07-19,-0.2912,-0.131254,NA
-44.7790855354973,-20.967621962398,583,2019-01-02,2021-05-31,177,0.2669,0.3079,2024-07-19,-0.287127,-0.13671,NA
-44.7790855354973,-20.9677117939264,583,2019-01-02,2021-05-31,177,0.2678,0.31,2024-07-24,-0.287618,-0.137837,NA
-44.7790855354973,-20.9678016254548,583,2019-01-02,2021-05-31,177,0.2711,0.3063,2024-07-19,-0.285981,-0.131139,NA
-44.7790855354973,-20.9678914569832,583,2019-01-02,2021-05-31,177,0.2711,0.3063,2024-07-19,-0.285981,-0.131139,NA
-44.7790855354973,-20.9679812885116,583,2019-01-02,2021-05-31,177,0.2681,0.3074,2024-07-09,-0.281488,-0.134255,NA
-44.7790855354973,-20.96807112004,583,2019-01-02,2021-05-31,177,0.2501,0.3152,2024-06-29,-0.280596,-0.153294,NA
-44.7790855354973,-20.9681609515684,583,2019-01-02,2021-05-31,177,0.2272,0.325,2024-07-09,-0.277691,-0.152749,NA
-44.7790855354973,-20.9682507830968,583,2019-01-02,2021-05-31,177,0.2198,0.3326,2024-07-14,-0.288044,-0.153846,NA
-44.7790855354973,-20.9683406146253,583,2019-01-02,2021-05-31,177,0.2189,0.3246,2024-07-19,-0.28911,-0.124253,NA
-44.7790855354973,-20.9684304461537,583,2019-01-02,2021-05-31,177,0.2121,0.3076,2024-10-07,-0.207929,-0.072674,NA
-44.7790855354973,-20.9685202776821,583,2019-01-02,2021-05-31,177,0.233,0.3147,2023-10-03,-0.148355,-0.021023,NA
-44.7790855354973,-20.9686101092105,583,2019-01-02,2021-05-31,177,0.2427,0.3195,2023-09-03,-0.159292,-0.015151,NA
-44.7790855354973,-20.9686999407389,583,2019-01-02,2021-05-31,177,0.2441,0.3173,2023-09-03,-0.188005,-0.020439,NA
-44.7790855354973,-20.9687897722673,583,2019-01-02,2021-05-31,177,0.2318,0.3179,2023-09-03,-0.19864,-0.02242,NA
-44.7790855354973,-20.9688796037957,583,2019-01-02,2021-05-31,177,0.2226,0.3184,2023-09-18,-0.201757,-0.021644,NA
-44.7790855354973,-20.9689694353241,583,2019-01-02,2021-05-31,177,0.2334,0.3106,NA,NA,0.064144,NA
-44.7790855354973,-20.9690592668525,583,2019-01-02,2021-05-31,177,0.2365,0.3047,NA,NA,0.132792,NA
-44.7790855354973,-20.969149098381,583,2019-01-02,2021-05-31,177,0.2244,0.3074,NA,NA,0.143106,NA
-44.7790855354973,-20.9692389299094,583,2019-01-02,2021-05-31,177,0.2191,0.3057,2024-04-05,0.230544,0.140716,NA
-44.7790855354973,-20.9693287614378,583,2019-01-02,2021-05-31,177,0.2223,0.3058,2024-04-05,0.229937,0.121411,NA
-44.7790855354973,-20.9694185929662,583,2019-01-02,2021-05-31,177,0.2338,0.3046,2024-04-05,0.213175,0.107083,NA
-44.7790855354973,-20.9695084244946,583,2019-01-02,2021-05-31,177,0.2393,0.3027,2024-04-05,0.205367,0.096735,NA
-44.7790855354973,-20.969598256023,583,2019-01-02,2021-05-31,177,0.2408,0.3015,2024-04-05,0.240326,0.100924,NA
-44.7790855354973,-20.9696880875514,583,2019-01-02,2021-05-31,177,0.2372,0.3024,2024-03-16,0.188829,0.111339,NA
-44.7790855354973,-20.9697779190798,583,2019-01-02,2021-05-31,177,0.2367,0.3058,2024-03-16,0.22153,0.086093,NA
-44.7790855354973,-20.9698677506083,583,2019-01-02,2021-05-31,177,0.2346,0.3079,2024-03-16,0.235696,0.109858,NA
-44.7790855354973,-20.9699575821367,583,2019-01-02,2021-05-31,177,0.2356,0.3088,2024-03-16,0.227861,0.12676,NA
-44.7790855354973,-20.9700474136651,583,2019-01-02,2021-05-31,177,0.2395,0.3071,2024-03-16,0.22354,0.124207,NA
-44.7790855354973,-20.9701372451935,583,2019-01-02,2021-05-31,177,0.2332,0.3036,2024-03-16,0.210452,0.130087,NA
-44.7790855354973,-20.9702270767219,583,2019-01-02,2021-05-31,177,0.2342,0.3014,2024-03-16,0.198774,0.122317,NA
-44.7790855354973,-20.9703169082503,583,2019-01-02,2021-05-31,177,0.238,0.3036,2024-03-16,0.196027,0.109377,NA
-44.7790855354973,-20.9704067397787,583,2019-01-02,2021-05-31,177,0.2418,0.3053,2024-04-05,0.216611,0.104799,NA
-44.7790855354973,-20.9704965713071,583,2019-01-02,2021-05-31,177,0.238,0.3054,NA,NA,0.092235,NA
-44.7790855354973,-20.9705864028356,583,2019-01-02,2021-05-31,177,0.2317,0.3023,NA,NA,0.086572,NA
-44.7790855354973,-20.970676234364,583,2019-01-02,2021-05-31,177,0.2282,0.3031,NA,NA,0.083535,NA
-44.7790855354973,-20.9707660658924,583,2019-01-02,2021-05-31,177,0.2151,0.2989,NA,NA,0.062213,NA
-44.7791753670257,-20.9660049948865,583,2019-01-02,2021-05-31,177,0.2283,0.3066,NA,NA,0.036206,NA
-44.7791753670257,-20.966094826415,583,2019-01-02,2021-05-31,177,0.2309,0.3022,NA,NA,0.033664,NA
-44.7791753670257,-20.9661846579434,583,2019-01-02,2021-05-31,177,0.2241,0.2939,2022-10-13,-0.118373,0.03038,NA
-44.7791753670257,-20.9662744894718,583,2019-01-02,2021-05-31,177,0.2208,0.2887,2026-01-15,0.212234,0.040605,NA
-44.7791753670257,-20.9663643210002,583,2019-01-02,2021-05-31,177,0.2362,0.3017,NA,NA,0.060064,NA
-44.7791753670257,-20.9664541525286,583,2019-01-02,2021-05-31,177,0.2331,0.3072,NA,NA,0.071936,NA
-44.7791753670257,-20.966543984057,583,2019-01-02,2021-05-31,177,0.2337,0.3116,NA,NA,0.08352,NA
-44.7791753670257,-20.9666338155854,583,2019-01-02,2021-05-31,177,0.2313,0.3168,NA,NA,0.108576,NA
-44.7791753670257,-20.9667236471138,583,2019-01-02,2021-05-31,177,0.2335,0.317,NA,NA,0.092392,NA
-44.7791753670257,-20.9668134786422,583,2019-01-02,2021-05-31,177,0.2292,0.3126,NA,NA,0.082062,NA
-44.7791753670257,-20.9669033101707,583,2019-01-02,2021-05-31,177,0.2329,0.3034,NA,NA,0.010421,NA
-44.7791753670257,-20.9669931416991,583,2019-01-02,2021-05-31,177,0.2601,0.3059,2024-08-03,-0.290392,-0.103393,NA
-44.7791753670257,-20.9670829732275,583,2019-01-02,2021-05-31,177,0.2713,0.3116,2024-07-19,-0.295166,-0.140056,NA
-44.7791753670257,-20.9671728047559,583,2019-01-02,2021-05-31,177,0.2667,0.3098,2024-07-19,-0.28696,-0.128292,NA
-44.7791753670257,-20.9672626362843,583,2019-01-02,2021-05-31,177,0.2604,0.3045,2024-07-24,-0.285975,-0.12642,NA
-44.7791753670257,-20.9673524678127,583,2019-01-02,2021-05-31,177,0.2608,0.3024,2024-07-24,-0.281554,-0.131004,NA
-44.7791753670257,-20.9674422993411,583,2019-01-02,2021-05-31,177,0.2699,0.3018,2024-07-24,-0.29138,-0.124531,NA
-44.7791753670257,-20.9675321308695,583,2019-01-02,2021-05-31,177,0.2693,0.3023,2024-07-19,-0.290622,-0.134799,NA
-44.7791753670257,-20.967621962398,583,2019-01-02,2021-05-31,177,0.2648,0.3067,2024-07-24,-0.298629,-0.135866,NA
-44.7791753670257,-20.9677117939264,583,2019-01-02,2021-05-31,177,0.2644,0.3082,2024-07-24,-0.294332,-0.129976,NA
-44.7791753670257,-20.9678016254548,583,2019-01-02,2021-05-31,177,0.2644,0.3082,2024-07-24,-0.294332,-0.129976,NA
-44.7791753670257,-20.9678914569832,583,2019-01-02,2021-05-31,177,0.2668,0.3072,2024-07-14,-0.279565,-0.132422,NA
-44.7791753670257,-20.9679812885116,583,2019-01-02,2021-05-31,177,0.2612,0.3094,2024-06-29,-0.273447,-0.141535,NA
-44.7791753670257,-20.96807112004,583,2019-01-02,2021-05-31,177,0.2454,0.3172,2024-07-09,-0.285438,-0.161719,NA
-44.7791753670257,-20.9681609515684,583,2019-01-02,2021-05-31,177,0.2278,0.3258,2024-07-09,-0.285719,-0.153919,NA
-44.7791753670257,-20.9682507830968,583,2019-01-02,2021-05-31,177,0.2237,0.3314,2024-07-09,-0.282702,-0.147347,NA
-44.7791753670257,-20.9683406146253,583,2019-01-02,2021-05-31,177,0.2046,0.3138,2024-07-24,-0.289313,-0.105167,NA
-44.7791753670257,-20.9684304461537,583,2019-01-02,2021-05-31,177,0.1995,0.2931,NA,NA,-0.039862,NA
-44.7791753670257,-20.9685202776821,583,2019-01-02,2021-05-31,177,0.2397,0.3113,2023-10-03,-0.155104,-0.012044,NA
-44.7791753670257,-20.9686101092105,583,2019-01-02,2021-05-31,177,0.2492,0.3194,2023-09-08,-0.161492,-0.001676,NA
-44.7791753670257,-20.9686999407389,583,2019-01-02,2021-05-31,177,0.2479,0.3186,2023-08-29,-0.166993,-0.02251,NA
-44.7791753670257,-20.9687897722673,583,2019-01-02,2021-05-31,177,0.2397,0.32,2023-08-29,-0.189691,-0.03004,NA
-44.7791753670257,-20.9688796037957,583,2019-01-02,2021-05-31,177,0.2296,0.3192,2023-09-13,-0.187791,-0.014469,NA
-44.7791753670257,-20.9689694353241,583,2019-01-02,2021-05-31,177,0.2307,0.3088,NA,NA,0.067542,NA
-44.7791753670257,-20.9690592668525,583,2019-01-02,2021-05-31,177,0.2328,0.3029,NA,NA,0.126503,NA
-44.7791753670257,-20.969149098381,583,2019-01-02,2021-05-31,177,0.2208,0.3053,NA,NA,0.13395,NA
-44.7791753670257,-20.9692389299094,583,2019-01-02,2021-05-31,177,0.2129,0.3043,NA,NA,0.131335,NA
-44.7791753670257,-20.9693287614378,583,2019-01-02,2021-05-31,177,0.2195,0.3035,NA,NA,0.117576,NA
-44.7791753670257,-20.9694185929662,583,2019-01-02,2021-05-31,177,0.2324,0.304,NA,NA,0.104166,NA
-44.7791753670257,-20.9695084244946,583,2019-01-02,2021-05-31,177,0.2376,0.3034,2024-04-05,0.195348,0.092047,NA
-44.7791753670257,-20.969598256023,583,2019-01-02,2021-05-31,177,0.2402,0.3038,2024-04-05,0.211856,0.096409,NA
-44.7791753670257,-20.9696880875514,583,2019-01-02,2021-05-31,177,0.2355,0.3046,2024-03-16,0.18608,0.105539,NA
-44.7791753670257,-20.9697779190798,583,2019-01-02,2021-05-31,177,0.2363,0.3068,2024-03-16,0.210018,0.069671,NA
-44.7791753670257,-20.9698677506083,583,2019-01-02,2021-05-31,177,0.2339,0.3077,2024-03-11,0.187701,0.102723,NA
-44.7791753670257,-20.9699575821367,583,2019-01-02,2021-05-31,177,0.2362,0.3085,2024-03-16,0.226715,0.117675,NA
-44.7791753670257,-20.9700474136651,583,2019-01-02,2021-05-31,177,0.2384,0.3077,2024-03-16,0.22652,0.117546,NA
-44.7791753670257,-20.9701372451935,583,2019-01-02,2021-05-31,177,0.2305,0.3032,2024-03-16,0.208231,0.113553,NA
-44.7791753670257,-20.9702270767219,583,2019-01-02,2021-05-31,177,0.2305,0.3013,2024-03-16,0.193063,0.106157,NA
-44.7791753670257,-20.9703169082503,583,2019-01-02,2021-05-31,177,0.2346,0.3036,2024-03-16,0.206298,0.100732,NA
-44.7791753670257,-20.9704067397787,583,2019-01-02,2021-05-31,177,0.2391,0.3039,2024-04-05,0.209967,0.100235,NA
-44.7791753670257,-20.9704965713071,583,2019-01-02,2021-05-31,177,0.2335,0.3026,NA,NA,0.088051,NA
-44.7791753670257,-20.9705864028356,583,2019-01-02,2021-05-31,177,0.2255,0.3014,NA,NA,0.082468,NA
-44.7791753670257,-20.970676234364,583,2019-01-02,2021-05-31,177,0.2233,0.303,NA,NA,0.085126,NA
-44.7791753670257,-20.9707660658924,583,2019-01-02,2021-05-31,177,0.209,0.2936,NA,NA,0.066004,NA
-44.7792651985541,-20.9659151633581,583,2019-01-02,2021-05-31,177,0.2318,0.3016,NA,NA,0.047944,NA
-44.7792651985541,-20.9660049948865,583,2019-01-02,2021-05-31,177,0.2279,0.2983,NA,NA,0.066328,NA
-44.7792651985541,-20.966094826415,583,2019-01-02,2021-05-31,177,0.2295,0.2935,NA,NA,0.056129,NA
-44.7792651985541,-20.9661846579434,583,2019-01-02,2021-05-31,177,0.2203,0.2829,2026-01-15,0.199058,0.053599,NA
-44.7792651985541,-20.9662744894718,583,2019-01-02,2021-05-31,177,0.2312,0.2846,2026-01-15,0.20106,0.061739,NA
-44.7792651985541,-20.9663643210002,583,2019-01-02,2021-05-31,177,0.2415,0.2989,NA,NA,0.063663,NA
-44.7792651985541,-20.9664541525286,583,2019-01-02,2021-05-31,177,0.2341,0.3031,NA,NA,0.075195,NA
-44.7792651985541,-20.966543984057,583,2019-01-02,2021-05-31,177,0.234,0.3093,NA,NA,0.104797,NA
-44.7792651985541,-20.9666338155854,583,2019-01-02,2021-05-31,177,0.2335,0.3162,NA,NA,0.105874,NA
-44.7792651985541,-20.9667236471138,583,2019-01-02,2021-05-31,177,0.2334,0.3147,NA,NA,0.098381,NA
-44.7792651985541,-20.9668134786422,583,2019-01-02,2021-05-31,177,0.2269,0.3063,NA,NA,0.077275,NA
-44.7792651985541,-20.9669033101707,583,2019-01-02,2021-05-31,177,0.2365,0.2989,NA,NA,-0.009149,NA
-44.7792651985541,-20.9669931416991,583,2019-01-02,2021-05-31,177,0.2625,0.3054,2024-07-19,-0.289361,-0.119989,NA
-44.7792651985541,-20.9670829732275,583,2019-01-02,2021-05-31,177,0.2713,0.3118,2024-07-14,-0.286043,-0.149025,NA
-44.7792651985541,-20.9671728047559,583,2019-01-02,2021-05-31,177,0.2663,0.3077,2024-07-14,-0.283677,-0.128027,NA
-44.7792651985541,-20.9672626362843,583,2019-01-02,2021-05-31,177,0.2635,0.3006,2024-07-19,-0.285859,-0.132901,NA
-44.7792651985541,-20.9673524678127,583,2019-01-02,2021-05-31,177,0.2683,0.3006,2024-07-19,-0.285125,-0.13058,NA
-44.7792651985541,-20.9674422993411,583,2019-01-02,2021-05-31,177,0.2736,0.3021,2024-07-19,-0.293862,-0.121759,NA
-44.7792651985541,-20.9675321308695,583,2019-01-02,2021-05-31,177,0.2686,0.3026,2024-07-14,-0.291499,-0.124714,NA
-44.7792651985541,-20.967621962398,583,2019-01-02,2021-05-31,177,0.2637,0.3058,2024-07-19,-0.2997,-0.134814,NA
-44.7792651985541,-20.9677117939264,583,2019-01-02,2021-05-31,177,0.2645,0.3063,2024-07-24,-0.300639,-0.127808,NA
-44.7792651985541,-20.9678016254548,583,2019-01-02,2021-05-31,177,0.2645,0.3063,2024-07-24,-0.300639,-0.127808,NA
-44.7792651985541,-20.9678914569832,583,2019-01-02,2021-05-31,177,0.2666,0.3069,2024-07-09,-0.27914,-0.126798,NA
-44.7792651985541,-20.9679812885116,583,2019-01-02,2021-05-31,177,0.2577,0.3103,2024-06-29,-0.275664,-0.146848,NA
-44.7792651985541,-20.96807112004,583,2019-01-02,2021-05-31,177,0.2394,0.3188,2024-07-09,-0.274288,-0.15725,NA
-44.7792651985541,-20.9681609515684,583,2019-01-02,2021-05-31,177,0.2258,0.3256,2024-07-14,-0.288915,-0.154262,NA
-44.7792651985541,-20.9682507830968,583,2019-01-02,2021-05-31,177,0.2258,0.3281,2024-07-14,-0.287951,-0.135328,NA
-44.7792651985541,-20.9683406146253,583,2019-01-02,2021-05-31,177,0.2103,0.3126,2024-08-13,-0.273923,-0.10645,NA
-44.7792651985541,-20.9684304461537,583,2019-01-02,2021-05-31,177,0.2166,0.298,NA,NA,-0.032954,NA
-44.7792651985541,-20.9685202776821,583,2019-01-02,2021-05-31,177,0.2488,0.3132,2023-09-18,-0.168672,-0.013271,NA
-44.7792651985541,-20.9686101092105,583,2019-01-02,2021-05-31,177,0.2508,0.3172,2023-09-03,-0.161558,0.003732,NA
-44.7792651985541,-20.9686999407389,583,2019-01-02,2021-05-31,177,0.2413,0.317,2023-09-03,-0.168412,-0.017238,NA
-44.7792651985541,-20.9687897722673,583,2019-01-02,2021-05-31,177,0.2389,0.3176,2023-09-03,-0.177066,-0.030251,NA
-44.7792651985541,-20.9688796037957,583,2019-01-02,2021-05-31,177,0.2409,0.3169,2023-09-18,-0.168391,-0.006435,NA
-44.7792651985541,-20.9689694353241,583,2019-01-02,2021-05-31,177,0.2355,0.308,NA,NA,0.077775,NA
-44.7792651985541,-20.9690592668525,583,2019-01-02,2021-05-31,177,0.2199,0.3058,NA,NA,0.125972,NA
-44.7792651985541,-20.969149098381,583,2019-01-02,2021-05-31,177,0.2082,0.306,NA,NA,0.125065,NA
-44.7792651985541,-20.9692389299094,583,2019-01-02,2021-05-31,177,0.205,0.3043,NA,NA,0.114635,NA
-44.7792651985541,-20.9693287614378,583,2019-01-02,2021-05-31,177,0.2119,0.3035,NA,NA,0.106879,NA
-44.7792651985541,-20.9694185929662,583,2019-01-02,2021-05-31,177,0.2266,0.3043,NA,NA,0.092565,NA
-44.7792651985541,-20.9695084244946,583,2019-01-02,2021-05-31,177,0.2345,0.3047,NA,NA,0.082404,NA
-44.7792651985541,-20.969598256023,583,2019-01-02,2021-05-31,177,0.2381,0.3039,2024-04-05,0.189545,0.08995,NA
-44.7792651985541,-20.9696880875514,583,2019-01-02,2021-05-31,177,0.2333,0.3047,2024-04-05,0.230852,0.087651,NA
-44.7792651985541,-20.9697779190798,583,2019-01-02,2021-05-31,177,0.232,0.3071,2024-03-16,0.210858,0.07929,NA
-44.7792651985541,-20.9698677506083,583,2019-01-02,2021-05-31,177,0.2309,0.3084,2024-03-16,0.208395,0.107974,NA
-44.7792651985541,-20.9699575821367,583,2019-01-02,2021-05-31,177,0.2339,0.3065,2024-03-16,0.224691,0.113987,NA
-44.7792651985541,-20.9700474136651,583,2019-01-02,2021-05-31,177,0.2341,0.3053,2024-03-16,0.222162,0.112513,NA
-44.7792651985541,-20.9701372451935,583,2019-01-02,2021-05-31,177,0.2277,0.3014,2024-03-16,0.198231,0.112246,NA
-44.7792651985541,-20.9702270767219,583,2019-01-02,2021-05-31,177,0.2268,0.3007,2024-03-16,0.187094,0.104083,NA
-44.7792651985541,-20.9703169082503,583,2019-01-02,2021-05-31,177,0.2294,0.3024,2024-04-05,0.227545,0.095273,NA
-44.7792651985541,-20.9704067397787,583,2019-01-02,2021-05-31,177,0.2294,0.3031,NA,NA,0.093803,NA
-44.7792651985541,-20.9704965713071,583,2019-01-02,2021-05-31,177,0.2244,0.3007,NA,NA,0.079178,NA
-44.7792651985541,-20.9705864028356,583,2019-01-02,2021-05-31,177,0.2192,0.2991,NA,NA,0.079529,NA
-44.7792651985541,-20.970676234364,583,2019-01-02,2021-05-31,177,0.2165,0.3001,NA,NA,0.080143,NA
-44.7793550300825,-20.9659151633581,583,2019-01-02,2021-05-31,177,0.2142,0.2834,NA,NA,0.08196,NA
-44.7793550300825,-20.9660049948865,583,2019-01-02,2021-05-31,177,0.1854,0.2633,2024-04-05,0.190959,0.068786,NA
-44.7793550300825,-20.9663643210002,583,2019-01-02,2021-05-31,177,0.2462,0.2977,NA,NA,0.125526,NA
-44.7793550300825,-20.9664541525286,583,2019-01-02,2021-05-31,177,0.2369,0.3006,NA,NA,0.1118,NA
-44.7793550300825,-20.966543984057,583,2019-01-02,2021-05-31,177,0.2276,0.3072,NA,NA,0.107548,NA
-44.7793550300825,-20.9666338155854,583,2019-01-02,2021-05-31,177,0.2231,0.3056,NA,NA,0.087166,NA
-44.7793550300825,-20.9667236471138,583,2019-01-02,2021-05-31,177,0.2338,0.3057,NA,NA,0.085266,NA
-44.7793550300825,-20.9668134786422,583,2019-01-02,2021-05-31,177,0.2374,0.3031,NA,NA,0.046155,NA
-44.7793550300825,-20.9669033101707,583,2019-01-02,2021-05-31,177,0.2483,0.3035,2024-08-23,-0.286308,-0.074481,NA
-44.7793550300825,-20.9669931416991,583,2019-01-02,2021-05-31,177,0.2666,0.3095,2024-07-14,-0.282881,-0.139341,NA
-44.7793550300825,-20.9670829732275,583,2019-01-02,2021-05-31,177,0.2741,0.311,2024-07-14,-0.281226,-0.138153,NA
-44.7793550300825,-20.9671728047559,583,2019-01-02,2021-05-31,177,0.2704,0.3043,2024-07-14,-0.278868,-0.125538,NA
-44.7793550300825,-20.9672626362843,583,2019-01-02,2021-05-31,177,0.2706,0.297,2024-07-19,-0.284279,-0.129509,NA
-44.7793550300825,-20.9673524678127,583,2019-01-02,2021-05-31,177,0.2816,0.2988,2024-07-14,-0.279107,-0.131198,NA
-44.7793550300825,-20.9674422993411,583,2019-01-02,2021-05-31,177,0.2798,0.3014,2024-07-14,-0.289313,-0.130632,NA
-44.7793550300825,-20.9675321308695,583,2019-01-02,2021-05-31,177,0.2692,0.3021,2024-07-14,-0.29341,-0.12917,NA
-44.7793550300825,-20.967621962398,583,2019-01-02,2021-05-31,177,0.266,0.3044,2024-07-19,-0.300755,-0.129684,NA
-44.7793550300825,-20.9677117939264,583,2019-01-02,2021-05-31,177,0.267,0.3052,2024-07-14,-0.296393,-0.133002,NA
-44.7793550300825,-20.9678016254548,583,2019-01-02,2021-05-31,177,0.267,0.3052,2024-07-14,-0.296393,-0.133002,NA
-44.7793550300825,-20.9678914569832,583,2019-01-02,2021-05-31,177,0.2643,0.3073,2024-06-29,-0.24745,-0.135439,NA
-44.7793550300825,-20.9679812885116,583,2019-01-02,2021-05-31,177,0.2532,0.3124,2024-07-09,-0.28402,-0.147425,NA
-44.7793550300825,-20.96807112004,583,2019-01-02,2021-05-31,177,0.2353,0.3207,2024-07-14,-0.254387,-0.153202,NA
-44.7793550300825,-20.9681609515684,583,2019-01-02,2021-05-31,177,0.2287,0.325,2024-07-19,-0.299087,-0.140389,NA
-44.7793550300825,-20.9682507830968,583,2019-01-02,2021-05-31,177,0.225,0.3238,2024-07-19,-0.287139,-0.131476,NA
-44.7793550300825,-20.9683406146253,583,2019-01-02,2021-05-31,177,0.205,0.3054,2024-09-02,-0.232254,-0.110045,NA
-44.7793550300825,-20.9684304461537,583,2019-01-02,2021-05-31,177,0.2295,0.3012,2025-09-22,-0.12713,-0.046297,NA
-44.7793550300825,-20.9685202776821,583,2019-01-02,2021-05-31,177,0.2571,0.3148,2023-09-13,-0.16252,-0.017927,NA
-44.7793550300825,-20.9686101092105,583,2019-01-02,2021-05-31,177,0.2511,0.3148,2023-09-03,-0.158524,0.001049,NA
-44.7793550300825,-20.9686999407389,583,2019-01-02,2021-05-31,177,0.2363,0.3109,2023-09-03,-0.153157,0.006071,NA
-44.7793550300825,-20.9687897722673,583,2019-01-02,2021-05-31,177,0.2377,0.3137,2023-09-03,-0.177236,-0.023328,NA
-44.7793550300825,-20.9688796037957,583,2019-01-02,2021-05-31,177,0.2415,0.3154,2023-09-23,-0.150497,0.001068,NA
-44.7793550300825,-20.9689694353241,583,2019-01-02,2021-05-31,177,0.2342,0.3068,NA,NA,0.090495,NA
-44.7793550300825,-20.9690592668525,583,2019-01-02,2021-05-31,177,0.2151,0.306,NA,NA,0.115223,NA
-44.7793550300825,-20.969149098381,583,2019-01-02,2021-05-31,177,0.2078,0.3052,NA,NA,0.118895,NA
-44.7793550300825,-20.9692389299094,583,2019-01-02,2021-05-31,177,0.2052,0.3031,NA,NA,0.113005,NA
-44.7793550300825,-20.9693287614378,583,2019-01-02,2021-05-31,177,0.2085,0.3021,NA,NA,0.094773,NA
-44.7793550300825,-20.9694185929662,583,2019-01-02,2021-05-31,177,0.2175,0.3034,NA,NA,0.08097,NA
-44.7793550300825,-20.9695084244946,583,2019-01-02,2021-05-31,177,0.2268,0.3037,NA,NA,0.083078,NA
-44.7793550300825,-20.969598256023,583,2019-01-02,2021-05-31,177,0.2334,0.3033,2024-04-05,0.195183,0.091344,NA
-44.7793550300825,-20.9696880875514,583,2019-01-02,2021-05-31,177,0.2281,0.3048,2024-04-05,0.195435,0.089446,NA
-44.7793550300825,-20.9697779190798,583,2019-01-02,2021-05-31,177,0.2295,0.3055,2024-04-05,0.212931,0.078837,NA
-44.7793550300825,-20.9698677506083,583,2019-01-02,2021-05-31,177,0.2273,0.3066,2024-03-16,0.183191,0.106687,NA
-44.7793550300825,-20.9699575821367,583,2019-01-02,2021-05-31,177,0.2303,0.3052,2024-03-16,0.185955,0.113076,NA
-44.7793550300825,-20.9700474136651,583,2019-01-02,2021-05-31,177,0.2308,0.303,2024-03-16,0.18756,0.108111,NA
-44.7793550300825,-20.9701372451935,583,2019-01-02,2021-05-31,177,0.2274,0.3,2024-03-16,0.178173,0.10069,NA
-44.7793550300825,-20.9702270767219,583,2019-01-02,2021-05-31,177,0.2244,0.299,2024-04-05,0.199659,0.095458,NA
-44.7793550300825,-20.9703169082503,583,2019-01-02,2021-05-31,177,0.2232,0.3009,2024-04-05,0.185345,0.096384,NA
-44.7793550300825,-20.9704067397787,583,2019-01-02,2021-05-31,177,0.2281,0.3022,NA,NA,0.097746,NA
-44.7793550300825,-20.9704965713071,583,2019-01-02,2021-05-31,177,0.2246,0.2986,NA,NA,0.09435,NA
-44.7793550300825,-20.9705864028356,583,2019-01-02,2021-05-31,177,0.212,0.2971,NA,NA,0.091275,NA
-44.7793550300825,-20.970676234364,583,2019-01-02,2021-05-31,177,0.2133,0.2987,NA,NA,0.085605,NA
-44.7794448616109,-20.9664541525286,583,2019-01-02,2021-05-31,177,0.1802,0.2685,NA,NA,0.096717,NA
-44.7794448616109,-20.9669931416991,583,2019-01-02,2021-05-31,177,0.269,0.3106,2024-07-14,-0.272849,-0.144685,NA
-44.7794448616109,-20.9670829732275,583,2019-01-02,2021-05-31,177,0.2713,0.31,2024-07-14,-0.275612,-0.134755,NA
-44.7794448616109,-20.9671728047559,583,2019-01-02,2021-05-31,177,0.2692,0.3009,2024-07-19,-0.278715,-0.129589,NA
-44.7794448616109,-20.9672626362843,583,2019-01-02,2021-05-31,177,0.2715,0.294,2024-07-19,-0.278406,-0.127,NA
-44.7794448616109,-20.9673524678127,583,2019-01-02,2021-05-31,177,0.2845,0.2974,2024-07-14,-0.279881,-0.122548,NA
-44.7794448616109,-20.9674422993411,583,2019-01-02,2021-05-31,177,0.2801,0.3006,2024-07-14,-0.292277,-0.128383,NA
-44.7794448616109,-20.9675321308695,583,2019-01-02,2021-05-31,177,0.2728,0.3021,2024-07-14,-0.293729,-0.123031,NA
-44.7794448616109,-20.967621962398,583,2019-01-02,2021-05-31,177,0.2743,0.3032,2024-07-19,-0.300386,-0.124744,NA
-44.7794448616109,-20.9677117939264,583,2019-01-02,2021-05-31,177,0.2723,0.3043,2024-07-14,-0.292439,-0.132908,NA
-44.7794448616109,-20.9678016254548,583,2019-01-02,2021-05-31,177,0.2723,0.3043,2024-07-14,-0.292439,-0.132908,NA
-44.7794448616109,-20.9678914569832,583,2019-01-02,2021-05-31,177,0.2625,0.3075,2024-07-04,-0.279348,-0.144198,NA
-44.7794448616109,-20.9679812885116,583,2019-01-02,2021-05-31,177,0.2457,0.3143,2024-07-14,-0.281483,-0.145771,NA
-44.7794448616109,-20.96807112004,583,2019-01-02,2021-05-31,177,0.2349,0.3216,2024-07-24,-0.250648,-0.148022,NA
-44.7794448616109,-20.9681609515684,583,2019-01-02,2021-05-31,177,0.2373,0.3248,2024-07-24,-0.294384,-0.123529,NA
-44.7794448616109,-20.9682507830968,583,2019-01-02,2021-05-31,177,0.2275,0.3202,2024-07-24,-0.292511,-0.129097,NA
-44.7794448616109,-20.9683406146253,583,2019-01-02,2021-05-31,177,0.1981,0.2947,2024-10-07,-0.199125,-0.096241,NA
-44.7794448616109,-20.9684304461537,583,2019-01-02,2021-05-31,177,0.2276,0.2962,NA,NA,-0.04203,NA
-44.7794448616109,-20.9685202776821,583,2019-01-02,2021-05-31,177,0.2567,0.3128,2023-09-13,-0.150362,-0.023247,NA
-44.7794448616109,-20.9686101092105,583,2019-01-02,2021-05-31,177,0.2503,0.313,2023-09-03,-0.142797,0.00026,NA
-44.7794448616109,-20.9686999407389,583,2019-01-02,2021-05-31,177,0.2388,0.3107,2023-09-03,-0.164918,0.007619,NA
-44.7794448616109,-20.9687897722673,583,2019-01-02,2021-05-31,177,0.2396,0.3146,2023-09-03,-0.181216,-0.009299,NA
-44.7794448616109,-20.9688796037957,583,2019-01-02,2021-05-31,177,0.2403,0.3155,2023-10-03,-0.144531,0.004046,NA
-44.7794448616109,-20.9689694353241,583,2019-01-02,2021-05-31,177,0.2307,0.3065,NA,NA,0.089828,NA
-44.7794448616109,-20.9690592668525,583,2019-01-02,2021-05-31,177,0.2142,0.3063,NA,NA,0.110111,NA
-44.7794448616109,-20.969149098381,583,2019-01-02,2021-05-31,177,0.2092,0.3044,NA,NA,0.107817,NA
-44.7794448616109,-20.9692389299094,583,2019-01-02,2021-05-31,177,0.2132,0.3028,NA,NA,0.111197,NA
-44.7794448616109,-20.9693287614378,583,2019-01-02,2021-05-31,177,0.2158,0.3021,2024-04-05,0.207759,0.103613,NA
-44.7794448616109,-20.9694185929662,583,2019-01-02,2021-05-31,177,0.2199,0.3019,2024-04-05,0.214748,0.087605,NA
-44.7794448616109,-20.9695084244946,583,2019-01-02,2021-05-31,177,0.2272,0.3024,NA,NA,0.084812,NA
-44.7794448616109,-20.969598256023,583,2019-01-02,2021-05-31,177,0.2318,0.3024,2024-04-05,0.20097,0.094185,NA
-44.7794448616109,-20.9696880875514,583,2019-01-02,2021-05-31,177,0.2267,0.3044,NA,NA,0.092676,NA
-44.7794448616109,-20.9697779190798,583,2019-01-02,2021-05-31,177,0.2301,0.304,2024-04-05,0.182863,0.08236,NA
-44.7794448616109,-20.9698677506083,583,2019-01-02,2021-05-31,177,0.2263,0.3058,2024-04-05,0.208222,0.102331,NA
-44.7794448616109,-20.9699575821367,583,2019-01-02,2021-05-31,177,0.2276,0.3053,2024-04-05,0.222417,0.109882,NA
-44.7794448616109,-20.9700474136651,583,2019-01-02,2021-05-31,177,0.2256,0.3025,2024-04-05,0.21099,0.108198,NA
-44.7794448616109,-20.9701372451935,583,2019-01-02,2021-05-31,177,0.2227,0.2982,2024-04-05,0.176516,0.09657,NA
-44.7794448616109,-20.9702270767219,583,2019-01-02,2021-05-31,177,0.2208,0.2972,2024-04-05,0.171296,0.083829,NA
-44.7794448616109,-20.9703169082503,583,2019-01-02,2021-05-31,177,0.223,0.2982,NA,NA,0.08744,NA
-44.7794448616109,-20.9704067397787,583,2019-01-02,2021-05-31,177,0.2302,0.2997,NA,NA,0.10165,NA
-44.7794448616109,-20.9704965713071,583,2019-01-02,2021-05-31,177,0.2258,0.2984,NA,NA,0.088111,NA
-44.7794448616109,-20.9705864028356,583,2019-01-02,2021-05-31,177,0.2135,0.2985,NA,NA,0.082723,NA
-44.7794448616109,-20.970676234364,583,2019-01-02,2021-05-31,177,0.215,0.3002,NA,NA,0.082787,NA
-44.7795346931393,-20.9670829732275,583,2019-01-02,2021-05-31,177,0.2754,0.305,2024-07-14,-0.277972,-0.13166,NA
-44.7795346931393,-20.9671728047559,583,2019-01-02,2021-05-31,177,0.278,0.2964,2024-07-19,-0.278839,-0.12396,NA
-44.7795346931393,-20.9672626362843,583,2019-01-02,2021-05-31,177,0.2864,0.2949,2024-07-14,-0.274484,-0.12627,NA
-44.7795346931393,-20.9673524678127,583,2019-01-02,2021-05-31,177,0.2953,0.2984,2024-07-14,-0.279749,-0.128993,NA
-44.7795346931393,-20.9674422993411,583,2019-01-02,2021-05-31,177,0.2908,0.3008,2024-07-14,-0.283767,-0.124156,NA
-44.7795346931393,-20.9675321308695,583,2019-01-02,2021-05-31,177,0.2848,0.3027,2024-07-14,-0.297088,-0.123807,NA
-44.7795346931393,-20.967621962398,583,2019-01-02,2021-05-31,177,0.2828,0.302,2024-07-14,-0.290695,-0.116465,NA
-44.7795346931393,-20.9677117939264,583,2019-01-02,2021-05-31,177,0.2828,0.302,2024-07-14,-0.290695,-0.116465,NA
-44.7795346931393,-20.9678016254548,583,2019-01-02,2021-05-31,177,0.277,0.3032,2024-07-09,-0.274147,-0.127848,NA
-44.7795346931393,-20.9678914569832,583,2019-01-02,2021-05-31,177,0.2613,0.3057,2024-07-09,-0.26645,-0.13387,NA
-44.7795346931393,-20.9679812885116,583,2019-01-02,2021-05-31,177,0.2429,0.3141,2024-07-19,-0.251689,-0.140997,NA
-44.7795346931393,-20.96807112004,583,2019-01-02,2021-05-31,177,0.2361,0.3208,2024-07-29,-0.247493,-0.138933,NA
-44.7795346931393,-20.9681609515684,583,2019-01-02,2021-05-31,177,0.2412,0.3238,2024-07-24,-0.291424,-0.122292,NA
-44.7795346931393,-20.9682507830968,583,2019-01-02,2021-05-31,177,0.2298,0.3182,2024-08-08,-0.312701,-0.116357,NA
-44.7795346931393,-20.9683406146253,583,2019-01-02,2021-05-31,177,0.2164,0.3026,2025-09-07,-0.145173,-0.076354,NA
-44.7795346931393,-20.9684304461537,583,2019-01-02,2021-05-31,177,0.2445,0.3055,2023-09-23,-0.139629,-0.031904,NA
-44.7795346931393,-20.9685202776821,583,2019-01-02,2021-05-31,177,0.2612,0.3124,2023-09-13,-0.142178,-0.018861,NA
-44.7795346931393,-20.9686101092105,583,2019-01-02,2021-05-31,177,0.2523,0.3133,2023-09-08,-0.156299,-0.015102,NA
-44.7795346931393,-20.9686999407389,583,2019-01-02,2021-05-31,177,0.2442,0.314,2023-09-03,-0.159787,-0.020261,NA
-44.7795346931393,-20.9687897722673,583,2019-01-02,2021-05-31,177,0.2443,0.3165,2023-09-03,-0.183047,-0.016821,NA
-44.7795346931393,-20.9688796037957,583,2019-01-02,2021-05-31,177,0.241,0.3156,2023-10-03,-0.138466,-0.001857,NA
-44.7795346931393,-20.9689694353241,583,2019-01-02,2021-05-31,177,0.228,0.3063,NA,NA,0.094901,NA
-44.7795346931393,-20.9690592668525,583,2019-01-02,2021-05-31,177,0.2157,0.3054,NA,NA,0.119236,NA
-44.7795346931393,-20.969149098381,583,2019-01-02,2021-05-31,177,0.2053,0.3009,NA,NA,0.11772,NA
-44.7795346931393,-20.9692389299094,583,2019-01-02,2021-05-31,177,0.2015,0.2964,NA,NA,0.095169,NA
-44.7795346931393,-20.9693287614378,583,2019-01-02,2021-05-31,177,0.2071,0.2963,2024-04-05,0.189867,0.079394,NA
-44.7795346931393,-20.9694185929662,583,2019-01-02,2021-05-31,177,0.218,0.2955,2024-04-05,0.191067,0.078604,NA
-44.7795346931393,-20.9695084244946,583,2019-01-02,2021-05-31,177,0.2238,0.2976,NA,NA,0.072765,NA
-44.7795346931393,-20.969598256023,583,2019-01-02,2021-05-31,177,0.2195,0.2986,NA,NA,0.077758,NA
-44.7795346931393,-20.9696880875514,583,2019-01-02,2021-05-31,177,0.2153,0.3004,NA,NA,0.066842,NA
-44.7795346931393,-20.9697779190798,583,2019-01-02,2021-05-31,177,0.2183,0.302,NA,NA,0.066241,NA
-44.7795346931393,-20.9698677506083,583,2019-01-02,2021-05-31,177,0.2211,0.3048,NA,NA,0.092415,NA
-44.7795346931393,-20.9699575821367,583,2019-01-02,2021-05-31,177,0.2238,0.3055,NA,NA,0.10032,NA
-44.7795346931393,-20.9700474136651,583,2019-01-02,2021-05-31,177,0.2241,0.3023,NA,NA,0.101342,NA
-44.7795346931393,-20.9701372451935,583,2019-01-02,2021-05-31,177,0.2229,0.2972,NA,NA,0.091108,NA
-44.7795346931393,-20.9702270767219,583,2019-01-02,2021-05-31,177,0.2237,0.2968,NA,NA,0.090513,NA
-44.7795346931393,-20.9703169082503,583,2019-01-02,2021-05-31,177,0.2269,0.2972,NA,NA,0.107276,NA
-44.7795346931393,-20.9704067397787,583,2019-01-02,2021-05-31,177,0.2297,0.2986,NA,NA,0.104682,NA
-44.7795346931393,-20.9704965713071,583,2019-01-02,2021-05-31,177,0.2271,0.298,NA,NA,0.087691,NA
-44.7795346931393,-20.9705864028356,583,2019-01-02,2021-05-31,177,0.2196,0.299,NA,NA,0.084774,NA
-44.7795346931393,-20.970676234364,583,2019-01-02,2021-05-31,177,0.2164,0.3016,NA,NA,0.088192,NA
-44.7795346931393,-20.9707660658924,583,2019-01-02,2021-05-31,177,0.1897,0.2829,NA,NA,0.072692,NA
-44.7796245246678,-20.9670829732275,583,2019-01-02,2021-05-31,177,0.2789,0.2999,2024-07-14,-0.273418,-0.130894,NA
-44.7796245246678,-20.9671728047559,583,2019-01-02,2021-05-31,177,0.2839,0.2932,2024-07-19,-0.276753,-0.124616,NA
-44.7796245246678,-20.9672626362843,583,2019-01-02,2021-05-31,177,0.2981,0.2945,2024-07-14,-0.271966,-0.128769,NA
-44.7796245246678,-20.9673524678127,583,2019-01-02,2021-05-31,177,0.2994,0.2978,2024-07-14,-0.280524,-0.131779,NA
-44.7796245246678,-20.9674422993411,583,2019-01-02,2021-05-31,177,0.2944,0.3006,2024-07-14,-0.281839,-0.12625,NA
-44.7796245246678,-20.9675321308695,583,2019-01-02,2021-05-31,177,0.2929,0.3004,2024-07-14,-0.277155,-0.124841,NA
-44.7796245246678,-20.967621962398,583,2019-01-02,2021-05-31,177,0.2854,0.2995,2024-07-14,-0.267649,-0.116628,NA
-44.7796245246678,-20.9677117939264,583,2019-01-02,2021-05-31,177,0.2854,0.2995,2024-07-14,-0.267649,-0.116628,NA
-44.7796245246678,-20.9678016254548,583,2019-01-02,2021-05-31,177,0.2709,0.3026,2024-07-09,-0.263724,-0.124621,NA
-44.7796245246678,-20.9678914569832,583,2019-01-02,2021-05-31,177,0.2503,0.3058,2024-07-14,-0.256288,-0.131039,NA
-44.7796245246678,-20.9679812885116,583,2019-01-02,2021-05-31,177,0.2384,0.3154,2024-07-24,-0.242874,-0.14757,NA
-44.7796245246678,-20.96807112004,583,2019-01-02,2021-05-31,177,0.2357,0.3206,2024-07-24,-0.278868,-0.133864,NA
-44.7796245246678,-20.9681609515684,583,2019-01-02,2021-05-31,177,0.2393,0.3226,2024-07-24,-0.285356,-0.111716,NA
-44.7796245246678,-20.9682507830968,583,2019-01-02,2021-05-31,177,0.2246,0.3109,2024-08-23,-0.259867,-0.093049,NA
-44.7796245246678,-20.9683406146253,583,2019-01-02,2021-05-31,177,0.2295,0.3025,2025-09-12,-0.126198,-0.052413,NA
-44.7796245246678,-20.9684304461537,583,2019-01-02,2021-05-31,177,0.255,0.3102,2023-09-13,-0.141484,-0.033453,NA
-44.7796245246678,-20.9685202776821,583,2019-01-02,2021-05-31,177,0.2625,0.312,2023-09-03,-0.139142,-0.030885,NA
-44.7796245246678,-20.9686101092105,583,2019-01-02,2021-05-31,177,0.2543,0.3131,2023-09-03,-0.14237,-0.020708,NA
-44.7796245246678,-20.9686999407389,583,2019-01-02,2021-05-31,177,0.2451,0.3137,2023-09-13,-0.172228,-0.007727,NA
-44.7796245246678,-20.9687897722673,583,2019-01-02,2021-05-31,177,0.2435,0.3167,2023-09-03,-0.158716,-0.018453,NA
-44.7796245246678,-20.9688796037957,583,2019-01-02,2021-05-31,177,0.2399,0.3153,NA,NA,0.004948,NA
-44.7796245246678,-20.9689694353241,583,2019-01-02,2021-05-31,177,0.225,0.3057,NA,NA,0.100166,NA
-44.7796245246678,-20.9690592668525,583,2019-01-02,2021-05-31,177,0.2117,0.3022,NA,NA,0.123533,NA
-44.7796245246678,-20.969149098381,583,2019-01-02,2021-05-31,177,0.2014,0.2928,NA,NA,0.126088,NA
-44.7796245246678,-20.9692389299094,583,2019-01-02,2021-05-31,177,0.1855,0.2852,2024-04-05,0.193164,0.094286,NA
-44.7796245246678,-20.9693287614378,583,2019-01-02,2021-05-31,177,0.1837,0.282,2024-04-05,0.184126,0.066186,NA
-44.7796245246678,-20.9694185929662,583,2019-01-02,2021-05-31,177,0.184,0.2802,2024-04-05,0.191685,0.052842,NA
-44.7796245246678,-20.9695084244946,583,2019-01-02,2021-05-31,177,0.1905,0.2827,NA,NA,0.04587,NA
-44.7796245246678,-20.969598256023,583,2019-01-02,2021-05-31,177,0.1933,0.2821,2024-04-05,0.174329,0.051825,NA
-44.7796245246678,-20.9696880875514,583,2019-01-02,2021-05-31,177,0.1917,0.2846,2024-04-05,0.166583,0.057416,NA
-44.7796245246678,-20.9697779190798,583,2019-01-02,2021-05-31,177,0.188,0.2875,NA,NA,0.046324,NA
-44.7796245246678,-20.9698677506083,583,2019-01-02,2021-05-31,177,0.1899,0.2899,NA,NA,0.043296,NA
-44.7796245246678,-20.9699575821367,583,2019-01-02,2021-05-31,177,0.1926,0.2912,NA,NA,0.046019,NA
-44.7796245246678,-20.9700474136651,583,2019-01-02,2021-05-31,177,0.1928,0.2877,NA,NA,0.0541,NA
-44.7796245246678,-20.9701372451935,583,2019-01-02,2021-05-31,177,0.1924,0.2843,NA,NA,0.053724,NA
-44.7796245246678,-20.9702270767219,583,2019-01-02,2021-05-31,177,0.1972,0.2846,NA,NA,0.052024,NA
-44.7796245246678,-20.9703169082503,583,2019-01-02,2021-05-31,177,0.2045,0.2876,NA,NA,0.053086,NA
-44.7796245246678,-20.9704067397787,583,2019-01-02,2021-05-31,177,0.2078,0.2914,NA,NA,0.056348,NA
-44.7796245246678,-20.9704965713071,583,2019-01-02,2021-05-31,177,0.2014,0.2909,NA,NA,0.051377,NA
-44.7796245246678,-20.9705864028356,583,2019-01-02,2021-05-31,177,0.1998,0.2893,NA,NA,0.028451,NA
-44.7796245246678,-20.970676234364,583,2019-01-02,2021-05-31,177,0.2041,0.2921,NA,NA,0.050705,NA
-44.7796245246678,-20.9707660658924,583,2019-01-02,2021-05-31,177,0.1795,0.2747,NA,NA,0.047761,NA
-44.7797143561962,-20.9670829732275,583,2019-01-02,2021-05-31,177,0.2844,0.2953,2024-07-19,-0.273647,-0.138006,NA
-44.7797143561962,-20.9671728047559,583,2019-01-02,2021-05-31,177,0.2906,0.2927,2024-07-19,-0.271191,-0.128822,NA
-44.7797143561962,-20.9672626362843,583,2019-01-02,2021-05-31,177,0.3002,0.2931,2024-07-14,-0.267593,-0.12959,NA
-44.7797143561962,-20.9673524678127,583,2019-01-02,2021-05-31,177,0.2966,0.2971,2024-07-14,-0.272257,-0.123609,NA
-44.7797143561962,-20.9674422993411,583,2019-01-02,2021-05-31,177,0.2901,0.3013,2024-07-14,-0.276057,-0.125246,NA
-44.7797143561962,-20.9675321308695,583,2019-01-02,2021-05-31,177,0.2859,0.3007,2024-07-19,-0.285866,-0.129578,NA
-44.7797143561962,-20.967621962398,583,2019-01-02,2021-05-31,177,0.2751,0.3024,2024-07-19,-0.282992,-0.114167,NA
-44.7797143561962,-20.9677117939264,583,2019-01-02,2021-05-31,177,0.2751,0.3024,2024-07-19,-0.282992,-0.114167,NA
-44.7797143561962,-20.9678016254548,583,2019-01-02,2021-05-31,177,0.2565,0.3057,2024-07-14,-0.264747,-0.123427,NA
-44.7797143561962,-20.9678914569832,583,2019-01-02,2021-05-31,177,0.235,0.3097,2024-07-19,-0.271555,-0.133159,NA
-44.7797143561962,-20.9679812885116,583,2019-01-02,2021-05-31,177,0.2303,0.317,2024-07-24,-0.273523,-0.147429,NA
-44.7797143561962,-20.96807112004,583,2019-01-02,2021-05-31,177,0.2276,0.3209,2024-07-24,-0.285228,-0.132748,NA
-44.7797143561962,-20.9681609515684,583,2019-01-02,2021-05-31,177,0.2272,0.3205,2024-07-24,-0.28272,-0.114918,NA
-44.7797143561962,-20.9682507830968,583,2019-01-02,2021-05-31,177,0.2166,0.3074,2024-09-17,-0.229291,-0.098173,NA
-44.7797143561962,-20.9683406146253,583,2019-01-02,2021-05-31,177,0.238,0.3061,2023-09-23,-0.156459,-0.052073,NA
-44.7797143561962,-20.9684304461537,583,2019-01-02,2021-05-31,177,0.2505,0.3138,2023-09-13,-0.154283,-0.032169,NA
-44.7797143561962,-20.9685202776821,583,2019-01-02,2021-05-31,177,0.2499,0.3165,2023-09-08,-0.139832,-0.024064,NA
-44.7797143561962,-20.9686101092105,583,2019-01-02,2021-05-31,177,0.2435,0.3164,2023-09-08,-0.156404,-0.018204,NA
-44.7797143561962,-20.9686999407389,583,2019-01-02,2021-05-31,177,0.2378,0.3152,2023-09-08,-0.169941,-0.017218,NA
-44.7797143561962,-20.9687897722673,583,2019-01-02,2021-05-31,177,0.2397,0.3183,2023-09-03,-0.164197,-0.011393,NA
-44.7797143561962,-20.9688796037957,583,2019-01-02,2021-05-31,177,0.2375,0.3146,NA,NA,0.031413,NA
-44.7797143561962,-20.9689694353241,583,2019-01-02,2021-05-31,177,0.2224,0.3042,NA,NA,0.113214,NA
-44.7797143561962,-20.9690592668525,583,2019-01-02,2021-05-31,177,0.2132,0.2999,NA,NA,0.123295,NA
-44.7797143561962,-20.969149098381,583,2019-01-02,2021-05-31,177,0.2166,0.2959,2024-04-05,0.224538,0.128884,NA
-44.7797143561962,-20.9692389299094,583,2019-01-02,2021-05-31,177,0.2175,0.296,2024-04-05,0.233916,0.130034,NA
-44.7797143561962,-20.9693287614378,583,2019-01-02,2021-05-31,177,0.2175,0.2925,2024-04-05,0.227516,0.117266,NA
-44.7797143561962,-20.9694185929662,583,2019-01-02,2021-05-31,177,0.2151,0.2904,2024-04-05,0.221967,0.105234,NA
-44.7797143561962,-20.9695084244946,583,2019-01-02,2021-05-31,177,0.2158,0.2926,NA,NA,0.088531,NA
-44.7797143561962,-20.969598256023,583,2019-01-02,2021-05-31,177,0.2166,0.2943,NA,NA,0.081458,NA
-44.7797143561962,-20.9696880875514,583,2019-01-02,2021-05-31,177,0.2165,0.2978,NA,NA,0.091889,NA
-44.7797143561962,-20.9697779190798,583,2019-01-02,2021-05-31,177,0.2113,0.2972,NA,NA,0.096901,NA
-44.7797143561962,-20.9698677506083,583,2019-01-02,2021-05-31,177,0.2037,0.296,NA,NA,0.089114,NA
-44.7797143561962,-20.9699575821367,583,2019-01-02,2021-05-31,177,0.1994,0.2967,NA,NA,0.082886,NA
-44.7797143561962,-20.9700474136651,583,2019-01-02,2021-05-31,177,0.1935,0.2913,NA,NA,0.077336,NA
-44.7797143561962,-20.9701372451935,583,2019-01-02,2021-05-31,177,0.191,0.2859,NA,NA,0.071998,NA
-44.7797143561962,-20.9702270767219,583,2019-01-02,2021-05-31,177,0.19,0.2841,NA,NA,0.070571,NA
-44.7797143561962,-20.9703169082503,583,2019-01-02,2021-05-31,177,0.1959,0.2854,NA,NA,0.067577,NA
-44.7797143561962,-20.9704067397787,583,2019-01-02,2021-05-31,177,0.1967,0.2868,NA,NA,0.0651,NA
-44.7797143561962,-20.9704965713071,583,2019-01-02,2021-05-31,177,0.1813,0.2826,NA,NA,0.045983,NA
-44.7797143561962,-20.9705864028356,583,2019-01-02,2021-05-31,177,0.1751,0.2775,NA,NA,0.034809,NA
-44.7797143561962,-20.970676234364,583,2019-01-02,2021-05-31,177,0.1755,0.2785,NA,NA,0.033748,NA
-44.7797143561962,-20.9707660658924,583,2019-01-02,2021-05-31,177,0.1505,0.2568,NA,NA,0.043113,NA
-44.7797143561962,-20.9708558974208,583,2019-01-02,2021-05-31,177,0.1762,0.2502,NA,NA,0.017554,NA
-44.7798041877246,-20.9671728047559,583,2019-01-02,2021-05-31,177,0.2951,0.295,2024-07-19,-0.265596,-0.134755,NA
-44.7798041877246,-20.9672626362843,583,2019-01-02,2021-05-31,177,0.2969,0.2942,2024-07-14,-0.254564,-0.124077,NA
-44.7798041877246,-20.9673524678127,583,2019-01-02,2021-05-31,177,0.287,0.2984,2024-07-14,-0.256805,-0.130488,NA
-44.7798041877246,-20.9674422993411,583,2019-01-02,2021-05-31,177,0.2805,0.3027,2024-07-14,-0.261517,-0.125353,NA
-44.7798041877246,-20.9675321308695,583,2019-01-02,2021-05-31,177,0.2761,0.3026,2024-07-19,-0.279767,-0.130211,NA
-44.7798041877246,-20.967621962398,583,2019-01-02,2021-05-31,177,0.2647,0.3054,2024-07-14,-0.269274,-0.122475,NA
-44.7798041877246,-20.9677117939264,583,2019-01-02,2021-05-31,177,0.2647,0.3054,2024-07-14,-0.269274,-0.122475,NA
-44.7798041877246,-20.9678016254548,583,2019-01-02,2021-05-31,177,0.2446,0.3101,2024-07-19,-0.274257,-0.134546,NA
-44.7798041877246,-20.9678914569832,583,2019-01-02,2021-05-31,177,0.2294,0.3174,2024-07-19,-0.285163,-0.142816,NA
-44.7798041877246,-20.9679812885116,583,2019-01-02,2021-05-31,177,0.2256,0.3213,2024-07-24,-0.282838,-0.139231,NA
-44.7798041877246,-20.96807112004,583,2019-01-02,2021-05-31,177,0.2252,0.3243,2024-07-24,-0.28202,-0.129357,NA
-44.7798041877246,-20.9681609515684,583,2019-01-02,2021-05-31,177,0.2104,0.3163,2024-08-18,-0.295709,-0.120125,NA
-44.7798041877246,-20.9682507830968,583,2019-01-02,2021-05-31,177,0.2033,0.3028,2025-09-07,-0.152247,-0.071594,NA
-44.7798041877246,-20.9683406146253,583,2019-01-02,2021-05-31,177,0.2382,0.31,2023-09-18,-0.144412,-0.026632,NA
-44.7798041877246,-20.9684304461537,583,2019-01-02,2021-05-31,177,0.2433,0.3164,2023-09-08,-0.14422,-0.023164,NA
-44.7798041877246,-20.9685202776821,583,2019-01-02,2021-05-31,177,0.2421,0.3185,2023-09-08,-0.144303,-0.030002,NA
-44.7798041877246,-20.9686101092105,583,2019-01-02,2021-05-31,177,0.2403,0.3179,2023-09-08,-0.156907,-0.016692,NA
-44.7798041877246,-20.9686999407389,583,2019-01-02,2021-05-31,177,0.2375,0.3148,2023-09-08,-0.172997,-0.015505,NA
-44.7798041877246,-20.9687897722673,583,2019-01-02,2021-05-31,177,0.2408,0.3165,2023-09-03,-0.179857,-0.016123,NA
-44.7798041877246,-20.9688796037957,583,2019-01-02,2021-05-31,177,0.2401,0.3119,NA,NA,0.029358,NA
-44.7798041877246,-20.9689694353241,583,2019-01-02,2021-05-31,177,0.2278,0.3019,NA,NA,0.112803,NA
-44.7798041877246,-20.9690592668525,583,2019-01-02,2021-05-31,177,0.2219,0.2987,NA,NA,0.133583,NA
-44.7798041877246,-20.969149098381,583,2019-01-02,2021-05-31,177,0.2263,0.2956,2024-04-05,0.211405,0.128076,NA
-44.7798041877246,-20.9692389299094,583,2019-01-02,2021-05-31,177,0.2291,0.2962,2024-04-05,0.211604,0.116613,NA
-44.7798041877246,-20.9693287614378,583,2019-01-02,2021-05-31,177,0.2297,0.2962,2024-04-05,0.232399,0.104296,NA
-44.7798041877246,-20.9694185929662,583,2019-01-02,2021-05-31,177,0.2347,0.296,2024-04-05,0.229062,0.100482,NA
-44.7798041877246,-20.9695084244946,583,2019-01-02,2021-05-31,177,0.2388,0.2974,NA,NA,0.093171,NA
-44.7798041877246,-20.969598256023,583,2019-01-02,2021-05-31,177,0.2315,0.3003,NA,NA,0.089429,NA
-44.7798041877246,-20.9696880875514,583,2019-01-02,2021-05-31,177,0.2284,0.3054,NA,NA,0.08852,NA
-44.7798041877246,-20.9697779190798,583,2019-01-02,2021-05-31,177,0.2258,0.3057,NA,NA,0.095956,NA
-44.7798041877246,-20.9698677506083,583,2019-01-02,2021-05-31,177,0.2217,0.3055,NA,NA,0.094802,NA
-44.7798041877246,-20.9699575821367,583,2019-01-02,2021-05-31,177,0.2227,0.3058,NA,NA,0.106305,NA
-44.7798041877246,-20.9700474136651,583,2019-01-02,2021-05-31,177,0.2201,0.3026,NA,NA,0.103637,NA
-44.7798041877246,-20.9701372451935,583,2019-01-02,2021-05-31,177,0.2181,0.2998,NA,NA,0.100338,NA
-44.7798041877246,-20.9702270767219,583,2019-01-02,2021-05-31,177,0.2159,0.3001,NA,NA,0.106791,NA
-44.7798041877246,-20.9703169082503,583,2019-01-02,2021-05-31,177,0.2198,0.3013,NA,NA,0.108402,NA
-44.7798041877246,-20.9704067397787,583,2019-01-02,2021-05-31,177,0.2219,0.3005,NA,NA,0.100759,NA
-44.7798041877246,-20.9704965713071,583,2019-01-02,2021-05-31,177,0.2139,0.295,NA,NA,0.101816,NA
-44.7798041877246,-20.9705864028356,583,2019-01-02,2021-05-31,177,0.2091,0.2907,NA,NA,0.101222,NA
-44.7798041877246,-20.970676234364,583,2019-01-02,2021-05-31,177,0.2014,0.2896,NA,NA,0.090959,NA
-44.7798041877246,-20.9707660658924,583,2019-01-02,2021-05-31,177,0.173,0.2588,NA,NA,0.061571,NA
-44.7798041877246,-20.9708558974208,583,2019-01-02,2021-05-31,177,0.1873,0.2674,2025-09-19,-0.098876,0.019164,NA
-44.779894019253,-20.9671728047559,583,2019-01-02,2021-05-31,177,0.2951,0.295,2024-07-19,-0.265596,-0.134755,NA
-44.779894019253,-20.9672626362843,583,2019-01-02,2021-05-31,177,0.2969,0.2942,2024-07-14,-0.254564,-0.124077,NA
-44.779894019253,-20.9673524678127,583,2019-01-02,2021-05-31,177,0.287,0.2984,2024-07-14,-0.256805,-0.130488,NA
-44.779894019253,-20.9674422993411,583,2019-01-02,2021-05-31,177,0.2805,0.3027,2024-07-14,-0.261517,-0.125353,NA
-44.779894019253,-20.9675321308695,583,2019-01-02,2021-05-31,177,0.2761,0.3026,2024-07-19,-0.279767,-0.130211,NA
-44.779894019253,-20.967621962398,583,2019-01-02,2021-05-31,177,0.2647,0.3054,2024-07-14,-0.269274,-0.122475,NA
-44.779894019253,-20.9677117939264,583,2019-01-02,2021-05-31,177,0.2647,0.3054,2024-07-14,-0.269274,-0.122475,NA
-44.779894019253,-20.9678016254548,583,2019-01-02,2021-05-31,177,0.2446,0.3101,2024-07-19,-0.274257,-0.134546,NA
-44.779894019253,-20.9678914569832,583,2019-01-02,2021-05-31,177,0.2294,0.3174,2024-07-19,-0.285163,-0.142816,NA
-44.779894019253,-20.9679812885116,583,2019-01-02,2021-05-31,177,0.2256,0.3213,2024-07-24,-0.282838,-0.139231,NA
-44.779894019253,-20.96807112004,583,2019-01-02,2021-05-31,177,0.2252,0.3243,2024-07-24,-0.28202,-0.129357,NA
-44.779894019253,-20.9681609515684,583,2019-01-02,2021-05-31,177,0.2104,0.3163,2024-08-18,-0.295709,-0.120125,NA
-44.779894019253,-20.9682507830968,583,2019-01-02,2021-05-31,177,0.2033,0.3028,2025-09-07,-0.152247,-0.071594,NA
-44.779894019253,-20.9683406146253,583,2019-01-02,2021-05-31,177,0.2382,0.31,2023-09-18,-0.144412,-0.026632,NA
-44.779894019253,-20.9684304461537,583,2019-01-02,2021-05-31,177,0.2433,0.3164,2023-09-08,-0.14422,-0.023164,NA
-44.779894019253,-20.9685202776821,583,2019-01-02,2021-05-31,177,0.2421,0.3185,2023-09-08,-0.144303,-0.030002,NA
-44.779894019253,-20.9686101092105,583,2019-01-02,2021-05-31,177,0.2403,0.3179,2023-09-08,-0.156907,-0.016692,NA
-44.779894019253,-20.9686999407389,583,2019-01-02,2021-05-31,177,0.2375,0.3148,2023-09-08,-0.172997,-0.015505,NA
-44.779894019253,-20.9687897722673,583,2019-01-02,2021-05-31,177,0.2408,0.3165,2023-09-03,-0.179857,-0.016123,NA
-44.779894019253,-20.9688796037957,583,2019-01-02,2021-05-31,177,0.2401,0.3119,NA,NA,0.029358,NA
-44.779894019253,-20.9689694353241,583,2019-01-02,2021-05-31,177,0.2278,0.3019,NA,NA,0.112803,NA
-44.779894019253,-20.9690592668525,583,2019-01-02,2021-05-31,177,0.2219,0.2987,NA,NA,0.133583,NA
-44.779894019253,-20.969149098381,583,2019-01-02,2021-05-31,177,0.2263,0.2956,2024-04-05,0.211405,0.128076,NA
-44.779894019253,-20.9692389299094,583,2019-01-02,2021-05-31,177,0.2291,0.2962,2024-04-05,0.211604,0.116613,NA
-44.779894019253,-20.9693287614378,583,2019-01-02,2021-05-31,177,0.2297,0.2962,2024-04-05,0.232399,0.104296,NA
-44.779894019253,-20.9694185929662,583,2019-01-02,2021-05-31,177,0.2347,0.296,2024-04-05,0.229062,0.100482,NA
-44.779894019253,-20.9695084244946,583,2019-01-02,2021-05-31,177,0.2388,0.2974,NA,NA,0.093171,NA
-44.779894019253,-20.969598256023,583,2019-01-02,2021-05-31,177,0.2315,0.3003,NA,NA,0.089429,NA
-44.779894019253,-20.9696880875514,583,2019-01-02,2021-05-31,177,0.2284,0.3054,NA,NA,0.08852,NA
-44.779894019253,-20.9697779190798,583,2019-01-02,2021-05-31,177,0.2256,0.3031,NA,NA,0.093356,NA
-44.779894019253,-20.9698677506083,583,2019-01-02,2021-05-31,177,0.224,0.3035,NA,NA,0.093982,NA
-44.779894019253,-20.9699575821367,583,2019-01-02,2021-05-31,177,0.2256,0.3048,NA,NA,0.108983,NA
-44.779894019253,-20.9700474136651,583,2019-01-02,2021-05-31,177,0.2192,0.3022,NA,NA,0.106846,NA
-44.779894019253,-20.9701372451935,583,2019-01-02,2021-05-31,177,0.2147,0.2993,NA,NA,0.10498,NA
-44.779894019253,-20.9702270767219,583,2019-01-02,2021-05-31,177,0.2177,0.2996,NA,NA,0.101838,NA
-44.779894019253,-20.9703169082503,583,2019-01-02,2021-05-31,177,0.2226,0.2998,NA,NA,0.09987,NA
-44.779894019253,-20.9704067397787,583,2019-01-02,2021-05-31,177,0.2231,0.2986,NA,NA,0.104356,NA
-44.779894019253,-20.9704965713071,583,2019-01-02,2021-05-31,177,0.2171,0.2941,NA,NA,0.10051,NA
-44.779894019253,-20.9705864028356,583,2019-01-02,2021-05-31,177,0.2157,0.2929,NA,NA,0.096631,NA
-44.779894019253,-20.970676234364,583,2019-01-02,2021-05-31,177,0.1972,0.2787,NA,NA,0.081138,NA
-44.779894019253,-20.9707660658924,583,2019-01-02,2021-05-31,177,0.1889,0.2506,NA,NA,0.044514,NA
-44.779894019253,-20.9708558974208,583,2019-01-02,2021-05-31,177,0.2002,0.283,2025-09-07,-0.17121,0.020952,NA
-44.779894019253,-20.9709457289492,583,2019-01-02,2021-05-31,177,0.1919,0.3063,2025-09-02,-0.220034,0.017306,NA
-44.7799838507814,-20.9671728047559,583,2019-01-02,2021-05-31,177,0.303,0.2934,2024-07-14,-0.248215,-0.136597,NA
-44.7799838507814,-20.9672626362843,583,2019-01-02,2021-05-31,177,0.2958,0.2942,2024-07-14,-0.250885,-0.124682,NA
-44.7799838507814,-20.9673524678127,583,2019-01-02,2021-05-31,177,0.2808,0.2983,2024-07-19,-0.279297,-0.126254,NA
-44.7799838507814,-20.9674422993411,583,2019-01-02,2021-05-31,177,0.2778,0.3014,2024-07-19,-0.276285,-0.127474,NA
-44.7799838507814,-20.9675321308695,583,2019-01-02,2021-05-31,177,0.2739,0.3035,2024-07-14,-0.250572,-0.115962,NA
-44.7799838507814,-20.967621962398,583,2019-01-02,2021-05-31,177,0.2739,0.3035,2024-07-14,-0.250572,-0.115962,NA
-44.7799838507814,-20.9677117939264,583,2019-01-02,2021-05-31,177,0.2603,0.3062,2024-07-09,-0.265021,-0.128624,NA
-44.7799838507814,-20.9678016254548,583,2019-01-02,2021-05-31,177,0.2373,0.3127,2024-07-14,-0.279516,-0.141928,NA
-44.7799838507814,-20.9678914569832,583,2019-01-02,2021-05-31,177,0.2223,0.3222,2024-07-24,-0.283033,-0.148448,NA
-44.7799838507814,-20.9679812885116,583,2019-01-02,2021-05-31,177,0.2197,0.3265,2024-07-24,-0.285118,-0.130845,NA
-44.7799838507814,-20.96807112004,583,2019-01-02,2021-05-31,177,0.2201,0.325,2024-08-03,-0.2935,-0.132433,NA
-44.7799838507814,-20.9681609515684,583,2019-01-02,2021-05-31,177,0.1965,0.3055,2024-09-07,-0.247555,-0.11056,NA
-44.7799838507814,-20.9682507830968,583,2019-01-02,2021-05-31,177,0.2087,0.3016,NA,NA,-0.04479,NA
-44.7799838507814,-20.9683406146253,583,2019-01-02,2021-05-31,177,0.2384,0.3138,2023-09-18,-0.1455,-0.019167,NA
-44.7799838507814,-20.9684304461537,583,2019-01-02,2021-05-31,177,0.2393,0.3172,2023-09-08,-0.146997,-0.029993,NA
-44.7799838507814,-20.9685202776821,583,2019-01-02,2021-05-31,177,0.2411,0.3175,2023-09-03,-0.158702,-0.027443,NA
-44.7799838507814,-20.9686101092105,583,2019-01-02,2021-05-31,177,0.2407,0.3166,2023-09-03,-0.159826,-0.014791,NA
-44.7799838507814,-20.9686999407389,583,2019-01-02,2021-05-31,177,0.2401,0.315,2023-09-08,-0.17852,-0.003842,NA
-44.7799838507814,-20.9687897722673,583,2019-01-02,2021-05-31,177,0.2426,0.3164,2023-09-03,-0.186199,-0.006784,NA
-44.7799838507814,-20.9688796037957,583,2019-01-02,2021-05-31,177,0.2425,0.3102,NA,NA,0.040781,NA
-44.7799838507814,-20.9689694353241,583,2019-01-02,2021-05-31,177,0.2331,0.2998,NA,NA,0.11997,NA
-44.7799838507814,-20.9690592668525,583,2019-01-02,2021-05-31,177,0.2261,0.2984,NA,NA,0.134994,NA
-44.7799838507814,-20.969149098381,583,2019-01-02,2021-05-31,177,0.2291,0.297,2024-04-05,0.208626,0.122733,NA
-44.7799838507814,-20.9692389299094,583,2019-01-02,2021-05-31,177,0.231,0.2975,2024-04-05,0.210425,0.124032,NA
-44.7799838507814,-20.9693287614378,583,2019-01-02,2021-05-31,177,0.2355,0.296,2024-04-05,0.217996,0.107254,NA
-44.7799838507814,-20.9694185929662,583,2019-01-02,2021-05-31,177,0.2451,0.2949,2024-04-05,0.228787,0.096293,NA
-44.7799838507814,-20.9695084244946,583,2019-01-02,2021-05-31,177,0.2499,0.2956,NA,NA,0.084251,NA
-44.7799838507814,-20.969598256023,583,2019-01-02,2021-05-31,177,0.234,0.301,NA,NA,0.081004,NA
-44.7799838507814,-20.9696880875514,583,2019-01-02,2021-05-31,177,0.2303,0.3039,NA,NA,0.090491,NA
-44.7799838507814,-20.9697779190798,583,2019-01-02,2021-05-31,177,0.2256,0.3031,NA,NA,0.093356,NA
-44.7799838507814,-20.9698677506083,583,2019-01-02,2021-05-31,177,0.224,0.3035,NA,NA,0.093982,NA
-44.7799838507814,-20.9699575821367,583,2019-01-02,2021-05-31,177,0.2256,0.3048,NA,NA,0.108983,NA
-44.7799838507814,-20.9700474136651,583,2019-01-02,2021-05-31,177,0.2192,0.3022,NA,NA,0.106846,NA
-44.7799838507814,-20.9701372451935,583,2019-01-02,2021-05-31,177,0.2147,0.2993,NA,NA,0.10498,NA
-44.7799838507814,-20.9702270767219,583,2019-01-02,2021-05-31,177,0.2177,0.2996,NA,NA,0.101838,NA
-44.7799838507814,-20.9703169082503,583,2019-01-02,2021-05-31,177,0.2226,0.2998,NA,NA,0.09987,NA
-44.7799838507814,-20.9704067397787,583,2019-01-02,2021-05-31,177,0.2231,0.2986,NA,NA,0.104356,NA
-44.7799838507814,-20.9704965713071,583,2019-01-02,2021-05-31,177,0.2171,0.2941,NA,NA,0.10051,NA
-44.7799838507814,-20.9705864028356,583,2019-01-02,2021-05-31,177,0.2157,0.2929,NA,NA,0.096631,NA
-44.7799838507814,-20.970676234364,583,2019-01-02,2021-05-31,177,0.1972,0.2787,NA,NA,0.081138,NA
-44.7799838507814,-20.9707660658924,583,2019-01-02,2021-05-31,177,0.1889,0.2506,NA,NA,0.044514,NA
-44.7799838507814,-20.9708558974208,583,2019-01-02,2021-05-31,177,0.2002,0.283,2025-09-07,-0.17121,0.020952,NA
-44.7799838507814,-20.9709457289492,583,2019-01-02,2021-05-31,177,0.1919,0.3063,2025-09-02,-0.220034,0.017306,NA
-44.7800736823098,-20.9671728047559,583,2019-01-02,2021-05-31,177,0.2989,0.2912,2024-07-14,-0.244542,-0.133092,NA
-44.7800736823098,-20.9672626362843,583,2019-01-02,2021-05-31,177,0.2936,0.2942,2024-07-14,-0.254981,-0.117909,NA
-44.7800736823098,-20.9673524678127,583,2019-01-02,2021-05-31,177,0.2833,0.2983,2024-07-19,-0.27219,-0.131572,NA
-44.7800736823098,-20.9674422993411,583,2019-01-02,2021-05-31,177,0.2814,0.2979,2024-07-24,-0.278513,-0.121962,NA
-44.7800736823098,-20.9675321308695,583,2019-01-02,2021-05-31,177,0.2703,0.3013,2024-07-14,-0.2475,-0.119101,NA
-44.7800736823098,-20.967621962398,583,2019-01-02,2021-05-31,177,0.2703,0.3013,2024-07-14,-0.2475,-0.119101,NA
-44.7800736823098,-20.9677117939264,583,2019-01-02,2021-05-31,177,0.2523,0.3068,2024-07-09,-0.269336,-0.14112,NA
-44.7800736823098,-20.9678016254548,583,2019-01-02,2021-05-31,177,0.2314,0.3165,2024-07-14,-0.276119,-0.15372,NA
-44.7800736823098,-20.9678914569832,583,2019-01-02,2021-05-31,177,0.2215,0.3249,2024-07-24,-0.289711,-0.154924,NA
-44.7800736823098,-20.9679812885116,583,2019-01-02,2021-05-31,177,0.221,0.3283,2024-07-24,-0.294474,-0.136376,NA
-44.7800736823098,-20.96807112004,583,2019-01-02,2021-05-31,177,0.2108,0.3216,2024-08-13,-0.302142,-0.120203,NA
-44.7800736823098,-20.9681609515684,583,2019-01-02,2021-05-31,177,0.1875,0.3006,2024-11-21,-0.189333,-0.077175,NA
-44.7800736823098,-20.9682507830968,583,2019-01-02,2021-05-31,177,0.2175,0.306,2023-10-13,-0.142997,-0.030807,NA
-44.7800736823098,-20.9683406146253,583,2019-01-02,2021-05-31,177,0.234,0.3142,2023-09-13,-0.151135,-0.023556,NA
-44.7800736823098,-20.9684304461537,583,2019-01-02,2021-05-31,177,0.2358,0.3163,2023-09-08,-0.155332,-0.02616,NA
-44.7800736823098,-20.9685202776821,583,2019-01-02,2021-05-31,177,0.2361,0.3188,2023-09-03,-0.148867,-0.034397,NA
-44.7800736823098,-20.9686101092105,583,2019-01-02,2021-05-31,177,0.2328,0.3166,2023-09-03,-0.163499,-0.014372,NA
-44.7800736823098,-20.9686999407389,583,2019-01-02,2021-05-31,177,0.2384,0.3141,2023-09-08,-0.17919,-0.002374,NA
-44.7800736823098,-20.9687897722673,583,2019-01-02,2021-05-31,177,0.243,0.3153,2023-09-03,-0.180658,-0.005227,NA
-44.7800736823098,-20.9688796037957,583,2019-01-02,2021-05-31,177,0.2425,0.3069,NA,NA,0.041001,NA
-44.7800736823098,-20.9689694353241,583,2019-01-02,2021-05-31,177,0.2341,0.2977,NA,NA,0.122456,NA
-44.7800736823098,-20.9690592668525,583,2019-01-02,2021-05-31,177,0.2282,0.2969,2024-04-05,0.202392,0.126547,NA
-44.7800736823098,-20.969149098381,583,2019-01-02,2021-05-31,177,0.2289,0.2957,2024-04-05,0.2061,0.120666,NA
-44.7800736823098,-20.9692389299094,583,2019-01-02,2021-05-31,177,0.23,0.2956,2024-03-16,0.168363,0.124953,NA
-44.7800736823098,-20.9693287614378,583,2019-01-02,2021-05-31,177,0.2362,0.2941,2024-03-16,0.181588,0.117251,NA
-44.7800736823098,-20.9694185929662,583,2019-01-02,2021-05-31,177,0.2476,0.2931,2024-03-16,0.184422,0.095918,NA
-44.7800736823098,-20.9695084244946,583,2019-01-02,2021-05-31,177,0.2491,0.293,NA,NA,0.084798,NA
-44.7800736823098,-20.969598256023,583,2019-01-02,2021-05-31,177,0.2372,0.2979,NA,NA,0.084527,NA
-44.7800736823098,-20.9696880875514,583,2019-01-02,2021-05-31,177,0.2319,0.3006,NA,NA,0.086697,NA
-44.7800736823098,-20.9697779190798,583,2019-01-02,2021-05-31,177,0.2284,0.3018,NA,NA,0.096287,NA
-44.7800736823098,-20.9698677506083,583,2019-01-02,2021-05-31,177,0.2277,0.3046,NA,NA,0.100946,NA
-44.7800736823098,-20.9699575821367,583,2019-01-02,2021-05-31,177,0.2276,0.3054,NA,NA,0.109403,NA
-44.7800736823098,-20.9700474136651,583,2019-01-02,2021-05-31,177,0.2188,0.3002,NA,NA,0.105508,NA
-44.7800736823098,-20.9701372451935,583,2019-01-02,2021-05-31,177,0.2134,0.2962,NA,NA,0.099092,NA
-44.7800736823098,-20.9702270767219,583,2019-01-02,2021-05-31,177,0.218,0.2959,NA,NA,0.091878,NA
-44.7800736823098,-20.9703169082503,583,2019-01-02,2021-05-31,177,0.2242,0.2959,NA,NA,0.092116,NA
-44.7800736823098,-20.9704067397787,583,2019-01-02,2021-05-31,177,0.229,0.2953,NA,NA,0.109181,NA
-44.7800736823098,-20.9704965713071,583,2019-01-02,2021-05-31,177,0.2194,0.2944,NA,NA,0.106837,NA
-44.7800736823098,-20.9705864028356,583,2019-01-02,2021-05-31,177,0.2116,0.2918,NA,NA,0.099631,NA
-44.7800736823098,-20.970676234364,583,2019-01-02,2021-05-31,177,0.186,0.2648,NA,NA,0.080615,NA
-44.7800736823098,-20.9707660658924,583,2019-01-02,2021-05-31,177,0.2036,0.2595,2024-03-16,0.170446,0.03722,NA
-44.7800736823098,-20.9708558974208,583,2019-01-02,2021-05-31,177,0.2024,0.2962,2025-09-02,-0.214043,0.03251,NA
-44.7800736823098,-20.9709457289492,583,2019-01-02,2021-05-31,177,0.1809,0.3074,2025-09-07,-0.209209,0.032575,NA
-44.7800736823098,-20.9710355604776,583,2019-01-02,2021-05-31,177,0.1593,0.3096,2025-09-12,-0.186877,0.009834,NA
-44.7801635138382,-20.9671728047559,583,2019-01-02,2021-05-31,177,0.2792,0.2877,2024-07-24,-0.277825,-0.114902,NA
-44.7801635138382,-20.9672626362843,583,2019-01-02,2021-05-31,177,0.2823,0.2946,2024-07-24,-0.280312,-0.124864,NA
-44.7801635138382,-20.9673524678127,583,2019-01-02,2021-05-31,177,0.2826,0.3007,2024-07-24,-0.280998,-0.136995,NA
-44.7801635138382,-20.9674422993411,583,2019-01-02,2021-05-31,177,0.2817,0.2994,2024-07-14,-0.257699,-0.121272,NA
-44.7801635138382,-20.9675321308695,583,2019-01-02,2021-05-31,177,0.2686,0.3023,2024-07-09,-0.257928,-0.134978,NA
-44.7801635138382,-20.967621962398,583,2019-01-02,2021-05-31,177,0.2686,0.3023,2024-07-09,-0.257928,-0.134978,NA
-44.7801635138382,-20.9677117939264,583,2019-01-02,2021-05-31,177,0.2458,0.3094,2024-07-14,-0.272153,-0.13914,NA
-44.7801635138382,-20.9678016254548,583,2019-01-02,2021-05-31,177,0.2227,0.3212,2024-07-24,-0.290394,-0.153387,NA
-44.7801635138382,-20.9678914569832,583,2019-01-02,2021-05-31,177,0.216,0.3274,2024-07-24,-0.299796,-0.146767,NA
-44.7801635138382,-20.9679812885116,583,2019-01-02,2021-05-31,177,0.2212,0.3288,2024-07-24,-0.304015,-0.127767,NA
-44.7801635138382,-20.96807112004,583,2019-01-02,2021-05-31,177,0.2088,0.3216,2024-08-23,-0.294081,-0.105022,NA
-44.7801635138382,-20.9681609515684,583,2019-01-02,2021-05-31,177,0.2012,0.31,2025-09-12,-0.149257,-0.065006,NA
-44.7801635138382,-20.9682507830968,583,2019-01-02,2021-05-31,177,0.2307,0.3145,2023-09-23,-0.154275,-0.022742,NA
-44.7801635138382,-20.9683406146253,583,2019-01-02,2021-05-31,177,0.236,0.3169,2023-09-03,-0.148953,-0.030737,NA
-44.7801635138382,-20.9684304461537,583,2019-01-02,2021-05-31,177,0.2351,0.3191,2023-09-03,-0.153965,-0.031361,NA
-44.7801635138382,-20.9685202776821,583,2019-01-02,2021-05-31,177,0.2324,0.3202,2023-09-13,-0.161155,-0.024298,NA
-44.7801635138382,-20.9686101092105,583,2019-01-02,2021-05-31,177,0.2273,0.3154,2023-09-13,-0.178378,-0.014948,NA
-44.7801635138382,-20.9686999407389,583,2019-01-02,2021-05-31,177,0.2346,0.3133,2023-09-03,-0.177424,-0.010013,NA
-44.7801635138382,-20.9687897722673,583,2019-01-02,2021-05-31,177,0.241,0.314,2023-09-03,-0.194949,-0.012897,NA
-44.7801635138382,-20.9688796037957,583,2019-01-02,2021-05-31,177,0.2386,0.3039,NA,NA,0.037602,NA
-44.7801635138382,-20.9689694353241,583,2019-01-02,2021-05-31,177,0.2374,0.2956,NA,NA,0.123706,NA
-44.7801635138382,-20.9690592668525,583,2019-01-02,2021-05-31,177,0.2333,0.2935,2024-04-05,0.208199,0.127023,NA
-44.7801635138382,-20.969149098381,583,2019-01-02,2021-05-31,177,0.2322,0.2922,2024-04-05,0.216134,0.122031,NA
-44.7801635138382,-20.9692389299094,583,2019-01-02,2021-05-31,177,0.2353,0.2926,2024-03-16,0.170727,0.121892,NA
-44.7801635138382,-20.9693287614378,583,2019-01-02,2021-05-31,177,0.2413,0.2917,2024-03-16,0.170777,0.113825,NA
-44.7801635138382,-20.9694185929662,583,2019-01-02,2021-05-31,177,0.2494,0.2902,2024-04-05,0.164584,0.100994,NA
-44.7801635138382,-20.9695084244946,583,2019-01-02,2021-05-31,177,0.2521,0.2901,NA,NA,0.08667,NA
-44.7801635138382,-20.969598256023,583,2019-01-02,2021-05-31,177,0.2448,0.2943,NA,NA,0.091921,NA
-44.7801635138382,-20.9696880875514,583,2019-01-02,2021-05-31,177,0.2335,0.2989,NA,NA,0.08926,NA
-44.7801635138382,-20.9697779190798,583,2019-01-02,2021-05-31,177,0.2322,0.3006,NA,NA,0.095283,NA
-44.7801635138382,-20.9698677506083,583,2019-01-02,2021-05-31,177,0.227,0.3037,NA,NA,0.100966,NA
-44.7801635138382,-20.9699575821367,583,2019-01-02,2021-05-31,177,0.2223,0.3038,NA,NA,0.103792,NA
-44.7801635138382,-20.9700474136651,583,2019-01-02,2021-05-31,177,0.2161,0.2993,NA,NA,0.103192,NA
-44.7801635138382,-20.9701372451935,583,2019-01-02,2021-05-31,177,0.2161,0.2942,NA,NA,0.09034,NA
-44.7801635138382,-20.9702270767219,583,2019-01-02,2021-05-31,177,0.2246,0.2932,NA,NA,0.092984,NA
-44.7801635138382,-20.9703169082503,583,2019-01-02,2021-05-31,177,0.2278,0.2933,NA,NA,0.090981,NA
-44.7801635138382,-20.9704067397787,583,2019-01-02,2021-05-31,177,0.2314,0.2922,NA,NA,0.098308,NA
-44.7801635138382,-20.9704965713071,583,2019-01-02,2021-05-31,177,0.2232,0.2943,NA,NA,0.103007,NA
-44.7801635138382,-20.9705864028356,583,2019-01-02,2021-05-31,177,0.2089,0.2852,NA,NA,0.086701,NA
-44.7801635138382,-20.970676234364,583,2019-01-02,2021-05-31,177,0.1927,0.261,NA,NA,0.063303,NA
-44.7801635138382,-20.9707660658924,583,2019-01-02,2021-05-31,177,0.2014,0.2796,2025-09-07,-0.157629,0.037979,NA
-44.7801635138382,-20.9708558974208,583,2019-01-02,2021-05-31,177,0.1843,0.3063,2025-09-02,-0.208814,0.044906,NA
-44.7801635138382,-20.9709457289492,583,2019-01-02,2021-05-31,177,0.1695,0.3123,2025-09-07,-0.193461,0.040283,NA
-44.7801635138382,-20.9710355604776,583,2019-01-02,2021-05-31,177,0.1555,0.3139,2025-09-12,-0.16477,0.034149,NA
-44.7802533453666,-20.9671728047559,583,2019-01-02,2021-05-31,177,0.2652,0.2843,2024-07-24,-0.269387,-0.109237,NA
-44.7802533453666,-20.9672626362843,583,2019-01-02,2021-05-31,177,0.2731,0.2951,2024-07-24,-0.279678,-0.119879,NA
-44.7802533453666,-20.9673524678127,583,2019-01-02,2021-05-31,177,0.2792,0.3009,2024-07-24,-0.285598,-0.140227,NA
-44.7802533453666,-20.9674422993411,583,2019-01-02,2021-05-31,177,0.2788,0.3018,2024-07-14,-0.259964,-0.134255,NA
-44.7802533453666,-20.9675321308695,583,2019-01-02,2021-05-31,177,0.2643,0.3059,2024-07-09,-0.276794,-0.143729,NA
-44.7802533453666,-20.967621962398,583,2019-01-02,2021-05-31,177,0.2643,0.3059,2024-07-09,-0.276794,-0.143729,NA
-44.7802533453666,-20.9677117939264,583,2019-01-02,2021-05-31,177,0.2339,0.3149,2024-07-14,-0.281061,-0.148289,NA
-44.7802533453666,-20.9678016254548,583,2019-01-02,2021-05-31,177,0.2126,0.3257,2024-07-24,-0.298762,-0.156884,NA
-44.7802533453666,-20.9678914569832,583,2019-01-02,2021-05-31,177,0.2079,0.3292,2024-07-24,-0.306064,-0.143869,NA
-44.7802533453666,-20.9679812885116,583,2019-01-02,2021-05-31,177,0.2105,0.328,2024-07-24,-0.307108,-0.120724,NA
-44.7802533453666,-20.96807112004,583,2019-01-02,2021-05-31,177,0.2024,0.32,2024-09-12,-0.257819,-0.108698,NA
-44.7802533453666,-20.9681609515684,583,2019-01-02,2021-05-31,177,0.2091,0.3161,NA,NA,-0.054484,NA
-44.7802533453666,-20.9682507830968,583,2019-01-02,2021-05-31,177,0.2316,0.319,2023-09-18,-0.146518,-0.033264,NA
-44.7802533453666,-20.9683406146253,583,2019-01-02,2021-05-31,177,0.2318,0.3199,2023-09-03,-0.153152,-0.040508,NA
-44.7802533453666,-20.9684304461537,583,2019-01-02,2021-05-31,177,0.2312,0.3201,2023-09-03,-0.157554,-0.036425,NA
-44.7802533453666,-20.9685202776821,583,2019-01-02,2021-05-31,177,0.2298,0.3184,2023-09-13,-0.166147,-0.024054,NA
-44.7802533453666,-20.9686101092105,583,2019-01-02,2021-05-31,177,0.227,0.3152,2023-09-18,-0.180644,-0.011635,NA
-44.7802533453666,-20.9686999407389,583,2019-01-02,2021-05-31,177,0.2306,0.3141,2023-09-13,-0.185828,-0.015082,NA
-44.7802533453666,-20.9687897722673,583,2019-01-02,2021-05-31,177,0.2318,0.3136,2023-09-03,-0.189531,-0.015005,NA
-44.7802533453666,-20.9688796037957,583,2019-01-02,2021-05-31,177,0.2332,0.3012,NA,NA,0.037915,NA
-44.7802533453666,-20.9689694353241,583,2019-01-02,2021-05-31,177,0.2362,0.2936,NA,NA,0.117898,NA
-44.7802533453666,-20.9690592668525,583,2019-01-02,2021-05-31,177,0.2299,0.2921,2024-04-05,0.194391,0.132771,NA
-44.7802533453666,-20.969149098381,583,2019-01-02,2021-05-31,177,0.232,0.2922,2024-04-05,0.220487,0.126378,NA
-44.7802533453666,-20.9692389299094,583,2019-01-02,2021-05-31,177,0.2381,0.293,NA,NA,0.121036,NA
-44.7802533453666,-20.9693287614378,583,2019-01-02,2021-05-31,177,0.2452,0.2903,NA,NA,0.102877,NA
-44.7802533453666,-20.9694185929662,583,2019-01-02,2021-05-31,177,0.2512,0.2885,NA,NA,0.098051,NA
-44.7802533453666,-20.9695084244946,583,2019-01-02,2021-05-31,177,0.2538,0.2899,NA,NA,0.092737,NA
-44.7802533453666,-20.969598256023,583,2019-01-02,2021-05-31,177,0.2449,0.2943,NA,NA,0.090806,NA
-44.7802533453666,-20.9696880875514,583,2019-01-02,2021-05-31,177,0.2342,0.2989,NA,NA,0.092045,NA
-44.7802533453666,-20.9697779190798,583,2019-01-02,2021-05-31,177,0.2363,0.2993,NA,NA,0.094033,NA
-44.7802533453666,-20.9698677506083,583,2019-01-02,2021-05-31,177,0.2305,0.3012,NA,NA,0.10058,NA
-44.7802533453666,-20.9699575821367,583,2019-01-02,2021-05-31,177,0.2219,0.3012,NA,NA,0.106119,NA
-44.7802533453666,-20.9700474136651,583,2019-01-02,2021-05-31,177,0.2214,0.2954,NA,NA,0.105036,NA
-44.7802533453666,-20.9701372451935,583,2019-01-02,2021-05-31,177,0.2234,0.2915,NA,NA,0.087008,NA
-44.7802533453666,-20.9702270767219,583,2019-01-02,2021-05-31,177,0.2217,0.2904,NA,NA,0.087324,NA
-44.7802533453666,-20.9703169082503,583,2019-01-02,2021-05-31,177,0.2225,0.2922,NA,NA,0.095049,NA
-44.7802533453666,-20.9704067397787,583,2019-01-02,2021-05-31,177,0.2282,0.2924,NA,NA,0.097174,NA
-44.7802533453666,-20.9704965713071,583,2019-01-02,2021-05-31,177,0.221,0.293,NA,NA,0.089593,NA
-44.7802533453666,-20.9705864028356,583,2019-01-02,2021-05-31,177,0.1918,0.2666,NA,NA,0.069042,NA
-44.7802533453666,-20.970676234364,583,2019-01-02,2021-05-31,177,0.1886,0.2571,NA,NA,0.044252,NA
-44.7802533453666,-20.9707660658924,583,2019-01-02,2021-05-31,177,0.1864,0.296,2025-09-02,-0.184731,0.042111,NA
-44.7802533453666,-20.9708558974208,583,2019-01-02,2021-05-31,177,0.1632,0.3133,2025-09-07,-0.180739,0.040496,NA
-44.7802533453666,-20.9709457289492,583,2019-01-02,2021-05-31,177,0.1568,0.3164,2025-09-07,-0.172576,0.043661,NA
-44.7802533453666,-20.9710355604776,583,2019-01-02,2021-05-31,177,0.1526,0.3171,2025-09-12,-0.16322,0.038945,NA
-44.7802533453666,-20.971125392006,583,2019-01-02,2021-05-31,177,0.141,0.3161,2025-09-19,-0.144991,0.039019,NA
-44.7803431768951,-20.9671728047559,583,2019-01-02,2021-05-31,177,0.2491,0.2946,2024-07-24,-0.273821,-0.114984,NA
-44.7803431768951,-20.9672626362843,583,2019-01-02,2021-05-31,177,0.2605,0.3016,2024-07-24,-0.286684,-0.126105,NA
-44.7803431768951,-20.9673524678127,583,2019-01-02,2021-05-31,177,0.2693,0.3022,2024-07-24,-0.279728,-0.130627,NA
-44.7803431768951,-20.9674422993411,583,2019-01-02,2021-05-31,177,0.2617,0.3037,2024-07-09,-0.269582,-0.1367,NA
-44.7803431768951,-20.9675321308695,583,2019-01-02,2021-05-31,177,0.2617,0.3037,2024-07-09,-0.269582,-0.1367,NA
-44.7803431768951,-20.967621962398,583,2019-01-02,2021-05-31,177,0.2457,0.3091,2024-07-04,-0.279869,-0.14314,NA
-44.7803431768951,-20.9677117939264,583,2019-01-02,2021-05-31,177,0.2235,0.3195,2024-07-14,-0.292614,-0.155096,NA
-44.7803431768951,-20.9678016254548,583,2019-01-02,2021-05-31,177,0.2106,0.328,2024-07-19,-0.296381,-0.152678,NA
-44.7803431768951,-20.9678914569832,583,2019-01-02,2021-05-31,177,0.2081,0.3319,2024-07-24,-0.307683,-0.122673,NA
-44.7803431768951,-20.9679812885116,583,2019-01-02,2021-05-31,177,0.1996,0.3244,2024-08-18,-0.351423,-0.106819,NA
-44.7803431768951,-20.96807112004,583,2019-01-02,2021-05-31,177,0.176,0.3029,2024-10-22,-0.177632,-0.077972,NA
-44.7803431768951,-20.9681609515684,583,2019-01-02,2021-05-31,177,0.2046,0.3101,NA,NA,-0.026414,NA
-44.7803431768951,-20.9682507830968,583,2019-01-02,2021-05-31,177,0.225,0.3165,2023-09-18,-0.159553,-0.0267,NA
-44.7803431768951,-20.9683406146253,583,2019-01-02,2021-05-31,177,0.2209,0.3178,2023-09-03,-0.164585,-0.037052,NA
-44.7803431768951,-20.9684304461537,583,2019-01-02,2021-05-31,177,0.2231,0.3189,2023-09-03,-0.167418,-0.044388,NA
-44.7803431768951,-20.9685202776821,583,2019-01-02,2021-05-31,177,0.2237,0.3181,2023-09-18,-0.161983,-0.029683,NA
-44.7803431768951,-20.9686101092105,583,2019-01-02,2021-05-31,177,0.2251,0.3158,2023-09-23,-0.16398,-0.008724,NA
-44.7803431768951,-20.9686999407389,583,2019-01-02,2021-05-31,177,0.2277,0.3154,2023-09-13,-0.178817,-0.014609,NA
-44.7803431768951,-20.9687897722673,583,2019-01-02,2021-05-31,177,0.2273,0.3131,2023-09-13,-0.191104,-0.017597,NA
-44.7803431768951,-20.9688796037957,583,2019-01-02,2021-05-31,177,0.2288,0.2989,NA,NA,0.045317,NA
-44.7803431768951,-20.9689694353241,583,2019-01-02,2021-05-31,177,0.2344,0.2918,NA,NA,0.110654,NA
-44.7803431768951,-20.9690592668525,583,2019-01-02,2021-05-31,177,0.232,0.2928,NA,NA,0.119257,NA
-44.7803431768951,-20.969149098381,583,2019-01-02,2021-05-31,177,0.2383,0.2934,NA,NA,0.119992,NA
-44.7803431768951,-20.9692389299094,583,2019-01-02,2021-05-31,177,0.2449,0.2936,NA,NA,0.119931,NA
-44.7803431768951,-20.9693287614378,583,2019-01-02,2021-05-31,177,0.2467,0.2897,NA,NA,0.101478,NA
-44.7803431768951,-20.9694185929662,583,2019-01-02,2021-05-31,177,0.2491,0.2874,NA,NA,0.099766,NA
-44.7803431768951,-20.9695084244946,583,2019-01-02,2021-05-31,177,0.2508,0.2895,NA,NA,0.088238,NA
-44.7803431768951,-20.969598256023,583,2019-01-02,2021-05-31,177,0.2435,0.2929,NA,NA,0.094429,NA
-44.7803431768951,-20.9696880875514,583,2019-01-02,2021-05-31,177,0.2356,0.2956,NA,NA,0.093698,NA
-44.7803431768951,-20.9697779190798,583,2019-01-02,2021-05-31,177,0.2363,0.2972,NA,NA,0.093906,NA
-44.7803431768951,-20.9698677506083,583,2019-01-02,2021-05-31,177,0.2358,0.3005,NA,NA,0.097123,NA
-44.7803431768951,-20.9699575821367,583,2019-01-02,2021-05-31,177,0.2286,0.2999,NA,NA,0.102735,NA
-44.7803431768951,-20.9700474136651,583,2019-01-02,2021-05-31,177,0.2238,0.2926,NA,NA,0.094514,NA
-44.7803431768951,-20.9701372451935,583,2019-01-02,2021-05-31,177,0.2243,0.2889,NA,NA,0.083862,NA
-44.7803431768951,-20.9702270767219,583,2019-01-02,2021-05-31,177,0.2254,0.2868,NA,NA,0.08248,NA
-44.7803431768951,-20.9703169082503,583,2019-01-02,2021-05-31,177,0.2228,0.2903,NA,NA,0.090495,NA
-44.7803431768951,-20.9704067397787,583,2019-01-02,2021-05-31,177,0.2198,0.2944,NA,NA,0.103323,NA
-44.7803431768951,-20.9704965713071,583,2019-01-02,2021-05-31,177,0.2034,0.2914,NA,NA,0.090079,NA
-44.7803431768951,-20.9705864028356,583,2019-01-02,2021-05-31,177,0.1806,0.26,NA,NA,0.065351,NA
-44.7803431768951,-20.970676234364,583,2019-01-02,2021-05-31,177,0.1783,0.2724,2025-09-19,-0.109461,0.042843,NA
-44.7803431768951,-20.9707660658924,583,2019-01-02,2021-05-31,177,0.1688,0.3094,2025-09-07,-0.163429,0.047166,NA
-44.7803431768951,-20.9708558974208,583,2019-01-02,2021-05-31,177,0.1545,0.3152,2025-09-12,-0.15903,0.061069,NA
-44.7803431768951,-20.9709457289492,583,2019-01-02,2021-05-31,177,0.1525,0.3179,2025-09-12,-0.175285,0.05196,NA
-44.7803431768951,-20.9710355604776,583,2019-01-02,2021-05-31,177,0.1493,0.3193,2025-09-12,-0.189478,0.049453,NA
-44.7803431768951,-20.971125392006,583,2019-01-02,2021-05-31,177,0.1412,0.3187,2025-09-12,-0.166342,0.056973,NA
-44.7803431768951,-20.9712152235344,583,2019-01-02,2021-05-31,177,0.1385,0.315,2025-09-22,-0.14216,0.066352,NA
-44.7804330084235,-20.9672626362843,583,2019-01-02,2021-05-31,177,0.2088,0.2787,2024-09-02,-0.320433,-0.073458,NA
-44.7804330084235,-20.9673524678127,583,2019-01-02,2021-05-31,177,0.2422,0.3,2024-07-29,-0.266957,-0.085395,NA
-44.7804330084235,-20.9674422993411,583,2019-01-02,2021-05-31,177,0.2443,0.3098,2024-07-14,-0.279703,-0.116172,NA
-44.7804330084235,-20.9675321308695,583,2019-01-02,2021-05-31,177,0.2443,0.3098,2024-07-14,-0.279703,-0.116172,NA
-44.7804330084235,-20.967621962398,583,2019-01-02,2021-05-31,177,0.2318,0.3144,2024-07-09,-0.288941,-0.139844,NA
-44.7804330084235,-20.9677117939264,583,2019-01-02,2021-05-31,177,0.2162,0.3207,2024-07-14,-0.291447,-0.146433,NA
-44.7804330084235,-20.9678016254548,583,2019-01-02,2021-05-31,177,0.2092,0.3244,2024-07-24,-0.296118,-0.137295,NA
-44.7804330084235,-20.9678914569832,583,2019-01-02,2021-05-31,177,0.2088,0.3297,2024-07-24,-0.30486,-0.111884,NA
-44.7804330084235,-20.9679812885116,583,2019-01-02,2021-05-31,177,0.1844,0.3132,2024-08-28,-0.28467,-0.087249,NA
-44.7804330084235,-20.96807112004,583,2019-01-02,2021-05-31,177,0.1407,0.2806,NA,NA,-0.036344,NA
-44.7804330084235,-20.9681609515684,583,2019-01-02,2021-05-31,177,0.1885,0.3015,NA,NA,-0.018004,NA
-44.7804330084235,-20.9682507830968,583,2019-01-02,2021-05-31,177,0.2173,0.3171,2023-09-13,-0.163173,-0.031683,NA
-44.7804330084235,-20.9683406146253,583,2019-01-02,2021-05-31,177,0.207,0.3109,2023-09-23,-0.172146,-0.032237,NA
-44.7804330084235,-20.9684304461537,583,2019-01-02,2021-05-31,177,0.199,0.3067,2023-10-13,-0.166561,-0.031188,NA
-44.7804330084235,-20.9685202776821,583,2019-01-02,2021-05-31,177,0.2147,0.313,2023-09-23,-0.171674,-0.025779,NA
-44.7804330084235,-20.9686101092105,583,2019-01-02,2021-05-31,177,0.2245,0.3143,2023-09-18,-0.188378,-0.0165,NA
-44.7804330084235,-20.9686999407389,583,2019-01-02,2021-05-31,177,0.229,0.3126,2023-09-13,-0.198489,-0.024242,NA
-44.7804330084235,-20.9687897722673,583,2019-01-02,2021-05-31,177,0.2259,0.31,2023-09-13,-0.188479,-0.02819,NA
-44.7804330084235,-20.9688796037957,583,2019-01-02,2021-05-31,177,0.2254,0.2942,NA,NA,0.044608,NA
-44.7804330084235,-20.9689694353241,583,2019-01-02,2021-05-31,177,0.2313,0.2888,NA,NA,0.109934,NA
-44.7804330084235,-20.9690592668525,583,2019-01-02,2021-05-31,177,0.2374,0.2913,NA,NA,0.119548,NA
-44.7804330084235,-20.969149098381,583,2019-01-02,2021-05-31,177,0.2476,0.2919,NA,NA,0.111804,NA
-44.7804330084235,-20.9692389299094,583,2019-01-02,2021-05-31,177,0.2545,0.2921,NA,NA,0.110029,NA
-44.7804330084235,-20.9693287614378,583,2019-01-02,2021-05-31,177,0.2476,0.2888,NA,NA,0.10028,NA
-44.7804330084235,-20.9694185929662,583,2019-01-02,2021-05-31,177,0.2451,0.2872,NA,NA,0.09466,NA
-44.7804330084235,-20.9695084244946,583,2019-01-02,2021-05-31,177,0.249,0.2902,NA,NA,0.090376,NA
-44.7804330084235,-20.969598256023,583,2019-01-02,2021-05-31,177,0.2426,0.2925,NA,NA,0.093746,NA
-44.7804330084235,-20.9696880875514,583,2019-01-02,2021-05-31,177,0.2333,0.2941,NA,NA,0.101279,NA
-44.7804330084235,-20.9697779190798,583,2019-01-02,2021-05-31,177,0.2323,0.2973,NA,NA,0.100993,NA
-44.7804330084235,-20.9698677506083,583,2019-01-02,2021-05-31,177,0.2307,0.3007,NA,NA,0.100647,NA
-44.7804330084235,-20.9699575821367,583,2019-01-02,2021-05-31,177,0.2211,0.2989,NA,NA,0.103984,NA
-44.7804330084235,-20.9700474136651,583,2019-01-02,2021-05-31,177,0.2143,0.2912,NA,NA,0.093452,NA
-44.7804330084235,-20.9701372451935,583,2019-01-02,2021-05-31,177,0.2192,0.2861,NA,NA,0.079919,NA
-44.7804330084235,-20.9702270767219,583,2019-01-02,2021-05-31,177,0.2253,0.2843,NA,NA,0.08046,NA
-44.7804330084235,-20.9703169082503,583,2019-01-02,2021-05-31,177,0.2211,0.2874,NA,NA,0.083535,NA
-44.7804330084235,-20.9704067397787,583,2019-01-02,2021-05-31,177,0.2162,0.2947,NA,NA,0.107186,NA
-44.7804330084235,-20.9704965713071,583,2019-01-02,2021-05-31,177,0.1965,0.2829,NA,NA,0.089263,NA
-44.7804330084235,-20.9705864028356,583,2019-01-02,2021-05-31,177,0.1839,0.2619,NA,NA,0.044421,NA
-44.7804330084235,-20.970676234364,583,2019-01-02,2021-05-31,177,0.1733,0.2945,2025-09-07,-0.135784,0.05378,NA
-44.7804330084235,-20.9707660658924,583,2019-01-02,2021-05-31,177,0.1584,0.3177,2025-09-07,-0.1709,0.052309,NA
-44.7804330084235,-20.9708558974208,583,2019-01-02,2021-05-31,177,0.1511,0.3181,2025-09-07,-0.18608,0.04617,NA
-44.7804330084235,-20.9709457289492,583,2019-01-02,2021-05-31,177,0.1491,0.3187,2025-09-07,-0.197467,0.050295,NA
-44.7804330084235,-20.9710355604776,583,2019-01-02,2021-05-31,177,0.1447,0.3191,2024-03-16,0.249769,0.056412,NA
-44.7804330084235,-20.971125392006,583,2019-01-02,2021-05-31,177,0.1483,0.318,2025-09-12,-0.191055,0.064888,NA
-44.7804330084235,-20.9712152235344,583,2019-01-02,2021-05-31,177,0.153,0.3143,2025-09-19,-0.152306,0.074655,NA
-44.7804330084235,-20.9713050550628,583,2019-01-02,2021-05-31,177,0.1534,0.313,NA,NA,0.068839,NA
-44.7805228399519,-20.9673524678127,583,2019-01-02,2021-05-31,177,0.137,0.2217,2023-05-21,0.237047,0.023807,NA
-44.7805228399519,-20.9674422993411,583,2019-01-02,2021-05-31,177,0.1656,0.2587,2024-10-02,-0.175498,-0.05614,NA
-44.7805228399519,-20.9675321308695,583,2019-01-02,2021-05-31,177,0.1656,0.2587,2024-10-02,-0.175498,-0.05614,NA
-44.7805228399519,-20.967621962398,583,2019-01-02,2021-05-31,177,0.1972,0.3006,2024-07-24,-0.216426,-0.119938,NA
-44.7805228399519,-20.9677117939264,583,2019-01-02,2021-05-31,177,0.2058,0.3209,2024-07-24,-0.294101,-0.149865,NA
-44.7805228399519,-20.9678016254548,583,2019-01-02,2021-05-31,177,0.2106,0.3285,2024-07-24,-0.298137,-0.122667,NA
-44.7805228399519,-20.9678914569832,583,2019-01-02,2021-05-31,177,0.2059,0.3278,2024-08-08,-0.326446,-0.106926,NA
-44.7805228399519,-20.9679812885116,583,2019-01-02,2021-05-31,177,0.1876,0.3117,2024-10-07,-0.182725,-0.09075,NA
-44.7805228399519,-20.96807112004,583,2019-01-02,2021-05-31,177,0.1836,0.302,NA,NA,-0.026212,NA
-44.7805228399519,-20.9681609515684,583,2019-01-02,2021-05-31,177,0.2005,0.3124,NA,NA,-0.010219,NA
-44.7805228399519,-20.9682507830968,583,2019-01-02,2021-05-31,177,0.2105,0.3175,2023-09-28,-0.144687,-0.018196,NA
-44.7805228399519,-20.9683406146253,583,2019-01-02,2021-05-31,177,0.2086,0.3155,2023-09-23,-0.157687,-0.024117,NA
-44.7805228399519,-20.9684304461537,583,2019-01-02,2021-05-31,177,0.2045,0.3112,2023-09-28,-0.159786,-0.033242,NA
-44.7805228399519,-20.9685202776821,583,2019-01-02,2021-05-31,177,0.2156,0.3131,2023-09-23,-0.176239,-0.023064,NA
-44.7805228399519,-20.9686101092105,583,2019-01-02,2021-05-31,177,0.2246,0.3122,2023-09-13,-0.194469,-0.022252,NA
-44.7805228399519,-20.9686999407389,583,2019-01-02,2021-05-31,177,0.2262,0.3103,2023-09-13,-0.19595,-0.023043,NA
-44.7805228399519,-20.9687897722673,583,2019-01-02,2021-05-31,177,0.2266,0.308,2023-09-13,-0.192874,-0.037951,NA
-44.7805228399519,-20.9688796037957,583,2019-01-02,2021-05-31,177,0.2255,0.2928,NA,NA,0.039752,NA
-44.7805228399519,-20.9689694353241,583,2019-01-02,2021-05-31,177,0.2319,0.2884,NA,NA,0.100878,NA
-44.7805228399519,-20.9690592668525,583,2019-01-02,2021-05-31,177,0.2432,0.2889,NA,NA,0.115851,NA
-44.7805228399519,-20.969149098381,583,2019-01-02,2021-05-31,177,0.2508,0.29,NA,NA,0.109636,NA
-44.7805228399519,-20.9692389299094,583,2019-01-02,2021-05-31,177,0.2538,0.2903,NA,NA,0.102007,NA
-44.7805228399519,-20.9693287614378,583,2019-01-02,2021-05-31,177,0.243,0.2895,NA,NA,0.09972,NA
-44.7805228399519,-20.9694185929662,583,2019-01-02,2021-05-31,177,0.2335,0.2909,NA,NA,0.097379,NA
-44.7805228399519,-20.9695084244946,583,2019-01-02,2021-05-31,177,0.2372,0.2941,NA,NA,0.095931,NA
-44.7805228399519,-20.969598256023,583,2019-01-02,2021-05-31,177,0.2336,0.2947,NA,NA,0.098913,NA
-44.7805228399519,-20.9696880875514,583,2019-01-02,2021-05-31,177,0.229,0.2945,NA,NA,0.102558,NA
-44.7805228399519,-20.9697779190798,583,2019-01-02,2021-05-31,177,0.2256,0.296,NA,NA,0.106524,NA
-44.7805228399519,-20.9698677506083,583,2019-01-02,2021-05-31,177,0.2209,0.2995,NA,NA,0.104763,NA
-44.7805228399519,-20.9699575821367,583,2019-01-02,2021-05-31,177,0.2165,0.2982,NA,NA,0.096697,NA
-44.7805228399519,-20.9700474136651,583,2019-01-02,2021-05-31,177,0.2101,0.2911,NA,NA,0.093718,NA
-44.7805228399519,-20.9701372451935,583,2019-01-02,2021-05-31,177,0.2124,0.2882,NA,NA,0.081904,NA
-44.7805228399519,-20.9702270767219,583,2019-01-02,2021-05-31,177,0.2184,0.2855,NA,NA,0.077768,NA
-44.7805228399519,-20.9703169082503,583,2019-01-02,2021-05-31,177,0.2188,0.2876,NA,NA,0.089515,NA
-44.7805228399519,-20.9704067397787,583,2019-01-02,2021-05-31,177,0.2132,0.2938,NA,NA,0.101222,NA
-44.7805228399519,-20.9704965713071,583,2019-01-02,2021-05-31,177,0.1836,0.2685,NA,NA,0.070483,NA
-44.7805228399519,-20.9705864028356,583,2019-01-02,2021-05-31,177,0.1773,0.2691,NA,NA,0.030389,NA
-44.7805228399519,-20.970676234364,583,2019-01-02,2021-05-31,177,0.1646,0.306,2025-09-07,-0.161522,0.047347,NA
-44.7805228399519,-20.9707660658924,583,2019-01-02,2021-05-31,177,0.152,0.316,2025-09-07,-0.165709,0.056823,NA
-44.7805228399519,-20.9708558974208,583,2019-01-02,2021-05-31,177,0.1442,0.3182,2025-09-07,-0.182495,0.050535,NA
-44.7805228399519,-20.9709457289492,583,2019-01-02,2021-05-31,177,0.1386,0.3188,2025-09-12,-0.194875,0.047803,NA
-44.7805228399519,-20.9710355604776,583,2019-01-02,2021-05-31,177,0.1406,0.3177,2025-09-12,-0.187864,0.064692,NA
-44.7805228399519,-20.971125392006,583,2019-01-02,2021-05-31,177,0.1514,0.316,2025-09-12,-0.169356,0.065243,NA
-44.7805228399519,-20.9712152235344,583,2019-01-02,2021-05-31,177,0.1535,0.313,NA,NA,0.070754,NA
-44.7805228399519,-20.9713050550628,583,2019-01-02,2021-05-31,177,0.1487,0.3127,NA,NA,0.091865,NA
-44.7806126714803,-20.9673524678127,583,2019-01-02,2021-05-31,177,0.1417,0.2018,2024-03-01,0.152172,0.077651,NA
-44.7806126714803,-20.9674422993411,583,2019-01-02,2021-05-31,177,0.1123,0.175,2023-05-06,0.166351,0.061319,NA
-44.7806126714803,-20.9675321308695,583,2019-01-02,2021-05-31,177,0.1123,0.175,2023-05-06,0.166351,0.061319,NA
-44.7806126714803,-20.967621962398,583,2019-01-02,2021-05-31,177,0.1294,0.2079,2023-05-16,0.235163,0.009246,NA
-44.7806126714803,-20.9677117939264,583,2019-01-02,2021-05-31,177,0.1393,0.2381,2024-11-21,-0.14455,-0.022726,NA
-44.7806126714803,-20.9678016254548,583,2019-01-02,2021-05-31,177,0.1719,0.2764,2024-09-02,-0.264093,-0.067579,NA
-44.7806126714803,-20.9678914569832,583,2019-01-02,2021-05-31,177,0.1753,0.2961,2024-09-02,-0.280676,-0.098254,NA
-44.7806126714803,-20.9679812885116,583,2019-01-02,2021-05-31,177,0.1778,0.2994,NA,NA,-0.081764,NA
-44.7806126714803,-20.96807112004,583,2019-01-02,2021-05-31,177,0.2069,0.3158,2023-10-13,-0.159767,-0.01309,NA
-44.7806126714803,-20.9681609515684,583,2019-01-02,2021-05-31,177,0.2072,0.3179,NA,NA,-0.002209,NA
-44.7806126714803,-20.9682507830968,583,2019-01-02,2021-05-31,177,0.2079,0.3144,2023-10-03,-0.139355,-0.012701,NA
-44.7806126714803,-20.9683406146253,583,2019-01-02,2021-05-31,177,0.212,0.3184,2023-09-03,-0.161343,-0.029626,NA
-44.7806126714803,-20.9684304461537,583,2019-01-02,2021-05-31,177,0.2097,0.3169,2023-09-03,-0.177741,-0.042501,NA
-44.7806126714803,-20.9685202776821,583,2019-01-02,2021-05-31,177,0.2104,0.3149,2023-09-13,-0.190581,-0.028971,NA
-44.7806126714803,-20.9686101092105,583,2019-01-02,2021-05-31,177,0.2192,0.3124,2023-09-13,-0.184507,-0.009049,NA
-44.7806126714803,-20.9686999407389,583,2019-01-02,2021-05-31,177,0.2259,0.3103,2023-09-13,-0.173523,-0.032844,NA
-44.7806126714803,-20.9687897722673,583,2019-01-02,2021-05-31,177,0.2297,0.3071,2023-09-18,-0.171799,-0.029221,NA
-44.7806126714803,-20.9688796037957,583,2019-01-02,2021-05-31,177,0.2231,0.2925,NA,NA,0.047482,NA
-44.7806126714803,-20.9689694353241,583,2019-01-02,2021-05-31,177,0.2266,0.2877,NA,NA,0.098816,NA
-44.7806126714803,-20.9690592668525,583,2019-01-02,2021-05-31,177,0.2332,0.2882,NA,NA,0.116391,NA
-44.7806126714803,-20.969149098381,583,2019-01-02,2021-05-31,177,0.2437,0.2877,NA,NA,0.107015,NA
-44.7806126714803,-20.9692389299094,583,2019-01-02,2021-05-31,177,0.2478,0.2894,NA,NA,0.091247,NA
-44.7806126714803,-20.9693287614378,583,2019-01-02,2021-05-31,177,0.2378,0.2913,NA,NA,0.094861,NA
-44.7806126714803,-20.9694185929662,583,2019-01-02,2021-05-31,177,0.2239,0.2937,NA,NA,0.106473,NA
-44.7806126714803,-20.9695084244946,583,2019-01-02,2021-05-31,177,0.2258,0.2957,NA,NA,0.102396,NA
-44.7806126714803,-20.969598256023,583,2019-01-02,2021-05-31,177,0.2256,0.2966,NA,NA,0.090301,NA
-44.7806126714803,-20.9696880875514,583,2019-01-02,2021-05-31,177,0.2229,0.2962,NA,NA,0.094374,NA
-44.7806126714803,-20.9697779190798,583,2019-01-02,2021-05-31,177,0.2245,0.2964,NA,NA,0.103696,NA
-44.7806126714803,-20.9698677506083,583,2019-01-02,2021-05-31,177,0.2205,0.2983,NA,NA,0.111954,NA
-44.7806126714803,-20.9699575821367,583,2019-01-02,2021-05-31,177,0.2123,0.297,NA,NA,0.103227,NA
-44.7806126714803,-20.9700474136651,583,2019-01-02,2021-05-31,177,0.2073,0.292,NA,NA,0.101199,NA
-44.7806126714803,-20.9701372451935,583,2019-01-02,2021-05-31,177,0.2093,0.2893,NA,NA,0.091117,NA
-44.7806126714803,-20.9702270767219,583,2019-01-02,2021-05-31,177,0.2167,0.2864,NA,NA,0.087386,NA
-44.7806126714803,-20.9703169082503,583,2019-01-02,2021-05-31,177,0.2195,0.2906,NA,NA,0.094457,NA
-44.7806126714803,-20.9704067397787,583,2019-01-02,2021-05-31,177,0.2006,0.2895,NA,NA,0.092736,NA
-44.7806126714803,-20.9704965713071,583,2019-01-02,2021-05-31,177,0.1793,0.2636,NA,NA,0.065662,NA
-44.7806126714803,-20.9705864028356,583,2019-01-02,2021-05-31,177,0.1737,0.2878,2025-09-07,-0.157146,0.0385,NA
-44.7806126714803,-20.970676234364,583,2019-01-02,2021-05-31,177,0.1597,0.3141,2025-09-02,-0.192192,0.041589,NA
-44.7806126714803,-20.9707660658924,583,2019-01-02,2021-05-31,177,0.1467,0.3154,2025-09-07,-0.185676,0.041225,NA
-44.7806126714803,-20.9708558974208,583,2019-01-02,2021-05-31,177,0.1381,0.3178,2025-09-12,-0.180464,0.055453,NA
-44.7806126714803,-20.9709457289492,583,2019-01-02,2021-05-31,177,0.1391,0.3184,2025-09-12,-0.179932,0.067023,NA
-44.7806126714803,-20.9710355604776,583,2019-01-02,2021-05-31,177,0.1455,0.3165,2025-09-12,-0.167037,0.06858,NA
-44.7806126714803,-20.971125392006,583,2019-01-02,2021-05-31,177,0.1492,0.3141,2025-09-22,-0.145441,0.071592,NA
-44.7806126714803,-20.9712152235344,583,2019-01-02,2021-05-31,177,0.1441,0.3135,NA,NA,0.090043,NA
-44.7806126714803,-20.9713050550628,583,2019-01-02,2021-05-31,177,0.1406,0.3146,NA,NA,0.100846,NA
-44.7806126714803,-20.9713948865913,583,2019-01-02,2021-05-31,177,0.1451,0.3122,NA,NA,0.080776,NA
-44.7807025030087,-20.9672626362843,583,2019-01-02,2021-05-31,177,0.229,0.3104,NA,NA,0.036846,NA
-44.7807025030087,-20.9673524678127,583,2019-01-02,2021-05-31,177,0.1974,0.2734,2024-03-16,0.183551,0.063177,NA
-44.7807025030087,-20.9674422993411,583,2019-01-02,2021-05-31,177,0.1838,0.2153,2023-05-11,0.205079,0.099734,NA
-44.7807025030087,-20.9675321308695,583,2019-01-02,2021-05-31,177,0.1838,0.2153,2023-05-11,0.205079,0.099734,NA
-44.7807025030087,-20.967621962398,583,2019-01-02,2021-05-31,177,0.198,0.2268,2023-05-11,0.20677,0.069598,NA
-44.7807025030087,-20.9677117939264,583,2019-01-02,2021-05-31,177,0.1607,0.2269,2023-08-14,0.234922,0.090534,NA
-44.7807025030087,-20.9678016254548,583,2019-01-02,2021-05-31,177,0.1386,0.2207,NA,NA,0.071845,NA
-44.7807025030087,-20.9678914569832,583,2019-01-02,2021-05-31,177,0.1097,0.2125,NA,NA,0.043156,NA
-44.7807025030087,-20.9679812885116,583,2019-01-02,2021-05-31,177,0.1307,0.2274,NA,NA,0.025158,NA
-44.7807025030087,-20.96807112004,583,2019-01-02,2021-05-31,177,0.175,0.2703,NA,NA,-0.01279,NA
-44.7807025030087,-20.9681609515684,583,2019-01-02,2021-05-31,177,0.1944,0.2947,NA,NA,-0.023287,NA
-44.7807025030087,-20.9682507830968,583,2019-01-02,2021-05-31,177,0.211,0.3104,2023-09-18,-0.156649,-0.027486,NA
-44.7807025030087,-20.9683406146253,583,2019-01-02,2021-05-31,177,0.2152,0.3184,2023-09-03,-0.171591,-0.03604,NA
-44.7807025030087,-20.9684304461537,583,2019-01-02,2021-05-31,177,0.2141,0.3192,2023-09-03,-0.175638,-0.040193,NA
-44.7807025030087,-20.9685202776821,583,2019-01-02,2021-05-31,177,0.2115,0.3157,2023-09-13,-0.184559,-0.03267,NA
-44.7807025030087,-20.9686101092105,583,2019-01-02,2021-05-31,177,0.2157,0.3103,2023-09-13,-0.179543,-0.016331,NA
-44.7807025030087,-20.9686999407389,583,2019-01-02,2021-05-31,177,0.2241,0.3085,2023-09-13,-0.182687,-0.040961,NA
-44.7807025030087,-20.9687897722673,583,2019-01-02,2021-05-31,177,0.224,0.3067,2023-09-18,-0.171696,-0.038668,NA
-44.7807025030087,-20.9688796037957,583,2019-01-02,2021-05-31,177,0.2151,0.2915,NA,NA,0.048226,NA
-44.7807025030087,-20.9689694353241,583,2019-01-02,2021-05-31,177,0.2217,0.2885,NA,NA,0.094851,NA
-44.7807025030087,-20.9690592668525,583,2019-01-02,2021-05-31,177,0.2273,0.2912,NA,NA,0.102342,NA
-44.7807025030087,-20.969149098381,583,2019-01-02,2021-05-31,177,0.2298,0.2896,NA,NA,0.110853,NA
-44.7807025030087,-20.9692389299094,583,2019-01-02,2021-05-31,177,0.2337,0.291,NA,NA,0.100548,NA
-44.7807025030087,-20.9693287614378,583,2019-01-02,2021-05-31,177,0.2334,0.2927,NA,NA,0.100147,NA
-44.7807025030087,-20.9694185929662,583,2019-01-02,2021-05-31,177,0.2207,0.2951,NA,NA,0.100654,NA
-44.7807025030087,-20.9695084244946,583,2019-01-02,2021-05-31,177,0.2218,0.2966,NA,NA,0.090534,NA
-44.7807025030087,-20.969598256023,583,2019-01-02,2021-05-31,177,0.2207,0.2965,NA,NA,0.091088,NA
-44.7807025030087,-20.9696880875514,583,2019-01-02,2021-05-31,177,0.2191,0.2959,NA,NA,0.09764,NA
-44.7807025030087,-20.9697779190798,583,2019-01-02,2021-05-31,177,0.225,0.2958,NA,NA,0.097133,NA
-44.7807025030087,-20.9698677506083,583,2019-01-02,2021-05-31,177,0.2231,0.2974,NA,NA,0.10967,NA
-44.7807025030087,-20.9699575821367,583,2019-01-02,2021-05-31,177,0.2107,0.2969,NA,NA,0.111894,NA
-44.7807025030087,-20.9700474136651,583,2019-01-02,2021-05-31,177,0.2022,0.2933,NA,NA,0.10054,NA
-44.7807025030087,-20.9701372451935,583,2019-01-02,2021-05-31,177,0.2077,0.2893,NA,NA,0.087054,NA
-44.7807025030087,-20.9702270767219,583,2019-01-02,2021-05-31,177,0.2189,0.2864,NA,NA,0.083798,NA
-44.7807025030087,-20.9703169082503,583,2019-01-02,2021-05-31,177,0.2221,0.2919,NA,NA,0.089617,NA
-44.7807025030087,-20.9704067397787,583,2019-01-02,2021-05-31,177,0.1932,0.2807,NA,NA,0.085096,NA
-44.7807025030087,-20.9704965713071,583,2019-01-02,2021-05-31,177,0.1826,0.2713,NA,NA,0.039937,NA
-44.7807025030087,-20.9705864028356,583,2019-01-02,2021-05-31,177,0.1676,0.306,2025-09-02,-0.191262,0.048754,NA
-44.7807025030087,-20.970676234364,583,2019-01-02,2021-05-31,177,0.1533,0.3181,2025-09-02,-0.200474,0.029685,NA
-44.7807025030087,-20.9707660658924,583,2019-01-02,2021-05-31,177,0.1418,0.3166,2025-09-07,-0.17763,0.046079,NA
-44.7807025030087,-20.9708558974208,583,2019-01-02,2021-05-31,177,0.1379,0.3178,2025-09-12,-0.170821,0.073754,NA
-44.7807025030087,-20.9709457289492,583,2019-01-02,2021-05-31,177,0.1468,0.3172,2025-09-12,-0.166507,0.071142,NA
-44.7807025030087,-20.9710355604776,583,2019-01-02,2021-05-31,177,0.1502,0.3139,2025-09-22,-0.153187,0.081107,NA
-44.7807025030087,-20.971125392006,583,2019-01-02,2021-05-31,177,0.1431,0.312,NA,NA,0.101849,NA
-44.7807025030087,-20.9712152235344,583,2019-01-02,2021-05-31,177,0.1399,0.3141,NA,NA,0.113855,NA
-44.7807025030087,-20.9713050550628,583,2019-01-02,2021-05-31,177,0.1445,0.3132,NA,NA,0.086751,NA
-44.7807025030087,-20.9713948865913,583,2019-01-02,2021-05-31,177,0.1571,0.311,NA,NA,0.07766,NA
-44.7807923345371,-20.9672626362843,583,2019-01-02,2021-05-31,177,0.2209,0.3012,2025-12-28,0.216728,0.044131,NA
-44.7807923345371,-20.9673524678127,583,2019-01-02,2021-05-31,177,0.1904,0.2673,2024-03-16,0.191823,0.06873,NA
-44.7807923345371,-20.9674422993411,583,2019-01-02,2021-05-31,177,0.1904,0.2673,2024-03-16,0.191823,0.06873,NA
-44.7807923345371,-20.9675321308695,583,2019-01-02,2021-05-31,177,0.1972,0.2509,2024-03-16,0.193324,0.096427,NA
-44.7807923345371,-20.967621962398,583,2019-01-02,2021-05-31,177,0.221,0.2744,NA,NA,0.056361,NA
-44.7807923345371,-20.9677117939264,583,2019-01-02,2021-05-31,177,0.2074,0.2832,NA,NA,0.064448,NA
-44.7807923345371,-20.9678016254548,583,2019-01-02,2021-05-31,177,0.1923,0.2799,2024-03-16,0.193295,0.124379,NA
-44.7807923345371,-20.9678914569832,583,2019-01-02,2021-05-31,177,0.1765,0.2599,2024-03-06,0.184108,0.118996,NA
-44.7807923345371,-20.9679812885116,583,2019-01-02,2021-05-31,177,0.1762,0.2379,2024-03-06,0.150045,0.10598,NA
-44.7807923345371,-20.96807112004,583,2019-01-02,2021-05-31,177,0.1648,0.2293,2025-12-11,0.167248,0.080312,NA
-44.7807923345371,-20.9681609515684,583,2019-01-02,2021-05-31,177,0.1493,0.2274,2026-01-15,0.126886,0.061884,NA
-44.7807923345371,-20.9682507830968,583,2019-01-02,2021-05-31,177,0.1596,0.2437,NA,NA,0.011889,NA
-44.7807923345371,-20.9683406146253,583,2019-01-02,2021-05-31,177,0.1761,0.2642,NA,NA,-0.033586,NA
-44.7807923345371,-20.9684304461537,583,2019-01-02,2021-05-31,177,0.1927,0.2838,2023-09-18,-0.171377,-0.037601,NA
-44.7807923345371,-20.9685202776821,583,2019-01-02,2021-05-31,177,0.2037,0.2985,2023-09-13,-0.187845,-0.03145,NA
-44.7807923345371,-20.9686101092105,583,2019-01-02,2021-05-31,177,0.2143,0.3055,2023-09-13,-0.180445,-0.030496,NA
-44.7807923345371,-20.9686999407389,583,2019-01-02,2021-05-31,177,0.225,0.309,2023-09-13,-0.176325,-0.038269,NA
-44.7807923345371,-20.9687897722673,583,2019-01-02,2021-05-31,177,0.2204,0.3071,2023-09-23,-0.172441,-0.029082,NA
-44.7807923345371,-20.9688796037957,583,2019-01-02,2021-05-31,177,0.2176,0.2907,NA,NA,0.050981,NA
-44.7807923345371,-20.9689694353241,583,2019-01-02,2021-05-31,177,0.2264,0.2872,NA,NA,0.087658,NA
-44.7807923345371,-20.9690592668525,583,2019-01-02,2021-05-31,177,0.2249,0.2924,NA,NA,0.107453,NA
-44.7807923345371,-20.969149098381,583,2019-01-02,2021-05-31,177,0.2189,0.2921,NA,NA,0.116447,NA
-44.7807923345371,-20.9692389299094,583,2019-01-02,2021-05-31,177,0.2216,0.2938,NA,NA,0.101021,NA
-44.7807923345371,-20.9693287614378,583,2019-01-02,2021-05-31,177,0.2268,0.2945,NA,NA,0.091616,NA
-44.7807923345371,-20.9694185929662,583,2019-01-02,2021-05-31,177,0.2163,0.2971,NA,NA,0.092613,NA
-44.7807923345371,-20.9695084244946,583,2019-01-02,2021-05-31,177,0.2164,0.2988,NA,NA,0.091317,NA
-44.7807923345371,-20.969598256023,583,2019-01-02,2021-05-31,177,0.2148,0.2975,NA,NA,0.094916,NA
-44.7807923345371,-20.9696880875514,583,2019-01-02,2021-05-31,177,0.2144,0.2968,NA,NA,0.100187,NA
-44.7807923345371,-20.9697779190798,583,2019-01-02,2021-05-31,177,0.2199,0.2971,NA,NA,0.098271,NA
-44.7807923345371,-20.9698677506083,583,2019-01-02,2021-05-31,177,0.2161,0.2982,NA,NA,0.100979,NA
-44.7807923345371,-20.9699575821367,583,2019-01-02,2021-05-31,177,0.21,0.2983,NA,NA,0.100811,NA
-44.7807923345371,-20.9700474136651,583,2019-01-02,2021-05-31,177,0.2005,0.2931,NA,NA,0.090666,NA
-44.7807923345371,-20.9701372451935,583,2019-01-02,2021-05-31,177,0.2045,0.2878,NA,NA,0.078509,NA
-44.7807923345371,-20.9702270767219,583,2019-01-02,2021-05-31,177,0.2163,0.287,NA,NA,0.079621,NA
-44.7807923345371,-20.9703169082503,583,2019-01-02,2021-05-31,177,0.2169,0.2872,NA,NA,0.083868,NA
-44.7807923345371,-20.9704067397787,583,2019-01-02,2021-05-31,177,0.1866,0.2669,NA,NA,0.069725,NA
-44.7807923345371,-20.9704965713071,583,2019-01-02,2021-05-31,177,0.187,0.2819,2025-09-12,-0.137974,0.045857,NA
-44.7807923345371,-20.9705864028356,583,2019-01-02,2021-05-31,177,0.1714,0.3157,2025-09-02,-0.211857,0.058239,NA
-44.7807923345371,-20.970676234364,583,2019-01-02,2021-05-31,177,0.1541,0.3181,2025-09-02,-0.211704,0.064347,NA
-44.7807923345371,-20.9707660658924,583,2019-01-02,2021-05-31,177,0.1441,0.3168,2025-09-07,-0.175444,0.074144,NA
-44.7807923345371,-20.9708558974208,583,2019-01-02,2021-05-31,177,0.148,0.3185,2025-09-19,-0.158139,0.080529,NA
-44.7807923345371,-20.9709457289492,583,2019-01-02,2021-05-31,177,0.152,0.3167,2025-09-19,-0.154026,0.082058,NA
-44.7807923345371,-20.9710355604776,583,2019-01-02,2021-05-31,177,0.1507,0.3131,NA,NA,0.089885,NA
-44.7807923345371,-20.971125392006,583,2019-01-02,2021-05-31,177,0.1433,0.3123,NA,NA,0.113289,NA
-44.7807923345371,-20.9712152235344,583,2019-01-02,2021-05-31,177,0.1456,0.3111,NA,NA,0.101502,NA
-44.7807923345371,-20.9713050550628,583,2019-01-02,2021-05-31,177,0.1539,0.3111,NA,NA,0.093101,NA
-44.7807923345371,-20.9713948865913,583,2019-01-02,2021-05-31,177,0.1671,0.3087,NA,NA,0.106501,NA
-44.7808821660655,-20.9671728047559,583,2019-01-02,2021-05-31,177,0.2202,0.3049,NA,NA,0.036926,NA
-44.7808821660655,-20.9672626362843,583,2019-01-02,2021-05-31,177,0.197,0.29,2025-12-26,0.247999,0.074845,NA
-44.7808821660655,-20.9673524678127,583,2019-01-02,2021-05-31,177,0.1636,0.2485,2023-11-22,0.247211,0.135969,NA
-44.7808821660655,-20.9674422993411,583,2019-01-02,2021-05-31,177,0.1636,0.2485,2023-11-22,0.247211,0.135969,NA
-44.7808821660655,-20.9675321308695,583,2019-01-02,2021-05-31,177,0.1836,0.2604,2024-03-06,0.18168,0.142231,NA
-44.7808821660655,-20.967621962398,583,2019-01-02,2021-05-31,177,0.204,0.2783,NA,NA,0.071713,NA
-44.7808821660655,-20.9677117939264,583,2019-01-02,2021-05-31,177,0.2071,0.2786,NA,NA,0.038874,NA
-44.7808821660655,-20.9678016254548,583,2019-01-02,2021-05-31,177,0.2073,0.2877,NA,NA,0.076226,NA
-44.7808821660655,-20.9678914569832,583,2019-01-02,2021-05-31,177,0.205,0.2918,2024-04-05,0.236472,0.085395,NA
-44.7808821660655,-20.9679812885116,583,2019-01-02,2021-05-31,177,0.2002,0.2901,2024-03-16,0.203538,0.089881,NA
-44.7808821660655,-20.96807112004,583,2019-01-02,2021-05-31,177,0.1917,0.2838,2024-03-01,0.21607,0.095405,NA
-44.7808821660655,-20.9681609515684,583,2019-01-02,2021-05-31,177,0.1813,0.2665,2024-03-01,0.205358,0.106393,NA
-44.7808821660655,-20.9682507830968,583,2019-01-02,2021-05-31,177,0.1763,0.2493,2024-03-16,0.161903,0.092242,NA
-44.7808821660655,-20.9683406146253,583,2019-01-02,2021-05-31,177,0.1701,0.2383,2024-04-10,0.175391,0.082417,NA
-44.7808821660655,-20.9684304461537,583,2019-01-02,2021-05-31,177,0.1522,0.2326,2025-12-28,0.152956,0.064019,NA
-44.7808821660655,-20.9685202776821,583,2019-01-02,2021-05-31,177,0.1521,0.2347,NA,NA,0.036656,NA
-44.7808821660655,-20.9686101092105,583,2019-01-02,2021-05-31,177,0.1638,0.2472,NA,NA,-0.001034,NA
-44.7808821660655,-20.9686999407389,583,2019-01-02,2021-05-31,177,0.1809,0.2661,NA,NA,-0.028262,NA
-44.7808821660655,-20.9687897722673,583,2019-01-02,2021-05-31,177,0.1944,0.2821,2023-10-08,-0.127727,-0.036142,NA
-44.7808821660655,-20.9688796037957,583,2019-01-02,2021-05-31,177,0.2145,0.282,NA,NA,0.037936,NA
-44.7808821660655,-20.9689694353241,583,2019-01-02,2021-05-31,177,0.2323,0.2877,NA,NA,0.092729,NA
-44.7808821660655,-20.9690592668525,583,2019-01-02,2021-05-31,177,0.2211,0.2938,NA,NA,0.11509,NA
-44.7808821660655,-20.969149098381,583,2019-01-02,2021-05-31,177,0.209,0.2947,NA,NA,0.119475,NA
-44.7808821660655,-20.9692389299094,583,2019-01-02,2021-05-31,177,0.2137,0.2956,NA,NA,0.099414,NA
-44.7808821660655,-20.9693287614378,583,2019-01-02,2021-05-31,177,0.2198,0.2954,NA,NA,0.092609,NA
-44.7808821660655,-20.9694185929662,583,2019-01-02,2021-05-31,177,0.2109,0.2987,NA,NA,0.087964,NA
-44.7808821660655,-20.9695084244946,583,2019-01-02,2021-05-31,177,0.2113,0.2998,NA,NA,0.08834,NA
-44.7808821660655,-20.969598256023,583,2019-01-02,2021-05-31,177,0.2105,0.2991,NA,NA,0.099343,NA
-44.7808821660655,-20.9696880875514,583,2019-01-02,2021-05-31,177,0.2104,0.2999,NA,NA,0.092238,NA
-44.7808821660655,-20.9697779190798,583,2019-01-02,2021-05-31,177,0.2155,0.2994,NA,NA,0.084343,NA
-44.7808821660655,-20.9698677506083,583,2019-01-02,2021-05-31,177,0.2114,0.2981,NA,NA,0.088484,NA
-44.7808821660655,-20.9699575821367,583,2019-01-02,2021-05-31,177,0.2088,0.2967,NA,NA,0.0942,NA
-44.7808821660655,-20.9700474136651,583,2019-01-02,2021-05-31,177,0.1999,0.2922,NA,NA,0.090534,NA
-44.7808821660655,-20.9701372451935,583,2019-01-02,2021-05-31,177,0.2048,0.2878,NA,NA,0.081662,NA
-44.7808821660655,-20.9702270767219,583,2019-01-02,2021-05-31,177,0.2188,0.2901,NA,NA,0.08557,NA
-44.7808821660655,-20.9703169082503,583,2019-01-02,2021-05-31,177,0.205,0.2781,NA,NA,0.081142,NA
-44.7808821660655,-20.9704067397787,583,2019-01-02,2021-05-31,177,0.1848,0.2614,NA,NA,0.067103,NA
-44.7808821660655,-20.9704965713071,583,2019-01-02,2021-05-31,177,0.1965,0.2941,2025-09-02,-0.180731,0.045565,NA
-44.7808821660655,-20.9705864028356,583,2019-01-02,2021-05-31,177,0.1894,0.3185,2025-08-30,-0.228001,0.023396,NA
-44.7808821660655,-20.970676234364,583,2019-01-02,2021-05-31,177,0.1659,0.316,2025-08-30,-0.212945,0.057061,NA
-44.7808821660655,-20.9707660658924,583,2019-01-02,2021-05-31,177,0.1522,0.3172,2025-09-07,-0.181375,0.087869,NA
-44.7808821660655,-20.9708558974208,583,2019-01-02,2021-05-31,177,0.1572,0.3174,2025-09-12,-0.16996,0.082442,NA
-44.7808821660655,-20.9709457289492,583,2019-01-02,2021-05-31,177,0.1577,0.3152,2025-09-19,-0.132859,0.083477,NA
-44.7808821660655,-20.9710355604776,583,2019-01-02,2021-05-31,177,0.1549,0.3133,NA,NA,0.098472,NA
-44.7808821660655,-20.971125392006,583,2019-01-02,2021-05-31,177,0.1527,0.3127,NA,NA,0.106018,NA
-44.7808821660655,-20.9712152235344,583,2019-01-02,2021-05-31,177,0.1565,0.3087,NA,NA,0.093982,NA
-44.7808821660655,-20.9713050550628,583,2019-01-02,2021-05-31,177,0.1663,0.3088,NA,NA,0.104031,NA
-44.7808821660655,-20.9713948865913,583,2019-01-02,2021-05-31,177,0.1771,0.3111,NA,NA,0.114593,NA
-44.7808821660655,-20.9714847181197,583,2019-01-02,2021-05-31,177,0.178,0.3109,NA,NA,0.103025,NA
-44.7809719975939,-20.9671728047559,583,2019-01-02,2021-05-31,177,0.2162,0.3037,2026-01-15,0.237747,0.045982,NA
-44.7809719975939,-20.9672626362843,583,2019-01-02,2021-05-31,177,0.1803,0.2742,2024-03-16,0.23132,0.095168,NA
-44.7809719975939,-20.9673524678127,583,2019-01-02,2021-05-31,177,0.1476,0.2414,2023-05-21,0.299591,0.164977,NA
-44.7809719975939,-20.9674422993411,583,2019-01-02,2021-05-31,177,0.1476,0.2414,2023-05-21,0.299591,0.164977,NA
-44.7809719975939,-20.9675321308695,583,2019-01-02,2021-05-31,177,0.1653,0.2669,2024-03-06,0.181706,0.15828,NA
-44.7809719975939,-20.967621962398,583,2019-01-02,2021-05-31,177,0.1925,0.2854,NA,NA,0.106234,NA
-44.7809719975939,-20.9677117939264,583,2019-01-02,2021-05-31,177,0.2037,0.2786,NA,NA,0.06393,NA
-44.7809719975939,-20.9678016254548,583,2019-01-02,2021-05-31,177,0.203,0.2799,NA,NA,0.077196,NA
-44.7809719975939,-20.9678914569832,583,2019-01-02,2021-05-31,177,0.2034,0.2856,2024-03-16,0.1965,0.088791,NA
-44.7809719975939,-20.9679812885116,583,2019-01-02,2021-05-31,177,0.2003,0.2881,2024-03-16,0.174075,0.077209,NA
-44.7809719975939,-20.96807112004,583,2019-01-02,2021-05-31,177,0.1975,0.2915,2024-03-16,0.186893,0.065048,NA
-44.7809719975939,-20.9681609515684,583,2019-01-02,2021-05-31,177,0.1995,0.2922,2024-03-16,0.192816,0.079129,NA
-44.7809719975939,-20.9682507830968,583,2019-01-02,2021-05-31,177,0.2017,0.292,2024-03-16,0.200391,0.08034,NA
-44.7809719975939,-20.9683406146253,583,2019-01-02,2021-05-31,177,0.1983,0.2894,2024-03-16,0.21981,0.094444,NA
-44.7809719975939,-20.9684304461537,583,2019-01-02,2021-05-31,177,0.187,0.2819,2024-03-06,0.20763,0.099614,NA
-44.7809719975939,-20.9685202776821,583,2019-01-02,2021-05-31,177,0.1808,0.266,2024-03-16,0.180399,0.087853,NA
-44.7809719975939,-20.9686101092105,583,2019-01-02,2021-05-31,177,0.1612,0.249,2025-12-26,0.201896,0.072872,NA
-44.7809719975939,-20.9686999407389,583,2019-01-02,2021-05-31,177,0.1424,0.2307,NA,NA,0.052882,NA
-44.7809719975939,-20.9687897722673,583,2019-01-02,2021-05-31,177,0.1388,0.2224,NA,NA,0.03708,NA
-44.7809719975939,-20.9688796037957,583,2019-01-02,2021-05-31,177,0.1474,0.2227,NA,NA,0.049028,NA
-44.7809719975939,-20.9689694353241,583,2019-01-02,2021-05-31,177,0.1815,0.2424,2024-03-16,0.134671,0.073449,NA
-44.7809719975939,-20.9690592668525,583,2019-01-02,2021-05-31,177,0.2034,0.273,2024-04-10,0.178705,0.096412,NA
-44.7809719975939,-20.969149098381,583,2019-01-02,2021-05-31,177,0.205,0.2921,NA,NA,0.114652,NA
-44.7809719975939,-20.9692389299094,583,2019-01-02,2021-05-31,177,0.2078,0.2978,NA,NA,0.098641,NA
-44.7809719975939,-20.9693287614378,583,2019-01-02,2021-05-31,177,0.2128,0.2961,NA,NA,0.089394,NA
-44.7809719975939,-20.9694185929662,583,2019-01-02,2021-05-31,177,0.2111,0.2981,NA,NA,0.094572,NA
-44.7809719975939,-20.9695084244946,583,2019-01-02,2021-05-31,177,0.213,0.2981,NA,NA,0.092861,NA
-44.7809719975939,-20.969598256023,583,2019-01-02,2021-05-31,177,0.2067,0.2991,NA,NA,0.104273,NA
-44.7809719975939,-20.9696880875514,583,2019-01-02,2021-05-31,177,0.2087,0.3006,NA,NA,0.097732,NA
-44.7809719975939,-20.9697779190798,583,2019-01-02,2021-05-31,177,0.2126,0.3003,NA,NA,0.091176,NA
-44.7809719975939,-20.9698677506083,583,2019-01-02,2021-05-31,177,0.2108,0.3002,NA,NA,0.094906,NA
-44.7809719975939,-20.9699575821367,583,2019-01-02,2021-05-31,177,0.2125,0.2978,NA,NA,0.096857,NA
-44.7809719975939,-20.9700474136651,583,2019-01-02,2021-05-31,177,0.2061,0.2928,NA,NA,0.087772,NA
-44.7809719975939,-20.9701372451935,583,2019-01-02,2021-05-31,177,0.2103,0.29,NA,NA,0.084261,NA
-44.7809719975939,-20.9702270767219,583,2019-01-02,2021-05-31,177,0.2115,0.2909,NA,NA,0.094875,NA
-44.7809719975939,-20.9703169082503,583,2019-01-02,2021-05-31,177,0.1872,0.2626,NA,NA,0.073239,NA
-44.7809719975939,-20.9704067397787,583,2019-01-02,2021-05-31,177,0.1827,0.2667,NA,NA,0.056906,NA
-44.7809719975939,-20.9704965713071,583,2019-01-02,2021-05-31,177,0.1922,0.3056,2025-09-02,-0.20588,0.043413,NA
-44.7809719975939,-20.9705864028356,583,2019-01-02,2021-05-31,177,0.1892,0.3161,2025-08-30,-0.232404,0.029278,NA
-44.7809719975939,-20.970676234364,583,2019-01-02,2021-05-31,177,0.1757,0.3172,2025-09-02,-0.223299,0.051976,NA
-44.7809719975939,-20.9707660658924,583,2019-01-02,2021-05-31,177,0.1675,0.3177,2025-09-07,-0.198775,0.072487,NA
-44.7809719975939,-20.9708558974208,583,2019-01-02,2021-05-31,177,0.1653,0.3148,2025-09-12,-0.161986,0.076673,NA
-44.7809719975939,-20.9709457289492,583,2019-01-02,2021-05-31,177,0.1599,0.3135,NA,NA,0.095981,NA
-44.7809719975939,-20.9710355604776,583,2019-01-02,2021-05-31,177,0.1576,0.311,NA,NA,0.106925,NA
-44.7809719975939,-20.971125392006,583,2019-01-02,2021-05-31,177,0.1595,0.3073,NA,NA,0.083941,NA
-44.7809719975939,-20.9712152235344,583,2019-01-02,2021-05-31,177,0.1606,0.2914,NA,NA,0.095528,NA
-44.7810618291224,-20.9671728047559,583,2019-01-02,2021-05-31,177,0.2122,0.3015,2025-12-28,0.253109,0.03987,NA
-44.7810618291224,-20.9672626362843,583,2019-01-02,2021-05-31,177,0.1932,0.2694,2024-03-16,0.234237,0.090566,NA
-44.7810618291224,-20.9673524678127,583,2019-01-02,2021-05-31,177,0.1873,0.264,2024-03-11,0.189973,0.136066,NA
-44.7810618291224,-20.9674422993411,583,2019-01-02,2021-05-31,177,0.1873,0.264,2024-03-11,0.189973,0.136066,NA
-44.7810618291224,-20.9675321308695,583,2019-01-02,2021-05-31,177,0.1868,0.2888,2024-04-10,0.274053,0.115158,NA
-44.7810618291224,-20.967621962398,583,2019-01-02,2021-05-31,177,0.2023,0.2981,NA,NA,0.091654,NA
-44.7810618291224,-20.9677117939264,583,2019-01-02,2021-05-31,177,0.2074,0.2864,NA,NA,0.073457,NA
-44.7810618291224,-20.9678016254548,583,2019-01-02,2021-05-31,177,0.2018,0.2781,NA,NA,0.063219,NA
-44.7810618291224,-20.9678914569832,583,2019-01-02,2021-05-31,177,0.2016,0.2856,2024-04-05,0.221098,0.090441,NA
-44.7810618291224,-20.9679812885116,583,2019-01-02,2021-05-31,177,0.2034,0.29,2024-03-16,0.179299,0.086635,NA
-44.7810618291224,-20.96807112004,583,2019-01-02,2021-05-31,177,0.2026,0.29,2024-03-16,0.204231,0.078238,NA
-44.7810618291224,-20.9681609515684,583,2019-01-02,2021-05-31,177,0.1992,0.2892,2024-03-16,0.211967,0.078724,NA
-44.7810618291224,-20.9682507830968,583,2019-01-02,2021-05-31,177,0.2005,0.2918,2024-03-16,0.194169,0.079981,NA
-44.7810618291224,-20.9683406146253,583,2019-01-02,2021-05-31,177,0.1993,0.295,2024-03-16,0.196755,0.071327,NA
-44.7810618291224,-20.9684304461537,583,2019-01-02,2021-05-31,177,0.1944,0.2988,2024-03-16,0.211217,0.074891,NA
-44.7810618291224,-20.9685202776821,583,2019-01-02,2021-05-31,177,0.1984,0.2992,2024-03-16,0.19734,0.07488,NA
-44.7810618291224,-20.9686101092105,583,2019-01-02,2021-05-31,177,0.198,0.2936,2024-04-05,0.245073,0.074969,NA
-44.7810618291224,-20.9686999407389,583,2019-01-02,2021-05-31,177,0.1943,0.2825,2024-04-05,0.206118,0.082522,NA
-44.7810618291224,-20.9687897722673,583,2019-01-02,2021-05-31,177,0.1837,0.2657,2024-03-16,0.181076,0.076128,NA
-44.7810618291224,-20.9688796037957,583,2019-01-02,2021-05-31,177,0.1695,0.2411,2024-03-16,0.155117,0.076612,NA
-44.7810618291224,-20.9689694353241,583,2019-01-02,2021-05-31,177,0.1624,0.2176,2024-03-01,0.156097,0.083517,NA
-44.7810618291224,-20.9690592668525,583,2019-01-02,2021-05-31,177,0.1563,0.2187,2024-03-06,0.132231,0.075958,NA
-44.7810618291224,-20.969149098381,583,2019-01-02,2021-05-31,177,0.1582,0.2413,2024-04-05,0.150648,0.07987,NA
-44.7810618291224,-20.9692389299094,583,2019-01-02,2021-05-31,177,0.175,0.2633,2024-04-05,0.172758,0.070352,NA
-44.7810618291224,-20.9693287614378,583,2019-01-02,2021-05-31,177,0.1956,0.2791,2024-04-10,0.194346,0.084264,NA
-44.7810618291224,-20.9694185929662,583,2019-01-02,2021-05-31,177,0.2093,0.291,NA,NA,0.093084,NA
-44.7810618291224,-20.9695084244946,583,2019-01-02,2021-05-31,177,0.2145,0.2972,NA,NA,0.089931,NA
-44.7810618291224,-20.969598256023,583,2019-01-02,2021-05-31,177,0.2072,0.3001,NA,NA,0.110109,NA
-44.7810618291224,-20.9696880875514,583,2019-01-02,2021-05-31,177,0.208,0.3025,NA,NA,0.101682,NA
-44.7810618291224,-20.9697779190798,583,2019-01-02,2021-05-31,177,0.2167,0.3001,NA,NA,0.10003,NA
-44.7810618291224,-20.9698677506083,583,2019-01-02,2021-05-31,177,0.2179,0.2987,NA,NA,0.100177,NA
-44.7810618291224,-20.9699575821367,583,2019-01-02,2021-05-31,177,0.2201,0.2973,NA,NA,0.089639,NA
-44.7810618291224,-20.9700474136651,583,2019-01-02,2021-05-31,177,0.2124,0.2915,NA,NA,0.090169,NA
-44.7810618291224,-20.9701372451935,583,2019-01-02,2021-05-31,177,0.2096,0.2912,NA,NA,0.090736,NA
-44.7810618291224,-20.9702270767219,583,2019-01-02,2021-05-31,177,0.1915,0.2834,NA,NA,0.0877,NA
-44.7810618291224,-20.9703169082503,583,2019-01-02,2021-05-31,177,0.1742,0.2493,NA,NA,0.069429,NA
-44.7810618291224,-20.9704067397787,583,2019-01-02,2021-05-31,177,0.1838,0.2767,2024-03-16,0.156454,0.062858,NA
-44.7810618291224,-20.9704965713071,583,2019-01-02,2021-05-31,177,0.1797,0.3115,2025-09-02,-0.191768,0.068363,NA
-44.7810618291224,-20.9705864028356,583,2019-01-02,2021-05-31,177,0.1768,0.3166,2025-09-02,-0.20482,0.045704,NA
-44.7810618291224,-20.970676234364,583,2019-01-02,2021-05-31,177,0.1795,0.316,2025-09-02,-0.214871,0.063428,NA
-44.7810618291224,-20.9707660658924,583,2019-01-02,2021-05-31,177,0.1714,0.3154,2025-09-07,-0.182149,0.066981,NA
-44.7810618291224,-20.9708558974208,583,2019-01-02,2021-05-31,177,0.1654,0.3148,NA,NA,0.076989,NA
-44.7810618291224,-20.9709457289492,583,2019-01-02,2021-05-31,177,0.1625,0.314,NA,NA,0.108134,NA
-44.7810618291224,-20.9710355604776,583,2019-01-02,2021-05-31,177,0.1598,0.3008,NA,NA,0.08869,NA
-44.7811516606508,-20.9670829732275,583,2019-01-02,2021-05-31,177,0.2152,0.3047,2025-12-28,0.227516,0.036499,NA
-44.7811516606508,-20.9671728047559,583,2019-01-02,2021-05-31,177,0.2052,0.2931,2025-12-26,0.261049,0.057875,NA
-44.7811516606508,-20.9672626362843,583,2019-01-02,2021-05-31,177,0.2055,0.2708,2024-03-16,0.235733,0.098192,NA
-44.7811516606508,-20.9673524678127,583,2019-01-02,2021-05-31,177,0.2164,0.2906,NA,NA,0.085616,NA
-44.7811516606508,-20.9674422993411,583,2019-01-02,2021-05-31,177,0.2164,0.2906,NA,NA,0.085616,NA
-44.7811516606508,-20.9675321308695,583,2019-01-02,2021-05-31,177,0.2113,0.3107,NA,NA,0.063623,NA
-44.7811516606508,-20.967621962398,583,2019-01-02,2021-05-31,177,0.211,0.3101,NA,NA,0.067038,NA
-44.7811516606508,-20.9677117939264,583,2019-01-02,2021-05-31,177,0.212,0.2983,NA,NA,0.074447,NA
-44.7811516606508,-20.9678016254548,583,2019-01-02,2021-05-31,177,0.2069,0.282,NA,NA,0.046027,NA
-44.7811516606508,-20.9678914569832,583,2019-01-02,2021-05-31,177,0.2033,0.2815,NA,NA,0.084197,NA
-44.7811516606508,-20.9679812885116,583,2019-01-02,2021-05-31,177,0.2025,0.2877,2024-03-16,0.17166,0.098422,NA
-44.7811516606508,-20.96807112004,583,2019-01-02,2021-05-31,177,0.2025,0.2898,2024-03-16,0.185738,0.087772,NA
-44.7811516606508,-20.9681609515684,583,2019-01-02,2021-05-31,177,0.2023,0.2904,2024-03-16,0.200953,0.074106,NA
-44.7811516606508,-20.9682507830968,583,2019-01-02,2021-05-31,177,0.2026,0.2946,2024-03-16,0.207611,0.080621,NA
-44.7811516606508,-20.9683406146253,583,2019-01-02,2021-05-31,177,0.203,0.2961,2024-03-16,0.202229,0.078924,NA
-44.7811516606508,-20.9684304461537,583,2019-01-02,2021-05-31,177,0.2007,0.2961,2024-03-16,0.206965,0.073539,NA
-44.7811516606508,-20.9685202776821,583,2019-01-02,2021-05-31,177,0.202,0.2959,2024-03-16,0.19235,0.071329,NA
-44.7811516606508,-20.9686101092105,583,2019-01-02,2021-05-31,177,0.206,0.2923,2024-03-16,0.185491,0.060436,NA
-44.7811516606508,-20.9686999407389,583,2019-01-02,2021-05-31,177,0.2093,0.2924,2024-04-05,0.218962,0.065373,NA
-44.7811516606508,-20.9687897722673,583,2019-01-02,2021-05-31,177,0.2091,0.2899,2024-04-05,0.2277,0.065435,NA
-44.7811516606508,-20.9688796037957,583,2019-01-02,2021-05-31,177,0.2096,0.286,2024-04-05,0.204808,0.076206,NA
-44.7811516606508,-20.9689694353241,583,2019-01-02,2021-05-31,177,0.2041,0.2774,2024-04-05,0.18367,0.089779,NA
-44.7811516606508,-20.9690592668525,583,2019-01-02,2021-05-31,177,0.1814,0.2576,2024-03-16,0.162468,0.098562,NA
-44.7811516606508,-20.969149098381,583,2019-01-02,2021-05-31,177,0.1502,0.2391,2024-03-16,0.16645,0.095207,NA
-44.7811516606508,-20.9692389299094,583,2019-01-02,2021-05-31,177,0.1387,0.2261,2024-03-16,0.158686,0.092833,NA
-44.7811516606508,-20.9693287614378,583,2019-01-02,2021-05-31,177,0.1422,0.225,2024-03-16,0.146265,0.084081,NA
-44.7811516606508,-20.9694185929662,583,2019-01-02,2021-05-31,177,0.1488,0.2345,2024-04-05,0.15024,0.081928,NA
-44.7811516606508,-20.9695084244946,583,2019-01-02,2021-05-31,177,0.1657,0.2512,NA,NA,0.073227,NA
-44.7811516606508,-20.969598256023,583,2019-01-02,2021-05-31,177,0.1876,0.2753,NA,NA,0.082353,NA
-44.7811516606508,-20.9696880875514,583,2019-01-02,2021-05-31,177,0.2059,0.2913,NA,NA,0.091788,NA
-44.7811516606508,-20.9697779190798,583,2019-01-02,2021-05-31,177,0.2208,0.2945,NA,NA,0.093174,NA
-44.7811516606508,-20.9698677506083,583,2019-01-02,2021-05-31,177,0.2226,0.2952,NA,NA,0.101967,NA
-44.7811516606508,-20.9699575821367,583,2019-01-02,2021-05-31,177,0.2211,0.2957,NA,NA,0.099829,NA
-44.7811516606508,-20.9700474136651,583,2019-01-02,2021-05-31,177,0.2144,0.2899,NA,NA,0.093784,NA
-44.7811516606508,-20.9701372451935,583,2019-01-02,2021-05-31,177,0.211,0.2892,NA,NA,0.089492,NA
-44.7811516606508,-20.9702270767219,583,2019-01-02,2021-05-31,177,0.1737,0.2634,NA,NA,0.075744,NA
-44.7811516606508,-20.9703169082503,583,2019-01-02,2021-05-31,177,0.1663,0.2427,2024-04-10,0.182456,0.056295,NA
-44.7811516606508,-20.9704067397787,583,2019-01-02,2021-05-31,177,0.1797,0.2908,2024-03-16,0.200102,0.057942,NA
-44.7811516606508,-20.9704965713071,583,2019-01-02,2021-05-31,177,0.1776,0.3139,2025-09-07,-0.195092,0.069359,NA
-44.7811516606508,-20.9705864028356,583,2019-01-02,2021-05-31,177,0.1826,0.3149,2025-09-07,-0.194682,0.073574,NA
-44.7811516606508,-20.970676234364,583,2019-01-02,2021-05-31,177,0.1833,0.3136,2025-09-07,-0.189546,0.068723,NA
-44.7811516606508,-20.9707660658924,583,2019-01-02,2021-05-31,177,0.1707,0.3142,NA,NA,0.079158,NA
-44.7811516606508,-20.9708558974208,583,2019-01-02,2021-05-31,177,0.1629,0.3127,NA,NA,0.099055,NA
-44.7811516606508,-20.9709457289492,583,2019-01-02,2021-05-31,177,0.1606,0.3036,NA,NA,0.079966,NA
-44.7812414921792,-20.9670829732275,583,2019-01-02,2021-05-31,177,0.2152,0.3047,2025-12-28,0.227516,0.036499,NA
-44.7812414921792,-20.9671728047559,583,2019-01-02,2021-05-31,177,0.2052,0.2931,2025-12-26,0.261049,0.057875,NA
-44.7812414921792,-20.9672626362843,583,2019-01-02,2021-05-31,177,0.2055,0.2708,2024-03-16,0.235733,0.098192,NA
-44.7812414921792,-20.9673524678127,583,2019-01-02,2021-05-31,177,0.2055,0.2708,2024-03-16,0.235733,0.098192,NA
-44.7812414921792,-20.9674422993411,583,2019-01-02,2021-05-31,177,0.2164,0.2906,NA,NA,0.085616,NA
-44.7812414921792,-20.9675321308695,583,2019-01-02,2021-05-31,177,0.2113,0.3107,NA,NA,0.063623,NA
-44.7812414921792,-20.967621962398,583,2019-01-02,2021-05-31,177,0.211,0.3101,NA,NA,0.067038,NA
-44.7812414921792,-20.9677117939264,583,2019-01-02,2021-05-31,177,0.212,0.2983,NA,NA,0.074447,NA
-44.7812414921792,-20.9678016254548,583,2019-01-02,2021-05-31,177,0.2069,0.282,NA,NA,0.046027,NA
-44.7812414921792,-20.9678914569832,583,2019-01-02,2021-05-31,177,0.2033,0.2815,NA,NA,0.084197,NA
-44.7812414921792,-20.9679812885116,583,2019-01-02,2021-05-31,177,0.2025,0.2877,2024-03-16,0.17166,0.098422,NA
-44.7812414921792,-20.96807112004,583,2019-01-02,2021-05-31,177,0.2025,0.2898,2024-03-16,0.185738,0.087772,NA
-44.7812414921792,-20.9681609515684,583,2019-01-02,2021-05-31,177,0.2023,0.2904,2024-03-16,0.200953,0.074106,NA
-44.7812414921792,-20.9682507830968,583,2019-01-02,2021-05-31,177,0.2026,0.2946,2024-03-16,0.207611,0.080621,NA
-44.7812414921792,-20.9683406146253,583,2019-01-02,2021-05-31,177,0.203,0.2961,2024-03-16,0.202229,0.078924,NA
-44.7812414921792,-20.9684304461537,583,2019-01-02,2021-05-31,177,0.2007,0.2961,2024-03-16,0.206965,0.073539,NA
-44.7812414921792,-20.9685202776821,583,2019-01-02,2021-05-31,177,0.202,0.2959,2024-03-16,0.19235,0.071329,NA
-44.7812414921792,-20.9686101092105,583,2019-01-02,2021-05-31,177,0.206,0.2923,2024-03-16,0.185491,0.060436,NA
-44.7812414921792,-20.9686999407389,583,2019-01-02,2021-05-31,177,0.2093,0.2924,2024-04-05,0.218962,0.065373,NA
-44.7812414921792,-20.9687897722673,583,2019-01-02,2021-05-31,177,0.2091,0.2899,2024-04-05,0.2277,0.065435,NA
-44.7812414921792,-20.9688796037957,583,2019-01-02,2021-05-31,177,0.2096,0.286,2024-04-05,0.204808,0.076206,NA
-44.7812414921792,-20.9689694353241,583,2019-01-02,2021-05-31,177,0.2041,0.2774,2024-04-05,0.18367,0.089779,NA
-44.7812414921792,-20.9690592668525,583,2019-01-02,2021-05-31,177,0.1814,0.2576,2024-03-16,0.162468,0.098562,NA
-44.7812414921792,-20.969149098381,583,2019-01-02,2021-05-31,177,0.1502,0.2391,2024-03-16,0.16645,0.095207,NA
-44.7812414921792,-20.9692389299094,583,2019-01-02,2021-05-31,177,0.1387,0.2261,2024-03-16,0.158686,0.092833,NA
-44.7812414921792,-20.9693287614378,583,2019-01-02,2021-05-31,177,0.1705,0.2648,2023-12-07,0.246568,0.113339,NA
-44.7812414921792,-20.9694185929662,583,2019-01-02,2021-05-31,177,0.1517,0.247,2023-11-22,0.225702,0.121775,NA
-44.7812414921792,-20.9695084244946,583,2019-01-02,2021-05-31,177,0.1439,0.2341,2024-03-16,0.125106,0.114759,NA
-44.7812414921792,-20.969598256023,583,2019-01-02,2021-05-31,177,0.1491,0.2359,2024-04-05,0.137737,0.090569,NA
-44.7812414921792,-20.9696880875514,583,2019-01-02,2021-05-31,177,0.1582,0.2411,2024-04-05,0.164583,0.084229,NA
-44.7812414921792,-20.9697779190798,583,2019-01-02,2021-05-31,177,0.1698,0.2464,2024-04-05,0.160961,0.073431,NA
-44.7812414921792,-20.9698677506083,583,2019-01-02,2021-05-31,177,0.1758,0.2601,NA,NA,0.054855,NA
-44.7812414921792,-20.9699575821367,583,2019-01-02,2021-05-31,177,0.1858,0.2735,NA,NA,0.064311,NA
-44.7812414921792,-20.9700474136651,583,2019-01-02,2021-05-31,177,0.1902,0.2733,NA,NA,0.069079,NA
-44.7812414921792,-20.9701372451935,583,2019-01-02,2021-05-31,177,0.1729,0.2569,NA,NA,0.065358,NA
-44.7812414921792,-20.9702270767219,583,2019-01-02,2021-05-31,177,0.1354,0.2093,NA,NA,0.057615,NA
-44.7812414921792,-20.9703169082503,583,2019-01-02,2021-05-31,177,0.1608,0.2331,2024-03-16,0.155158,0.050972,NA
-44.7812414921792,-20.9704067397787,583,2019-01-02,2021-05-31,177,0.1745,0.3015,2024-03-16,0.205025,0.06699,NA
-44.7812414921792,-20.9704965713071,583,2019-01-02,2021-05-31,177,0.177,0.312,2025-09-07,-0.159172,0.092041,NA
-44.7812414921792,-20.9705864028356,583,2019-01-02,2021-05-31,177,0.1815,0.3111,2025-09-12,-0.163936,0.084458,NA
-44.7812414921792,-20.970676234364,583,2019-01-02,2021-05-31,177,0.175,0.3122,2025-09-19,-0.1222,0.07857,NA
-44.7812414921792,-20.9707660658924,583,2019-01-02,2021-05-31,177,0.1623,0.3114,NA,NA,0.096845,NA
-44.7812414921792,-20.9708558974208,583,2019-01-02,2021-05-31,177,0.1562,0.3027,NA,NA,0.075373,NA
-44.7812414921792,-20.9709457289492,583,2019-01-02,2021-05-31,177,0.1637,0.268,NA,NA,0.079727,NA
-44.7813313237076,-20.9670829732275,583,2019-01-02,2021-05-31,177,0.2128,0.3032,2025-12-26,0.246534,0.037861,NA
-44.7813313237076,-20.9671728047559,583,2019-01-02,2021-05-31,177,0.2054,0.2861,2025-12-26,0.249181,0.069369,NA
-44.7813313237076,-20.9672626362843,583,2019-01-02,2021-05-31,177,0.2141,0.2807,NA,NA,0.098983,NA
-44.7813313237076,-20.9673524678127,583,2019-01-02,2021-05-31,177,0.2141,0.2807,NA,NA,0.098983,NA
-44.7813313237076,-20.9674422993411,583,2019-01-02,2021-05-31,177,0.2171,0.304,NA,NA,0.075815,NA
-44.7813313237076,-20.9675321308695,583,2019-01-02,2021-05-31,177,0.2124,0.315,NA,NA,0.061767,NA
-44.7813313237076,-20.967621962398,583,2019-01-02,2021-05-31,177,0.2096,0.3136,NA,NA,0.079798,NA
-44.7813313237076,-20.9677117939264,583,2019-01-02,2021-05-31,177,0.2127,0.3068,NA,NA,0.090967,NA
-44.7813313237076,-20.9678016254548,583,2019-01-02,2021-05-31,177,0.2134,0.2904,NA,NA,0.05924,NA
-44.7813313237076,-20.9678914569832,583,2019-01-02,2021-05-31,177,0.2114,0.2817,NA,NA,0.072716,NA
-44.7813313237076,-20.9679812885116,583,2019-01-02,2021-05-31,177,0.2104,0.2868,2024-04-05,0.228099,0.101033,NA
-44.7813313237076,-20.96807112004,583,2019-01-02,2021-05-31,177,0.211,0.2877,2024-03-16,0.175147,0.092018,NA
-44.7813313237076,-20.9681609515684,583,2019-01-02,2021-05-31,177,0.2051,0.2877,2024-03-16,0.192362,0.074868,NA
-44.7813313237076,-20.9682507830968,583,2019-01-02,2021-05-31,177,0.2027,0.294,2024-03-16,0.198225,0.071506,NA
-44.7813313237076,-20.9683406146253,583,2019-01-02,2021-05-31,177,0.2069,0.2965,2024-03-16,0.199987,0.067513,NA
-44.7813313237076,-20.9684304461537,583,2019-01-02,2021-05-31,177,0.2078,0.295,2024-03-16,0.201636,0.066304,NA
-44.7813313237076,-20.9685202776821,583,2019-01-02,2021-05-31,177,0.21,0.2959,2024-03-16,0.193107,0.068732,NA
-44.7813313237076,-20.9686101092105,583,2019-01-02,2021-05-31,177,0.2114,0.295,2024-03-16,0.175135,0.064713,NA
-44.7813313237076,-20.9686999407389,583,2019-01-02,2021-05-31,177,0.2168,0.2935,2024-04-05,0.229261,0.064663,NA
-44.7813313237076,-20.9687897722673,583,2019-01-02,2021-05-31,177,0.2148,0.2911,2024-04-05,0.23456,0.055691,NA
-44.7813313237076,-20.9688796037957,583,2019-01-02,2021-05-31,177,0.2033,0.2906,2024-04-10,0.241006,0.062174,NA
-44.7813313237076,-20.9689694353241,583,2019-01-02,2021-05-31,177,0.2006,0.292,2024-04-10,0.239185,0.065524,NA
-44.7813313237076,-20.9690592668525,583,2019-01-02,2021-05-31,177,0.1948,0.2868,2024-04-05,0.206821,0.090896,NA
-44.7813313237076,-20.969149098381,583,2019-01-02,2021-05-31,177,0.1885,0.2834,2024-04-05,0.212337,0.088143,NA
-44.7813313237076,-20.9692389299094,583,2019-01-02,2021-05-31,177,0.1817,0.2789,2024-04-05,0.192166,0.101839,NA
-44.7813313237076,-20.9693287614378,583,2019-01-02,2021-05-31,177,0.1705,0.2648,2023-12-07,0.246568,0.113339,NA
-44.7813313237076,-20.9694185929662,583,2019-01-02,2021-05-31,177,0.1517,0.247,2023-11-22,0.225702,0.121775,NA
-44.7813313237076,-20.9695084244946,583,2019-01-02,2021-05-31,177,0.1439,0.2341,2024-03-16,0.125106,0.114759,NA
-44.7813313237076,-20.969598256023,583,2019-01-02,2021-05-31,177,0.1491,0.2359,2024-04-05,0.137737,0.090569,NA
-44.7813313237076,-20.9696880875514,583,2019-01-02,2021-05-31,177,0.1582,0.2411,2024-04-05,0.164583,0.084229,NA
-44.7813313237076,-20.9697779190798,583,2019-01-02,2021-05-31,177,0.1698,0.2464,2024-04-05,0.160961,0.073431,NA
-44.7813313237076,-20.9698677506083,583,2019-01-02,2021-05-31,177,0.1758,0.2601,NA,NA,0.054855,NA
-44.7813313237076,-20.9699575821367,583,2019-01-02,2021-05-31,177,0.1858,0.2735,NA,NA,0.064311,NA
-44.7813313237076,-20.9700474136651,583,2019-01-02,2021-05-31,177,0.1902,0.2733,NA,NA,0.069079,NA
-44.7813313237076,-20.9701372451935,583,2019-01-02,2021-05-31,177,0.1729,0.2569,NA,NA,0.065358,NA
-44.7813313237076,-20.9702270767219,583,2019-01-02,2021-05-31,177,0.1354,0.2093,NA,NA,0.057615,NA
-44.7813313237076,-20.9703169082503,583,2019-01-02,2021-05-31,177,0.1608,0.2331,2024-03-16,0.155158,0.050972,NA
-44.7813313237076,-20.9704067397787,583,2019-01-02,2021-05-31,177,0.1745,0.3015,2024-03-16,0.205025,0.06699,NA
-44.7813313237076,-20.9704965713071,583,2019-01-02,2021-05-31,177,0.177,0.312,2025-09-07,-0.159172,0.092041,NA
-44.7813313237076,-20.9705864028356,583,2019-01-02,2021-05-31,177,0.1815,0.3111,2025-09-12,-0.163936,0.084458,NA
-44.7813313237076,-20.970676234364,583,2019-01-02,2021-05-31,177,0.175,0.3122,2025-09-19,-0.1222,0.07857,NA
-44.7813313237076,-20.9707660658924,583,2019-01-02,2021-05-31,177,0.1623,0.3114,NA,NA,0.096845,NA
-44.7813313237076,-20.9708558974208,583,2019-01-02,2021-05-31,177,0.1562,0.3027,NA,NA,0.075373,NA
-44.781421155236,-20.9670829732275,583,2019-01-02,2021-05-31,177,0.2075,0.294,2025-12-11,0.262212,0.047098,NA
-44.781421155236,-20.9671728047559,583,2019-01-02,2021-05-31,177,0.192,0.2664,2024-03-16,0.224016,0.102937,NA
-44.781421155236,-20.9672626362843,583,2019-01-02,2021-05-31,177,0.2145,0.287,NA,NA,0.08971,NA
-44.781421155236,-20.9673524678127,583,2019-01-02,2021-05-31,177,0.2145,0.287,NA,NA,0.08971,NA
-44.781421155236,-20.9674422993411,583,2019-01-02,2021-05-31,177,0.2125,0.3087,NA,NA,0.057839,NA
-44.781421155236,-20.9675321308695,583,2019-01-02,2021-05-31,177,0.2098,0.3088,NA,NA,0.053584,NA
-44.781421155236,-20.96807112004,583,2019-01-02,2021-05-31,177,0.2107,0.2852,2024-04-05,0.202953,0.078491,NA
-44.781421155236,-20.9681609515684,583,2019-01-02,2021-05-31,177,0.211,0.2873,2024-03-16,0.165871,0.067669,NA
-44.781421155236,-20.9682507830968,583,2019-01-02,2021-05-31,177,0.211,0.2911,2024-03-16,0.165527,0.05613,NA
-44.781421155236,-20.9683406146253,583,2019-01-02,2021-05-31,177,0.2168,0.2957,2024-03-16,0.181809,0.055854,NA
-44.781421155236,-20.9684304461537,583,2019-01-02,2021-05-31,177,0.2187,0.295,2024-03-16,0.185465,0.062504,NA
-44.781421155236,-20.9685202776821,583,2019-01-02,2021-05-31,177,0.2222,0.295,2024-03-16,0.180568,0.059596,NA
-44.781421155236,-20.9686101092105,583,2019-01-02,2021-05-31,177,0.2209,0.2928,2024-03-16,0.180743,0.059155,NA
-44.781421155236,-20.9686999407389,583,2019-01-02,2021-05-31,177,0.2192,0.2918,2024-03-16,0.177893,0.056427,NA
-44.781421155236,-20.9687897722673,583,2019-01-02,2021-05-31,177,0.2138,0.296,2024-04-05,0.237349,0.056225,NA
-44.781421155236,-20.9688796037957,583,2019-01-02,2021-05-31,177,0.2124,0.2935,2024-04-10,0.242543,0.055617,NA
-44.781421155236,-20.9689694353241,583,2019-01-02,2021-05-31,177,0.2053,0.2904,2024-04-10,0.245953,0.06352,NA
-44.781421155236,-20.9690592668525,583,2019-01-02,2021-05-31,177,0.1983,0.2875,2024-04-10,0.243973,0.074264,NA
-44.781421155236,-20.969149098381,583,2019-01-02,2021-05-31,177,0.1984,0.2859,NA,NA,0.064217,NA
-44.781421155236,-20.9692389299094,583,2019-01-02,2021-05-31,177,0.1994,0.2904,NA,NA,0.055183,NA
-44.781421155236,-20.9693287614378,583,2019-01-02,2021-05-31,177,0.1944,0.2977,NA,NA,0.078114,NA
-44.781421155236,-20.9694185929662,583,2019-01-02,2021-05-31,177,0.1891,0.2961,2026-01-15,0.241681,0.089396,NA
-44.781421155236,-20.9695084244946,583,2019-01-02,2021-05-31,177,0.1865,0.2871,2025-12-26,0.259495,0.108225,NA
-44.781421155236,-20.969598256023,583,2019-01-02,2021-05-31,177,0.1791,0.2759,2025-12-26,0.231042,0.106985,NA
-44.781421155236,-20.9696880875514,583,2019-01-02,2021-05-31,177,0.17,0.2669,2024-04-05,0.180011,0.119873,NA
-44.781421155236,-20.9697779190798,583,2019-01-02,2021-05-31,177,0.1611,0.2535,2024-04-05,0.185267,0.110954,NA
-44.781421155236,-20.9698677506083,583,2019-01-02,2021-05-31,177,0.1485,0.2427,2024-04-10,0.196387,0.098268,NA
-44.781421155236,-20.9699575821367,583,2019-01-02,2021-05-31,177,0.136,0.2377,NA,NA,0.079431,NA
-44.781421155236,-20.9700474136651,583,2019-01-02,2021-05-31,177,0.1213,0.2227,NA,NA,0.067263,NA
-44.781421155236,-20.9701372451935,583,2019-01-02,2021-05-31,177,0.1102,0.1842,NA,NA,0.057145,NA
-44.781421155236,-20.9702270767219,583,2019-01-02,2021-05-31,177,0.1573,0.1788,2024-03-01,0.097566,0.061829,NA
-44.781421155236,-20.9703169082503,583,2019-01-02,2021-05-31,177,0.1734,0.2504,2023-12-07,0.205267,0.068651,NA
-44.781421155236,-20.9704067397787,583,2019-01-02,2021-05-31,177,0.1712,0.3022,2024-03-16,0.198776,0.083324,NA
-44.781421155236,-20.9704965713071,583,2019-01-02,2021-05-31,177,0.1735,0.3076,2025-09-12,-0.141392,0.083953,NA
-44.781421155236,-20.9705864028356,583,2019-01-02,2021-05-31,177,0.176,0.3107,2025-09-19,-0.13191,0.093406,NA
-44.781421155236,-20.970676234364,583,2019-01-02,2021-05-31,177,0.1632,0.3099,NA,NA,0.105861,NA
-44.781421155236,-20.9707660658924,583,2019-01-02,2021-05-31,177,0.1517,0.3027,NA,NA,0.073122,NA
-44.7815109867644,-20.9671728047559,583,2019-01-02,2021-05-31,177,0.1764,0.2559,2023-11-22,0.25851,0.124769,NA
-44.7815109867644,-20.9672626362843,583,2019-01-02,2021-05-31,177,0.1992,0.2741,2024-04-05,0.246046,0.107226,NA
-44.7815109867644,-20.9682507830968,583,2019-01-02,2021-05-31,177,0.2169,0.2866,2024-03-16,0.163691,0.044643,NA
-44.7815109867644,-20.9683406146253,583,2019-01-02,2021-05-31,177,0.2198,0.2932,2024-04-05,0.19234,0.042773,NA
-44.7815109867644,-20.9684304461537,583,2019-01-02,2021-05-31,177,0.2206,0.2953,2024-03-16,0.177934,0.045791,NA
-44.7815109867644,-20.9685202776821,583,2019-01-02,2021-05-31,177,0.2269,0.2938,2024-03-16,0.174149,0.051034,NA
-44.7815109867644,-20.9686101092105,583,2019-01-02,2021-05-31,177,0.2306,0.2916,2024-03-16,0.183062,0.053199,NA
-44.7815109867644,-20.9686999407389,583,2019-01-02,2021-05-31,177,0.222,0.2928,2024-04-05,0.246582,0.050304,NA
-44.7815109867644,-20.9687897722673,583,2019-01-02,2021-05-31,177,0.2189,0.293,2024-04-05,0.214556,0.054837,NA
-44.7815109867644,-20.9688796037957,583,2019-01-02,2021-05-31,177,0.2229,0.2909,2024-04-10,0.244179,0.054842,NA
-44.7815109867644,-20.9689694353241,583,2019-01-02,2021-05-31,177,0.2179,0.2906,2024-04-10,0.246357,0.052413,NA
-44.7815109867644,-20.9690592668525,583,2019-01-02,2021-05-31,177,0.2032,0.2924,NA,NA,0.057137,NA
-44.7815109867644,-20.969149098381,583,2019-01-02,2021-05-31,177,0.1961,0.2897,NA,NA,0.063109,NA
-44.7815109867644,-20.9692389299094,583,2019-01-02,2021-05-31,177,0.1955,0.2898,NA,NA,0.048528,NA
-44.7815109867644,-20.9693287614378,583,2019-01-02,2021-05-31,177,0.1931,0.295,NA,NA,0.049463,NA
-44.7815109867644,-20.9694185929662,583,2019-01-02,2021-05-31,177,0.1961,0.2948,NA,NA,0.060627,NA
-44.7815109867644,-20.9695084244946,583,2019-01-02,2021-05-31,177,0.1947,0.2924,2025-12-28,0.245201,0.058996,NA
-44.7815109867644,-20.969598256023,583,2019-01-02,2021-05-31,177,0.1907,0.2903,NA,NA,0.066609,NA
-44.7815109867644,-20.9696880875514,583,2019-01-02,2021-05-31,177,0.1831,0.2929,NA,NA,0.089656,NA
-44.7815109867644,-20.9697779190798,583,2019-01-02,2021-05-31,177,0.1854,0.2928,NA,NA,0.090481,NA
-44.7815109867644,-20.9698677506083,583,2019-01-02,2021-05-31,177,0.1794,0.2874,2025-12-26,0.232445,0.098336,NA
-44.7815109867644,-20.9699575821367,583,2019-01-02,2021-05-31,177,0.1667,0.2789,2025-12-26,0.205537,0.097464,NA
-44.7815109867644,-20.9700474136651,583,2019-01-02,2021-05-31,177,0.1656,0.2652,2025-12-26,0.194319,0.105488,NA
-44.7815109867644,-20.9701372451935,583,2019-01-02,2021-05-31,177,0.1342,0.2181,2025-12-11,0.175915,0.080055,NA
-44.7815109867644,-20.9702270767219,583,2019-01-02,2021-05-31,177,0.1464,0.1962,2024-03-06,0.111946,0.064995,NA
-44.7815109867644,-20.9703169082503,583,2019-01-02,2021-05-31,177,0.1634,0.2676,2023-12-07,0.236806,0.085008,NA
-44.7815109867644,-20.9704067397787,583,2019-01-02,2021-05-31,177,0.1628,0.3009,2023-12-07,0.259717,0.098739,NA
-44.7815109867644,-20.9704965713071,583,2019-01-02,2021-05-31,177,0.1687,0.3077,NA,NA,0.101844,NA
-44.7815109867644,-20.9705864028356,583,2019-01-02,2021-05-31,177,0.1634,0.3089,NA,NA,0.112679,NA
-44.7815109867644,-20.970676234364,583,2019-01-02,2021-05-31,177,0.1513,0.2934,NA,NA,0.09487,NA
-44.7816008182928,-20.9671728047559,583,2019-01-02,2021-05-31,177,0.179,0.2591,2024-03-16,0.209499,0.11879,NA
-44.7816008182928,-20.9682507830968,583,2019-01-02,2021-05-31,177,0.2185,0.2755,2024-03-16,0.122666,0.051359,NA
-44.7816008182928,-20.9683406146253,583,2019-01-02,2021-05-31,177,0.2249,0.2869,2024-04-05,0.185201,0.036005,NA
-44.7816008182928,-20.9684304461537,583,2019-01-02,2021-05-31,177,0.2265,0.2925,2024-04-05,0.204209,0.043958,NA
-44.7816008182928,-20.9685202776821,583,2019-01-02,2021-05-31,177,0.2295,0.2925,2024-04-05,0.240384,0.045069,NA
-44.7816008182928,-20.9686101092105,583,2019-01-02,2021-05-31,177,0.2296,0.2929,2024-04-05,0.242731,0.044826,NA
-44.7816008182928,-20.9686999407389,583,2019-01-02,2021-05-31,177,0.2219,0.295,2024-04-10,0.247973,0.043883,NA
-44.7816008182928,-20.9687897722673,583,2019-01-02,2021-05-31,177,0.2173,0.2944,2024-04-10,0.252364,0.055264,NA
-44.7816008182928,-20.9688796037957,583,2019-01-02,2021-05-31,177,0.2205,0.2944,2024-04-10,0.262713,0.059993,NA
-44.7816008182928,-20.9689694353241,583,2019-01-02,2021-05-31,177,0.2278,0.2918,2025-12-26,0.24439,0.055729,NA
-44.7816008182928,-20.9690592668525,583,2019-01-02,2021-05-31,177,0.2137,0.2926,NA,NA,0.055873,NA
-44.7816008182928,-20.969149098381,583,2019-01-02,2021-05-31,177,0.1973,0.2931,NA,NA,0.066036,NA
-44.7816008182928,-20.9692389299094,583,2019-01-02,2021-05-31,177,0.1943,0.2931,NA,NA,0.049528,NA
-44.7816008182928,-20.9693287614378,583,2019-01-02,2021-05-31,177,0.1975,0.295,NA,NA,0.043898,NA
-44.7816008182928,-20.9694185929662,583,2019-01-02,2021-05-31,177,0.203,0.2938,NA,NA,0.059293,NA
-44.7816008182928,-20.9695084244946,583,2019-01-02,2021-05-31,177,0.1983,0.2914,2025-12-28,0.24501,0.052751,NA
-44.7816008182928,-20.969598256023,583,2019-01-02,2021-05-31,177,0.1905,0.2875,2025-12-26,0.243416,0.063925,NA
-44.7816008182928,-20.9696880875514,583,2019-01-02,2021-05-31,177,0.1825,0.2875,NA,NA,0.07767,NA
-44.7816008182928,-20.9697779190798,583,2019-01-02,2021-05-31,177,0.1818,0.291,NA,NA,0.076012,NA
-44.7816008182928,-20.9698677506083,583,2019-01-02,2021-05-31,177,0.1843,0.2932,NA,NA,0.07408,NA
-44.7816008182928,-20.9699575821367,583,2019-01-02,2021-05-31,177,0.1751,0.2913,NA,NA,0.067291,NA
-44.7816008182928,-20.9700474136651,583,2019-01-02,2021-05-31,177,0.176,0.2915,NA,NA,0.075941,NA
-44.7816008182928,-20.9701372451935,583,2019-01-02,2021-05-31,177,0.162,0.2606,2025-12-26,0.197533,0.073227,NA
-44.7816008182928,-20.9702270767219,583,2019-01-02,2021-05-31,177,0.1605,0.2333,2024-03-16,0.113547,0.071082,NA
-44.7816008182928,-20.9703169082503,583,2019-01-02,2021-05-31,177,0.1735,0.2899,2024-03-16,0.171749,0.090044,NA
-44.7816008182928,-20.9704067397787,583,2019-01-02,2021-05-31,177,0.1667,0.3109,NA,NA,0.095901,NA
-44.7816008182928,-20.9704965713071,583,2019-01-02,2021-05-31,177,0.1602,0.3142,2021-10-13,0.25466,0.12766,NA
-44.7816008182928,-20.9705864028356,583,2019-01-02,2021-05-31,177,0.1537,0.2999,NA,NA,0.113654,NA
-44.7816906498212,-20.9683406146253,583,2019-01-02,2021-05-31,177,0.2242,0.279,2024-04-05,0.191323,0.030807,NA
-44.7816906498212,-20.9684304461537,583,2019-01-02,2021-05-31,177,0.2267,0.29,2025-12-26,0.220893,0.031669,NA
-44.7816906498212,-20.9685202776821,583,2019-01-02,2021-05-31,177,0.2325,0.2918,2024-04-10,0.237049,0.041315,NA
-44.7816906498212,-20.9686101092105,583,2019-01-02,2021-05-31,177,0.237,0.2911,2024-04-10,0.235352,0.043565,NA
-44.7816906498212,-20.9686999407389,583,2019-01-02,2021-05-31,177,0.228,0.2964,2025-12-26,0.232652,0.038851,NA
-44.7816906498212,-20.9687897722673,583,2019-01-02,2021-05-31,177,0.2179,0.2975,2025-12-26,0.250477,0.040122,NA
-44.7816906498212,-20.9688796037957,583,2019-01-02,2021-05-31,177,0.2182,0.2952,2025-12-11,0.246222,0.048609,NA
-44.7816906498212,-20.9689694353241,583,2019-01-02,2021-05-31,177,0.2268,0.2918,2025-12-26,0.25033,0.058891,NA
-44.7816906498212,-20.9690592668525,583,2019-01-02,2021-05-31,177,0.221,0.2905,2025-12-26,0.2448,0.046472,NA
-44.7816906498212,-20.969149098381,583,2019-01-02,2021-05-31,177,0.2026,0.2933,NA,NA,0.055027,NA
-44.7816906498212,-20.9692389299094,583,2019-01-02,2021-05-31,177,0.193,0.2944,NA,NA,0.05958,NA
-44.7816906498212,-20.9693287614378,583,2019-01-02,2021-05-31,177,0.1931,0.2951,NA,NA,0.045174,NA
-44.7816906498212,-20.9694185929662,583,2019-01-02,2021-05-31,177,0.1949,0.2936,NA,NA,0.045258,NA
-44.7816906498212,-20.9695084244946,583,2019-01-02,2021-05-31,177,0.1883,0.2911,NA,NA,0.052054,NA
-44.7816906498212,-20.969598256023,583,2019-01-02,2021-05-31,177,0.1835,0.2881,2025-12-26,0.251602,0.07199,NA
-44.7816906498212,-20.9696880875514,583,2019-01-02,2021-05-31,177,0.1829,0.2886,NA,NA,0.067788,NA
-44.7816906498212,-20.9697779190798,583,2019-01-02,2021-05-31,177,0.1859,0.2929,NA,NA,0.071216,NA
-44.7816906498212,-20.9698677506083,583,2019-01-02,2021-05-31,177,0.1872,0.2937,NA,NA,0.065194,NA
-44.7816906498212,-20.9699575821367,583,2019-01-02,2021-05-31,177,0.182,0.2908,2026-01-15,0.218195,0.07358,NA
-44.7816906498212,-20.9700474136651,583,2019-01-02,2021-05-31,177,0.1766,0.29,2025-12-28,0.210126,0.081124,NA
-44.7816906498212,-20.9701372451935,583,2019-01-02,2021-05-31,177,0.1624,0.2627,NA,NA,0.067727,NA
-44.7816906498212,-20.9702270767219,583,2019-01-02,2021-05-31,177,0.1604,0.2586,NA,NA,0.071759,NA
-44.7816906498212,-20.9703169082503,583,2019-01-02,2021-05-31,177,0.1758,0.3026,NA,NA,0.080063,NA
-44.7816906498212,-20.9704067397787,583,2019-01-02,2021-05-31,177,0.1676,0.3118,NA,NA,0.106477,NA
-44.7816906498212,-20.9704965713071,583,2019-01-02,2021-05-31,177,0.1527,0.2954,NA,NA,0.128028,NA
-44.7817804813496,-20.9684304461537,583,2019-01-02,2021-05-31,177,0.219,0.2879,2025-12-26,0.212353,0.026004,NA
-44.7817804813496,-20.9685202776821,583,2019-01-02,2021-05-31,177,0.2275,0.2924,2025-12-26,0.215267,0.029398,NA
-44.7817804813496,-20.9686101092105,583,2019-01-02,2021-05-31,177,0.2345,0.2922,2025-12-26,0.222838,0.036923,NA
-44.7817804813496,-20.9686999407389,583,2019-01-02,2021-05-31,177,0.229,0.2955,2025-12-26,0.221119,0.033759,NA
-44.7817804813496,-20.9687897722673,583,2019-01-02,2021-05-31,177,0.2178,0.2975,2025-12-26,0.246084,0.048574,NA
-44.7817804813496,-20.9688796037957,583,2019-01-02,2021-05-31,177,0.2148,0.2965,2025-12-26,0.256677,0.043526,NA
-44.7817804813496,-20.9689694353241,583,2019-01-02,2021-05-31,177,0.2202,0.2963,2025-12-26,0.257367,0.0574,NA
-44.7817804813496,-20.9690592668525,583,2019-01-02,2021-05-31,177,0.2203,0.2942,2025-12-26,0.250767,0.053092,NA
-44.7817804813496,-20.969149098381,583,2019-01-02,2021-05-31,177,0.2031,0.2956,NA,NA,0.046046,NA
-44.7817804813496,-20.9692389299094,583,2019-01-02,2021-05-31,177,0.1883,0.2981,NA,NA,0.064944,NA
-44.7817804813496,-20.9693287614378,583,2019-01-02,2021-05-31,177,0.1816,0.297,NA,NA,0.056443,NA
-44.7817804813496,-20.9694185929662,583,2019-01-02,2021-05-31,177,0.1813,0.2951,NA,NA,0.053091,NA
-44.7817804813496,-20.9695084244946,583,2019-01-02,2021-05-31,177,0.1762,0.2902,NA,NA,0.058264,NA
-44.7817804813496,-20.969598256023,583,2019-01-02,2021-05-31,177,0.1807,0.2885,2025-12-26,0.246152,0.056855,NA
-44.7817804813496,-20.9696880875514,583,2019-01-02,2021-05-31,177,0.1819,0.2898,2025-12-26,0.240892,0.066192,NA
-44.7817804813496,-20.9697779190798,583,2019-01-02,2021-05-31,177,0.1847,0.2937,NA,NA,0.062627,NA
-44.7817804813496,-20.9698677506083,583,2019-01-02,2021-05-31,177,0.1855,0.2935,NA,NA,0.077119,NA
-44.7817804813496,-20.9699575821367,583,2019-01-02,2021-05-31,177,0.1859,0.2904,NA,NA,0.085069,NA
-44.7817804813496,-20.9700474136651,583,2019-01-02,2021-05-31,177,0.1808,0.2874,2025-12-26,0.221157,0.08822,NA
-44.7817804813496,-20.9701372451935,583,2019-01-02,2021-05-31,177,0.163,0.2569,NA,NA,0.065266,NA
-44.7817804813496,-20.9702270767219,583,2019-01-02,2021-05-31,177,0.1619,0.272,2024-04-10,0.210368,0.067204,NA
-44.7817804813496,-20.9703169082503,583,2019-01-02,2021-05-31,177,0.1708,0.3069,NA,NA,0.098886,NA
-44.7818703128781,-20.9685202776821,583,2019-01-02,2021-05-31,177,0.2143,0.29,2025-12-28,0.193267,0.030014,NA
-44.7818703128781,-20.9686101092105,583,2019-01-02,2021-05-31,177,0.2212,0.2938,2025-12-28,0.206549,0.035802,NA
-44.7818703128781,-20.9686999407389,583,2019-01-02,2021-05-31,177,0.2222,0.2969,2025-12-26,0.221422,0.041119,NA
-44.7818703128781,-20.9687897722673,583,2019-01-02,2021-05-31,177,0.2172,0.2978,2025-12-26,0.229304,0.047319,NA
-44.7818703128781,-20.9688796037957,583,2019-01-02,2021-05-31,177,0.2104,0.2982,2025-12-26,0.248434,0.037214,NA
-44.7818703128781,-20.9689694353241,583,2019-01-02,2021-05-31,177,0.2123,0.2995,2025-12-26,0.258442,0.048709,NA
-44.7818703128781,-20.9690592668525,583,2019-01-02,2021-05-31,177,0.2092,0.2987,2025-12-26,0.26277,0.057766,NA
-44.7818703128781,-20.969149098381,583,2019-01-02,2021-05-31,177,0.1985,0.2971,2025-12-26,0.254799,0.051475,NA
-44.7818703128781,-20.9692389299094,583,2019-01-02,2021-05-31,177,0.1858,0.2997,NA,NA,0.060175,NA
-44.7818703128781,-20.9693287614378,583,2019-01-02,2021-05-31,177,0.1749,0.2995,NA,NA,0.083125,NA
-44.7818703128781,-20.9694185929662,583,2019-01-02,2021-05-31,177,0.1774,0.2975,NA,NA,0.059358,NA
-44.7818703128781,-20.9695084244946,583,2019-01-02,2021-05-31,177,0.179,0.2953,NA,NA,0.060091,NA
-44.7818703128781,-20.969598256023,583,2019-01-02,2021-05-31,177,0.1817,0.2921,NA,NA,0.061237,NA
-44.7818703128781,-20.9696880875514,583,2019-01-02,2021-05-31,177,0.1796,0.2913,2025-12-26,0.233147,0.064715,NA
-44.7818703128781,-20.9697779190798,583,2019-01-02,2021-05-31,177,0.1788,0.2927,NA,NA,0.061263,NA
-44.7818703128781,-20.9698677506083,583,2019-01-02,2021-05-31,177,0.1791,0.2918,NA,NA,0.06813,NA
-44.7818703128781,-20.9699575821367,583,2019-01-02,2021-05-31,177,0.1842,0.2886,NA,NA,0.090774,NA
-44.7818703128781,-20.9700474136651,583,2019-01-02,2021-05-31,177,0.1787,0.2814,2025-12-26,0.227843,0.080255,NA
-44.7818703128781,-20.9701372451935,583,2019-01-02,2021-05-31,177,0.1613,0.2508,NA,NA,0.057128,NA
-44.7818703128781,-20.9702270767219,583,2019-01-02,2021-05-31,177,0.1648,0.2815,NA,NA,0.085117,NA
-44.7818703128781,-20.9703169082503,583,2019-01-02,2021-05-31,177,0.1625,0.3055,NA,NA,0.113953,NA
-44.7819601444065,-20.9685202776821,583,2019-01-02,2021-05-31,177,0.2026,0.2756,2026-01-15,0.155598,0.043446,NA
-44.7819601444065,-20.9686101092105,583,2019-01-02,2021-05-31,177,0.2138,0.2901,NA,NA,0.035636,NA
-44.7819601444065,-20.9686999407389,583,2019-01-02,2021-05-31,177,0.2182,0.2955,2025-12-26,0.215607,0.044591,NA
-44.7819601444065,-20.9687897722673,583,2019-01-02,2021-05-31,177,0.2161,0.2976,2025-12-26,0.234548,0.041131,NA
-44.7819601444065,-20.9688796037957,583,2019-01-02,2021-05-31,177,0.2089,0.2981,2025-12-26,0.249659,0.042461,NA
-44.7819601444065,-20.9689694353241,583,2019-01-02,2021-05-31,177,0.2067,0.2986,2025-12-26,0.25757,0.033927,NA
-44.7819601444065,-20.9690592668525,583,2019-01-02,2021-05-31,177,0.2014,0.3007,2025-12-26,0.259712,0.050264,NA
-44.7819601444065,-20.969149098381,583,2019-01-02,2021-05-31,177,0.1953,0.3012,2025-12-26,0.268344,0.06107,NA
-44.7819601444065,-20.9692389299094,583,2019-01-02,2021-05-31,177,0.185,0.3017,NA,NA,0.065864,NA
-44.7819601444065,-20.9693287614378,583,2019-01-02,2021-05-31,177,0.1732,0.3015,NA,NA,0.088508,NA
-44.7819601444065,-20.9694185929662,583,2019-01-02,2021-05-31,177,0.173,0.2981,NA,NA,0.069738,NA
-44.7819601444065,-20.9695084244946,583,2019-01-02,2021-05-31,177,0.1804,0.2975,NA,NA,0.05328,NA
-44.7819601444065,-20.969598256023,583,2019-01-02,2021-05-31,177,0.1857,0.2955,NA,NA,0.056628,NA
-44.7819601444065,-20.9696880875514,583,2019-01-02,2021-05-31,177,0.184,0.2908,NA,NA,0.057527,NA
-44.7819601444065,-20.9697779190798,583,2019-01-02,2021-05-31,177,0.1784,0.2903,2025-12-28,0.235507,0.059135,NA
-44.7819601444065,-20.9698677506083,583,2019-01-02,2021-05-31,177,0.1754,0.2898,NA,NA,0.065421,NA
-44.7819601444065,-20.9699575821367,583,2019-01-02,2021-05-31,177,0.1786,0.2888,NA,NA,0.080987,NA
-44.7819601444065,-20.9700474136651,583,2019-01-02,2021-05-31,177,0.1701,0.2729,2025-12-28,0.225068,0.070789,NA
-44.7819601444065,-20.9701372451935,583,2019-01-02,2021-05-31,177,0.1556,0.2472,NA,NA,0.059283,NA
-44.7819601444065,-20.9702270767219,583,2019-01-02,2021-05-31,177,0.1651,0.2891,NA,NA,0.101081,NA
-44.7819601444065,-20.9703169082503,583,2019-01-02,2021-05-31,177,0.1577,0.3002,NA,NA,0.132553,NA
-44.7820499759349,-20.9686101092105,583,2019-01-02,2021-05-31,177,0.2007,0.2823,NA,NA,0.029874,NA
-44.7820499759349,-20.9686999407389,583,2019-01-02,2021-05-31,177,0.214,0.2878,NA,NA,0.034406,NA
-44.7820499759349,-20.9687897722673,583,2019-01-02,2021-05-31,177,0.2186,0.2934,2025-12-26,0.2178,0.044698,NA
-44.7820499759349,-20.9688796037957,583,2019-01-02,2021-05-31,177,0.2148,0.2959,2025-12-26,0.236757,0.044102,NA
-44.7820499759349,-20.9689694353241,583,2019-01-02,2021-05-31,177,0.2026,0.2994,2025-12-26,0.239662,0.029326,NA
-44.7820499759349,-20.9690592668525,583,2019-01-02,2021-05-31,177,0.1952,0.3028,2025-12-26,0.251307,0.037551,NA
-44.7820499759349,-20.969149098381,583,2019-01-02,2021-05-31,177,0.1962,0.3038,2025-12-26,0.258284,0.050244,NA
-44.7820499759349,-20.9692389299094,583,2019-01-02,2021-05-31,177,0.1895,0.303,2025-12-26,0.260657,0.063284,NA
-44.7820499759349,-20.9693287614378,583,2019-01-02,2021-05-31,177,0.1779,0.3005,NA,NA,0.07738,NA
-44.7820499759349,-20.9694185929662,583,2019-01-02,2021-05-31,177,0.174,0.2961,NA,NA,0.090539,NA
-44.7820499759349,-20.9695084244946,583,2019-01-02,2021-05-31,177,0.1781,0.2944,NA,NA,0.067079,NA
-44.7820499759349,-20.969598256023,583,2019-01-02,2021-05-31,177,0.1877,0.2946,NA,NA,0.051613,NA
-44.7820499759349,-20.9696880875514,583,2019-01-02,2021-05-31,177,0.1919,0.2904,NA,NA,0.043687,NA
-44.7820499759349,-20.9697779190798,583,2019-01-02,2021-05-31,177,0.1875,0.2887,2025-12-26,0.247715,0.03929,NA
-44.7820499759349,-20.9698677506083,583,2019-01-02,2021-05-31,177,0.1811,0.2887,2025-12-28,0.237431,0.056877,NA
-44.7820499759349,-20.9699575821367,583,2019-01-02,2021-05-31,177,0.1774,0.2896,NA,NA,0.079114,NA
-44.7820499759349,-20.9700474136651,583,2019-01-02,2021-05-31,177,0.1623,0.2653,NA,NA,0.073112,NA
-44.7820499759349,-20.9701372451935,583,2019-01-02,2021-05-31,177,0.1508,0.2504,NA,NA,0.079473,NA
-44.7820499759349,-20.9702270767219,583,2019-01-02,2021-05-31,177,0.1622,0.2981,NA,NA,0.123989,NA
-44.7821398074633,-20.9686999407389,583,2019-01-02,2021-05-31,177,0.2036,0.2811,2025-12-28,0.208318,0.052171,NA
-44.7821398074633,-20.9687897722673,583,2019-01-02,2021-05-31,177,0.2128,0.2901,2025-12-26,0.221959,0.046658,NA
-44.7821398074633,-20.9688796037957,583,2019-01-02,2021-05-31,177,0.2114,0.2965,2025-12-26,0.224845,0.044837,NA
-44.7821398074633,-20.9689694353241,583,2019-01-02,2021-05-31,177,0.202,0.301,2026-01-15,0.220678,0.036061,NA
-44.7821398074633,-20.9690592668525,583,2019-01-02,2021-05-31,177,0.1987,0.3021,2025-12-28,0.233124,0.031176,NA
-44.7821398074633,-20.969149098381,583,2019-01-02,2021-05-31,177,0.1999,0.3032,2025-12-26,0.248171,0.043089,NA
-44.7821398074633,-20.9692389299094,583,2019-01-02,2021-05-31,177,0.1937,0.3028,2025-12-26,0.262398,0.058106,NA
-44.7821398074633,-20.9693287614378,583,2019-01-02,2021-05-31,177,0.1859,0.2997,2025-12-28,0.254522,0.06112,NA
-44.7821398074633,-20.9694185929662,583,2019-01-02,2021-05-31,177,0.1776,0.2972,NA,NA,0.08423,NA
-44.7821398074633,-20.9695084244946,583,2019-01-02,2021-05-31,177,0.1798,0.2939,NA,NA,0.068636,NA
-44.7821398074633,-20.969598256023,583,2019-01-02,2021-05-31,177,0.186,0.2936,NA,NA,0.045217,NA
-44.7821398074633,-20.9696880875514,583,2019-01-02,2021-05-31,177,0.1939,0.2953,NA,NA,0.052556,NA
-44.7821398074633,-20.9697779190798,583,2019-01-02,2021-05-31,177,0.1964,0.2913,NA,NA,0.046429,NA
-44.7821398074633,-20.9698677506083,583,2019-01-02,2021-05-31,177,0.1849,0.286,2025-12-26,0.232965,0.058103,NA
-44.7821398074633,-20.9699575821367,583,2019-01-02,2021-05-31,177,0.181,0.2901,NA,NA,0.06767,NA
-44.7821398074633,-20.9700474136651,583,2019-01-02,2021-05-31,177,0.1598,0.2616,NA,NA,0.057374,NA
-44.7821398074633,-20.9701372451935,583,2019-01-02,2021-05-31,177,0.1471,0.258,NA,NA,0.084794,NA
-44.7821398074633,-20.9702270767219,583,2019-01-02,2021-05-31,177,0.1583,0.3043,NA,NA,0.150959,NA
-44.7822296389917,-20.9687897722673,583,2019-01-02,2021-05-31,177,0.1994,0.2828,2025-12-11,0.252844,0.068587,NA
-44.7822296389917,-20.9688796037957,583,2019-01-02,2021-05-31,177,0.2035,0.292,2025-12-26,0.250788,0.053516,NA
-44.7822296389917,-20.9689694353241,583,2019-01-02,2021-05-31,177,0.1985,0.2986,2025-12-28,0.23213,0.045207,NA
-44.7822296389917,-20.9690592668525,583,2019-01-02,2021-05-31,177,0.1959,0.2981,2025-12-26,0.245255,0.038656,NA
-44.7822296389917,-20.969149098381,583,2019-01-02,2021-05-31,177,0.1982,0.3004,2025-12-26,0.247769,0.046583,NA
-44.7822296389917,-20.9692389299094,583,2019-01-02,2021-05-31,177,0.1959,0.3008,2025-12-26,0.25607,0.057322,NA
-44.7822296389917,-20.9693287614378,583,2019-01-02,2021-05-31,177,0.1924,0.2986,2025-12-26,0.257765,0.057514,NA
-44.7822296389917,-20.9694185929662,583,2019-01-02,2021-05-31,177,0.1859,0.2978,NA,NA,0.068697,NA
-44.7822296389917,-20.9695084244946,583,2019-01-02,2021-05-31,177,0.1838,0.2969,NA,NA,0.079392,NA
-44.7822296389917,-20.969598256023,583,2019-01-02,2021-05-31,177,0.184,0.2945,NA,NA,0.068233,NA
-44.7822296389917,-20.9696880875514,583,2019-01-02,2021-05-31,177,0.1907,0.2962,NA,NA,0.074461,NA
-44.7822296389917,-20.9697779190798,583,2019-01-02,2021-05-31,177,0.199,0.2931,NA,NA,0.065893,NA
-44.7822296389917,-20.9698677506083,583,2019-01-02,2021-05-31,177,0.1901,0.2863,2025-12-26,0.229856,0.068538,NA
-44.7822296389917,-20.9699575821367,583,2019-01-02,2021-05-31,177,0.1846,0.289,2025-12-28,0.231406,0.065378,NA
-44.7822296389917,-20.9700474136651,583,2019-01-02,2021-05-31,177,0.1469,0.2505,NA,NA,0.045597,NA
-44.7822296389917,-20.9701372451935,583,2019-01-02,2021-05-31,177,0.1355,0.246,NA,NA,0.081827,NA
-44.7822296389917,-20.9702270767219,583,2019-01-02,2021-05-31,177,0.1685,0.3,NA,NA,0.12971,NA
-44.7823194705201,-20.9689694353241,583,2019-01-02,2021-05-31,177,0.1977,0.2961,2025-12-28,0.231414,0.026466,NA
-44.7823194705201,-20.9690592668525,583,2019-01-02,2021-05-31,177,0.1964,0.2978,2025-12-26,0.230846,0.03986,NA
-44.7823194705201,-20.969149098381,583,2019-01-02,2021-05-31,177,0.1984,0.2979,2025-12-26,0.241538,0.035772,NA
-44.7823194705201,-20.9692389299094,583,2019-01-02,2021-05-31,177,0.2001,0.2996,2025-12-26,0.245225,0.057077,NA
-44.7823194705201,-20.9693287614378,583,2019-01-02,2021-05-31,177,0.1996,0.2998,2025-12-26,0.258877,0.068401,NA
-44.7823194705201,-20.9694185929662,583,2019-01-02,2021-05-31,177,0.1913,0.2991,2025-12-26,0.254719,0.069204,NA
-44.7823194705201,-20.9695084244946,583,2019-01-02,2021-05-31,177,0.1876,0.2975,NA,NA,0.08415,NA
-44.7823194705201,-20.969598256023,583,2019-01-02,2021-05-31,177,0.1901,0.296,NA,NA,0.085906,NA
-44.7823194705201,-20.9696880875514,583,2019-01-02,2021-05-31,177,0.1887,0.2948,NA,NA,0.069971,NA
-44.7823194705201,-20.9697779190798,583,2019-01-02,2021-05-31,177,0.1916,0.2941,NA,NA,0.070197,NA
-44.7823194705201,-20.9698677506083,583,2019-01-02,2021-05-31,177,0.19,0.2886,NA,NA,0.070718,NA
-44.7823194705201,-20.9699575821367,583,2019-01-02,2021-05-31,177,0.1836,0.2799,2025-12-26,0.228939,0.069312,NA
-44.7823194705201,-20.9700474136651,583,2019-01-02,2021-05-31,177,0.1552,0.2493,NA,NA,0.053168,NA
-44.7823194705201,-20.9701372451935,583,2019-01-02,2021-05-31,177,0.1575,0.2494,NA,NA,0.05749,NA
-44.7823194705201,-20.9702270767219,583,2019-01-02,2021-05-31,177,0.183,0.2901,NA,NA,0.094846,NA
-44.7823194705201,-20.9703169082503,583,2019-01-02,2021-05-31,177,0.1916,0.3079,NA,NA,0.113568,NA
-44.7824093020485,-20.9690592668525,583,2019-01-02,2021-05-31,177,0.1986,0.2975,2025-12-28,0.235742,0.027917,NA
-44.7824093020485,-20.969149098381,583,2019-01-02,2021-05-31,177,0.2022,0.2995,2025-12-26,0.242029,0.028961,NA
-44.7824093020485,-20.9692389299094,583,2019-01-02,2021-05-31,177,0.2062,0.3009,2025-12-26,0.24276,0.041971,NA
-44.7824093020485,-20.9693287614378,583,2019-01-02,2021-05-31,177,0.2072,0.301,2025-12-26,0.254764,0.053934,NA
-44.7824093020485,-20.9694185929662,583,2019-01-02,2021-05-31,177,0.2009,0.2996,2025-12-26,0.257102,0.069993,NA
-44.7824093020485,-20.9695084244946,583,2019-01-02,2021-05-31,177,0.1948,0.2978,NA,NA,0.08545,NA
-44.7824093020485,-20.969598256023,583,2019-01-02,2021-05-31,177,0.1931,0.2972,NA,NA,0.090917,NA
-44.7824093020485,-20.9696880875514,583,2019-01-02,2021-05-31,177,0.1894,0.2934,NA,NA,0.06521,NA
-44.7824093020485,-20.9697779190798,583,2019-01-02,2021-05-31,177,0.1904,0.2914,NA,NA,0.065174,NA
-44.7824093020485,-20.9698677506083,583,2019-01-02,2021-05-31,177,0.1933,0.2898,NA,NA,0.071853,NA
-44.7824093020485,-20.9699575821367,583,2019-01-02,2021-05-31,177,0.1782,0.2732,2025-12-28,0.211881,0.07847,NA
-44.7824093020485,-20.9700474136651,583,2019-01-02,2021-05-31,177,0.1742,0.259,NA,NA,0.033307,NA
-44.7824093020485,-20.9701372451935,583,2019-01-02,2021-05-31,177,0.1954,0.2778,NA,NA,0.020187,NA
-44.7824093020485,-20.9702270767219,583,2019-01-02,2021-05-31,177,0.1891,0.2855,NA,NA,0.076764,NA
-44.7824093020485,-20.9703169082503,583,2019-01-02,2021-05-31,177,0.1929,0.3057,NA,NA,0.121265,NA
-44.7824991335769,-20.9690592668525,583,2019-01-02,2021-05-31,177,0.1968,0.284,2025-12-26,0.206837,0.032891,NA
-44.7824991335769,-20.969149098381,583,2019-01-02,2021-05-31,177,0.202,0.2999,2025-12-26,0.244358,0.037594,NA
-44.7824991335769,-20.9692389299094,583,2019-01-02,2021-05-31,177,0.2083,0.3003,2025-12-26,0.246612,0.049221,NA
-44.7824991335769,-20.9693287614378,583,2019-01-02,2021-05-31,177,0.2119,0.3008,2025-12-26,0.254341,0.055768,NA
-44.7824991335769,-20.9694185929662,583,2019-01-02,2021-05-31,177,0.2063,0.301,2025-12-11,0.250742,0.057415,NA
-44.7824991335769,-20.9695084244946,583,2019-01-02,2021-05-31,177,0.1988,0.2992,2025-12-26,0.247801,0.074194,NA
-44.7824991335769,-20.969598256023,583,2019-01-02,2021-05-31,177,0.1905,0.2982,NA,NA,0.085102,NA
-44.7824991335769,-20.9696880875514,583,2019-01-02,2021-05-31,177,0.1837,0.2954,NA,NA,0.081572,NA
-44.7824991335769,-20.9697779190798,583,2019-01-02,2021-05-31,177,0.1906,0.2912,NA,NA,0.066914,NA
-44.7824991335769,-20.9698677506083,583,2019-01-02,2021-05-31,177,0.1958,0.2909,NA,NA,0.083518,NA
-44.7824991335769,-20.9699575821367,583,2019-01-02,2021-05-31,177,0.1734,0.2674,NA,NA,0.070302,NA
-44.7824991335769,-20.9700474136651,583,2019-01-02,2021-05-31,177,0.1846,0.2635,NA,NA,0.00634,NA
-44.7824991335769,-20.9701372451935,583,2019-01-02,2021-05-31,177,0.2062,0.2911,NA,NA,0.013799,NA
-44.7824991335769,-20.9702270767219,583,2019-01-02,2021-05-31,177,0.1791,0.2808,NA,NA,0.073984,NA
-44.7824991335769,-20.9703169082503,583,2019-01-02,2021-05-31,177,0.1901,0.2998,NA,NA,0.120129,NA
-44.7825889651054,-20.969149098381,583,2019-01-02,2021-05-31,177,0.202,0.2907,2025-12-26,0.218282,0.040608,NA
-44.7825889651054,-20.9692389299094,583,2019-01-02,2021-05-31,177,0.2084,0.2986,2025-12-26,0.229982,0.046484,NA
-44.7825889651054,-20.9693287614378,583,2019-01-02,2021-05-31,177,0.2123,0.3001,2025-12-26,0.251243,0.052553,NA
-44.7825889651054,-20.9694185929662,583,2019-01-02,2021-05-31,177,0.2133,0.3017,2025-12-26,0.252267,0.057093,NA
-44.7825889651054,-20.9695084244946,583,2019-01-02,2021-05-31,177,0.2088,0.3011,2025-12-26,0.24094,0.066703,NA
-44.7825889651054,-20.969598256023,583,2019-01-02,2021-05-31,177,0.1963,0.299,NA,NA,0.078468,NA
-44.7825889651054,-20.9696880875514,583,2019-01-02,2021-05-31,177,0.1869,0.2979,NA,NA,0.086595,NA
-44.7825889651054,-20.9697779190798,583,2019-01-02,2021-05-31,177,0.193,0.296,NA,NA,0.072381,NA
-44.7825889651054,-20.9698677506083,583,2019-01-02,2021-05-31,177,0.1975,0.2917,NA,NA,0.069884,NA
-44.7825889651054,-20.9699575821367,583,2019-01-02,2021-05-31,177,0.1777,0.2681,NA,NA,0.051669,NA
-44.7825889651054,-20.9700474136651,583,2019-01-02,2021-05-31,177,0.1904,0.2743,NA,NA,0.010455,NA
-44.7825889651054,-20.9701372451935,583,2019-01-02,2021-05-31,177,0.2033,0.3028,NA,NA,0.000306,NA
-44.7825889651054,-20.9702270767219,583,2019-01-02,2021-05-31,177,0.1735,0.2815,NA,NA,0.074903,NA
-44.7825889651054,-20.9703169082503,583,2019-01-02,2021-05-31,177,0.1827,0.2923,2025-12-26,0.226475,0.1188,NA
-44.7826787966338,-20.9692389299094,583,2019-01-02,2021-05-31,177,0.2084,0.2986,2025-12-26,0.229982,0.046484,NA
-44.7826787966338,-20.9693287614378,583,2019-01-02,2021-05-31,177,0.2123,0.3001,2025-12-26,0.251243,0.052553,NA
-44.7826787966338,-20.9694185929662,583,2019-01-02,2021-05-31,177,0.2133,0.3017,2025-12-26,0.252267,0.057093,NA
-44.7826787966338,-20.9695084244946,583,2019-01-02,2021-05-31,177,0.2088,0.3011,2025-12-26,0.24094,0.066703,NA
-44.7826787966338,-20.969598256023,583,2019-01-02,2021-05-31,177,0.1963,0.299,NA,NA,0.078468,NA
-44.7826787966338,-20.9697779190798,583,2019-01-02,2021-05-31,177,0.193,0.296,NA,NA,0.072381,NA
-44.7826787966338,-20.9698677506083,583,2019-01-02,2021-05-31,177,0.1975,0.2917,NA,NA,0.069884,NA
-44.7826787966338,-20.9699575821367,583,2019-01-02,2021-05-31,177,0.1777,0.2681,NA,NA,0.051669,NA
-44.7826787966338,-20.9700474136651,583,2019-01-02,2021-05-31,177,0.1904,0.2743,NA,NA,0.010455,NA
-44.7826787966338,-20.9701372451935,583,2019-01-02,2021-05-31,177,0.2033,0.3028,NA,NA,0.000306,NA
-44.7826787966338,-20.9702270767219,583,2019-01-02,2021-05-31,177,0.1735,0.2815,NA,NA,0.074903,NA
-44.7826787966338,-20.9703169082503,583,2019-01-02,2021-05-31,177,0.1827,0.2923,2025-12-26,0.226475,0.1188,NA
-44.7826787966338,-20.9704067397787,583,2019-01-02,2021-05-31,177,0.1851,0.3046,2025-12-26,0.259189,0.130681,NA
-44.7827686281622,-20.9692389299094,583,2019-01-02,2021-05-31,177,0.1994,0.2827,2025-12-26,0.215345,0.036321,NA
-44.7827686281622,-20.9693287614378,583,2019-01-02,2021-05-31,177,0.2063,0.2897,2025-12-26,0.241474,0.042189,NA
-44.7827686281622,-20.9694185929662,583,2019-01-02,2021-05-31,177,0.2103,0.2928,2025-12-26,0.243652,0.054201,NA
-44.7827686281622,-20.9698677506083,583,2019-01-02,2021-05-31,177,0.195,0.2886,NA,NA,0.064235,NA
-44.7827686281622,-20.9699575821367,583,2019-01-02,2021-05-31,177,0.1789,0.2706,NA,NA,0.02975,NA
-44.7827686281622,-20.9700474136651,583,2019-01-02,2021-05-31,177,0.1884,0.2855,NA,NA,0.001582,NA
-44.7827686281622,-20.9701372451935,583,2019-01-02,2021-05-31,177,0.2048,0.3086,NA,NA,0.019778,NA
-44.7827686281622,-20.9702270767219,583,2019-01-02,2021-05-31,177,0.1815,0.2875,NA,NA,0.05986,NA
-44.7827686281622,-20.9703169082503,583,2019-01-02,2021-05-31,177,0.1843,0.2895,NA,NA,0.109952,NA
-44.7827686281622,-20.9704067397787,583,2019-01-02,2021-05-31,177,0.1865,0.3051,2025-12-26,0.251796,0.130421,NA
-44.7828584596906,-20.9699575821367,583,2019-01-02,2021-05-31,177,0.1749,0.2606,NA,NA,0.02359,NA
-44.7828584596906,-20.9700474136651,583,2019-01-02,2021-05-31,177,0.2057,0.2837,NA,NA,0.000249,NA
-44.7828584596906,-20.9701372451935,583,2019-01-02,2021-05-31,177,0.2158,0.3094,NA,NA,0.029236,NA
-44.7828584596906,-20.9702270767219,583,2019-01-02,2021-05-31,177,0.1927,0.2911,NA,NA,0.064478,NA
-44.7828584596906,-20.9703169082503,583,2019-01-02,2021-05-31,177,0.1928,0.2852,NA,NA,0.093632,NA
-44.7828584596906,-20.9704067397787,583,2019-01-02,2021-05-31,177,0.187,0.3062,NA,NA,0.123831,NA
-44.782948291219,-20.9699575821367,583,2019-01-02,2021-05-31,177,0.1801,0.2613,NA,NA,0.015811,NA
-44.782948291219,-20.9700474136651,583,2019-01-02,2021-05-31,177,0.2182,0.2913,NA,NA,-0.003528,NA
-44.782948291219,-20.9701372451935,583,2019-01-02,2021-05-31,177,0.2157,0.3114,NA,NA,0.028741,NA
-44.782948291219,-20.9702270767219,583,2019-01-02,2021-05-31,177,0.2045,0.2965,NA,NA,0.055318,NA
-44.782948291219,-20.9703169082503,583,2019-01-02,2021-05-31,177,0.202,0.2822,NA,NA,0.071137,NA
-44.782948291219,-20.9704067397787,583,2019-01-02,2021-05-31,177,0.1852,0.3013,NA,NA,0.105192,NA
-44.7830381227474,-20.9700474136651,583,2019-01-02,2021-05-31,177,0.2095,0.2971,NA,NA,0.015698,NA
-44.7830381227474,-20.9701372451935,583,2019-01-02,2021-05-31,177,0.2038,0.3129,NA,NA,0.039568,NA
-44.7830381227474,-20.9702270767219,583,2019-01-02,2021-05-31,177,0.1971,0.301,NA,NA,0.04407,NA
-44.7830381227474,-20.9703169082503,583,2019-01-02,2021-05-31,177,0.1851,0.2827,NA,NA,0.059812,NA
-44.7830381227474,-20.9704067397787,583,2019-01-02,2021-05-31,177,0.1756,0.2909,NA,NA,0.090686,NA
-44.7831279542758,-20.9700474136651,583,2019-01-02,2021-05-31,177,0.2059,0.3031,NA,NA,0.020139,NA
-44.7831279542758,-20.9701372451935,583,2019-01-02,2021-05-31,177,0.1952,0.3156,NA,NA,0.049388,NA
-44.7831279542758,-20.9702270767219,583,2019-01-02,2021-05-31,177,0.1854,0.3096,NA,NA,0.042632,NA
-44.7831279542758,-20.9703169082503,583,2019-01-02,2021-05-31,177,0.1743,0.2788,NA,NA,0.056411,NA
-44.7832177858042,-20.9700474136651,583,2019-01-02,2021-05-31,177,0.2025,0.3105,NA,NA,0.023949,NA
-44.7832177858042,-20.9701372451935,583,2019-01-02,2021-05-31,177,0.1876,0.3181,NA,NA,0.040999,NA
-44.7832177858042,-20.9702270767219,583,2019-01-02,2021-05-31,177,0.1813,0.3144,NA,NA,0.043502,NA
-44.7832177858042,-20.9703169082503,583,2019-01-02,2021-05-31,177,0.1676,0.2678,NA,NA,0.046418,NA
-44.7833076173327,-20.9700474136651,583,2019-01-02,2021-05-31,177,0.1833,0.3115,NA,NA,0.051929,NA
-44.7833076173327,-20.9701372451935,583,2019-01-02,2021-05-31,177,0.1825,0.3197,NA,NA,0.058123,NA
-44.7833076173327,-20.9702270767219,583,2019-01-02,2021-05-31,177,0.1875,0.3174,NA,NA,0.041664,NA
-44.7836669434463,-20.9654660057161,583,2019-01-02,2021-05-31,177,0.1038,0.2542,NA,NA,0.028783,NA
-44.7836669434463,-20.9699575821367,583,2019-01-02,2021-05-31,177,0.1972,0.3176,NA,NA,0.114607,NA
-44.7836669434463,-20.9700474136651,583,2019-01-02,2021-05-31,177,0.202,0.319,NA,NA,0.103577,NA
-44.7837567749747,-20.9653761741877,583,2019-01-02,2021-05-31,177,0.0819,0.2293,2023-05-06,0.094021,0.052491,NA
-44.7837567749747,-20.9654660057161,583,2019-01-02,2021-05-31,177,0.0923,0.24,2023-05-16,0.208582,0.048788,NA
-44.7837567749747,-20.9655558372445,583,2019-01-02,2021-05-31,177,0.0963,0.2413,2023-05-16,0.159914,0.035797,NA
-44.7837567749747,-20.9699575821367,583,2019-01-02,2021-05-31,177,0.2059,0.3177,NA,NA,0.108012,NA
-44.7837567749747,-20.9700474136651,583,2019-01-02,2021-05-31,177,0.2058,0.3187,NA,NA,0.090946,NA
-44.7837567749747,-20.9701372451935,583,2019-01-02,2021-05-31,177,0.2108,0.3233,NA,NA,0.070758,NA
-44.7837567749747,-20.9702270767219,583,2019-01-02,2021-05-31,177,0.2182,0.3159,NA,NA,0.058151,NA
-44.7838466065031,-20.9652863426592,583,2019-01-02,2021-05-31,177,0.0741,0.1994,2023-04-21,0.050227,0.087342,NA
-44.7838466065031,-20.9653761741877,583,2019-01-02,2021-05-31,177,0.0827,0.2204,2023-05-01,0.057629,0.081562,NA
-44.7838466065031,-20.9654660057161,583,2019-01-02,2021-05-31,177,0.0906,0.2372,2023-05-16,0.18016,0.072492,NA
-44.7838466065031,-20.9655558372445,583,2019-01-02,2021-05-31,177,0.0845,0.232,2023-05-16,0.13983,0.050135,NA
-44.7838466065031,-20.9656456687729,583,2019-01-02,2021-05-31,177,0.0843,0.2304,2023-05-16,0.165876,0.041132,NA
-44.7838466065031,-20.9657355003013,583,2019-01-02,2021-05-31,177,0.0939,0.234,2023-05-16,0.170513,0.038853,NA
-44.7838466065031,-20.9699575821367,583,2019-01-02,2021-05-31,177,0.219,0.314,NA,NA,0.104763,NA
-44.7838466065031,-20.9700474136651,583,2019-01-02,2021-05-31,177,0.2208,0.3166,NA,NA,0.080358,NA
-44.7838466065031,-20.9701372451935,583,2019-01-02,2021-05-31,177,0.2222,0.3215,NA,NA,0.072658,NA
-44.7838466065031,-20.9702270767219,583,2019-01-02,2021-05-31,177,0.2185,0.3105,NA,NA,0.063049,NA
-44.7839364380315,-20.9651965111308,583,2019-01-02,2021-05-31,177,0.0739,0.1933,2023-04-21,0.036039,0.08797,NA
-44.7839364380315,-20.9652863426592,583,2019-01-02,2021-05-31,177,0.0741,0.1994,2023-04-21,0.050227,0.087342,NA
-44.7839364380315,-20.9653761741877,583,2019-01-02,2021-05-31,177,0.0827,0.2204,2023-05-01,0.057629,0.081562,NA
-44.7839364380315,-20.9654660057161,583,2019-01-02,2021-05-31,177,0.0906,0.2372,2023-05-16,0.18016,0.072492,NA
-44.7839364380315,-20.9655558372445,583,2019-01-02,2021-05-31,177,0.0845,0.232,2023-05-16,0.13983,0.050135,NA
-44.7839364380315,-20.9656456687729,583,2019-01-02,2021-05-31,177,0.0843,0.2304,2023-05-16,0.165876,0.041132,NA
-44.7839364380315,-20.9657355003013,583,2019-01-02,2021-05-31,177,0.0939,0.234,2023-05-16,0.170513,0.038853,NA
-44.7839364380315,-20.9658253318297,583,2019-01-02,2021-05-31,177,0.1193,0.2462,NA,NA,0.03869,NA
-44.7839364380315,-20.9698677506083,583,2019-01-02,2021-05-31,177,0.2147,0.3134,NA,NA,0.12017,NA
-44.7839364380315,-20.9699575821367,583,2019-01-02,2021-05-31,177,0.2238,0.3131,NA,NA,0.108805,NA
-44.7839364380315,-20.9700474136651,583,2019-01-02,2021-05-31,177,0.2273,0.317,NA,NA,0.063745,NA
-44.7839364380315,-20.9701372451935,583,2019-01-02,2021-05-31,177,0.2289,0.3234,NA,NA,0.051559,NA
-44.7840262695599,-20.9651066796024,583,2019-01-02,2021-05-31,177,0.0759,0.2034,2023-05-01,0.053025,0.072454,NA
-44.7840262695599,-20.9651965111308,583,2019-01-02,2021-05-31,177,0.0845,0.1909,2023-04-06,0.033629,0.088512,NA
-44.7840262695599,-20.9652863426592,583,2019-01-02,2021-05-31,177,0.0815,0.19,2022-05-26,0.139997,0.094492,NA
-44.7840262695599,-20.9653761741877,583,2019-01-02,2021-05-31,177,0.077,0.2017,2023-04-26,0.04791,0.084062,NA
-44.7840262695599,-20.9654660057161,583,2019-01-02,2021-05-31,177,0.0742,0.2162,2023-05-06,0.056005,0.072808,NA
-44.7840262695599,-20.9655558372445,583,2019-01-02,2021-05-31,177,0.0715,0.2186,2023-05-06,0.062337,0.067891,NA
-44.7840262695599,-20.9656456687729,583,2019-01-02,2021-05-31,177,0.0742,0.2183,2023-05-06,0.045044,0.06549,NA
-44.7840262695599,-20.9657355003013,583,2019-01-02,2021-05-31,177,0.0743,0.2238,2023-05-16,0.089829,0.069159,NA
-44.7840262695599,-20.9658253318297,583,2019-01-02,2021-05-31,177,0.0891,0.2333,2023-05-21,0.103124,0.063631,NA
-44.7840262695599,-20.9659151633581,583,2019-01-02,2021-05-31,177,0.1402,0.2577,NA,NA,0.07324,NA
-44.7840262695599,-20.9698677506083,583,2019-01-02,2021-05-31,177,0.2147,0.3134,NA,NA,0.12017,NA
-44.7840262695599,-20.9699575821367,583,2019-01-02,2021-05-31,177,0.2238,0.3131,NA,NA,0.108805,NA
-44.7840262695599,-20.9700474136651,583,2019-01-02,2021-05-31,177,0.2273,0.317,NA,NA,0.063745,NA
-44.7840262695599,-20.9701372451935,583,2019-01-02,2021-05-31,177,0.2289,0.3234,NA,NA,0.051559,NA
-44.7841161010884,-20.9652863426592,583,2019-01-02,2021-05-31,177,0.0931,0.1904,2022-06-05,0.146957,0.085233,NA
-44.7841161010884,-20.9653761741877,583,2019-01-02,2021-05-31,177,0.0873,0.1966,2022-06-05,0.191113,0.072608,NA
-44.7841161010884,-20.9654660057161,583,2019-01-02,2021-05-31,177,0.0767,0.2014,2023-04-26,0.032971,0.071824,NA
-44.7841161010884,-20.9655558372445,583,2019-01-02,2021-05-31,177,0.0717,0.2038,2023-05-01,0.047509,0.082816,NA
-44.7841161010884,-20.9656456687729,583,2019-01-02,2021-05-31,177,0.0679,0.206,2023-05-01,0.049649,0.096455,NA
-44.7841161010884,-20.9657355003013,583,2019-01-02,2021-05-31,177,0.0669,0.2188,2023-05-11,0.033261,0.085194,NA
-44.7841161010884,-20.9658253318297,583,2019-01-02,2021-05-31,177,0.0826,0.2326,2023-05-26,0.162155,0.060726,NA
-44.7841161010884,-20.9659151633581,583,2019-01-02,2021-05-31,177,0.1343,0.2533,2024-04-05,0.140609,0.061056,NA
-44.7841161010884,-20.9660049948865,583,2019-01-02,2021-05-31,177,0.1701,0.2917,NA,NA,0.108542,NA
-44.7841161010884,-20.966094826415,583,2019-01-02,2021-05-31,177,0.1763,0.2952,2025-12-26,0.258257,0.140729,NA
-44.7841161010884,-20.9697779190798,583,2019-01-02,2021-05-31,177,0.2146,0.3086,NA,NA,0.114261,NA
-44.7841161010884,-20.9698677506083,583,2019-01-02,2021-05-31,177,0.2175,0.3129,NA,NA,0.121524,NA
-44.7841161010884,-20.9699575821367,583,2019-01-02,2021-05-31,177,0.222,0.3144,NA,NA,0.105652,NA
-44.7841161010884,-20.9700474136651,583,2019-01-02,2021-05-31,177,0.2261,0.3188,NA,NA,0.060404,NA
-44.7841161010884,-20.9701372451935,583,2019-01-02,2021-05-31,177,0.2299,0.3229,NA,NA,0.040848,NA
-44.7842059326168,-20.9654660057161,583,2019-01-02,2021-05-31,177,0.0761,0.1958,2023-04-26,0.02834,0.073214,NA
-44.7842059326168,-20.9655558372445,583,2019-01-02,2021-05-31,177,0.0695,0.2097,2023-05-06,0.047262,0.070477,NA
-44.7842059326168,-20.9656456687729,583,2019-01-02,2021-05-31,177,0.0653,0.2111,2023-05-06,0.064481,0.094456,NA
-44.7842059326168,-20.9657355003013,583,2019-01-02,2021-05-31,177,0.0708,0.2179,2023-05-11,0.072928,0.077753,NA
-44.7842059326168,-20.9658253318297,583,2019-01-02,2021-05-31,177,0.0894,0.2299,2023-05-21,0.116535,0.056579,NA
-44.7842059326168,-20.9659151633581,583,2019-01-02,2021-05-31,177,0.1272,0.2494,2024-03-16,0.073956,0.059173,NA
-44.7842059326168,-20.9697779190798,583,2019-01-02,2021-05-31,177,0.2174,0.3089,NA,NA,0.107377,NA
-44.7842059326168,-20.9698677506083,583,2019-01-02,2021-05-31,177,0.2158,0.3134,NA,NA,0.118146,NA
-44.7842059326168,-20.9699575821367,583,2019-01-02,2021-05-31,177,0.2188,0.3173,NA,NA,0.08816,NA
-44.7842059326168,-20.9700474136651,583,2019-01-02,2021-05-31,177,0.221,0.3214,NA,NA,0.051981,NA
-44.7842059326168,-20.9701372451935,583,2019-01-02,2021-05-31,177,0.2213,0.3196,NA,NA,0.044825,NA
-44.7842957641452,-20.9656456687729,583,2019-01-02,2021-05-31,177,0.0777,0.2115,2023-05-06,0.088351,0.067405,NA
-44.7842957641452,-20.9657355003013,583,2019-01-02,2021-05-31,177,0.0914,0.223,2023-05-11,0.125079,0.070193,NA
-44.7842957641452,-20.9658253318297,583,2019-01-02,2021-05-31,177,0.11,0.2349,2023-05-16,0.117302,0.070724,NA
-44.7842957641452,-20.9696880875514,583,2019-01-02,2021-05-31,177,0.2081,0.3012,2025-12-26,0.229683,0.095741,NA
-44.7842957641452,-20.9697779190798,583,2019-01-02,2021-05-31,177,0.2135,0.3077,NA,NA,0.11343,NA
-44.7842957641452,-20.9698677506083,583,2019-01-02,2021-05-31,177,0.2164,0.3158,NA,NA,0.110849,NA
-44.7842957641452,-20.9699575821367,583,2019-01-02,2021-05-31,177,0.2186,0.3195,NA,NA,0.076229,NA
-44.7842957641452,-20.9700474136651,583,2019-01-02,2021-05-31,177,0.2179,0.3208,NA,NA,0.046775,NA
-44.7842957641452,-20.9701372451935,583,2019-01-02,2021-05-31,177,0.2143,0.3132,NA,NA,0.039665,NA
-44.7843855956736,-20.9664541525286,583,2019-01-02,2021-05-31,177,0.1887,0.3162,2024-03-16,0.228655,0.183853,NA
-44.7843855956736,-20.966543984057,583,2019-01-02,2021-05-31,177,0.203,0.3189,2024-04-05,0.262595,0.171377,NA
-44.7843855956736,-20.9666338155854,583,2019-01-02,2021-05-31,177,0.1992,0.3196,NA,NA,0.153109,NA
-44.7843855956736,-20.9667236471138,583,2019-01-02,2021-05-31,177,0.1992,0.3196,NA,NA,0.153109,NA
-44.7843855956736,-20.9696880875514,583,2019-01-02,2021-05-31,177,0.2104,0.3009,2025-12-26,0.245936,0.097458,NA
-44.7843855956736,-20.9697779190798,583,2019-01-02,2021-05-31,177,0.2195,0.3077,NA,NA,0.112579,NA
-44.7843855956736,-20.9698677506083,583,2019-01-02,2021-05-31,177,0.2216,0.3171,NA,NA,0.098726,NA
-44.7843855956736,-20.9699575821367,583,2019-01-02,2021-05-31,177,0.2217,0.3198,NA,NA,0.072649,NA
-44.7843855956736,-20.9700474136651,583,2019-01-02,2021-05-31,177,0.2191,0.3201,NA,NA,0.053793,NA
-44.7843855956736,-20.9701372451935,583,2019-01-02,2021-05-31,177,0.2095,0.3105,NA,NA,0.047267,NA
-44.784475427202,-20.9661846579434,583,2019-01-02,2021-05-31,177,0.1902,0.3183,2024-01-26,0.233629,0.17538,NA
-44.784475427202,-20.9662744894718,583,2019-01-02,2021-05-31,177,0.1889,0.3216,2024-03-16,0.239061,0.183635,NA
-44.784475427202,-20.9663643210002,583,2019-01-02,2021-05-31,177,0.1907,0.3214,2024-03-16,0.226429,0.188321,NA
-44.784475427202,-20.9664541525286,583,2019-01-02,2021-05-31,177,0.198,0.3202,2024-03-16,0.245818,0.176915,NA
-44.784475427202,-20.966543984057,583,2019-01-02,2021-05-31,177,0.2057,0.3198,2024-03-16,0.247459,0.166248,NA
-44.784475427202,-20.9666338155854,583,2019-01-02,2021-05-31,177,0.2057,0.3198,2024-03-16,0.247459,0.166248,NA
-44.784475427202,-20.9667236471138,583,2019-01-02,2021-05-31,177,0.2032,0.3184,2024-03-16,0.234704,0.14567,NA
-44.784475427202,-20.9668134786422,583,2019-01-02,2021-05-31,177,0.2049,0.3173,2024-03-16,0.238108,0.146663,NA
-44.784475427202,-20.96807112004,583,2019-01-02,2021-05-31,177,0.221,0.2932,2024-03-16,0.168912,0.134476,NA
-44.784475427202,-20.9681609515684,583,2019-01-02,2021-05-31,177,0.2204,0.3007,2024-03-16,0.171179,0.119889,NA
-44.784475427202,-20.9682507830968,583,2019-01-02,2021-05-31,177,0.227,0.3106,2024-04-05,0.220474,0.104478,NA
-44.784475427202,-20.9683406146253,583,2019-01-02,2021-05-31,177,0.2345,0.3085,2024-04-05,0.229612,0.104115,NA
-44.784475427202,-20.9684304461537,583,2019-01-02,2021-05-31,177,0.2403,0.3062,2024-04-05,0.224042,0.10781,NA
-44.784475427202,-20.9685202776821,583,2019-01-02,2021-05-31,177,0.2406,0.3077,2024-04-05,0.224806,0.114738,NA
-44.784475427202,-20.9686101092105,583,2019-01-02,2021-05-31,177,0.2379,0.3095,2024-03-16,0.188176,0.117493,NA
-44.784475427202,-20.9686999407389,583,2019-01-02,2021-05-31,177,0.2321,0.3084,2024-03-16,0.182825,0.114508,NA
-44.784475427202,-20.9687897722673,583,2019-01-02,2021-05-31,177,0.2254,0.3057,2024-04-10,0.215056,0.102541,NA
-44.784475427202,-20.9688796037957,583,2019-01-02,2021-05-31,177,0.2222,0.3043,NA,NA,0.101321,NA
-44.784475427202,-20.9689694353241,583,2019-01-02,2021-05-31,177,0.1893,0.2855,2024-03-16,0.154962,0.109548,NA
-44.784475427202,-20.9690592668525,583,2019-01-02,2021-05-31,177,0.1643,0.2629,2023-11-22,0.209271,0.089861,NA
-44.784475427202,-20.969149098381,583,2019-01-02,2021-05-31,177,0.1581,0.2555,2023-12-07,0.201918,0.086737,NA
-44.784475427202,-20.969598256023,583,2019-01-02,2021-05-31,177,0.2063,0.2978,2025-12-11,0.277719,0.089516,NA
-44.784475427202,-20.9696880875514,583,2019-01-02,2021-05-31,177,0.2158,0.3061,2025-12-26,0.248104,0.082071,NA
-44.784475427202,-20.9697779190798,583,2019-01-02,2021-05-31,177,0.2238,0.3123,NA,NA,0.095137,NA
-44.784475427202,-20.9698677506083,583,2019-01-02,2021-05-31,177,0.2203,0.3199,NA,NA,0.090624,NA
-44.784475427202,-20.9699575821367,583,2019-01-02,2021-05-31,177,0.2171,0.3196,NA,NA,0.071142,NA
-44.784475427202,-20.9700474136651,583,2019-01-02,2021-05-31,177,0.2156,0.3182,NA,NA,0.053354,NA
-44.7845652587304,-20.966094826415,583,2019-01-02,2021-05-31,177,0.1941,0.3196,2024-01-26,0.24909,0.153534,NA
-44.7845652587304,-20.9661846579434,583,2019-01-02,2021-05-31,177,0.1869,0.3202,2024-03-16,0.205823,0.173646,NA
-44.7845652587304,-20.9662744894718,583,2019-01-02,2021-05-31,177,0.1908,0.3207,2024-03-16,0.211077,0.175289,NA
-44.7845652587304,-20.9663643210002,583,2019-01-02,2021-05-31,177,0.199,0.3211,2024-03-16,0.246639,0.166286,NA
-44.7845652587304,-20.9664541525286,583,2019-01-02,2021-05-31,177,0.1992,0.3205,2024-03-16,0.231569,0.165412,NA
-44.7845652587304,-20.966543984057,583,2019-01-02,2021-05-31,177,0.2001,0.3206,2024-03-16,0.225917,0.160598,NA
-44.7845652587304,-20.9666338155854,583,2019-01-02,2021-05-31,177,0.2001,0.3206,2024-03-16,0.225917,0.160598,NA
-44.7845652587304,-20.9667236471138,583,2019-01-02,2021-05-31,177,0.2074,0.3172,2024-03-16,0.227128,0.154309,NA
-44.7845652587304,-20.9668134786422,583,2019-01-02,2021-05-31,177,0.2113,0.3174,2024-03-16,0.250013,0.160983,NA
-44.7845652587304,-20.9669033101707,583,2019-01-02,2021-05-31,177,0.218,0.3178,2024-03-16,0.249063,0.154067,NA
-44.7845652587304,-20.9677117939264,583,2019-01-02,2021-05-31,177,0.2308,0.3116,2024-03-16,0.15312,0.132625,NA
-44.7845652587304,-20.9678016254548,583,2019-01-02,2021-05-31,177,0.2319,0.308,2024-04-05,0.200086,0.123752,NA
-44.7845652587304,-20.9678914569832,583,2019-01-02,2021-05-31,177,0.2339,0.3061,2024-03-16,0.159002,0.119901,NA
-44.7845652587304,-20.9679812885116,583,2019-01-02,2021-05-31,177,0.2277,0.3069,2024-03-16,0.169162,0.133201,NA
-44.7845652587304,-20.96807112004,583,2019-01-02,2021-05-31,177,0.2237,0.3077,2024-04-05,0.197461,0.124892,NA
-44.7845652587304,-20.9681609515684,583,2019-01-02,2021-05-31,177,0.2255,0.3085,2024-03-16,0.177314,0.121,NA
-44.7845652587304,-20.9682507830968,583,2019-01-02,2021-05-31,177,0.2269,0.3105,2024-03-16,0.192028,0.125698,NA
-44.7845652587304,-20.9683406146253,583,2019-01-02,2021-05-31,177,0.2294,0.3082,2024-03-16,0.193301,0.117987,NA
-44.7845652587304,-20.9684304461537,583,2019-01-02,2021-05-31,177,0.2322,0.3085,2024-03-16,0.217863,0.134841,NA
-44.7845652587304,-20.9685202776821,583,2019-01-02,2021-05-31,177,0.2322,0.3083,2024-03-16,0.212191,0.138939,NA
-44.7845652587304,-20.9686101092105,583,2019-01-02,2021-05-31,177,0.2312,0.307,2024-03-16,0.19872,0.130011,NA
-44.7845652587304,-20.9686999407389,583,2019-01-02,2021-05-31,177,0.2312,0.3072,2024-03-16,0.200251,0.119767,NA
-44.7845652587304,-20.9687897722673,583,2019-01-02,2021-05-31,177,0.2105,0.299,2024-04-05,0.194148,0.108518,NA
-44.7845652587304,-20.9688796037957,583,2019-01-02,2021-05-31,177,0.1717,0.2744,2024-03-16,0.166702,0.104905,NA
-44.7845652587304,-20.9689694353241,583,2019-01-02,2021-05-31,177,0.1614,0.2629,2023-12-07,0.180847,0.099805,NA
-44.7845652587304,-20.9690592668525,583,2019-01-02,2021-05-31,177,0.1537,0.2567,2024-01-26,0.138829,0.084138,NA
-44.7845652587304,-20.969149098381,583,2019-01-02,2021-05-31,177,0.1221,0.2286,2024-03-16,0.121831,0.056676,NA
-44.7845652587304,-20.9692389299094,583,2019-01-02,2021-05-31,177,0.1443,0.2375,2023-11-22,0.22077,0.059933,NA
-44.7845652587304,-20.9695084244946,583,2019-01-02,2021-05-31,177,0.1969,0.2962,2024-01-26,0.248447,0.116674,NA
-44.7845652587304,-20.969598256023,583,2019-01-02,2021-05-31,177,0.2019,0.3014,2024-01-26,0.243295,0.110136,NA
-44.7845652587304,-20.9696880875514,583,2019-01-02,2021-05-31,177,0.2085,0.3079,2025-12-26,0.253288,0.098852,NA
-44.7845652587304,-20.9697779190798,583,2019-01-02,2021-05-31,177,0.2136,0.3142,NA,NA,0.110625,NA
-44.7845652587304,-20.9698677506083,583,2019-01-02,2021-05-31,177,0.2173,0.3196,NA,NA,0.109431,NA
-44.7845652587304,-20.9699575821367,583,2019-01-02,2021-05-31,177,0.217,0.3187,NA,NA,0.08529,NA
-44.7845652587304,-20.9700474136651,583,2019-01-02,2021-05-31,177,0.2165,0.3173,NA,NA,0.059626,NA
-44.7846550902588,-20.9660049948865,583,2019-01-02,2021-05-31,177,0.2009,0.3222,2024-01-26,0.266851,0.141253,NA
-44.7846550902588,-20.966094826415,583,2019-01-02,2021-05-31,177,0.1948,0.3209,2024-03-06,0.208175,0.155356,NA
-44.7846550902588,-20.9661846579434,583,2019-01-02,2021-05-31,177,0.1903,0.3177,2024-03-16,0.201714,0.172812,NA
-44.7846550902588,-20.9662744894718,583,2019-01-02,2021-05-31,177,0.1983,0.3176,2024-03-16,0.229313,0.171852,NA
-44.7846550902588,-20.9663643210002,583,2019-01-02,2021-05-31,177,0.205,0.3193,2024-03-16,0.239884,0.161657,NA
-44.7846550902588,-20.9664541525286,583,2019-01-02,2021-05-31,177,0.2009,0.3201,2024-03-16,0.211234,0.150829,NA
-44.7846550902588,-20.966543984057,583,2019-01-02,2021-05-31,177,0.1997,0.3202,2024-03-16,0.222888,0.15716,NA
-44.7846550902588,-20.9666338155854,583,2019-01-02,2021-05-31,177,0.1997,0.3202,2024-03-16,0.222888,0.15716,NA
-44.7846550902588,-20.9667236471138,583,2019-01-02,2021-05-31,177,0.2072,0.32,2024-03-16,0.248174,0.157178,NA
-44.7846550902588,-20.9668134786422,583,2019-01-02,2021-05-31,177,0.2125,0.319,2024-03-11,0.218178,0.156081,NA
-44.7846550902588,-20.9669033101707,583,2019-01-02,2021-05-31,177,0.2199,0.3175,2024-03-11,0.21596,0.145866,NA
-44.7846550902588,-20.9669931416991,583,2019-01-02,2021-05-31,177,0.2305,0.3174,2024-03-16,0.218526,0.131636,NA
-44.7846550902588,-20.9674422993411,583,2019-01-02,2021-05-31,177,0.2321,0.3165,2024-04-05,0.205431,0.130655,NA
-44.7846550902588,-20.9675321308695,583,2019-01-02,2021-05-31,177,0.2327,0.3148,2024-03-16,0.187364,0.13323,NA
-44.7846550902588,-20.967621962398,583,2019-01-02,2021-05-31,177,0.2339,0.3128,2024-03-16,0.184104,0.139327,NA
-44.7846550902588,-20.9677117939264,583,2019-01-02,2021-05-31,177,0.2334,0.3111,2024-03-16,0.18059,0.12795,NA
-44.7846550902588,-20.9678016254548,583,2019-01-02,2021-05-31,177,0.2284,0.3082,2024-03-16,0.171007,0.119423,NA
-44.7846550902588,-20.9678914569832,583,2019-01-02,2021-05-31,177,0.2292,0.3084,2024-03-16,0.167485,0.125958,NA
-44.7846550902588,-20.9679812885116,583,2019-01-02,2021-05-31,177,0.228,0.3079,2024-03-16,0.180927,0.129336,NA
-44.7846550902588,-20.96807112004,583,2019-01-02,2021-05-31,177,0.2277,0.3083,2024-03-16,0.162855,0.106609,NA
-44.7846550902588,-20.9681609515684,583,2019-01-02,2021-05-31,177,0.225,0.31,2024-03-16,0.176223,0.117207,NA
-44.7846550902588,-20.9682507830968,583,2019-01-02,2021-05-31,177,0.2262,0.3082,2024-03-16,0.211125,0.134155,NA
-44.7846550902588,-20.9683406146253,583,2019-01-02,2021-05-31,177,0.2233,0.3079,2024-03-06,0.186672,0.143645,NA
-44.7846550902588,-20.9684304461537,583,2019-01-02,2021-05-31,177,0.2208,0.3089,2024-01-26,0.21572,0.150363,NA
-44.7846550902588,-20.9685202776821,583,2019-01-02,2021-05-31,177,0.2224,0.3066,2024-03-06,0.182132,0.148551,NA
-44.7846550902588,-20.9686101092105,583,2019-01-02,2021-05-31,177,0.2146,0.2998,2024-03-16,0.188396,0.126166,NA
-44.7846550902588,-20.9686999407389,583,2019-01-02,2021-05-31,177,0.1943,0.2851,2024-03-16,0.148706,0.102908,NA
-44.7846550902588,-20.9687897722673,583,2019-01-02,2021-05-31,177,0.1694,0.266,2024-01-26,0.152607,0.111407,NA
-44.7846550902588,-20.9688796037957,583,2019-01-02,2021-05-31,177,0.1636,0.2653,2023-11-22,0.207086,0.117864,NA
-44.7846550902588,-20.9689694353241,583,2019-01-02,2021-05-31,177,0.1535,0.2596,2024-03-16,0.132475,0.094024,NA
-44.7846550902588,-20.9690592668525,583,2019-01-02,2021-05-31,177,0.1151,0.2295,2024-04-05,0.131022,0.053614,NA
-44.7846550902588,-20.969149098381,583,2019-01-02,2021-05-31,177,0.1388,0.2408,2023-11-22,0.222069,0.066189,NA
-44.7846550902588,-20.9692389299094,583,2019-01-02,2021-05-31,177,0.1803,0.2819,2023-11-22,0.245725,0.100784,NA
-44.7846550902588,-20.9693287614378,583,2019-01-02,2021-05-31,177,0.1918,0.2895,2023-11-22,0.239759,0.102486,NA
-44.7846550902588,-20.9694185929662,583,2019-01-02,2021-05-31,177,0.1953,0.2929,2024-01-26,0.222831,0.094341,NA
-44.7846550902588,-20.9695084244946,583,2019-01-02,2021-05-31,177,0.1991,0.302,2024-01-26,0.256784,0.108768,NA
-44.7846550902588,-20.969598256023,583,2019-01-02,2021-05-31,177,0.1996,0.3046,2024-01-26,0.250586,0.123177,NA
-44.7846550902588,-20.9696880875514,583,2019-01-02,2021-05-31,177,0.1999,0.3077,2025-12-26,0.265625,0.115133,NA
-44.7846550902588,-20.9697779190798,583,2019-01-02,2021-05-31,177,0.2078,0.3152,NA,NA,0.113067,NA
-44.7846550902588,-20.9698677506083,583,2019-01-02,2021-05-31,177,0.2147,0.321,NA,NA,0.110762,NA
-44.7846550902588,-20.9699575821367,583,2019-01-02,2021-05-31,177,0.2153,0.3189,NA,NA,0.083082,NA
-44.7846550902588,-20.9700474136651,583,2019-01-02,2021-05-31,177,0.2108,0.3135,NA,NA,0.066058,NA
-44.7847449217872,-20.9659151633581,583,2019-01-02,2021-05-31,177,0.2018,0.3231,2024-01-26,0.272811,0.143201,NA
-44.7847449217872,-20.9660049948865,583,2019-01-02,2021-05-31,177,0.1997,0.3215,2024-01-26,0.254009,0.142714,NA
-44.7847449217872,-20.966094826415,583,2019-01-02,2021-05-31,177,0.1938,0.3185,2024-03-16,0.234055,0.148955,NA
-44.7847449217872,-20.9661846579434,583,2019-01-02,2021-05-31,177,0.1972,0.3139,2024-03-16,0.217397,0.149585,NA
-44.7847449217872,-20.9662744894718,583,2019-01-02,2021-05-31,177,0.2044,0.3174,2024-03-06,0.19232,0.162251,NA
-44.7847449217872,-20.9663643210002,583,2019-01-02,2021-05-31,177,0.2064,0.3184,2024-03-16,0.243883,0.153447,NA
-44.7847449217872,-20.9664541525286,583,2019-01-02,2021-05-31,177,0.2045,0.3169,2024-03-16,0.229141,0.153716,NA
-44.7847449217872,-20.966543984057,583,2019-01-02,2021-05-31,177,0.2024,0.3202,2024-03-16,0.252923,0.152517,NA
-44.7847449217872,-20.9666338155854,583,2019-01-02,2021-05-31,177,0.2024,0.3202,2024-03-16,0.252923,0.152517,NA
-44.7847449217872,-20.9667236471138,583,2019-01-02,2021-05-31,177,0.2073,0.3212,2024-03-11,0.215308,0.152239,NA
-44.7847449217872,-20.9668134786422,583,2019-01-02,2021-05-31,177,0.2178,0.3179,2024-03-06,0.212143,0.140629,NA
-44.7847449217872,-20.9669033101707,583,2019-01-02,2021-05-31,177,0.2237,0.3166,2024-01-26,0.235774,0.133404,NA
-44.7847449217872,-20.9669931416991,583,2019-01-02,2021-05-31,177,0.2262,0.3154,2024-03-06,0.207814,0.126204,NA
-44.7847449217872,-20.9670829732275,583,2019-01-02,2021-05-31,177,0.2285,0.3142,2024-03-06,0.194356,0.107172,NA
-44.7847449217872,-20.9671728047559,583,2019-01-02,2021-05-31,177,0.233,0.3164,2024-01-26,0.220214,0.134019,NA
-44.7847449217872,-20.9672626362843,583,2019-01-02,2021-05-31,177,0.2321,0.3189,2024-03-06,0.195036,0.129127,NA
-44.7847449217872,-20.9673524678127,583,2019-01-02,2021-05-31,177,0.2278,0.3192,2024-03-16,0.211495,0.13009,NA
-44.7847449217872,-20.9674422993411,583,2019-01-02,2021-05-31,177,0.2244,0.3178,2024-03-16,0.18232,0.135096,NA
-44.7847449217872,-20.9675321308695,583,2019-01-02,2021-05-31,177,0.2287,0.3143,2024-03-16,0.186714,0.127032,NA
-44.7847449217872,-20.967621962398,583,2019-01-02,2021-05-31,177,0.2333,0.3113,2024-03-16,0.213508,0.131384,NA
-44.7847449217872,-20.9677117939264,583,2019-01-02,2021-05-31,177,0.2329,0.3092,2024-03-16,0.217467,0.127299,NA
-44.7847449217872,-20.9678016254548,583,2019-01-02,2021-05-31,177,0.2272,0.31,2024-03-16,0.200789,0.13402,NA
-44.7847449217872,-20.9678914569832,583,2019-01-02,2021-05-31,177,0.2245,0.3102,2024-03-16,0.194384,0.131832,NA
-44.7847449217872,-20.9679812885116,583,2019-01-02,2021-05-31,177,0.2261,0.3094,2024-03-16,0.180749,0.119275,NA
-44.7847449217872,-20.96807112004,583,2019-01-02,2021-05-31,177,0.2237,0.3093,2024-03-16,0.172273,0.117249,NA
-44.7847449217872,-20.9681609515684,583,2019-01-02,2021-05-31,177,0.2221,0.3097,2024-03-16,0.188284,0.123527,NA
-44.7847449217872,-20.9682507830968,583,2019-01-02,2021-05-31,177,0.2241,0.3097,2024-03-06,0.195436,0.140449,NA
-44.7847449217872,-20.9683406146253,583,2019-01-02,2021-05-31,177,0.2182,0.3086,2024-01-26,0.222118,0.144148,NA
-44.7847449217872,-20.9684304461537,583,2019-01-02,2021-05-31,177,0.2063,0.3021,2024-01-26,0.194753,0.142416,NA
-44.7847449217872,-20.9685202776821,583,2019-01-02,2021-05-31,177,0.1832,0.2826,2024-03-01,0.136994,0.122672,NA
-44.7847449217872,-20.9686101092105,583,2019-01-02,2021-05-31,177,0.1517,0.2618,2024-03-01,0.107856,0.114241,NA
-44.7847449217872,-20.9686999407389,583,2019-01-02,2021-05-31,177,0.1553,0.2631,2024-03-01,0.120843,0.109149,NA
-44.7847449217872,-20.9687897722673,583,2019-01-02,2021-05-31,177,0.1784,0.2767,2024-03-16,0.162585,0.121707,NA
-44.7847449217872,-20.9688796037957,583,2019-01-02,2021-05-31,177,0.1718,0.2687,2024-04-05,0.169002,0.090504,NA
-44.7847449217872,-20.9689694353241,583,2019-01-02,2021-05-31,177,0.1397,0.2382,2024-01-26,0.141026,0.060473,NA
-44.7847449217872,-20.9690592668525,583,2019-01-02,2021-05-31,177,0.1497,0.2504,2023-11-22,0.233014,0.084892,NA
-44.7847449217872,-20.969149098381,583,2019-01-02,2021-05-31,177,0.1799,0.2853,2023-11-22,0.241445,0.10503,NA
-44.7847449217872,-20.9692389299094,583,2019-01-02,2021-05-31,177,0.1884,0.2949,2023-12-07,0.234578,0.108085,NA
-44.7847449217872,-20.9693287614378,583,2019-01-02,2021-05-31,177,0.186,0.2897,2023-11-22,0.230957,0.105961,NA
-44.7847449217872,-20.9694185929662,583,2019-01-02,2021-05-31,177,0.1914,0.2956,2024-01-26,0.215627,0.105485,NA
-44.7847449217872,-20.9695084244946,583,2019-01-02,2021-05-31,177,0.1999,0.305,2024-01-26,0.225866,0.108838,NA
-44.7847449217872,-20.969598256023,583,2019-01-02,2021-05-31,177,0.2038,0.3102,2024-01-26,0.227869,0.116324,NA
-44.7847449217872,-20.9696880875514,583,2019-01-02,2021-05-31,177,0.2016,0.3132,2025-12-28,0.263239,0.105875,NA
-44.7847449217872,-20.9697779190798,583,2019-01-02,2021-05-31,177,0.2076,0.3196,NA,NA,0.098301,NA
-44.7847449217872,-20.9698677506083,583,2019-01-02,2021-05-31,177,0.2131,0.3222,NA,NA,0.092989,NA
-44.7847449217872,-20.9699575821367,583,2019-01-02,2021-05-31,177,0.2192,0.3176,NA,NA,0.068478,NA
-44.7847449217872,-20.9700474136651,583,2019-01-02,2021-05-31,177,0.2137,0.3079,NA,NA,0.050214,NA
-44.7848347533157,-20.9659151633581,583,2019-01-02,2021-05-31,177,0.1951,0.3227,2024-01-26,0.279373,0.150541,NA
-44.7848347533157,-20.9660049948865,583,2019-01-02,2021-05-31,177,0.1955,0.3209,2024-03-01,0.237311,0.142578,NA
-44.7848347533157,-20.966094826415,583,2019-01-02,2021-05-31,177,0.1968,0.3177,2024-03-06,0.220039,0.141736,NA
-44.7848347533157,-20.9661846579434,583,2019-01-02,2021-05-31,177,0.2011,0.3149,2024-03-06,0.20199,0.145897,NA
-44.7848347533157,-20.9662744894718,583,2019-01-02,2021-05-31,177,0.2067,0.3157,2024-03-11,0.211904,0.154039,NA
-44.7848347533157,-20.9663643210002,583,2019-01-02,2021-05-31,177,0.2107,0.3169,2024-03-16,0.247835,0.154924,NA
-44.7848347533157,-20.9664541525286,583,2019-01-02,2021-05-31,177,0.2087,0.3183,2024-03-16,0.235713,0.155915,NA
-44.7848347533157,-20.966543984057,583,2019-01-02,2021-05-31,177,0.2071,0.3208,2024-03-11,0.21128,0.15151,NA
-44.7848347533157,-20.9666338155854,583,2019-01-02,2021-05-31,177,0.2071,0.3208,2024-03-11,0.21128,0.15151,NA
-44.7848347533157,-20.9667236471138,583,2019-01-02,2021-05-31,177,0.2154,0.319,2024-03-06,0.213215,0.135691,NA
-44.7848347533157,-20.9668134786422,583,2019-01-02,2021-05-31,177,0.2256,0.3161,2024-01-26,0.220537,0.130468,NA
-44.7848347533157,-20.9669033101707,583,2019-01-02,2021-05-31,177,0.227,0.3159,2024-01-26,0.245079,0.132111,NA
-44.7848347533157,-20.9669931416991,583,2019-01-02,2021-05-31,177,0.2263,0.3148,2024-01-26,0.251195,0.127113,NA
-44.7848347533157,-20.9670829732275,583,2019-01-02,2021-05-31,177,0.2264,0.3147,2024-01-26,0.226789,0.111935,NA
-44.7848347533157,-20.9671728047559,583,2019-01-02,2021-05-31,177,0.2331,0.3154,2024-01-26,0.227342,0.131065,NA
-44.7848347533157,-20.9672626362843,583,2019-01-02,2021-05-31,177,0.2309,0.3179,2024-03-06,0.193647,0.126499,NA
-44.7848347533157,-20.9673524678127,583,2019-01-02,2021-05-31,177,0.2249,0.3184,2024-03-16,0.208622,0.134351,NA
-44.7848347533157,-20.9674422993411,583,2019-01-02,2021-05-31,177,0.2237,0.3151,2024-03-16,0.216434,0.137524,NA
-44.7848347533157,-20.9675321308695,583,2019-01-02,2021-05-31,177,0.2294,0.3123,2024-03-11,0.211331,0.122227,NA
-44.7848347533157,-20.967621962398,583,2019-01-02,2021-05-31,177,0.231,0.311,2024-03-11,0.210617,0.124042,NA
-44.7848347533157,-20.9677117939264,583,2019-01-02,2021-05-31,177,0.2267,0.3114,2024-03-16,0.212446,0.136003,NA
-44.7848347533157,-20.9678016254548,583,2019-01-02,2021-05-31,177,0.224,0.3128,2024-03-16,0.175507,0.123661,NA
-44.7848347533157,-20.9678914569832,583,2019-01-02,2021-05-31,177,0.2228,0.3113,2024-03-16,0.188193,0.114227,NA
-44.7848347533157,-20.9679812885116,583,2019-01-02,2021-05-31,177,0.2217,0.3108,2024-03-16,0.187934,0.121066,NA
-44.7848347533157,-20.96807112004,583,2019-01-02,2021-05-31,177,0.2174,0.3109,2024-03-16,0.177223,0.118888,NA
-44.7848347533157,-20.9681609515684,583,2019-01-02,2021-05-31,177,0.2177,0.3097,2024-03-16,0.198071,0.128012,NA
-44.7848347533157,-20.9682507830968,583,2019-01-02,2021-05-31,177,0.2156,0.3033,2024-01-26,0.200457,0.138193,NA
-44.7848347533157,-20.9683406146253,583,2019-01-02,2021-05-31,177,0.1827,0.2793,2024-01-26,0.199693,0.116722,NA
-44.7848347533157,-20.9684304461537,583,2019-01-02,2021-05-31,177,0.1508,0.2571,2023-11-22,0.202266,0.109711,NA
-44.7848347533157,-20.9685202776821,583,2019-01-02,2021-05-31,177,0.1541,0.2564,2023-11-22,0.203736,0.12053,NA
-44.7848347533157,-20.9686101092105,583,2019-01-02,2021-05-31,177,0.1691,0.2763,2024-03-16,0.124812,0.129423,NA
-44.7848347533157,-20.9686999407389,583,2019-01-02,2021-05-31,177,0.1627,0.2798,2024-04-10,0.161069,0.096322,NA
-44.7848347533157,-20.9687897722673,583,2019-01-02,2021-05-31,177,0.1246,0.2457,NA,NA,0.044911,NA
-44.7848347533157,-20.9688796037957,583,2019-01-02,2021-05-31,177,0.1338,0.2393,NA,NA,0.017651,NA
-44.7848347533157,-20.9689694353241,583,2019-01-02,2021-05-31,177,0.1721,0.271,NA,NA,0.057652,NA
-44.7848347533157,-20.9690592668525,583,2019-01-02,2021-05-31,177,0.1891,0.2962,2023-12-07,0.247045,0.116134,NA
-44.7848347533157,-20.969149098381,583,2019-01-02,2021-05-31,177,0.1855,0.2986,2023-12-07,0.243006,0.117375,NA
-44.7848347533157,-20.9692389299094,583,2019-01-02,2021-05-31,177,0.183,0.2974,2023-12-07,0.238886,0.111243,NA
-44.7848347533157,-20.9693287614378,583,2019-01-02,2021-05-31,177,0.1721,0.2894,2023-12-07,0.223248,0.109425,NA
-44.7848347533157,-20.9694185929662,583,2019-01-02,2021-05-31,177,0.1772,0.2927,2024-01-26,0.195964,0.120433,NA
-44.7848347533157,-20.9695084244946,583,2019-01-02,2021-05-31,177,0.1953,0.3057,2025-12-26,0.259076,0.11643,NA
-44.7848347533157,-20.969598256023,583,2019-01-02,2021-05-31,177,0.201,0.3114,2024-01-26,0.238541,0.106751,NA
-44.7848347533157,-20.9696880875514,583,2019-01-02,2021-05-31,177,0.2037,0.3149,2025-12-26,0.267618,0.093477,NA
-44.7848347533157,-20.9697779190798,583,2019-01-02,2021-05-31,177,0.2137,0.3205,NA,NA,0.095555,NA
-44.7848347533157,-20.9698677506083,583,2019-01-02,2021-05-31,177,0.2132,0.3209,NA,NA,0.094298,NA
-44.7848347533157,-20.9699575821367,583,2019-01-02,2021-05-31,177,0.2165,0.3152,NA,NA,0.074178,NA
-44.7848347533157,-20.9700474136651,583,2019-01-02,2021-05-31,177,0.205,0.2952,NA,NA,0.068345,NA
-44.7849245848441,-20.9659151633581,583,2019-01-02,2021-05-31,177,0.1952,0.3197,2024-01-26,0.266651,0.146238,NA
-44.7849245848441,-20.9660049948865,583,2019-01-02,2021-05-31,177,0.2013,0.3194,2024-03-06,0.212978,0.140381,NA
-44.7849245848441,-20.966094826415,583,2019-01-02,2021-05-31,177,0.2018,0.3196,2024-03-06,0.215008,0.13722,NA
-44.7849245848441,-20.9661846579434,583,2019-01-02,2021-05-31,177,0.2056,0.3165,2024-01-26,0.242013,0.145574,NA
-44.7849245848441,-20.9662744894718,583,2019-01-02,2021-05-31,177,0.212,0.3159,2024-03-06,0.211046,0.1457,NA
-44.7849245848441,-20.9663643210002,583,2019-01-02,2021-05-31,177,0.2124,0.3188,2024-03-16,0.253467,0.152758,NA
-44.7849245848441,-20.9664541525286,583,2019-01-02,2021-05-31,177,0.2103,0.3204,2024-03-11,0.227608,0.162263,NA
-44.7849245848441,-20.966543984057,583,2019-01-02,2021-05-31,177,0.2103,0.3204,2024-03-11,0.227608,0.162263,NA
-44.7849245848441,-20.9666338155854,583,2019-01-02,2021-05-31,177,0.2137,0.3194,2024-01-26,0.236003,0.142974,NA
-44.7849245848441,-20.9667236471138,583,2019-01-02,2021-05-31,177,0.2214,0.3177,2024-01-26,0.240751,0.133131,NA
-44.7849245848441,-20.9668134786422,583,2019-01-02,2021-05-31,177,0.2263,0.3156,2024-01-26,0.239692,0.131293,NA
-44.7849245848441,-20.9669033101707,583,2019-01-02,2021-05-31,177,0.2296,0.3146,2024-01-26,0.255433,0.129005,NA
-44.7849245848441,-20.9669931416991,583,2019-01-02,2021-05-31,177,0.2309,0.3144,2024-01-26,0.261178,0.134734,NA
-44.7849245848441,-20.9670829732275,583,2019-01-02,2021-05-31,177,0.2327,0.313,2024-01-26,0.253401,0.125848,NA
-44.7849245848441,-20.9671728047559,583,2019-01-02,2021-05-31,177,0.2326,0.3129,2024-01-26,0.233863,0.130406,NA
-44.7849245848441,-20.9672626362843,583,2019-01-02,2021-05-31,177,0.231,0.3158,2024-03-01,0.198084,0.127658,NA
-44.7849245848441,-20.9673524678127,583,2019-01-02,2021-05-31,177,0.2252,0.3159,2024-03-06,0.204921,0.130192,NA
-44.7849245848441,-20.9674422993411,583,2019-01-02,2021-05-31,177,0.2219,0.3125,2024-03-06,0.209093,0.13294,NA
-44.7849245848441,-20.9675321308695,583,2019-01-02,2021-05-31,177,0.2234,0.3107,2024-03-06,0.195563,0.129363,NA
-44.7849245848441,-20.967621962398,583,2019-01-02,2021-05-31,177,0.2211,0.3111,2024-03-06,0.195082,0.137628,NA
-44.7849245848441,-20.9677117939264,583,2019-01-02,2021-05-31,177,0.2162,0.3121,2024-03-06,0.189022,0.145235,NA
-44.7849245848441,-20.9678016254548,583,2019-01-02,2021-05-31,177,0.2175,0.3141,2024-03-16,0.1978,0.133904,NA
-44.7849245848441,-20.9678914569832,583,2019-01-02,2021-05-31,177,0.2165,0.312,2024-03-16,0.188673,0.117784,NA
-44.7849245848441,-20.9679812885116,583,2019-01-02,2021-05-31,177,0.2097,0.3058,2024-03-16,0.197022,0.114031,NA
-44.7849245848441,-20.96807112004,583,2019-01-02,2021-05-31,177,0.1979,0.2951,2024-03-16,0.193598,0.109794,NA
-44.7849245848441,-20.9681609515684,583,2019-01-02,2021-05-31,177,0.1815,0.2816,2024-03-06,0.177549,0.104668,NA
-44.7849245848441,-20.9682507830968,583,2019-01-02,2021-05-31,177,0.1708,0.2669,2023-11-22,0.209637,0.121393,NA
-44.7849245848441,-20.9683406146253,583,2019-01-02,2021-05-31,177,0.1656,0.2614,2023-11-22,0.227893,0.122804,NA
-44.7849245848441,-20.9684304461537,583,2019-01-02,2021-05-31,177,0.1804,0.2739,2024-01-26,0.158996,0.115241,NA
-44.7849245848441,-20.9685202776821,583,2019-01-02,2021-05-31,177,0.1959,0.2945,2024-04-05,0.188401,0.126667,NA
-44.7849245848441,-20.9686101092105,583,2019-01-02,2021-05-31,177,0.1726,0.2804,2024-04-10,0.185206,0.079093,NA
-44.7849245848441,-20.9686999407389,583,2019-01-02,2021-05-31,177,0.1208,0.2372,NA,NA,0.048434,NA
-44.7849245848441,-20.9687897722673,583,2019-01-02,2021-05-31,177,0.1359,0.2395,NA,NA,-0.015029,NA
-44.7849245848441,-20.9688796037957,583,2019-01-02,2021-05-31,177,0.1666,0.277,NA,NA,-0.042352,NA
-44.7849245848441,-20.9689694353241,583,2019-01-02,2021-05-31,177,0.1809,0.3002,NA,NA,0.035047,NA
-44.7849245848441,-20.9690592668525,583,2019-01-02,2021-05-31,177,0.1853,0.3026,2024-01-26,0.222235,0.137694,NA
-44.7849245848441,-20.969149098381,583,2019-01-02,2021-05-31,177,0.1873,0.3019,2024-01-26,0.229805,0.140052,NA
-44.7849245848441,-20.9692389299094,583,2019-01-02,2021-05-31,177,0.1828,0.3008,2024-01-26,0.235768,0.12503,NA
-44.7849245848441,-20.9693287614378,583,2019-01-02,2021-05-31,177,0.1656,0.2885,2023-11-22,0.231174,0.116922,NA
-44.7849245848441,-20.9694185929662,583,2019-01-02,2021-05-31,177,0.1676,0.2892,2024-01-26,0.183988,0.119457,NA
-44.7849245848441,-20.9695084244946,583,2019-01-02,2021-05-31,177,0.1914,0.3056,2025-12-26,0.265319,0.121497,NA
-44.7849245848441,-20.969598256023,583,2019-01-02,2021-05-31,177,0.1979,0.3125,2024-01-26,0.242032,0.116677,NA
-44.7849245848441,-20.9696880875514,583,2019-01-02,2021-05-31,177,0.2057,0.3152,NA,NA,0.09745,NA
-44.7849245848441,-20.9697779190798,583,2019-01-02,2021-05-31,177,0.2139,0.3197,NA,NA,0.09773,NA
-44.7849245848441,-20.9698677506083,583,2019-01-02,2021-05-31,177,0.2124,0.3203,NA,NA,0.106311,NA
-44.7849245848441,-20.9699575821367,583,2019-01-02,2021-05-31,177,0.2116,0.3123,NA,NA,0.097159,NA
-44.7850144163725,-20.9658253318297,583,2019-01-02,2021-05-31,177,0.1973,0.3149,2024-01-26,0.267365,0.146014,NA
-44.7850144163725,-20.9659151633581,583,2019-01-02,2021-05-31,177,0.2046,0.3151,2024-01-26,0.240885,0.14302,NA
-44.7850144163725,-20.9660049948865,583,2019-01-02,2021-05-31,177,0.2094,0.3167,2024-03-06,0.203506,0.135491,NA
-44.7850144163725,-20.966094826415,583,2019-01-02,2021-05-31,177,0.2087,0.3179,2024-03-11,0.217776,0.134989,NA
-44.7850144163725,-20.9661846579434,583,2019-01-02,2021-05-31,177,0.2116,0.3178,2024-03-06,0.212993,0.14408,NA
-44.7850144163725,-20.9662744894718,583,2019-01-02,2021-05-31,177,0.212,0.3201,2024-03-06,0.212369,0.148384,NA
-44.7850144163725,-20.9663643210002,583,2019-01-02,2021-05-31,177,0.214,0.3206,2024-03-11,0.21831,0.151572,NA
-44.7850144163725,-20.9664541525286,583,2019-01-02,2021-05-31,177,0.2144,0.32,2024-03-06,0.222492,0.149015,NA
-44.7850144163725,-20.966543984057,583,2019-01-02,2021-05-31,177,0.2144,0.32,2024-03-06,0.222492,0.149015,NA
-44.7850144163725,-20.9666338155854,583,2019-01-02,2021-05-31,177,0.2184,0.3182,2024-01-26,0.235719,0.142818,NA
-44.7850144163725,-20.9667236471138,583,2019-01-02,2021-05-31,177,0.2234,0.3166,2024-01-26,0.243014,0.129248,NA
-44.7850144163725,-20.9668134786422,583,2019-01-02,2021-05-31,177,0.2267,0.3136,2024-01-26,0.250599,0.118674,NA
-44.7850144163725,-20.9669033101707,583,2019-01-02,2021-05-31,177,0.2309,0.3114,2024-01-26,0.251675,0.122677,NA
-44.7850144163725,-20.9669931416991,583,2019-01-02,2021-05-31,177,0.2311,0.3112,2024-01-26,0.244961,0.1219,NA
-44.7850144163725,-20.9670829732275,583,2019-01-02,2021-05-31,177,0.2289,0.3113,2024-01-26,0.255177,0.125447,NA
-44.7850144163725,-20.9671728047559,583,2019-01-02,2021-05-31,177,0.225,0.3122,2024-01-26,0.234827,0.132258,NA
-44.7850144163725,-20.9672626362843,583,2019-01-02,2021-05-31,177,0.2229,0.3136,2024-01-26,0.213238,0.120955,NA
-44.7850144163725,-20.9673524678127,583,2019-01-02,2021-05-31,177,0.223,0.3129,2024-03-06,0.197851,0.120134,NA
-44.7850144163725,-20.9674422993411,583,2019-01-02,2021-05-31,177,0.2183,0.3114,2024-01-26,0.222226,0.134242,NA
-44.7850144163725,-20.9675321308695,583,2019-01-02,2021-05-31,177,0.2115,0.3108,2024-01-26,0.220409,0.138621,NA
-44.7850144163725,-20.967621962398,583,2019-01-02,2021-05-31,177,0.2089,0.3091,2024-03-06,0.17596,0.127003,NA
-44.7850144163725,-20.9677117939264,583,2019-01-02,2021-05-31,177,0.2047,0.3034,2024-03-06,0.17578,0.114239,NA
-44.7850144163725,-20.9678016254548,583,2019-01-02,2021-05-31,177,0.1979,0.2964,2024-03-16,0.169573,0.104537,NA
-44.7850144163725,-20.9678914569832,583,2019-01-02,2021-05-31,177,0.1862,0.2825,2024-01-26,0.182065,0.098858,NA
-44.7850144163725,-20.9679812885116,583,2019-01-02,2021-05-31,177,0.1743,0.2726,2023-12-17,0.193778,0.108388,NA
-44.7850144163725,-20.96807112004,583,2019-01-02,2021-05-31,177,0.1757,0.2721,2023-12-07,0.206592,0.122483,NA
-44.7850144163725,-20.9681609515684,583,2019-01-02,2021-05-31,177,0.1836,0.2779,2023-12-07,0.217548,0.133853,NA
-44.7850144163725,-20.9682507830968,583,2019-01-02,2021-05-31,177,0.1953,0.2896,2024-01-26,0.210392,0.142045,NA
-44.7850144163725,-20.9683406146253,583,2019-01-02,2021-05-31,177,0.201,0.3,2024-03-16,0.173688,0.137773,NA
-44.7850144163725,-20.9684304461537,583,2019-01-02,2021-05-31,177,0.2092,0.3063,2024-04-05,0.183176,0.113582,NA
-44.7850144163725,-20.9685202776821,583,2019-01-02,2021-05-31,177,0.2003,0.2945,2024-04-05,0.17348,0.097559,NA
-44.7850144163725,-20.9686101092105,583,2019-01-02,2021-05-31,177,0.152,0.247,NA,NA,0.037886,NA
-44.7850144163725,-20.9686999407389,583,2019-01-02,2021-05-31,177,0.1636,0.2474,NA,NA,-0.034559,NA
-44.7850144163725,-20.9687897722673,583,2019-01-02,2021-05-31,177,0.1836,0.2872,2024-10-02,-0.189953,-0.065603,NA
-44.7850144163725,-20.9688796037957,583,2019-01-02,2021-05-31,177,0.1732,0.2954,NA,NA,-0.063362,NA
-44.7850144163725,-20.9689694353241,583,2019-01-02,2021-05-31,177,0.1715,0.3015,NA,NA,0.046133,NA
-44.7850144163725,-20.9690592668525,583,2019-01-02,2021-05-31,177,0.172,0.3054,2024-03-16,0.223744,0.148343,NA
-44.7850144163725,-20.969149098381,583,2019-01-02,2021-05-31,177,0.1736,0.3057,2024-03-16,0.233286,0.153325,NA
-44.7850144163725,-20.9692389299094,583,2019-01-02,2021-05-31,177,0.171,0.303,2024-01-26,0.214311,0.128963,NA
-44.7850144163725,-20.9693287614378,583,2019-01-02,2021-05-31,177,0.1587,0.2908,2025-12-11,0.270542,0.113514,NA
-44.7850144163725,-20.9694185929662,583,2019-01-02,2021-05-31,177,0.1701,0.2938,2025-12-11,0.242257,0.117796,NA
-44.7850144163725,-20.9695084244946,583,2019-01-02,2021-05-31,177,0.1944,0.307,2025-12-26,0.259049,0.119241,NA
-44.7850144163725,-20.969598256023,583,2019-01-02,2021-05-31,177,0.2009,0.3122,2024-01-26,0.241127,0.114742,NA
-44.7850144163725,-20.9696880875514,583,2019-01-02,2021-05-31,177,0.2093,0.3152,NA,NA,0.096578,NA
-44.7850144163725,-20.9697779190798,583,2019-01-02,2021-05-31,177,0.2112,0.3191,NA,NA,0.091549,NA
-44.7850144163725,-20.9698677506083,583,2019-01-02,2021-05-31,177,0.2092,0.3198,NA,NA,0.101174,NA
-44.7850144163725,-20.9699575821367,583,2019-01-02,2021-05-31,177,0.2048,0.3069,NA,NA,0.079694,NA
-44.7851042479009,-20.9658253318297,583,2019-01-02,2021-05-31,177,0.2089,0.3068,2024-03-11,0.192594,0.09217,NA
-44.7851042479009,-20.9659151633581,583,2019-01-02,2021-05-31,177,0.2128,0.3118,2024-03-01,0.213825,0.13578,NA
-44.7851042479009,-20.9660049948865,583,2019-01-02,2021-05-31,177,0.2143,0.3146,2024-03-06,0.216225,0.124954,NA
-44.7851042479009,-20.966094826415,583,2019-01-02,2021-05-31,177,0.2151,0.3174,2024-03-06,0.207877,0.130677,NA
-44.7851042479009,-20.9661846579434,583,2019-01-02,2021-05-31,177,0.2154,0.3195,2024-03-06,0.208216,0.143136,NA
-44.7851042479009,-20.9662744894718,583,2019-01-02,2021-05-31,177,0.2128,0.3206,2024-03-06,0.209845,0.142926,NA
-44.7851042479009,-20.9663643210002,583,2019-01-02,2021-05-31,177,0.2147,0.3204,2024-03-06,0.205191,0.133118,NA
-44.7851042479009,-20.9664541525286,583,2019-01-02,2021-05-31,177,0.2176,0.3196,2024-03-06,0.228325,0.135647,NA
-44.7851042479009,-20.966543984057,583,2019-01-02,2021-05-31,177,0.2176,0.3196,2024-03-06,0.228325,0.135647,NA
-44.7851042479009,-20.9666338155854,583,2019-01-02,2021-05-31,177,0.2218,0.3167,2024-01-26,0.242586,0.134499,NA
-44.7851042479009,-20.9667236471138,583,2019-01-02,2021-05-31,177,0.225,0.3138,2024-01-26,0.2491,0.12848,NA
-44.7851042479009,-20.9668134786422,583,2019-01-02,2021-05-31,177,0.2323,0.3114,2024-01-26,0.251172,0.121178,NA
-44.7851042479009,-20.9669033101707,583,2019-01-02,2021-05-31,177,0.2365,0.3104,2024-01-26,0.248194,0.117917,NA
-44.7851042479009,-20.9669931416991,583,2019-01-02,2021-05-31,177,0.2302,0.3106,2024-01-26,0.242634,0.128309,NA
-44.7851042479009,-20.9670829732275,583,2019-01-02,2021-05-31,177,0.2189,0.3131,2024-01-26,0.244968,0.134243,NA
-44.7851042479009,-20.9671728047559,583,2019-01-02,2021-05-31,177,0.2124,0.3133,2024-01-26,0.242352,0.139667,NA
-44.7851042479009,-20.9672626362843,583,2019-01-02,2021-05-31,177,0.2119,0.3121,2024-01-26,0.232269,0.132652,NA
-44.7851042479009,-20.9673524678127,583,2019-01-02,2021-05-31,177,0.2088,0.3094,2024-01-26,0.214593,0.140462,NA
-44.7851042479009,-20.9674422993411,583,2019-01-02,2021-05-31,177,0.1937,0.3025,2024-03-01,0.172519,0.132682,NA
-44.7851042479009,-20.9675321308695,583,2019-01-02,2021-05-31,177,0.18,0.2894,2024-01-26,0.192452,0.114629,NA
-44.7851042479009,-20.967621962398,583,2019-01-02,2021-05-31,177,0.1757,0.2799,2024-01-26,0.152092,0.104712,NA
-44.7851042479009,-20.9677117939264,583,2019-01-02,2021-05-31,177,0.1842,0.2734,2023-12-17,0.196763,0.100421,NA
-44.7851042479009,-20.9678016254548,583,2019-01-02,2021-05-31,177,0.1962,0.2771,2023-12-12,0.204044,0.12223,NA
-44.7851042479009,-20.9678914569832,583,2019-01-02,2021-05-31,177,0.2021,0.286,2023-12-17,0.220858,0.130431,NA
-44.7851042479009,-20.9679812885116,583,2019-01-02,2021-05-31,177,0.2083,0.2927,2023-12-17,0.233642,0.143351,NA
-44.7851042479009,-20.96807112004,583,2019-01-02,2021-05-31,177,0.2123,0.3007,2024-01-26,0.19015,0.136956,NA
-44.7851042479009,-20.9681609515684,583,2019-01-02,2021-05-31,177,0.2139,0.3027,2024-03-16,0.228394,0.126919,NA
-44.7851042479009,-20.9682507830968,583,2019-01-02,2021-05-31,177,0.2081,0.3056,2024-04-05,0.201726,0.12679,NA
-44.7851042479009,-20.9683406146253,583,2019-01-02,2021-05-31,177,0.2094,0.3063,2024-04-05,0.19007,0.11515,NA
-44.7851042479009,-20.9684304461537,583,2019-01-02,2021-05-31,177,0.1996,0.2992,2024-04-05,0.16579,0.102589,NA
-44.7851042479009,-20.9685202776821,583,2019-01-02,2021-05-31,177,0.1575,0.2535,NA,NA,0.032226,NA
-44.7851042479009,-20.9686101092105,583,2019-01-02,2021-05-31,177,0.1631,0.2428,NA,NA,-0.028938,NA
-44.7851042479009,-20.9686999407389,583,2019-01-02,2021-05-31,177,0.1912,0.2861,2024-10-07,-0.194054,-0.076895,NA
-44.7851042479009,-20.9687897722673,583,2019-01-02,2021-05-31,177,0.1855,0.3027,2024-09-12,-0.231194,-0.093817,NA
-44.7851042479009,-20.9688796037957,583,2019-01-02,2021-05-31,177,0.1675,0.2964,NA,NA,-0.065258,NA
-44.7851042479009,-20.9689694353241,583,2019-01-02,2021-05-31,177,0.1677,0.3033,NA,NA,0.057583,NA
-44.7851042479009,-20.9690592668525,583,2019-01-02,2021-05-31,177,0.163,0.3085,2024-04-10,0.264499,0.155883,NA
-44.7851042479009,-20.969149098381,583,2019-01-02,2021-05-31,177,0.1637,0.3099,2025-12-11,0.265101,0.153616,NA
-44.7851042479009,-20.9692389299094,583,2019-01-02,2021-05-31,177,0.1643,0.3041,2025-12-11,0.291146,0.142533,NA
-44.7851042479009,-20.9693287614378,583,2019-01-02,2021-05-31,177,0.157,0.2908,2024-01-26,0.184493,0.124631,NA
-44.7851042479009,-20.9694185929662,583,2019-01-02,2021-05-31,177,0.1773,0.2961,2024-01-26,0.207215,0.121353,NA
-44.7851042479009,-20.9695084244946,583,2019-01-02,2021-05-31,177,0.199,0.3088,2024-01-26,0.228758,0.11302,NA
-44.7851042479009,-20.969598256023,583,2019-01-02,2021-05-31,177,0.2031,0.3134,2024-01-26,0.231824,0.104542,NA
-44.7851042479009,-20.9696880875514,583,2019-01-02,2021-05-31,177,0.2081,0.3158,NA,NA,0.087125,NA
-44.7851042479009,-20.9697779190798,583,2019-01-02,2021-05-31,177,0.2091,0.3189,NA,NA,0.088386,NA
-44.7851042479009,-20.9698677506083,583,2019-01-02,2021-05-31,177,0.2083,0.318,NA,NA,0.078198,NA
-44.7851042479009,-20.9699575821367,583,2019-01-02,2021-05-31,177,0.1884,0.2955,NA,NA,0.072653,NA
-44.7851940794293,-20.9657355003013,583,2019-01-02,2021-05-31,177,0.2092,0.3078,2024-04-05,0.172899,0.017752,NA
-44.7851940794293,-20.9658253318297,583,2019-01-02,2021-05-31,177,0.2107,0.3102,2024-04-05,0.14281,0.010007,NA
-44.7851940794293,-20.9659151633581,583,2019-01-02,2021-05-31,177,0.2125,0.3142,2024-03-11,0.202331,0.100155,NA
-44.7851940794293,-20.9660049948865,583,2019-01-02,2021-05-31,177,0.2157,0.3163,2024-03-01,0.208758,0.130877,NA
-44.7851940794293,-20.966094826415,583,2019-01-02,2021-05-31,177,0.2174,0.3176,2024-03-01,0.214134,0.13158,NA
-44.7851940794293,-20.9661846579434,583,2019-01-02,2021-05-31,177,0.2185,0.3191,2024-03-01,0.223126,0.13739,NA
-44.7851940794293,-20.9662744894718,583,2019-01-02,2021-05-31,177,0.2154,0.319,2024-03-01,0.216796,0.132357,NA
-44.7851940794293,-20.9663643210002,583,2019-01-02,2021-05-31,177,0.2117,0.3188,2024-03-01,0.226395,0.131475,NA
-44.7851940794293,-20.9664541525286,583,2019-01-02,2021-05-31,177,0.2171,0.3176,2024-01-26,0.235494,0.137917,NA
-44.7851940794293,-20.966543984057,583,2019-01-02,2021-05-31,177,0.2171,0.3176,2024-01-26,0.235494,0.137917,NA
-44.7851940794293,-20.9666338155854,583,2019-01-02,2021-05-31,177,0.2268,0.3147,2024-01-26,0.247982,0.138257,NA
-44.7851940794293,-20.9667236471138,583,2019-01-02,2021-05-31,177,0.2327,0.3126,2024-01-26,0.252048,0.122767,NA
-44.7851940794293,-20.9668134786422,583,2019-01-02,2021-05-31,177,0.2388,0.3114,2024-01-26,0.244447,0.121352,NA
-44.7851940794293,-20.9669033101707,583,2019-01-02,2021-05-31,177,0.2385,0.3109,2024-01-26,0.231172,0.116456,NA
-44.7851940794293,-20.9669931416991,583,2019-01-02,2021-05-31,177,0.225,0.3107,2024-01-26,0.246711,0.13468,NA
-44.7851940794293,-20.9670829732275,583,2019-01-02,2021-05-31,177,0.2152,0.3106,2024-01-26,0.244272,0.133949,NA
-44.7851940794293,-20.9671728047559,583,2019-01-02,2021-05-31,177,0.2022,0.3071,2024-01-26,0.242462,0.131701,NA
-44.7851940794293,-20.9672626362843,583,2019-01-02,2021-05-31,177,0.1862,0.2935,2023-12-17,0.234165,0.126456,NA
-44.7851940794293,-20.9673524678127,583,2019-01-02,2021-05-31,177,0.1821,0.2832,2023-12-07,0.230985,0.131027,NA
-44.7851940794293,-20.9674422993411,583,2019-01-02,2021-05-31,177,0.1791,0.2825,2023-12-07,0.204719,0.138212,NA
-44.7851940794293,-20.9675321308695,583,2019-01-02,2021-05-31,177,0.1843,0.2854,2023-12-12,0.224687,0.130724,NA
-44.7851940794293,-20.967621962398,583,2019-01-02,2021-05-31,177,0.1976,0.2915,2023-12-12,0.221315,0.146326,NA
-44.7851940794293,-20.9677117939264,583,2019-01-02,2021-05-31,177,0.2156,0.301,2023-12-17,0.243161,0.146235,NA
-44.7851940794293,-20.9678016254548,583,2019-01-02,2021-05-31,177,0.23,0.3062,2024-01-26,0.2187,0.138148,NA
-44.7851940794293,-20.9678914569832,583,2019-01-02,2021-05-31,177,0.2294,0.3075,2024-01-26,0.221308,0.134287,NA
-44.7851940794293,-20.9679812885116,583,2019-01-02,2021-05-31,177,0.2252,0.3077,2024-03-06,0.198572,0.131229,NA
-44.7851940794293,-20.96807112004,583,2019-01-02,2021-05-31,177,0.2182,0.305,2024-03-16,0.215091,0.128072,NA
-44.7851940794293,-20.9681609515684,583,2019-01-02,2021-05-31,177,0.2118,0.3036,2024-04-05,0.205178,0.114766,NA
-44.7851940794293,-20.9682507830968,583,2019-01-02,2021-05-31,177,0.2117,0.3043,2024-04-05,0.208676,0.115614,NA
-44.7851940794293,-20.9683406146253,583,2019-01-02,2021-05-31,177,0.2075,0.3044,2024-04-05,0.196298,0.095724,NA
-44.7851940794293,-20.9684304461537,583,2019-01-02,2021-05-31,177,0.1695,0.2676,2024-04-05,0.168235,0.046413,NA
-44.7851940794293,-20.9685202776821,583,2019-01-02,2021-05-31,177,0.1288,0.2189,NA,NA,-0.006442,NA
-44.7851940794293,-20.9686101092105,583,2019-01-02,2021-05-31,177,0.1646,0.2609,NA,NA,-0.058559,NA
-44.7851940794293,-20.9686999407389,583,2019-01-02,2021-05-31,177,0.1889,0.3031,2024-10-02,-0.209641,-0.090166,NA
-44.7851940794293,-20.9687897722673,583,2019-01-02,2021-05-31,177,0.1832,0.306,2024-09-02,-0.203319,-0.103739,NA
-44.7851940794293,-20.9688796037957,583,2019-01-02,2021-05-31,177,0.174,0.3027,NA,NA,-0.059475,NA
-44.7851940794293,-20.9689694353241,583,2019-01-02,2021-05-31,177,0.1736,0.3077,NA,NA,0.061621,NA
-44.7851940794293,-20.9690592668525,583,2019-01-02,2021-05-31,177,0.1666,0.3147,2025-12-26,0.262619,0.146645,NA
-44.7851940794293,-20.969149098381,583,2019-01-02,2021-05-31,177,0.1663,0.3119,2025-12-26,0.279761,0.160284,NA
-44.7851940794293,-20.9692389299094,583,2019-01-02,2021-05-31,177,0.1711,0.3044,2024-04-10,0.253436,0.150952,NA
-44.7851940794293,-20.9693287614378,583,2019-01-02,2021-05-31,177,0.1719,0.2948,2024-01-26,0.212894,0.126694,NA
-44.7851940794293,-20.9694185929662,583,2019-01-02,2021-05-31,177,0.1873,0.3003,2024-01-26,0.2229,0.120105,NA
-44.7851940794293,-20.9695084244946,583,2019-01-02,2021-05-31,177,0.1986,0.3105,2024-01-26,0.233358,0.101121,NA
-44.7851940794293,-20.969598256023,583,2019-01-02,2021-05-31,177,0.1966,0.3134,2024-01-26,0.226121,0.105787,NA
-44.7851940794293,-20.9696880875514,583,2019-01-02,2021-05-31,177,0.1985,0.3143,NA,NA,0.103279,NA
-44.7851940794293,-20.9697779190798,583,2019-01-02,2021-05-31,177,0.2023,0.3174,NA,NA,0.08724,NA
-44.7851940794293,-20.9698677506083,583,2019-01-02,2021-05-31,177,0.2028,0.3157,NA,NA,0.079742,NA
-44.7852839109577,-20.9656456687729,583,2019-01-02,2021-05-31,177,0.201,0.3102,2024-03-11,0.211284,0.060487,NA
-44.7852839109577,-20.9657355003013,583,2019-01-02,2021-05-31,177,0.2092,0.3078,2024-04-05,0.172899,0.017752,NA
-44.7852839109577,-20.9658253318297,583,2019-01-02,2021-05-31,177,0.2107,0.3102,2024-04-05,0.14281,0.010007,NA
-44.7852839109577,-20.9659151633581,583,2019-01-02,2021-05-31,177,0.2125,0.3142,2024-03-11,0.202331,0.100155,NA
-44.7852839109577,-20.9660049948865,583,2019-01-02,2021-05-31,177,0.2157,0.3163,2024-03-01,0.208758,0.130877,NA
-44.7852839109577,-20.966094826415,583,2019-01-02,2021-05-31,177,0.2174,0.3176,2024-03-01,0.214134,0.13158,NA
-44.7852839109577,-20.9661846579434,583,2019-01-02,2021-05-31,177,0.2185,0.3191,2024-03-01,0.223126,0.13739,NA
-44.7852839109577,-20.9662744894718,583,2019-01-02,2021-05-31,177,0.2154,0.319,2024-03-01,0.216796,0.132357,NA
-44.7852839109577,-20.9663643210002,583,2019-01-02,2021-05-31,177,0.2117,0.3188,2024-03-01,0.226395,0.131475,NA
-44.7852839109577,-20.9664541525286,583,2019-01-02,2021-05-31,177,0.2117,0.3188,2024-03-01,0.226395,0.131475,NA
-44.7852839109577,-20.966543984057,583,2019-01-02,2021-05-31,177,0.2171,0.3176,2024-01-26,0.235494,0.137917,NA
-44.7852839109577,-20.9666338155854,583,2019-01-02,2021-05-31,177,0.2268,0.3147,2024-01-26,0.247982,0.138257,NA
-44.7852839109577,-20.9667236471138,583,2019-01-02,2021-05-31,177,0.2327,0.3126,2024-01-26,0.252048,0.122767,NA
-44.7852839109577,-20.9668134786422,583,2019-01-02,2021-05-31,177,0.2388,0.3114,2024-01-26,0.244447,0.121352,NA
-44.7852839109577,-20.9669033101707,583,2019-01-02,2021-05-31,177,0.2385,0.3109,2024-01-26,0.231172,0.116456,NA
-44.7852839109577,-20.9669931416991,583,2019-01-02,2021-05-31,177,0.225,0.3107,2024-01-26,0.246711,0.13468,NA
-44.7852839109577,-20.9670829732275,583,2019-01-02,2021-05-31,177,0.2152,0.3106,2024-01-26,0.244272,0.133949,NA
-44.7852839109577,-20.9671728047559,583,2019-01-02,2021-05-31,177,0.2022,0.3071,2024-01-26,0.242462,0.131701,NA
-44.7852839109577,-20.9672626362843,583,2019-01-02,2021-05-31,177,0.1862,0.2935,2023-12-17,0.234165,0.126456,NA
-44.7852839109577,-20.9673524678127,583,2019-01-02,2021-05-31,177,0.1821,0.2832,2023-12-07,0.230985,0.131027,NA
-44.7852839109577,-20.9674422993411,583,2019-01-02,2021-05-31,177,0.1791,0.2825,2023-12-07,0.204719,0.138212,NA
-44.7852839109577,-20.9675321308695,583,2019-01-02,2021-05-31,177,0.1843,0.2854,2023-12-12,0.224687,0.130724,NA
-44.7852839109577,-20.967621962398,583,2019-01-02,2021-05-31,177,0.1976,0.2915,2023-12-12,0.221315,0.146326,NA
-44.7852839109577,-20.9677117939264,583,2019-01-02,2021-05-31,177,0.2156,0.301,2023-12-17,0.243161,0.146235,NA
-44.7852839109577,-20.9678016254548,583,2019-01-02,2021-05-31,177,0.23,0.3062,2024-01-26,0.2187,0.138148,NA
-44.7852839109577,-20.9678914569832,583,2019-01-02,2021-05-31,177,0.2185,0.3037,2024-01-26,0.191084,0.146539,NA
-44.7852839109577,-20.9679812885116,583,2019-01-02,2021-05-31,177,0.2146,0.3022,2024-01-26,0.212215,0.143321,NA
-44.7852839109577,-20.96807112004,583,2019-01-02,2021-05-31,177,0.2152,0.3023,2024-03-06,0.1908,0.127903,NA
-44.7852839109577,-20.9681609515684,583,2019-01-02,2021-05-31,177,0.2139,0.3028,2024-03-16,0.188285,0.110761,NA
-44.7852839109577,-20.9682507830968,583,2019-01-02,2021-05-31,177,0.2099,0.3079,2024-03-16,0.195299,0.118642,NA
-44.7852839109577,-20.9683406146253,583,2019-01-02,2021-05-31,177,0.172,0.2807,2024-03-16,0.145229,0.077308,NA
-44.7852839109577,-20.9684304461537,583,2019-01-02,2021-05-31,177,0.1267,0.2194,NA,NA,0.006979,NA
-44.7852839109577,-20.9685202776821,583,2019-01-02,2021-05-31,177,0.166,0.2383,NA,NA,-0.051509,NA
-44.7852839109577,-20.9686101092105,583,2019-01-02,2021-05-31,177,0.1869,0.2939,2024-10-07,-0.184916,-0.093816,NA
-44.7852839109577,-20.9686999407389,583,2019-01-02,2021-05-31,177,0.1832,0.3049,2024-10-02,-0.217842,-0.082584,NA
-44.7852839109577,-20.9687897722673,583,2019-01-02,2021-05-31,177,0.1841,0.3096,2024-09-02,-0.210305,-0.091424,NA
-44.7852839109577,-20.9688796037957,583,2019-01-02,2021-05-31,177,0.1794,0.3108,NA,NA,-0.048688,NA
-44.7852839109577,-20.9689694353241,583,2019-01-02,2021-05-31,177,0.1792,0.312,NA,NA,0.059034,NA
-44.7852839109577,-20.9690592668525,583,2019-01-02,2021-05-31,177,0.1781,0.3165,2025-12-26,0.2648,0.133684,NA
-44.7852839109577,-20.969149098381,583,2019-01-02,2021-05-31,177,0.1804,0.3153,2025-12-26,0.274722,0.14374,NA
-44.7852839109577,-20.9692389299094,583,2019-01-02,2021-05-31,177,0.1825,0.3064,2024-04-10,0.253731,0.144463,NA
-44.7852839109577,-20.9693287614378,583,2019-01-02,2021-05-31,177,0.1778,0.2991,2024-03-16,0.199729,0.136566,NA
-44.7852839109577,-20.9694185929662,583,2019-01-02,2021-05-31,177,0.1882,0.304,2024-03-06,0.212251,0.109563,NA
-44.7852839109577,-20.9695084244946,583,2019-01-02,2021-05-31,177,0.1923,0.3118,2024-03-06,0.223679,0.099065,NA
-44.7852839109577,-20.969598256023,583,2019-01-02,2021-05-31,177,0.1867,0.3123,2025-12-26,0.298431,0.105592,NA
-44.7852839109577,-20.9696880875514,583,2019-01-02,2021-05-31,177,0.1901,0.313,NA,NA,0.108471,NA
-44.7852839109577,-20.9697779190798,583,2019-01-02,2021-05-31,177,0.2015,0.3175,NA,NA,0.084466,NA
-44.7853737424861,-20.9656456687729,583,2019-01-02,2021-05-31,177,0.1913,0.3048,2024-01-26,0.242156,0.092264,NA
-44.7853737424861,-20.9657355003013,583,2019-01-02,2021-05-31,177,0.1972,0.3106,2024-03-01,0.21427,0.092421,NA
-44.7853737424861,-20.9658253318297,583,2019-01-02,2021-05-31,177,0.2059,0.3145,NA,NA,0.013899,NA
-44.7853737424861,-20.9659151633581,583,2019-01-02,2021-05-31,177,0.2113,0.3162,2024-04-05,0.143326,0.006973,NA
-44.7853737424861,-20.9660049948865,583,2019-01-02,2021-05-31,177,0.2135,0.3185,2024-03-06,0.192526,0.111497,NA
-44.7853737424861,-20.966094826415,583,2019-01-02,2021-05-31,177,0.2151,0.3171,2024-01-26,0.219419,0.124611,NA
-44.7853737424861,-20.9661846579434,583,2019-01-02,2021-05-31,177,0.2184,0.316,2024-01-26,0.232649,0.126195,NA
-44.7853737424861,-20.9662744894718,583,2019-01-02,2021-05-31,177,0.2166,0.3162,2024-03-01,0.22816,0.126147,NA
-44.7853737424861,-20.9663643210002,583,2019-01-02,2021-05-31,177,0.2132,0.3167,2024-01-26,0.237197,0.127983,NA
-44.7853737424861,-20.9664541525286,583,2019-01-02,2021-05-31,177,0.2132,0.3167,2024-01-26,0.237197,0.127983,NA
-44.7853737424861,-20.966543984057,583,2019-01-02,2021-05-31,177,0.2227,0.3157,2024-01-26,0.24843,0.135677,NA
-44.7853737424861,-20.9666338155854,583,2019-01-02,2021-05-31,177,0.235,0.314,2024-01-26,0.243094,0.127733,NA
-44.7853737424861,-20.9667236471138,583,2019-01-02,2021-05-31,177,0.2411,0.3138,2024-01-26,0.239238,0.131477,NA
-44.7853737424861,-20.9668134786422,583,2019-01-02,2021-05-31,177,0.2389,0.3139,2024-01-26,0.236594,0.130715,NA
-44.7853737424861,-20.9669033101707,583,2019-01-02,2021-05-31,177,0.2349,0.3121,2024-01-26,0.23429,0.124292,NA
-44.7853737424861,-20.9669931416991,583,2019-01-02,2021-05-31,177,0.228,0.3111,2024-01-26,0.232785,0.134057,NA
-44.7853737424861,-20.9670829732275,583,2019-01-02,2021-05-31,177,0.2115,0.3044,2024-01-26,0.220872,0.124365,NA
-44.7853737424861,-20.9671728047559,583,2019-01-02,2021-05-31,177,0.1828,0.2852,2023-12-12,0.241157,0.128658,NA
-44.7853737424861,-20.9672626362843,583,2019-01-02,2021-05-31,177,0.1769,0.2792,2023-11-22,0.257936,0.138821,NA
-44.7853737424861,-20.9673524678127,583,2019-01-02,2021-05-31,177,0.1943,0.2967,2023-11-22,0.272039,0.154213,NA
-44.7853737424861,-20.9674422993411,583,2019-01-02,2021-05-31,177,0.2083,0.3087,2023-12-12,0.256594,0.161116,NA
-44.7853737424861,-20.9675321308695,583,2019-01-02,2021-05-31,177,0.2144,0.3129,2024-01-26,0.238951,0.148718,NA
-44.7853737424861,-20.967621962398,583,2019-01-02,2021-05-31,177,0.2216,0.3149,2024-01-26,0.225456,0.140098,NA
-44.7853737424861,-20.9677117939264,583,2019-01-02,2021-05-31,177,0.2265,0.3127,2024-01-26,0.232145,0.142625,NA
-44.7853737424861,-20.9678016254548,583,2019-01-02,2021-05-31,177,0.2282,0.3084,2024-01-26,0.232347,0.137799,NA
-44.7853737424861,-20.9678914569832,583,2019-01-02,2021-05-31,177,0.2185,0.3037,2024-01-26,0.191084,0.146539,NA
-44.7853737424861,-20.9679812885116,583,2019-01-02,2021-05-31,177,0.2146,0.3022,2024-01-26,0.212215,0.143321,NA
-44.7853737424861,-20.96807112004,583,2019-01-02,2021-05-31,177,0.2152,0.3023,2024-03-06,0.1908,0.127903,NA
-44.7853737424861,-20.9681609515684,583,2019-01-02,2021-05-31,177,0.2139,0.3028,2024-03-16,0.188285,0.110761,NA
-44.7853737424861,-20.9682507830968,583,2019-01-02,2021-05-31,177,0.2099,0.3079,2024-03-16,0.195299,0.118642,NA
-44.7853737424861,-20.9683406146253,583,2019-01-02,2021-05-31,177,0.172,0.2807,2024-03-16,0.145229,0.077308,NA
-44.7853737424861,-20.9684304461537,583,2019-01-02,2021-05-31,177,0.1267,0.2194,NA,NA,0.006979,NA
-44.7853737424861,-20.9685202776821,583,2019-01-02,2021-05-31,177,0.166,0.2383,NA,NA,-0.051509,NA
-44.7853737424861,-20.9686101092105,583,2019-01-02,2021-05-31,177,0.1869,0.2939,2024-10-07,-0.184916,-0.093816,NA
-44.7853737424861,-20.9686999407389,583,2019-01-02,2021-05-31,177,0.1832,0.3049,2024-10-02,-0.217842,-0.082584,NA
-44.7853737424861,-20.9687897722673,583,2019-01-02,2021-05-31,177,0.1841,0.3096,2024-09-02,-0.210305,-0.091424,NA
-44.7853737424861,-20.9688796037957,583,2019-01-02,2021-05-31,177,0.1794,0.3108,NA,NA,-0.048688,NA
-44.7853737424861,-20.9689694353241,583,2019-01-02,2021-05-31,177,0.1792,0.312,NA,NA,0.059034,NA
-44.7853737424861,-20.9690592668525,583,2019-01-02,2021-05-31,177,0.1781,0.3165,2025-12-26,0.2648,0.133684,NA
-44.7853737424861,-20.969149098381,583,2019-01-02,2021-05-31,177,0.1804,0.3153,2025-12-26,0.274722,0.14374,NA
-44.7853737424861,-20.9692389299094,583,2019-01-02,2021-05-31,177,0.1825,0.3064,2024-04-10,0.253731,0.144463,NA
-44.7853737424861,-20.9693287614378,583,2019-01-02,2021-05-31,177,0.1778,0.2991,2024-03-16,0.199729,0.136566,NA
-44.7853737424861,-20.9694185929662,583,2019-01-02,2021-05-31,177,0.1882,0.304,2024-03-06,0.212251,0.109563,NA
-44.7853737424861,-20.9695084244946,583,2019-01-02,2021-05-31,177,0.1923,0.3118,2024-03-06,0.223679,0.099065,NA
-44.7853737424861,-20.969598256023,583,2019-01-02,2021-05-31,177,0.1867,0.3123,2025-12-26,0.298431,0.105592,NA
-44.7853737424861,-20.9696880875514,583,2019-01-02,2021-05-31,177,0.1901,0.313,NA,NA,0.108471,NA
-44.7853737424861,-20.9697779190798,583,2019-01-02,2021-05-31,177,0.2015,0.3175,NA,NA,0.084466,NA
-44.7854635740145,-20.9656456687729,583,2019-01-02,2021-05-31,177,0.194,0.3008,2023-12-17,0.265942,0.087485,NA
-44.7854635740145,-20.9657355003013,583,2019-01-02,2021-05-31,177,0.1958,0.3109,2024-01-26,0.256074,0.113111,NA
-44.7854635740145,-20.9658253318297,583,2019-01-02,2021-05-31,177,0.2051,0.3182,2024-03-11,0.207458,0.101087,NA
-44.7854635740145,-20.9659151633581,583,2019-01-02,2021-05-31,177,0.2123,0.3187,NA,NA,-0.016975,NA
-44.7854635740145,-20.9660049948865,583,2019-01-02,2021-05-31,177,0.2149,0.318,2024-03-16,0.163106,0.02125,NA
-44.7854635740145,-20.966094826415,583,2019-01-02,2021-05-31,177,0.2147,0.3151,2024-01-26,0.237037,0.096776,NA
-44.7854635740145,-20.9661846579434,583,2019-01-02,2021-05-31,177,0.218,0.3127,2024-01-26,0.241789,0.10578,NA
-44.7854635740145,-20.9662744894718,583,2019-01-02,2021-05-31,177,0.222,0.3118,2024-01-26,0.235332,0.12025,NA
-44.7854635740145,-20.9663643210002,583,2019-01-02,2021-05-31,177,0.2238,0.3125,2024-01-26,0.234964,0.119345,NA
-44.7854635740145,-20.9664541525286,583,2019-01-02,2021-05-31,177,0.2238,0.3125,2024-01-26,0.234964,0.119345,NA
-44.7854635740145,-20.966543984057,583,2019-01-02,2021-05-31,177,0.2288,0.3135,2024-01-26,0.236351,0.112919,NA
-44.7854635740145,-20.9666338155854,583,2019-01-02,2021-05-31,177,0.2425,0.3119,2024-01-26,0.236578,0.111391,NA
-44.7854635740145,-20.9667236471138,583,2019-01-02,2021-05-31,177,0.2438,0.3143,2024-01-26,0.237114,0.136414,NA
-44.7854635740145,-20.9668134786422,583,2019-01-02,2021-05-31,177,0.2327,0.3164,2024-01-26,0.238973,0.143654,NA
-44.7854635740145,-20.9669033101707,583,2019-01-02,2021-05-31,177,0.227,0.315,2024-01-26,0.24184,0.136338,NA
-44.7854635740145,-20.9669931416991,583,2019-01-02,2021-05-31,177,0.2137,0.3052,2024-01-26,0.213626,0.123903,NA
-44.7854635740145,-20.9670829732275,583,2019-01-02,2021-05-31,177,0.1916,0.2828,2023-12-17,0.223527,0.123316,NA
-44.7854635740145,-20.9671728047559,583,2019-01-02,2021-05-31,177,0.1859,0.2833,2023-11-22,0.266526,0.157096,NA
-44.7854635740145,-20.9672626362843,583,2019-01-02,2021-05-31,177,0.1996,0.3044,2023-11-22,0.270844,0.168701,NA
-44.7854635740145,-20.9673524678127,583,2019-01-02,2021-05-31,177,0.2105,0.3137,2023-12-12,0.264813,0.161209,NA
-44.7854635740145,-20.9674422993411,583,2019-01-02,2021-05-31,177,0.2159,0.314,2023-12-17,0.263243,0.151279,NA
-44.7854635740145,-20.9675321308695,583,2019-01-02,2021-05-31,177,0.2241,0.3131,2023-12-17,0.256749,0.148112,NA
-44.7854635740145,-20.967621962398,583,2019-01-02,2021-05-31,177,0.2295,0.3116,2024-01-26,0.249749,0.136505,NA
-44.7854635740145,-20.9677117939264,583,2019-01-02,2021-05-31,177,0.2302,0.3088,2024-01-26,0.249426,0.139655,NA
-44.7854635740145,-20.9678016254548,583,2019-01-02,2021-05-31,177,0.2301,0.3072,2024-01-26,0.245212,0.139879,NA
-44.7854635740145,-20.9678914569832,583,2019-01-02,2021-05-31,177,0.2215,0.3038,2024-01-26,0.22997,0.147013,NA
-44.7854635740145,-20.9679812885116,583,2019-01-02,2021-05-31,177,0.2177,0.3016,2024-01-26,0.211474,0.138538,NA
-44.7854635740145,-20.96807112004,583,2019-01-02,2021-05-31,177,0.2217,0.3027,2024-01-26,0.203631,0.128617,NA
-44.7854635740145,-20.9681609515684,583,2019-01-02,2021-05-31,177,0.2202,0.3042,2024-03-01,0.190115,0.125671,NA
-44.7854635740145,-20.9682507830968,583,2019-01-02,2021-05-31,177,0.1975,0.2966,2024-03-16,0.181713,0.094612,NA
-44.7854635740145,-20.9683406146253,583,2019-01-02,2021-05-31,177,0.1418,0.2349,NA,NA,0.02729,NA
-44.7854635740145,-20.9684304461537,583,2019-01-02,2021-05-31,177,0.1392,0.2199,NA,NA,-0.022736,NA
-44.7854635740145,-20.9685202776821,583,2019-01-02,2021-05-31,177,0.1891,0.2779,2024-10-22,-0.168226,-0.083713,NA
-44.7854635740145,-20.9686101092105,583,2019-01-02,2021-05-31,177,0.1961,0.3071,2024-10-02,-0.211381,-0.097763,NA
-44.7854635740145,-20.9686999407389,583,2019-01-02,2021-05-31,177,0.1741,0.3076,2024-10-07,-0.186262,-0.064397,NA
-44.7854635740145,-20.9687897722673,583,2019-01-02,2021-05-31,177,0.1824,0.3106,2024-10-02,-0.208984,-0.061939,NA
-44.7854635740145,-20.9688796037957,583,2019-01-02,2021-05-31,177,0.1839,0.3102,NA,NA,-0.032437,NA
-44.7854635740145,-20.9689694353241,583,2019-01-02,2021-05-31,177,0.1834,0.3118,NA,NA,0.063641,NA
-44.7854635740145,-20.9690592668525,583,2019-01-02,2021-05-31,177,0.1867,0.3169,2025-12-26,0.259928,0.128209,NA
-44.7854635740145,-20.969149098381,583,2019-01-02,2021-05-31,177,0.1895,0.3171,2025-12-28,0.259679,0.137185,NA
-44.7854635740145,-20.9692389299094,583,2019-01-02,2021-05-31,177,0.1823,0.3083,2025-12-26,0.246106,0.144026,NA
-44.7854635740145,-20.9693287614378,583,2019-01-02,2021-05-31,177,0.171,0.3015,2024-04-05,0.200388,0.14377,NA
-44.7854635740145,-20.9694185929662,583,2019-01-02,2021-05-31,177,0.182,0.3071,2024-04-05,0.223198,0.126205,NA
-44.7854635740145,-20.9695084244946,583,2019-01-02,2021-05-31,177,0.1869,0.3152,2024-04-10,0.259826,0.105842,NA
-44.7854635740145,-20.969598256023,583,2019-01-02,2021-05-31,177,0.1843,0.3157,2025-12-28,0.292377,0.105526,NA
-44.7854635740145,-20.9696880875514,583,2019-01-02,2021-05-31,177,0.1958,0.3161,NA,NA,0.093598,NA
-44.7854635740145,-20.9697779190798,583,2019-01-02,2021-05-31,177,0.2041,0.3197,NA,NA,0.072024,NA
-44.7855534055429,-20.9655558372445,583,2019-01-02,2021-05-31,177,0.1974,0.303,2023-12-12,0.279013,0.083071,NA
-44.7855534055429,-20.9656456687729,583,2019-01-02,2021-05-31,177,0.2038,0.3095,2023-12-17,0.272079,0.101038,NA
-44.7855534055429,-20.9657355003013,583,2019-01-02,2021-05-31,177,0.207,0.3163,2024-01-26,0.247007,0.116796,NA
-44.7855534055429,-20.9658253318297,583,2019-01-02,2021-05-31,177,0.2093,0.3193,2024-01-26,0.237496,0.131194,NA
-44.7855534055429,-20.9659151633581,583,2019-01-02,2021-05-31,177,0.2127,0.3171,2024-03-16,0.171672,0.050258,NA
-44.7855534055429,-20.9660049948865,583,2019-01-02,2021-05-31,177,0.2165,0.3139,NA,NA,-0.032793,NA
-44.7855534055429,-20.966094826415,583,2019-01-02,2021-05-31,177,0.2111,0.3073,2024-03-11,0.196267,0.043049,NA
-44.7855534055429,-20.9661846579434,583,2019-01-02,2021-05-31,177,0.2095,0.3023,2024-01-26,0.23143,0.086174,NA
-44.7855534055429,-20.9662744894718,583,2019-01-02,2021-05-31,177,0.2229,0.3073,2024-01-26,0.234412,0.104252,NA
-44.7855534055429,-20.9663643210002,583,2019-01-02,2021-05-31,177,0.228,0.3111,2024-01-26,0.231911,0.115737,NA
-44.7855534055429,-20.9664541525286,583,2019-01-02,2021-05-31,177,0.228,0.3111,2024-01-26,0.231911,0.115737,NA
-44.7855534055429,-20.966543984057,583,2019-01-02,2021-05-31,177,0.2332,0.3121,2024-01-26,0.228746,0.109377,NA
-44.7855534055429,-20.9666338155854,583,2019-01-02,2021-05-31,177,0.243,0.3132,2024-01-26,0.229639,0.117054,NA
-44.7855534055429,-20.9667236471138,583,2019-01-02,2021-05-31,177,0.2402,0.3161,2024-01-26,0.237841,0.140352,NA
-44.7855534055429,-20.9668134786422,583,2019-01-02,2021-05-31,177,0.2274,0.3167,2024-01-26,0.247381,0.141151,NA
-44.7855534055429,-20.9669033101707,583,2019-01-02,2021-05-31,177,0.214,0.311,2024-01-26,0.241573,0.136742,NA
-44.7855534055429,-20.9669931416991,583,2019-01-02,2021-05-31,177,0.1889,0.2903,2023-12-17,0.24121,0.137995,NA
-44.7855534055429,-20.9670829732275,583,2019-01-02,2021-05-31,177,0.1957,0.2855,2023-11-22,0.258595,0.157612,NA
-44.7855534055429,-20.9671728047559,583,2019-01-02,2021-05-31,177,0.2096,0.3031,2023-12-07,0.258699,0.166295,NA
-44.7855534055429,-20.9672626362843,583,2019-01-02,2021-05-31,177,0.2136,0.3107,2023-12-17,0.267005,0.159953,NA
-44.7855534055429,-20.9673524678127,583,2019-01-02,2021-05-31,177,0.2178,0.3119,2023-12-17,0.266319,0.15754,NA
-44.7855534055429,-20.9674422993411,583,2019-01-02,2021-05-31,177,0.2218,0.3134,2023-12-17,0.265792,0.154552,NA
-44.7855534055429,-20.9675321308695,583,2019-01-02,2021-05-31,177,0.2257,0.3111,2023-12-12,0.261225,0.153134,NA
-44.7855534055429,-20.967621962398,583,2019-01-02,2021-05-31,177,0.2278,0.309,2023-12-17,0.266335,0.144338,NA
-44.7855534055429,-20.9677117939264,583,2019-01-02,2021-05-31,177,0.2242,0.3073,2023-12-17,0.261016,0.144691,NA
-44.7855534055429,-20.9678016254548,583,2019-01-02,2021-05-31,177,0.2215,0.3061,2023-12-17,0.267238,0.143359,NA
-44.7855534055429,-20.9678914569832,583,2019-01-02,2021-05-31,177,0.2235,0.304,2023-12-17,0.267253,0.147962,NA
-44.7855534055429,-20.9679812885116,583,2019-01-02,2021-05-31,177,0.2213,0.3044,2024-01-26,0.226208,0.144923,NA
-44.7855534055429,-20.96807112004,583,2019-01-02,2021-05-31,177,0.2205,0.3041,2024-01-26,0.206099,0.130179,NA
-44.7855534055429,-20.9681609515684,583,2019-01-02,2021-05-31,177,0.2223,0.3058,2024-03-06,0.180528,0.123483,NA
-44.7855534055429,-20.9682507830968,583,2019-01-02,2021-05-31,177,0.173,0.2683,2024-04-05,0.16256,0.051198,NA
-44.7855534055429,-20.9683406146253,583,2019-01-02,2021-05-31,177,0.1434,0.2164,NA,NA,-0.012704,NA
-44.7855534055429,-20.9684304461537,583,2019-01-02,2021-05-31,177,0.1778,0.2571,NA,NA,-0.060818,NA
-44.7855534055429,-20.9685202776821,583,2019-01-02,2021-05-31,177,0.2034,0.3023,2024-10-02,-0.199901,-0.089844,NA
-44.7855534055429,-20.9686101092105,583,2019-01-02,2021-05-31,177,0.1977,0.3134,2024-09-17,-0.233622,-0.093414,NA
-44.7855534055429,-20.9686999407389,583,2019-01-02,2021-05-31,177,0.189,0.314,2024-10-02,-0.198773,-0.066808,NA
-44.7855534055429,-20.9687897722673,583,2019-01-02,2021-05-31,177,0.1876,0.3119,2024-10-02,-0.206728,-0.064096,NA
-44.7855534055429,-20.9688796037957,583,2019-01-02,2021-05-31,177,0.1842,0.3104,NA,NA,-0.027383,NA
-44.7855534055429,-20.9689694353241,583,2019-01-02,2021-05-31,177,0.1886,0.3122,NA,NA,0.072396,NA
-44.7855534055429,-20.9690592668525,583,2019-01-02,2021-05-31,177,0.1977,0.3189,NA,NA,0.11551,NA
-44.7855534055429,-20.969149098381,583,2019-01-02,2021-05-31,177,0.1955,0.3186,NA,NA,0.126565,NA
-44.7855534055429,-20.9692389299094,583,2019-01-02,2021-05-31,177,0.1784,0.3098,NA,NA,0.150477,NA
-44.7855534055429,-20.9693287614378,583,2019-01-02,2021-05-31,177,0.1712,0.3068,2024-04-10,0.233629,0.155068,NA
-44.7855534055429,-20.9694185929662,583,2019-01-02,2021-05-31,177,0.1832,0.312,2024-04-10,0.246829,0.129053,NA
-44.7855534055429,-20.9695084244946,583,2019-01-02,2021-05-31,177,0.1849,0.3162,2025-12-26,0.296643,0.103735,NA
-44.7855534055429,-20.969598256023,583,2019-01-02,2021-05-31,177,0.1865,0.3179,NA,NA,0.100268,NA
-44.7855534055429,-20.9696880875514,583,2019-01-02,2021-05-31,177,0.1987,0.3187,NA,NA,0.082622,NA
-44.7856432370714,-20.9654660057161,583,2019-01-02,2021-05-31,177,0.2103,0.3018,2023-12-17,0.263339,0.066118,NA
-44.7856432370714,-20.9655558372445,583,2019-01-02,2021-05-31,177,0.2064,0.3056,2023-12-17,0.268815,0.087929,NA
-44.7856432370714,-20.9656456687729,583,2019-01-02,2021-05-31,177,0.2101,0.3134,2024-01-26,0.248082,0.096935,NA
-44.7856432370714,-20.9657355003013,583,2019-01-02,2021-05-31,177,0.2151,0.3151,2024-01-26,0.238252,0.099884,NA
-44.7856432370714,-20.9658253318297,583,2019-01-02,2021-05-31,177,0.212,0.3092,2024-01-26,0.23543,0.102094,NA
-44.7856432370714,-20.9659151633581,583,2019-01-02,2021-05-31,177,0.2134,0.3058,2024-01-26,0.223908,0.085569,NA
-44.7856432370714,-20.9660049948865,583,2019-01-02,2021-05-31,177,0.2134,0.3031,NA,NA,-0.020146,NA
-44.7856432370714,-20.966094826415,583,2019-01-02,2021-05-31,177,0.2059,0.2961,2024-03-16,0.077295,-0.026616,NA
-44.7856432370714,-20.9661846579434,583,2019-01-02,2021-05-31,177,0.2091,0.2943,2024-01-26,0.201477,0.076332,NA
-44.7856432370714,-20.9662744894718,583,2019-01-02,2021-05-31,177,0.2313,0.3068,2024-01-26,0.23921,0.10316,NA
-44.7856432370714,-20.9663643210002,583,2019-01-02,2021-05-31,177,0.2338,0.3126,2024-01-26,0.245987,0.123118,NA
-44.7856432370714,-20.9664541525286,583,2019-01-02,2021-05-31,177,0.2338,0.3126,2024-01-26,0.245987,0.123118,NA
-44.7856432370714,-20.966543984057,583,2019-01-02,2021-05-31,177,0.2349,0.3138,2024-01-26,0.242386,0.122805,NA
-44.7856432370714,-20.9666338155854,583,2019-01-02,2021-05-31,177,0.2357,0.3147,2024-01-26,0.235314,0.132124,NA
-44.7856432370714,-20.9667236471138,583,2019-01-02,2021-05-31,177,0.2337,0.3134,2024-01-26,0.238365,0.134444,NA
-44.7856432370714,-20.9668134786422,583,2019-01-02,2021-05-31,177,0.2255,0.3133,2024-01-26,0.246467,0.128187,NA
-44.7856432370714,-20.9669033101707,583,2019-01-02,2021-05-31,177,0.2007,0.3008,2024-01-26,0.243577,0.129856,NA
-44.7856432370714,-20.9669931416991,583,2019-01-02,2021-05-31,177,0.1891,0.2873,2023-12-07,0.243817,0.143844,NA
-44.7856432370714,-20.9670829732275,583,2019-01-02,2021-05-31,177,0.2147,0.3023,2023-12-12,0.264157,0.166424,NA
-44.7856432370714,-20.9671728047559,583,2019-01-02,2021-05-31,177,0.2206,0.3131,2023-12-17,0.265909,0.164008,NA
-44.7856432370714,-20.9672626362843,583,2019-01-02,2021-05-31,177,0.2195,0.3125,2023-12-17,0.270158,0.163551,NA
-44.7856432370714,-20.9673524678127,583,2019-01-02,2021-05-31,177,0.2214,0.3134,2023-12-12,0.265059,0.160492,NA
-44.7856432370714,-20.9674422993411,583,2019-01-02,2021-05-31,177,0.224,0.3125,2023-12-17,0.265342,0.152936,NA
-44.7856432370714,-20.9675321308695,583,2019-01-02,2021-05-31,177,0.2271,0.3084,2023-12-12,0.263711,0.146022,NA
-44.7856432370714,-20.967621962398,583,2019-01-02,2021-05-31,177,0.2251,0.3063,2023-12-12,0.265963,0.14896,NA
-44.7856432370714,-20.9677117939264,583,2019-01-02,2021-05-31,177,0.2176,0.3053,2023-12-07,0.247532,0.157177,NA
-44.7856432370714,-20.9678016254548,583,2019-01-02,2021-05-31,177,0.217,0.305,2023-12-07,0.255906,0.154544,NA
-44.7856432370714,-20.9678914569832,583,2019-01-02,2021-05-31,177,0.2277,0.3053,2023-12-12,0.265536,0.147767,NA
-44.7856432370714,-20.9679812885116,583,2019-01-02,2021-05-31,177,0.2265,0.3045,2024-01-26,0.239553,0.150017,NA
-44.7856432370714,-20.96807112004,583,2019-01-02,2021-05-31,177,0.218,0.3047,2024-01-26,0.221443,0.144544,NA
-44.7856432370714,-20.9681609515684,583,2019-01-02,2021-05-31,177,0.2053,0.2939,2024-03-06,0.162247,0.122922,NA
-44.7856432370714,-20.9682507830968,583,2019-01-02,2021-05-31,177,0.1462,0.2379,NA,NA,0.041094,NA
-44.7856432370714,-20.9683406146253,583,2019-01-02,2021-05-31,177,0.1676,0.2342,NA,NA,-0.039192,NA
-44.7856432370714,-20.9684304461537,583,2019-01-02,2021-05-31,177,0.2035,0.2853,2024-10-02,-0.188604,-0.080838,NA
-44.7856432370714,-20.9685202776821,583,2019-01-02,2021-05-31,177,0.2094,0.3066,2024-09-17,-0.224124,-0.0937,NA
-44.7856432370714,-20.9686101092105,583,2019-01-02,2021-05-31,177,0.2047,0.3141,2024-09-12,-0.217145,-0.093815,NA
-44.7856432370714,-20.9686999407389,583,2019-01-02,2021-05-31,177,0.1968,0.3127,2024-10-02,-0.215128,-0.068154,NA
-44.7856432370714,-20.9687897722673,583,2019-01-02,2021-05-31,177,0.1899,0.31,2024-10-02,-0.204353,-0.055428,NA
-44.7856432370714,-20.9688796037957,583,2019-01-02,2021-05-31,177,0.1839,0.3104,NA,NA,-0.015494,NA
-44.7856432370714,-20.9689694353241,583,2019-01-02,2021-05-31,177,0.1898,0.3095,NA,NA,0.076939,NA
-44.7856432370714,-20.9690592668525,583,2019-01-02,2021-05-31,177,0.2038,0.3162,NA,NA,0.115622,NA
-44.7856432370714,-20.969149098381,583,2019-01-02,2021-05-31,177,0.2057,0.3193,NA,NA,0.120723,NA
-44.7856432370714,-20.9692389299094,583,2019-01-02,2021-05-31,177,0.1862,0.3094,NA,NA,0.149406,NA
-44.7856432370714,-20.9693287614378,583,2019-01-02,2021-05-31,177,0.1711,0.3053,2024-04-05,0.23085,0.16266,NA
-44.7856432370714,-20.9694185929662,583,2019-01-02,2021-05-31,177,0.1821,0.3113,2024-04-05,0.249269,0.136101,NA
-44.7856432370714,-20.9695084244946,583,2019-01-02,2021-05-31,177,0.185,0.3163,2025-12-26,0.292029,0.111845,NA
-44.7856432370714,-20.969598256023,583,2019-01-02,2021-05-31,177,0.1865,0.3176,NA,NA,0.105049,NA
-44.7856432370714,-20.9696880875514,583,2019-01-02,2021-05-31,177,0.1972,0.3203,NA,NA,0.089613,NA
-44.7857330685998,-20.9654660057161,583,2019-01-02,2021-05-31,177,0.2037,0.3013,2024-01-26,0.247149,0.061582,NA
-44.7857330685998,-20.9655558372445,583,2019-01-02,2021-05-31,177,0.205,0.3038,2024-03-01,0.208612,0.057707,NA
-44.7857330685998,-20.9656456687729,583,2019-01-02,2021-05-31,177,0.2123,0.3036,2024-01-26,0.224185,0.068792,NA
-44.7857330685998,-20.9657355003013,583,2019-01-02,2021-05-31,177,0.2126,0.299,2024-01-26,0.231181,0.085532,NA
-44.7857330685998,-20.9658253318297,583,2019-01-02,2021-05-31,177,0.1976,0.2902,2023-12-12,0.251811,0.095165,NA
-44.7857330685998,-20.9659151633581,583,2019-01-02,2021-05-31,177,0.2016,0.2932,2023-12-12,0.266528,0.10538,NA
-44.7857330685998,-20.9660049948865,583,2019-01-02,2021-05-31,177,0.1982,0.2839,2024-02-25,0.159917,0.065686,NA
-44.7857330685998,-20.9662744894718,583,2019-01-02,2021-05-31,177,0.241,0.3056,2024-01-26,0.240643,0.108563,NA
-44.7857330685998,-20.9663643210002,583,2019-01-02,2021-05-31,177,0.241,0.3056,2024-01-26,0.240643,0.108563,NA
-44.7857330685998,-20.9664541525286,583,2019-01-02,2021-05-31,177,0.2361,0.3121,2024-01-26,0.243611,0.126024,NA
-44.7857330685998,-20.966543984057,583,2019-01-02,2021-05-31,177,0.2316,0.3136,2024-01-26,0.25384,0.126773,NA
-44.7857330685998,-20.9666338155854,583,2019-01-02,2021-05-31,177,0.2278,0.3124,2024-01-26,0.24709,0.137457,NA
-44.7857330685998,-20.9667236471138,583,2019-01-02,2021-05-31,177,0.2262,0.3114,2024-01-26,0.247682,0.127244,NA
-44.7857330685998,-20.9668134786422,583,2019-01-02,2021-05-31,177,0.2143,0.309,2024-01-26,0.224149,0.136899,NA
-44.7857330685998,-20.9669033101707,583,2019-01-02,2021-05-31,177,0.1913,0.2877,2023-12-17,0.230231,0.134312,NA
-44.7857330685998,-20.9669931416991,583,2019-01-02,2021-05-31,177,0.1997,0.2899,2023-12-07,0.244351,0.14023,NA
-44.7857330685998,-20.9670829732275,583,2019-01-02,2021-05-31,177,0.2238,0.3096,2023-12-17,0.257595,0.158264,NA
-44.7857330685998,-20.9671728047559,583,2019-01-02,2021-05-31,177,0.2253,0.3135,2023-12-17,0.255754,0.154519,NA
-44.7857330685998,-20.9672626362843,583,2019-01-02,2021-05-31,177,0.2181,0.3118,2023-12-17,0.263443,0.161062,NA
-44.7857330685998,-20.9673524678127,583,2019-01-02,2021-05-31,177,0.2165,0.3112,2023-12-17,0.263484,0.157636,NA
-44.7857330685998,-20.9674422993411,583,2019-01-02,2021-05-31,177,0.2198,0.3099,2023-12-17,0.265405,0.144821,NA
-44.7857330685998,-20.9675321308695,583,2019-01-02,2021-05-31,177,0.2266,0.3065,2023-12-17,0.264563,0.139566,NA
-44.7857330685998,-20.967621962398,583,2019-01-02,2021-05-31,177,0.2283,0.3043,2023-12-12,0.256351,0.145797,NA
-44.7857330685998,-20.9677117939264,583,2019-01-02,2021-05-31,177,0.2257,0.3051,2023-12-12,0.254866,0.153672,NA
-44.7857330685998,-20.9678016254548,583,2019-01-02,2021-05-31,177,0.2245,0.3074,2023-12-17,0.247947,0.1527,NA
-44.7857330685998,-20.9678914569832,583,2019-01-02,2021-05-31,177,0.2304,0.3057,2023-12-17,0.243981,0.153008,NA
-44.7857330685998,-20.9679812885116,583,2019-01-02,2021-05-31,177,0.2303,0.3034,2024-01-26,0.217386,0.146174,NA
-44.7857330685998,-20.96807112004,583,2019-01-02,2021-05-31,177,0.2174,0.3068,2024-01-26,0.218146,0.14377,NA
-44.7857330685998,-20.9681609515684,583,2019-01-02,2021-05-31,177,0.1809,0.2743,2024-03-16,0.132393,0.091888,NA
-44.7857330685998,-20.9682507830968,583,2019-01-02,2021-05-31,177,0.141,0.2292,NA,NA,0.022961,NA
-44.7857330685998,-20.9683406146253,583,2019-01-02,2021-05-31,177,0.187,0.2634,NA,NA,-0.061753,NA
-44.7857330685998,-20.9684304461537,583,2019-01-02,2021-05-31,177,0.2135,0.2995,2024-09-17,-0.221308,-0.09229,NA
-44.7857330685998,-20.9685202776821,583,2019-01-02,2021-05-31,177,0.214,0.3097,2024-09-02,-0.223055,-0.097749,NA
-44.7857330685998,-20.9686101092105,583,2019-01-02,2021-05-31,177,0.2092,0.3147,2024-09-02,-0.224971,-0.088131,NA
-44.7857330685998,-20.9686999407389,583,2019-01-02,2021-05-31,177,0.2043,0.3132,2024-09-17,-0.2403,-0.06799,NA
-44.7857330685998,-20.9687897722673,583,2019-01-02,2021-05-31,177,0.195,0.3117,2024-09-17,-0.240487,-0.069033,NA
-44.7857330685998,-20.9688796037957,583,2019-01-02,2021-05-31,177,0.1887,0.3121,NA,NA,-0.017344,NA
-44.7857330685998,-20.9689694353241,583,2019-01-02,2021-05-31,177,0.1999,0.3113,NA,NA,0.06295,NA
-44.7857330685998,-20.9690592668525,583,2019-01-02,2021-05-31,177,0.2087,0.3166,NA,NA,0.109226,NA
-44.7857330685998,-20.969149098381,583,2019-01-02,2021-05-31,177,0.2095,0.3184,NA,NA,0.119723,NA
-44.7857330685998,-20.9692389299094,583,2019-01-02,2021-05-31,177,0.1897,0.3088,NA,NA,0.129889,NA
-44.7857330685998,-20.9693287614378,583,2019-01-02,2021-05-31,177,0.1762,0.307,NA,NA,0.142354,NA
-44.7857330685998,-20.9694185929662,583,2019-01-02,2021-05-31,177,0.1881,0.3137,NA,NA,0.127464,NA
-44.7857330685998,-20.9695084244946,583,2019-01-02,2021-05-31,177,0.1942,0.3179,NA,NA,0.115997,NA
-44.7857330685998,-20.969598256023,583,2019-01-02,2021-05-31,177,0.1876,0.3178,NA,NA,0.099204,NA
-44.7857330685998,-20.9696880875514,583,2019-01-02,2021-05-31,177,0.1962,0.3212,NA,NA,0.089028,NA
-44.7857330685998,-20.9701372451935,583,2019-01-02,2021-05-31,177,0.1129,0.2507,2021-10-03,0.163773,0.121292,NA
-44.7858229001282,-20.9656456687729,583,2019-01-02,2021-05-31,177,0.1883,0.2741,2024-03-01,0.131496,0.040304,NA
-44.7858229001282,-20.9657355003013,583,2019-01-02,2021-05-31,177,0.1735,0.2652,2023-12-17,0.214356,0.090336,NA
-44.7858229001282,-20.9663643210002,583,2019-01-02,2021-05-31,177,0.2282,0.2903,2023-12-17,0.242614,0.1141,NA
-44.7858229001282,-20.9664541525286,583,2019-01-02,2021-05-31,177,0.2343,0.3084,2024-01-26,0.241412,0.132906,NA
-44.7858229001282,-20.966543984057,583,2019-01-02,2021-05-31,177,0.2324,0.3104,2024-01-26,0.251651,0.127382,NA
-44.7858229001282,-20.9666338155854,583,2019-01-02,2021-05-31,177,0.2294,0.3089,2024-01-26,0.258516,0.131209,NA
-44.7858229001282,-20.9667236471138,583,2019-01-02,2021-05-31,177,0.2233,0.3105,2024-01-26,0.261678,0.145763,NA
-44.7858229001282,-20.9668134786422,583,2019-01-02,2021-05-31,177,0.2001,0.3019,2024-01-26,0.212928,0.145152,NA
-44.7858229001282,-20.9669033101707,583,2019-01-02,2021-05-31,177,0.1857,0.2844,2023-12-12,0.229471,0.1255,NA
-44.7858229001282,-20.9669931416991,583,2019-01-02,2021-05-31,177,0.212,0.3008,2023-12-12,0.251915,0.13754,NA
-44.7858229001282,-20.9670829732275,583,2019-01-02,2021-05-31,177,0.2288,0.3138,2023-12-17,0.259594,0.152021,NA
-44.7858229001282,-20.9671728047559,583,2019-01-02,2021-05-31,177,0.2287,0.3118,2024-01-26,0.25899,0.150654,NA
-44.7858229001282,-20.9672626362843,583,2019-01-02,2021-05-31,177,0.2164,0.3073,2024-01-26,0.22466,0.152356,NA
-44.7858229001282,-20.9673524678127,583,2019-01-02,2021-05-31,177,0.2121,0.3051,2023-12-17,0.24802,0.152206,NA
-44.7858229001282,-20.9674422993411,583,2019-01-02,2021-05-31,177,0.2193,0.3054,2023-12-17,0.257901,0.154969,NA
-44.7858229001282,-20.9675321308695,583,2019-01-02,2021-05-31,177,0.2262,0.3055,2023-12-17,0.257093,0.160221,NA
-44.7858229001282,-20.967621962398,583,2019-01-02,2021-05-31,177,0.2299,0.3056,2023-12-17,0.254209,0.16094,NA
-44.7858229001282,-20.9677117939264,583,2019-01-02,2021-05-31,177,0.2251,0.3076,2024-01-26,0.256285,0.153459,NA
-44.7858229001282,-20.9678016254548,583,2019-01-02,2021-05-31,177,0.2187,0.3103,2024-01-26,0.22354,0.140937,NA
-44.7858229001282,-20.9678914569832,583,2019-01-02,2021-05-31,177,0.2237,0.3076,2024-01-26,0.213814,0.131441,NA
-44.7858229001282,-20.9679812885116,583,2019-01-02,2021-05-31,177,0.23,0.305,2024-03-01,0.208762,0.125965,NA
-44.7858229001282,-20.96807112004,583,2019-01-02,2021-05-31,177,0.1996,0.2944,2024-03-16,0.189063,0.110468,NA
-44.7858229001282,-20.9681609515684,583,2019-01-02,2021-05-31,177,0.156,0.2428,NA,NA,0.031901,NA
-44.7858229001282,-20.9682507830968,583,2019-01-02,2021-05-31,177,0.167,0.2438,NA,NA,-0.025141,NA
-44.7858229001282,-20.9683406146253,583,2019-01-02,2021-05-31,177,0.2012,0.2899,2024-10-02,-0.210508,-0.086274,NA
-44.7858229001282,-20.9684304461537,583,2019-01-02,2021-05-31,177,0.2097,0.3069,2024-09-12,-0.232139,-0.087405,NA
-44.7858229001282,-20.9685202776821,583,2019-01-02,2021-05-31,177,0.2128,0.3126,2024-09-02,-0.234497,-0.088171,NA
-44.7858229001282,-20.9686101092105,583,2019-01-02,2021-05-31,177,0.2056,0.3155,2024-09-12,-0.246641,-0.076336,NA
-44.7858229001282,-20.9686999407389,583,2019-01-02,2021-05-31,177,0.205,0.316,2024-09-07,-0.231191,-0.064961,NA
-44.7858229001282,-20.9687897722673,583,2019-01-02,2021-05-31,177,0.1962,0.3172,2024-09-02,-0.230351,-0.070708,NA
-44.7858229001282,-20.9688796037957,583,2019-01-02,2021-05-31,177,0.1899,0.3143,NA,NA,-0.019171,NA
-44.7858229001282,-20.9689694353241,583,2019-01-02,2021-05-31,177,0.2023,0.3127,NA,NA,0.064851,NA
-44.7858229001282,-20.9690592668525,583,2019-01-02,2021-05-31,177,0.2124,0.3171,NA,NA,0.107838,NA
-44.7858229001282,-20.969149098381,583,2019-01-02,2021-05-31,177,0.2111,0.3171,NA,NA,0.107881,NA
-44.7858229001282,-20.9692389299094,583,2019-01-02,2021-05-31,177,0.1769,0.3052,NA,NA,0.11955,NA
-44.7858229001282,-20.9693287614378,583,2019-01-02,2021-05-31,177,0.1656,0.3031,NA,NA,0.105805,NA
-44.7858229001282,-20.9694185929662,583,2019-01-02,2021-05-31,177,0.189,0.3123,NA,NA,0.119878,NA
-44.7858229001282,-20.9695084244946,583,2019-01-02,2021-05-31,177,0.1977,0.3189,NA,NA,0.109736,NA
-44.7858229001282,-20.969598256023,583,2019-01-02,2021-05-31,177,0.1953,0.3192,NA,NA,0.094947,NA
-44.7858229001282,-20.9696880875514,583,2019-01-02,2021-05-31,177,0.2036,0.3226,NA,NA,0.082444,NA
-44.7858229001282,-20.9701372451935,583,2019-01-02,2021-05-31,177,0.1198,0.2563,2021-09-28,0.185216,0.129787,NA
-44.7859127316566,-20.9664541525286,583,2019-01-02,2021-05-31,177,0.2279,0.3002,2024-01-26,0.234998,0.120789,NA
-44.7859127316566,-20.966543984057,583,2019-01-02,2021-05-31,177,0.2351,0.3056,2024-01-26,0.24633,0.127107,NA
-44.7859127316566,-20.9666338155854,583,2019-01-02,2021-05-31,177,0.2352,0.3085,2024-01-26,0.255837,0.143524,NA
-44.7859127316566,-20.9667236471138,583,2019-01-02,2021-05-31,177,0.2253,0.3103,2024-01-26,0.251281,0.154168,NA
-44.7859127316566,-20.9668134786422,583,2019-01-02,2021-05-31,177,0.1969,0.2981,2023-12-12,0.254347,0.143699,NA
-44.7859127316566,-20.9669033101707,583,2019-01-02,2021-05-31,177,0.1968,0.2919,2023-12-07,0.242152,0.135156,NA
-44.7859127316566,-20.9669931416991,583,2019-01-02,2021-05-31,177,0.2203,0.309,2023-12-17,0.260734,0.144517,NA
-44.7859127316566,-20.9670829732275,583,2019-01-02,2021-05-31,177,0.2283,0.3135,2024-01-26,0.252981,0.141268,NA
-44.7859127316566,-20.9671728047559,583,2019-01-02,2021-05-31,177,0.2266,0.311,2024-01-26,0.253969,0.145964,NA
-44.7859127316566,-20.9672626362843,583,2019-01-02,2021-05-31,177,0.2187,0.3061,2024-01-26,0.228919,0.142828,NA
-44.7859127316566,-20.9673524678127,583,2019-01-02,2021-05-31,177,0.2125,0.3054,2023-12-17,0.250962,0.157636,NA
-44.7859127316566,-20.9674422993411,583,2019-01-02,2021-05-31,177,0.2154,0.3074,2023-12-17,0.268516,0.160664,NA
-44.7859127316566,-20.9675321308695,583,2019-01-02,2021-05-31,177,0.2206,0.3081,2023-12-17,0.258435,0.154295,NA
-44.7859127316566,-20.967621962398,583,2019-01-02,2021-05-31,177,0.2222,0.3093,2024-01-26,0.228417,0.145374,NA
-44.7859127316566,-20.9677117939264,583,2019-01-02,2021-05-31,177,0.2175,0.3101,2024-01-26,0.22843,0.146475,NA
-44.7859127316566,-20.9678016254548,583,2019-01-02,2021-05-31,177,0.208,0.3091,2024-01-26,0.211705,0.13461,NA
-44.7859127316566,-20.9678914569832,583,2019-01-02,2021-05-31,177,0.2075,0.3095,2024-03-06,0.190204,0.116622,NA
-44.7859127316566,-20.9679812885116,583,2019-01-02,2021-05-31,177,0.2093,0.3065,2024-03-16,0.176469,0.109059,NA
-44.7859127316566,-20.96807112004,583,2019-01-02,2021-05-31,177,0.1478,0.2611,2025-12-26,0.188194,0.063084,NA
-44.7859127316566,-20.9681609515684,583,2019-01-02,2021-05-31,177,0.1294,0.222,NA,NA,-0.003693,NA
-44.7859127316566,-20.9682507830968,583,2019-01-02,2021-05-31,177,0.1805,0.2693,2024-10-07,-0.187725,-0.066408,NA
-44.7859127316566,-20.9683406146253,583,2019-01-02,2021-05-31,177,0.2084,0.306,2024-09-02,-0.232446,-0.099755,NA
-44.7859127316566,-20.9684304461537,583,2019-01-02,2021-05-31,177,0.2112,0.3105,2024-09-07,-0.227407,-0.089357,NA
-44.7859127316566,-20.9685202776821,583,2019-01-02,2021-05-31,177,0.2116,0.3159,2024-09-02,-0.23483,-0.095255,NA
-44.7859127316566,-20.9686101092105,583,2019-01-02,2021-05-31,177,0.2029,0.3175,2024-09-02,-0.237244,-0.085021,NA
-44.7859127316566,-20.9686999407389,583,2019-01-02,2021-05-31,177,0.2009,0.3188,2024-09-02,-0.223496,-0.061164,NA
-44.7859127316566,-20.9687897722673,583,2019-01-02,2021-05-31,177,0.1982,0.3202,2024-09-02,-0.244053,-0.070026,NA
-44.7859127316566,-20.9688796037957,583,2019-01-02,2021-05-31,177,0.1852,0.3113,NA,NA,-0.02047,NA
-44.7859127316566,-20.9689694353241,583,2019-01-02,2021-05-31,177,0.1805,0.3054,NA,NA,0.064554,NA
-44.7859127316566,-20.9690592668525,583,2019-01-02,2021-05-31,177,0.1979,0.3112,NA,NA,0.103063,NA
-44.7859127316566,-20.969149098381,583,2019-01-02,2021-05-31,177,0.192,0.3063,2025-12-26,0.265293,0.109121,NA
-44.7859127316566,-20.9692389299094,583,2019-01-02,2021-05-31,177,0.1721,0.3015,2025-12-28,0.242375,0.116357,NA
-44.7859127316566,-20.9693287614378,583,2019-01-02,2021-05-31,177,0.1703,0.3029,NA,NA,0.123731,NA
-44.7859127316566,-20.9694185929662,583,2019-01-02,2021-05-31,177,0.1917,0.3134,NA,NA,0.130838,NA
-44.7859127316566,-20.9695084244946,583,2019-01-02,2021-05-31,177,0.1985,0.3198,NA,NA,0.106253,NA
-44.7859127316566,-20.969598256023,583,2019-01-02,2021-05-31,177,0.1964,0.3189,NA,NA,0.083443,NA
-44.7859127316566,-20.9700474136651,583,2019-01-02,2021-05-31,177,0.1437,0.2801,2021-10-03,0.214832,0.126579,NA
-44.7859127316566,-20.9701372451935,583,2019-01-02,2021-05-31,177,0.1392,0.2678,2023-11-22,0.194991,0.116432,NA
-44.7859127316566,-20.9702270767219,583,2019-01-02,2021-05-31,177,0.1209,0.2515,2023-11-22,0.139436,0.106468,NA
-44.786002563185,-20.966543984057,583,2019-01-02,2021-05-31,177,0.2337,0.3011,2024-01-26,0.229976,0.110411,NA
-44.786002563185,-20.9666338155854,583,2019-01-02,2021-05-31,177,0.2327,0.3097,2024-01-26,0.257216,0.143713,NA
-44.786002563185,-20.9667236471138,583,2019-01-02,2021-05-31,177,0.2258,0.3087,2023-12-17,0.243281,0.150177,NA
-44.786002563185,-20.9668134786422,583,2019-01-02,2021-05-31,177,0.2021,0.2926,2023-12-12,0.242671,0.1312,NA
-44.786002563185,-20.9669033101707,583,2019-01-02,2021-05-31,177,0.2101,0.2985,2023-12-07,0.246223,0.131191,NA
-44.786002563185,-20.9669931416991,583,2019-01-02,2021-05-31,177,0.222,0.3141,2023-12-17,0.262883,0.153504,NA
-44.786002563185,-20.9670829732275,583,2019-01-02,2021-05-31,177,0.2214,0.3122,2024-01-26,0.26127,0.151253,NA
-44.786002563185,-20.9671728047559,583,2019-01-02,2021-05-31,177,0.2209,0.3097,2024-01-26,0.245927,0.142337,NA
-44.786002563185,-20.9672626362843,583,2019-01-02,2021-05-31,177,0.2201,0.3071,2024-01-26,0.245213,0.145277,NA
-44.786002563185,-20.9673524678127,583,2019-01-02,2021-05-31,177,0.2169,0.3061,2023-12-17,0.25135,0.146171,NA
-44.786002563185,-20.9674422993411,583,2019-01-02,2021-05-31,177,0.2165,0.3072,2024-01-26,0.215725,0.142005,NA
-44.786002563185,-20.9675321308695,583,2019-01-02,2021-05-31,177,0.2168,0.3083,2024-01-26,0.229424,0.139916,NA
-44.786002563185,-20.967621962398,583,2019-01-02,2021-05-31,177,0.2115,0.3103,2024-01-26,0.231771,0.141755,NA
-44.786002563185,-20.9677117939264,583,2019-01-02,2021-05-31,177,0.2138,0.3104,2024-01-26,0.207202,0.135117,NA
-44.786002563185,-20.9678016254548,583,2019-01-02,2021-05-31,177,0.2082,0.309,2024-03-01,0.196948,0.136642,NA
-44.786002563185,-20.9678914569832,583,2019-01-02,2021-05-31,177,0.199,0.3118,2024-03-01,0.219427,0.137213,NA
-44.786002563185,-20.9679812885116,583,2019-01-02,2021-05-31,177,0.1735,0.2899,2024-03-16,0.138992,0.089126,NA
-44.786002563185,-20.96807112004,583,2019-01-02,2021-05-31,177,0.1266,0.2348,NA,NA,0.026968,NA
-44.786002563185,-20.9681609515684,583,2019-01-02,2021-05-31,177,0.1628,0.2471,NA,NA,-0.030401,NA
-44.786002563185,-20.9682507830968,583,2019-01-02,2021-05-31,177,0.1954,0.295,2024-09-02,-0.217115,-0.090191,NA
-44.786002563185,-20.9683406146253,583,2019-01-02,2021-05-31,177,0.2046,0.3104,2024-09-02,-0.244955,-0.107959,NA
-44.786002563185,-20.9684304461537,583,2019-01-02,2021-05-31,177,0.2095,0.3151,2024-09-12,-0.2364,-0.098086,NA
-44.786002563185,-20.9685202776821,583,2019-01-02,2021-05-31,177,0.2108,0.3199,2024-09-02,-0.228304,-0.100114,NA
-44.786002563185,-20.9686101092105,583,2019-01-02,2021-05-31,177,0.2069,0.3198,2024-09-02,-0.233425,-0.086187,NA
-44.786002563185,-20.9686999407389,583,2019-01-02,2021-05-31,177,0.2042,0.3202,2024-09-02,-0.214426,-0.059137,NA
-44.786002563185,-20.9687897722673,583,2019-01-02,2021-05-31,177,0.1981,0.3187,2024-09-02,-0.223425,-0.06056,NA
-44.786002563185,-20.9688796037957,583,2019-01-02,2021-05-31,177,0.1811,0.3103,NA,NA,-0.007311,NA
-44.786002563185,-20.9689694353241,583,2019-01-02,2021-05-31,177,0.1712,0.3065,NA,NA,0.068173,NA
-44.786002563185,-20.9690592668525,583,2019-01-02,2021-05-31,177,0.178,0.3017,2025-12-26,0.256196,0.111085,NA
-44.786002563185,-20.969149098381,583,2019-01-02,2021-05-31,177,0.1742,0.2912,2025-12-26,0.237192,0.113043,NA
-44.786002563185,-20.9692389299094,583,2019-01-02,2021-05-31,177,0.1833,0.3026,2025-12-26,0.249939,0.134272,NA
-44.786002563185,-20.9693287614378,583,2019-01-02,2021-05-31,177,0.191,0.3096,NA,NA,0.13997,NA
-44.786002563185,-20.9694185929662,583,2019-01-02,2021-05-31,177,0.2023,0.3166,NA,NA,0.121709,NA
-44.786002563185,-20.9695084244946,583,2019-01-02,2021-05-31,177,0.2021,0.3215,NA,NA,0.093031,NA
-44.786002563185,-20.969598256023,583,2019-01-02,2021-05-31,177,0.1982,0.3215,NA,NA,0.085549,NA
-44.786002563185,-20.9700474136651,583,2019-01-02,2021-05-31,177,0.1493,0.2822,2025-12-11,0.237065,0.135865,NA
-44.786002563185,-20.9701372451935,583,2019-01-02,2021-05-31,177,0.1345,0.2693,2025-12-28,0.203887,0.103432,NA
-44.786002563185,-20.9702270767219,583,2019-01-02,2021-05-31,177,0.1245,0.2569,2024-04-10,0.111018,0.096225,NA
-44.7860923947134,-20.9660049948865,583,2019-01-02,2021-05-31,177,0.1782,0.2115,2021-08-14,0.204765,0.21524,NA
-44.7860923947134,-20.966094826415,583,2019-01-02,2021-05-31,177,0.1856,0.2052,2021-07-30,0.223151,0.238572,NA
-44.7860923947134,-20.9661846579434,583,2019-01-02,2021-05-31,177,0.1872,0.2408,2021-08-29,0.217197,0.237721,NA
-44.7860923947134,-20.9666338155854,583,2019-01-02,2021-05-31,177,0.2313,0.3064,2023-12-17,0.243145,0.129345,NA
-44.7860923947134,-20.9667236471138,583,2019-01-02,2021-05-31,177,0.2179,0.3029,2023-12-17,0.253147,0.12883,NA
-44.7860923947134,-20.9668134786422,583,2019-01-02,2021-05-31,177,0.1968,0.2875,2023-11-22,0.250937,0.130049,NA
-44.7860923947134,-20.9669033101707,583,2019-01-02,2021-05-31,177,0.2143,0.3019,2023-12-07,0.247381,0.136643,NA
-44.7860923947134,-20.9669931416991,583,2019-01-02,2021-05-31,177,0.2201,0.3139,2023-12-17,0.266992,0.152118,NA
-44.7860923947134,-20.9670829732275,583,2019-01-02,2021-05-31,177,0.212,0.31,2024-01-26,0.252228,0.135067,NA
-44.7860923947134,-20.9671728047559,583,2019-01-02,2021-05-31,177,0.2091,0.3082,2024-01-26,0.233536,0.138524,NA
-44.7860923947134,-20.9672626362843,583,2019-01-02,2021-05-31,177,0.2117,0.308,2024-01-26,0.235592,0.137699,NA
-44.7860923947134,-20.9673524678127,583,2019-01-02,2021-05-31,177,0.2134,0.3063,2024-01-26,0.204906,0.131481,NA
-44.7860923947134,-20.9674422993411,583,2019-01-02,2021-05-31,177,0.2153,0.3058,2024-01-26,0.21382,0.123947,NA
-44.7860923947134,-20.9675321308695,583,2019-01-02,2021-05-31,177,0.2116,0.3079,2024-01-26,0.230621,0.126374,NA
-44.7860923947134,-20.967621962398,583,2019-01-02,2021-05-31,177,0.2087,0.311,2024-01-26,0.233091,0.134772,NA
-44.7860923947134,-20.9677117939264,583,2019-01-02,2021-05-31,177,0.2089,0.3113,2024-02-25,0.204805,0.129606,NA
-44.7860923947134,-20.9678016254548,583,2019-01-02,2021-05-31,177,0.2061,0.312,2024-03-01,0.213133,0.130038,NA
-44.7860923947134,-20.9678914569832,583,2019-01-02,2021-05-31,177,0.1939,0.3097,2024-03-06,0.206074,0.126401,NA
-44.7860923947134,-20.9679812885116,583,2019-01-02,2021-05-31,177,0.1517,0.2598,NA,NA,0.046296,NA
-44.7860923947134,-20.96807112004,583,2019-01-02,2021-05-31,177,0.1485,0.2372,NA,NA,-0.013215,NA
-44.7860923947134,-20.9681609515684,583,2019-01-02,2021-05-31,177,0.1961,0.282,2024-09-17,-0.202255,-0.079378,NA
-44.7860923947134,-20.9682507830968,583,2019-01-02,2021-05-31,177,0.204,0.3049,2024-09-02,-0.222445,-0.108897,NA
-44.7860923947134,-20.9683406146253,583,2019-01-02,2021-05-31,177,0.2053,0.3109,2024-09-02,-0.225999,-0.114035,NA
-44.7860923947134,-20.9684304461537,583,2019-01-02,2021-05-31,177,0.2084,0.3181,2024-09-02,-0.22264,-0.102148,NA
-44.7860923947134,-20.9685202776821,583,2019-01-02,2021-05-31,177,0.2113,0.3221,2024-08-28,-0.228696,-0.106235,NA
-44.7860923947134,-20.9686101092105,583,2019-01-02,2021-05-31,177,0.2085,0.3224,2024-08-28,-0.230242,-0.094848,NA
-44.7860923947134,-20.9686999407389,583,2019-01-02,2021-05-31,177,0.2075,0.3227,2024-08-28,-0.227265,-0.077097,NA
-44.7860923947134,-20.9687897722673,583,2019-01-02,2021-05-31,177,0.2005,0.3205,2024-08-28,-0.233298,-0.07164,NA
-44.7860923947134,-20.9688796037957,583,2019-01-02,2021-05-31,177,0.1878,0.3115,NA,NA,-0.017684,NA
-44.7860923947134,-20.9689694353241,583,2019-01-02,2021-05-31,177,0.1819,0.3094,NA,NA,0.076102,NA
-44.7860923947134,-20.9690592668525,583,2019-01-02,2021-05-31,177,0.1739,0.2953,2025-12-26,0.253446,0.108702,NA
-44.7860923947134,-20.969149098381,583,2019-01-02,2021-05-31,177,0.187,0.2937,2024-04-05,0.187933,0.10224,NA
-44.7860923947134,-20.9692389299094,583,2019-01-02,2021-05-31,177,0.198,0.3121,NA,NA,0.118084,NA
-44.7860923947134,-20.9693287614378,583,2019-01-02,2021-05-31,177,0.1964,0.3143,NA,NA,0.130818,NA
-44.7860923947134,-20.9694185929662,583,2019-01-02,2021-05-31,177,0.2035,0.3185,NA,NA,0.104753,NA
-44.7860923947134,-20.9695084244946,583,2019-01-02,2021-05-31,177,0.2023,0.3241,NA,NA,0.098863,NA
-44.7860923947134,-20.969598256023,583,2019-01-02,2021-05-31,177,0.2048,0.3252,NA,NA,0.083106,NA
-44.7860923947134,-20.9700474136651,583,2019-01-02,2021-05-31,177,0.1802,0.2942,NA,NA,0.107897,NA
-44.7860923947134,-20.9701372451935,583,2019-01-02,2021-05-31,177,0.1602,0.2838,NA,NA,0.103661,NA
-44.7860923947134,-20.9702270767219,583,2019-01-02,2021-05-31,177,0.1473,0.2729,NA,NA,0.101284,NA
-44.7861822262418,-20.9656456687729,583,2019-01-02,2021-05-31,177,0.1945,0.2145,2021-08-14,0.222259,0.252168,NA
-44.7861822262418,-20.9657355003013,583,2019-01-02,2021-05-31,177,0.1942,0.2103,2021-07-20,0.238995,0.244478,NA
-44.7861822262418,-20.9658253318297,583,2019-01-02,2021-05-31,177,0.1822,0.2235,2021-08-14,0.224977,0.232847,NA
-44.7861822262418,-20.9659151633581,583,2019-01-02,2021-05-31,177,0.1736,0.2394,2021-08-24,0.213147,0.235329,NA
-44.7861822262418,-20.9660049948865,583,2019-01-02,2021-05-31,177,0.1871,0.2151,2021-07-20,0.226453,0.229412,NA
-44.7861822262418,-20.966094826415,583,2019-01-02,2021-05-31,177,0.1937,0.2106,2021-07-20,0.226601,0.245302,NA
-44.7861822262418,-20.9661846579434,583,2019-01-02,2021-05-31,177,0.1872,0.2627,2021-09-28,0.220081,0.204638,NA
-44.7861822262418,-20.9662744894718,583,2019-01-02,2021-05-31,177,0.1872,0.2627,2021-09-28,0.220081,0.204638,NA
-44.7861822262418,-20.9667236471138,583,2019-01-02,2021-05-31,177,0.2108,0.2969,2023-12-17,0.242857,0.117516,NA
-44.7861822262418,-20.9668134786422,583,2019-01-02,2021-05-31,177,0.1967,0.2879,2023-11-22,0.253451,0.128979,NA
-44.7861822262418,-20.9669033101707,583,2019-01-02,2021-05-31,177,0.2154,0.3053,2023-12-07,0.255026,0.14028,NA
-44.7861822262418,-20.9669931416991,583,2019-01-02,2021-05-31,177,0.2144,0.3109,2023-12-17,0.25476,0.133598,NA
-44.7861822262418,-20.9670829732275,583,2019-01-02,2021-05-31,177,0.2016,0.3097,2023-12-17,0.251091,0.133174,NA
-44.7861822262418,-20.9671728047559,583,2019-01-02,2021-05-31,177,0.2009,0.3096,2023-12-17,0.248722,0.143086,NA
-44.7861822262418,-20.9672626362843,583,2019-01-02,2021-05-31,177,0.2016,0.3091,2024-01-26,0.239467,0.13264,NA
-44.7861822262418,-20.9673524678127,583,2019-01-02,2021-05-31,177,0.2034,0.3087,2024-01-26,0.216695,0.133551,NA
-44.7861822262418,-20.9674422993411,583,2019-01-02,2021-05-31,177,0.2048,0.3092,2024-01-26,0.239902,0.136389,NA
-44.7861822262418,-20.9675321308695,583,2019-01-02,2021-05-31,177,0.2014,0.3127,2024-01-26,0.231695,0.132375,NA
-44.7861822262418,-20.967621962398,583,2019-01-02,2021-05-31,177,0.2025,0.314,2024-01-26,0.22224,0.132629,NA
-44.7861822262418,-20.9677117939264,583,2019-01-02,2021-05-31,177,0.206,0.3118,2024-01-26,0.213158,0.12051,NA
-44.7861822262418,-20.9678016254548,583,2019-01-02,2021-05-31,177,0.2064,0.3151,2024-03-01,0.212745,0.119298,NA
-44.7861822262418,-20.9678914569832,583,2019-01-02,2021-05-31,177,0.1764,0.2933,2024-03-16,0.178499,0.082467,NA
-44.7861822262418,-20.9679812885116,583,2019-01-02,2021-05-31,177,0.1577,0.2499,NA,NA,0.005277,NA
-44.7861822262418,-20.96807112004,583,2019-01-02,2021-05-31,177,0.179,0.2716,2024-09-02,-0.184825,-0.064521,NA
-44.7861822262418,-20.9681609515684,583,2019-01-02,2021-05-31,177,0.1997,0.3021,2024-08-23,-0.235514,-0.102547,NA
-44.7861822262418,-20.9682507830968,583,2019-01-02,2021-05-31,177,0.2034,0.3078,2024-08-23,-0.240731,-0.105477,NA
-44.7861822262418,-20.9683406146253,583,2019-01-02,2021-05-31,177,0.2073,0.315,2024-08-23,-0.237155,-0.119425,NA
-44.7861822262418,-20.9684304461537,583,2019-01-02,2021-05-31,177,0.2061,0.3215,2024-08-23,-0.227759,-0.111127,NA
-44.7861822262418,-20.9685202776821,583,2019-01-02,2021-05-31,177,0.2127,0.3243,2024-08-18,-0.238153,-0.114814,NA
-44.7861822262418,-20.9686101092105,583,2019-01-02,2021-05-31,177,0.2112,0.3246,2024-08-23,-0.235009,-0.09778,NA
-44.7861822262418,-20.9686999407389,583,2019-01-02,2021-05-31,177,0.2077,0.3256,2024-08-23,-0.236284,-0.084511,NA
-44.7861822262418,-20.9687897722673,583,2019-01-02,2021-05-31,177,0.2045,0.322,2024-08-23,-0.235679,-0.075085,NA
-44.7861822262418,-20.9688796037957,583,2019-01-02,2021-05-31,177,0.1986,0.3139,NA,NA,-0.033231,NA
-44.7861822262418,-20.9689694353241,583,2019-01-02,2021-05-31,177,0.1925,0.3081,NA,NA,0.067146,NA
-44.7861822262418,-20.9690592668525,583,2019-01-02,2021-05-31,177,0.1747,0.2849,2024-04-05,0.206498,0.110769,NA
-44.7861822262418,-20.969149098381,583,2019-01-02,2021-05-31,177,0.1915,0.2928,2024-03-16,0.188805,0.106854,NA
-44.7861822262418,-20.9692389299094,583,2019-01-02,2021-05-31,177,0.2016,0.3153,NA,NA,0.124245,NA
-44.7861822262418,-20.9693287614378,583,2019-01-02,2021-05-31,177,0.1943,0.3163,NA,NA,0.121452,NA
-44.7861822262418,-20.9694185929662,583,2019-01-02,2021-05-31,177,0.2042,0.3214,NA,NA,0.10021,NA
-44.7861822262418,-20.9695084244946,583,2019-01-02,2021-05-31,177,0.2051,0.3275,NA,NA,0.096217,NA
-44.7861822262418,-20.9699575821367,583,2019-01-02,2021-05-31,177,0.1893,0.3028,NA,NA,0.098454,NA
-44.7861822262418,-20.9700474136651,583,2019-01-02,2021-05-31,177,0.1867,0.297,NA,NA,0.090097,NA
-44.7861822262418,-20.9701372451935,583,2019-01-02,2021-05-31,177,0.169,0.2869,NA,NA,0.086156,NA
-44.7861822262418,-20.9702270767219,583,2019-01-02,2021-05-31,177,0.1571,0.28,NA,NA,0.086348,NA
-44.7861822262418,-20.9703169082503,583,2019-01-02,2021-05-31,177,0.1361,0.2647,NA,NA,0.078793,NA
-44.7862720577702,-20.9657355003013,583,2019-01-02,2021-05-31,177,0.1868,0.2278,2021-08-14,0.227618,0.233293,NA
-44.7862720577702,-20.9658253318297,583,2019-01-02,2021-05-31,177,0.1893,0.2058,2021-07-15,0.243486,0.236563,NA
-44.7862720577702,-20.9659151633581,583,2019-01-02,2021-05-31,177,0.1887,0.2056,2021-07-15,0.231645,0.228415,NA
-44.7862720577702,-20.9660049948865,583,2019-01-02,2021-05-31,177,0.1949,0.1994,2021-07-15,0.217127,0.224,NA
-44.7862720577702,-20.966094826415,583,2019-01-02,2021-05-31,177,0.1912,0.2086,2021-08-14,0.187666,0.225598,NA
-44.7862720577702,-20.9661846579434,583,2019-01-02,2021-05-31,177,0.1852,0.2692,2023-11-22,0.237649,0.177646,NA
-44.7862720577702,-20.9662744894718,583,2019-01-02,2021-05-31,177,0.1852,0.2692,2023-11-22,0.237649,0.177646,NA
-44.7862720577702,-20.9667236471138,583,2019-01-02,2021-05-31,177,0.1814,0.2681,2023-12-07,0.200098,0.079121,NA
-44.7862720577702,-20.9668134786422,583,2019-01-02,2021-05-31,177,0.1905,0.2826,2023-11-22,0.243716,0.106578,NA
-44.7862720577702,-20.9669033101707,583,2019-01-02,2021-05-31,177,0.2089,0.3051,2023-12-12,0.247239,0.133044,NA
-44.7862720577702,-20.9669931416991,583,2019-01-02,2021-05-31,177,0.2097,0.3075,2024-01-26,0.22801,0.133579,NA
-44.7862720577702,-20.9670829732275,583,2019-01-02,2021-05-31,177,0.2005,0.3098,2024-01-26,0.230656,0.140712,NA
-44.7862720577702,-20.9671728047559,583,2019-01-02,2021-05-31,177,0.2009,0.3097,2023-12-17,0.249063,0.138302,NA
-44.7862720577702,-20.9672626362843,583,2019-01-02,2021-05-31,177,0.2058,0.3091,2023-12-17,0.249774,0.136094,NA
-44.7862720577702,-20.9673524678127,583,2019-01-02,2021-05-31,177,0.2014,0.3119,2024-01-26,0.26052,0.149417,NA
-44.7862720577702,-20.9674422993411,583,2019-01-02,2021-05-31,177,0.1965,0.3149,2024-01-26,0.260378,0.151096,NA
-44.7862720577702,-20.9675321308695,583,2019-01-02,2021-05-31,177,0.1986,0.3169,2024-01-26,0.243486,0.136019,NA
-44.7862720577702,-20.967621962398,583,2019-01-02,2021-05-31,177,0.2001,0.3158,2024-01-26,0.229862,0.131682,NA
-44.7862720577702,-20.9677117939264,583,2019-01-02,2021-05-31,177,0.2028,0.3145,2024-03-01,0.229236,0.118551,NA
-44.7862720577702,-20.9678016254548,583,2019-01-02,2021-05-31,177,0.1967,0.3092,2024-03-16,0.211051,0.1072,NA
-44.7862720577702,-20.9678914569832,583,2019-01-02,2021-05-31,177,0.1496,0.2665,NA,NA,0.062103,NA
-44.7862720577702,-20.9679812885116,583,2019-01-02,2021-05-31,177,0.1676,0.2646,NA,NA,-0.040386,NA
-44.7862720577702,-20.96807112004,583,2019-01-02,2021-05-31,177,0.1918,0.3029,2024-09-02,-0.217764,-0.088077,NA
-44.7862720577702,-20.9681609515684,583,2019-01-02,2021-05-31,177,0.1979,0.308,2024-08-23,-0.228735,-0.090185,NA
-44.7862720577702,-20.9682507830968,583,2019-01-02,2021-05-31,177,0.2022,0.3107,2024-08-23,-0.230344,-0.098272,NA
-44.7862720577702,-20.9683406146253,583,2019-01-02,2021-05-31,177,0.2044,0.3177,2024-08-23,-0.220765,-0.102541,NA
-44.7862720577702,-20.9684304461537,583,2019-01-02,2021-05-31,177,0.2057,0.3207,2024-09-02,-0.217769,-0.094704,NA
-44.7862720577702,-20.9685202776821,583,2019-01-02,2021-05-31,177,0.2098,0.3235,2024-09-02,-0.224351,-0.098123,NA
-44.7862720577702,-20.9686101092105,583,2019-01-02,2021-05-31,177,0.2117,0.3242,2024-08-28,-0.225138,-0.092739,NA
-44.7862720577702,-20.9686999407389,583,2019-01-02,2021-05-31,177,0.2117,0.3226,2024-08-23,-0.235512,-0.071296,NA
-44.7862720577702,-20.9687897722673,583,2019-01-02,2021-05-31,177,0.2099,0.3175,2024-08-23,-0.225236,-0.061841,NA
-44.7862720577702,-20.9688796037957,583,2019-01-02,2021-05-31,177,0.2041,0.314,NA,NA,-0.019163,NA
-44.7862720577702,-20.9689694353241,583,2019-01-02,2021-05-31,177,0.1939,0.3046,NA,NA,0.078247,NA
-44.7862720577702,-20.9690592668525,583,2019-01-02,2021-05-31,177,0.1823,0.2888,2025-12-26,0.213588,0.098444,NA
-44.7862720577702,-20.969149098381,583,2019-01-02,2021-05-31,177,0.1956,0.3,NA,NA,0.113991,NA
-44.7862720577702,-20.9692389299094,583,2019-01-02,2021-05-31,177,0.1953,0.3175,NA,NA,0.126141,NA
-44.7862720577702,-20.9693287614378,583,2019-01-02,2021-05-31,177,0.1962,0.3203,NA,NA,0.124556,NA
-44.7862720577702,-20.9694185929662,583,2019-01-02,2021-05-31,177,0.2112,0.3246,NA,NA,0.099789,NA
-44.7862720577702,-20.9695084244946,583,2019-01-02,2021-05-31,177,0.2109,0.327,NA,NA,0.094343,NA
-44.7862720577702,-20.9699575821367,583,2019-01-02,2021-05-31,177,0.1841,0.3035,NA,NA,0.086828,NA
-44.7862720577702,-20.9700474136651,583,2019-01-02,2021-05-31,177,0.1646,0.2888,NA,NA,0.088882,NA
-44.7862720577702,-20.9701372451935,583,2019-01-02,2021-05-31,177,0.1533,0.2805,NA,NA,0.104185,NA
-44.7862720577702,-20.9702270767219,583,2019-01-02,2021-05-31,177,0.15,0.2783,NA,NA,0.103857,NA
-44.7862720577702,-20.9703169082503,583,2019-01-02,2021-05-31,177,0.1424,0.268,NA,NA,0.094004,NA
-44.7863618892987,-20.9658253318297,583,2019-01-02,2021-05-31,177,0.1836,0.2052,2021-07-15,0.22505,0.229264,NA
-44.7863618892987,-20.9659151633581,583,2019-01-02,2021-05-31,177,0.1882,0.1989,2021-07-10,0.224745,0.23724,NA
-44.7863618892987,-20.9660049948865,583,2019-01-02,2021-05-31,177,0.1852,0.1975,2021-07-15,0.218712,0.224481,NA
-44.7863618892987,-20.966094826415,583,2019-01-02,2021-05-31,177,0.1895,0.2103,2021-08-14,0.19331,0.222748,NA
-44.7863618892987,-20.9661846579434,583,2019-01-02,2021-05-31,177,0.1885,0.2684,2023-12-07,0.227186,0.163931,NA
-44.7863618892987,-20.9662744894718,583,2019-01-02,2021-05-31,177,0.1885,0.2684,2023-12-07,0.227186,0.163931,NA
-44.7863618892987,-20.9663643210002,583,2019-01-02,2021-05-31,177,0.1942,0.3079,2024-03-16,0.243053,0.114499,NA
-44.7863618892987,-20.9668134786422,583,2019-01-02,2021-05-31,177,0.1591,0.2634,2023-12-07,0.176137,0.073542,NA
-44.7863618892987,-20.9669033101707,583,2019-01-02,2021-05-31,177,0.2016,0.3002,2023-12-17,0.225127,0.112969,NA
-44.7863618892987,-20.9669931416991,583,2019-01-02,2021-05-31,177,0.2027,0.308,2023-12-17,0.248379,0.126928,NA
-44.7863618892987,-20.9670829732275,583,2019-01-02,2021-05-31,177,0.2022,0.3104,2024-01-26,0.229126,0.120672,NA
-44.7863618892987,-20.9671728047559,583,2019-01-02,2021-05-31,177,0.2068,0.3134,2024-01-26,0.245903,0.129145,NA
-44.7863618892987,-20.9672626362843,583,2019-01-02,2021-05-31,177,0.2108,0.3147,2024-01-26,0.256338,0.127006,NA
-44.7863618892987,-20.9673524678127,583,2019-01-02,2021-05-31,177,0.1999,0.315,2023-12-17,0.256466,0.137619,NA
-44.7863618892987,-20.9674422993411,583,2019-01-02,2021-05-31,177,0.1938,0.3173,2024-01-26,0.262081,0.146382,NA
-44.7863618892987,-20.9675321308695,583,2019-01-02,2021-05-31,177,0.1992,0.3192,2024-01-26,0.247483,0.136566,NA
-44.7863618892987,-20.967621962398,583,2019-01-02,2021-05-31,177,0.1995,0.3175,2024-01-26,0.229302,0.132172,NA
-44.7863618892987,-20.9677117939264,583,2019-01-02,2021-05-31,177,0.196,0.3168,2024-03-16,0.219677,0.120186,NA
-44.7863618892987,-20.9678016254548,583,2019-01-02,2021-05-31,177,0.1809,0.2973,2024-03-16,0.153712,0.096299,NA
-44.7863618892987,-20.9678914569832,583,2019-01-02,2021-05-31,177,0.1448,0.2544,NA,NA,0.020633,NA
-44.7863618892987,-20.9679812885116,583,2019-01-02,2021-05-31,177,0.1775,0.2823,2024-10-07,-0.158222,-0.062578,NA
-44.7863618892987,-20.96807112004,583,2019-01-02,2021-05-31,177,0.1926,0.3106,2024-09-02,-0.212617,-0.086894,NA
-44.7863618892987,-20.9681609515684,583,2019-01-02,2021-05-31,177,0.1949,0.3079,2024-09-02,-0.222394,-0.086019,NA
-44.7863618892987,-20.9682507830968,583,2019-01-02,2021-05-31,177,0.201,0.3118,2024-08-23,-0.223041,-0.105962,NA
-44.7863618892987,-20.9683406146253,583,2019-01-02,2021-05-31,177,0.2058,0.316,2024-08-23,-0.23304,-0.096245,NA
-44.7863618892987,-20.9684304461537,583,2019-01-02,2021-05-31,177,0.2098,0.3182,2024-09-02,-0.218435,-0.084039,NA
-44.7863618892987,-20.9685202776821,583,2019-01-02,2021-05-31,177,0.21,0.3207,2024-08-28,-0.224984,-0.088448,NA
-44.7863618892987,-20.9686101092105,583,2019-01-02,2021-05-31,177,0.2089,0.321,2024-08-23,-0.237643,-0.088212,NA
-44.7863618892987,-20.9686999407389,583,2019-01-02,2021-05-31,177,0.2104,0.3178,2024-08-23,-0.234467,-0.068545,NA
-44.7863618892987,-20.9687897722673,583,2019-01-02,2021-05-31,177,0.2085,0.3128,2024-08-23,-0.245728,-0.069155,NA
-44.7863618892987,-20.9688796037957,583,2019-01-02,2021-05-31,177,0.2006,0.3107,NA,NA,-0.009458,NA
-44.7863618892987,-20.9689694353241,583,2019-01-02,2021-05-31,177,0.1786,0.2926,NA,NA,0.077762,NA
-44.7863618892987,-20.9690592668525,583,2019-01-02,2021-05-31,177,0.1848,0.2854,2025-12-26,0.229571,0.115498,NA
-44.7863618892987,-20.969149098381,583,2019-01-02,2021-05-31,177,0.2041,0.3078,NA,NA,0.116519,NA
-44.7863618892987,-20.9692389299094,583,2019-01-02,2021-05-31,177,0.2007,0.3198,NA,NA,0.117168,NA
-44.7863618892987,-20.9693287614378,583,2019-01-02,2021-05-31,177,0.2071,0.3207,NA,NA,0.108248,NA
-44.7863618892987,-20.9694185929662,583,2019-01-02,2021-05-31,177,0.2179,0.3243,NA,NA,0.100655,NA
-44.7863618892987,-20.9698677506083,583,2019-01-02,2021-05-31,177,0.2061,0.3155,NA,NA,0.064656,NA
-44.7863618892987,-20.9699575821367,583,2019-01-02,2021-05-31,177,0.1786,0.3005,NA,NA,0.078434,NA
-44.7863618892987,-20.9700474136651,583,2019-01-02,2021-05-31,177,0.1499,0.2849,2025-12-26,0.190043,0.100695,NA
-44.7863618892987,-20.9701372451935,583,2019-01-02,2021-05-31,177,0.1471,0.2807,2025-12-26,0.210974,0.104404,NA
-44.7863618892987,-20.9702270767219,583,2019-01-02,2021-05-31,177,0.1416,0.275,NA,NA,0.093679,NA
-44.7863618892987,-20.9703169082503,583,2019-01-02,2021-05-31,177,0.1482,0.2702,NA,NA,0.079973,NA
-44.7864517208271,-20.9658253318297,583,2019-01-02,2021-05-31,177,0.1877,0.1948,2021-07-10,0.216673,0.214806,NA
-44.7864517208271,-20.9659151633581,583,2019-01-02,2021-05-31,177,0.1909,0.192,2021-07-15,0.195612,0.209448,NA
-44.7864517208271,-20.9660049948865,583,2019-01-02,2021-05-31,177,0.191,0.1961,2021-07-20,0.185178,0.206832,NA
-44.7864517208271,-20.966094826415,583,2019-01-02,2021-05-31,177,0.1858,0.2125,2021-09-13,0.168964,0.207585,NA
-44.7864517208271,-20.9661846579434,583,2019-01-02,2021-05-31,177,0.1913,0.2692,2023-12-07,0.216379,0.160592,NA
-44.7864517208271,-20.9662744894718,583,2019-01-02,2021-05-31,177,0.1913,0.2692,2023-12-07,0.216379,0.160592,NA
-44.7864517208271,-20.9663643210002,583,2019-01-02,2021-05-31,177,0.1993,0.3086,2024-03-16,0.236282,0.096375,NA
-44.7864517208271,-20.9667236471138,583,2019-01-02,2021-05-31,177,0.1811,0.2872,2024-03-06,0.10965,0.063555,NA
-44.7864517208271,-20.9668134786422,583,2019-01-02,2021-05-31,177,0.1479,0.2711,2024-03-11,0.093939,0.050047,NA
-44.7864517208271,-20.9669033101707,583,2019-01-02,2021-05-31,177,0.1669,0.2815,2024-03-01,0.131205,0.055403,NA
-44.7864517208271,-20.9669931416991,583,2019-01-02,2021-05-31,177,0.1817,0.2975,2024-01-26,0.208371,0.083201,NA
-44.7864517208271,-20.9670829732275,583,2019-01-02,2021-05-31,177,0.2004,0.3134,2024-01-26,0.243904,0.115481,NA
-44.7864517208271,-20.9671728047559,583,2019-01-02,2021-05-31,177,0.2073,0.3176,2024-01-26,0.268245,0.126897,NA
-44.7864517208271,-20.9672626362843,583,2019-01-02,2021-05-31,177,0.2053,0.3181,2024-01-26,0.269954,0.120793,NA
-44.7864517208271,-20.9673524678127,583,2019-01-02,2021-05-31,177,0.1964,0.3179,2023-12-17,0.261083,0.133006,NA
-44.7864517208271,-20.9674422993411,583,2019-01-02,2021-05-31,177,0.1908,0.3192,2023-12-17,0.261832,0.145729,NA
-44.7864517208271,-20.9675321308695,583,2019-01-02,2021-05-31,177,0.1961,0.3205,2024-01-26,0.253812,0.142902,NA
-44.7864517208271,-20.967621962398,583,2019-01-02,2021-05-31,177,0.1977,0.3174,2024-01-26,0.223413,0.132105,NA
-44.7864517208271,-20.9677117939264,583,2019-01-02,2021-05-31,177,0.1934,0.3146,2024-03-16,0.215338,0.123329,NA
-44.7864517208271,-20.9678016254548,583,2019-01-02,2021-05-31,177,0.1673,0.2878,2024-03-16,0.141232,0.093671,NA
-44.7864517208271,-20.9678914569832,583,2019-01-02,2021-05-31,177,0.1465,0.2562,NA,NA,0.009915,NA
-44.7864517208271,-20.9679812885116,583,2019-01-02,2021-05-31,177,0.1854,0.2936,2024-09-12,-0.197424,-0.077459,NA
-44.7864517208271,-20.96807112004,583,2019-01-02,2021-05-31,177,0.1949,0.313,2024-08-28,-0.219361,-0.092505,NA
-44.7864517208271,-20.9681609515684,583,2019-01-02,2021-05-31,177,0.193,0.3107,2024-08-23,-0.219152,-0.083949,NA
-44.7864517208271,-20.9682507830968,583,2019-01-02,2021-05-31,177,0.1992,0.3141,2024-08-18,-0.228356,-0.116871,NA
-44.7864517208271,-20.9683406146253,583,2019-01-02,2021-05-31,177,0.2056,0.3172,2024-08-18,-0.243648,-0.120814,NA
-44.7864517208271,-20.9684304461537,583,2019-01-02,2021-05-31,177,0.2125,0.318,2024-08-18,-0.230858,-0.098631,NA
-44.7864517208271,-20.9685202776821,583,2019-01-02,2021-05-31,177,0.21,0.3211,2024-08-18,-0.230122,-0.099283,NA
-44.7864517208271,-20.9686101092105,583,2019-01-02,2021-05-31,177,0.2028,0.3202,2024-08-23,-0.225618,-0.099217,NA
-44.7864517208271,-20.9686999407389,583,2019-01-02,2021-05-31,177,0.2035,0.3158,2024-09-02,-0.217279,-0.070482,NA
-44.7864517208271,-20.9687897722673,583,2019-01-02,2021-05-31,177,0.2066,0.3093,2024-09-02,-0.204108,-0.069452,NA
-44.7864517208271,-20.9688796037957,583,2019-01-02,2021-05-31,177,0.2013,0.3068,NA,NA,0.005844,NA
-44.7864517208271,-20.9689694353241,583,2019-01-02,2021-05-31,177,0.1751,0.2859,2025-12-26,0.227206,0.09061,NA
-44.7864517208271,-20.9690592668525,583,2019-01-02,2021-05-31,177,0.1883,0.2885,2024-01-26,0.198149,0.116846,NA
-44.7864517208271,-20.969149098381,583,2019-01-02,2021-05-31,177,0.1937,0.3083,2025-12-26,0.253378,0.133545,NA
-44.7864517208271,-20.9692389299094,583,2019-01-02,2021-05-31,177,0.1755,0.3064,NA,NA,0.107182,NA
-44.7864517208271,-20.9693287614378,583,2019-01-02,2021-05-31,177,0.2,0.3097,NA,NA,0.103664,NA
-44.7864517208271,-20.9694185929662,583,2019-01-02,2021-05-31,177,0.2184,0.3191,NA,NA,0.094081,NA
-44.7864517208271,-20.9698677506083,583,2019-01-02,2021-05-31,177,0.1996,0.3043,NA,NA,0.069613,NA
-44.7864517208271,-20.9699575821367,583,2019-01-02,2021-05-31,177,0.1836,0.3022,NA,NA,0.078771,NA
-44.7864517208271,-20.9700474136651,583,2019-01-02,2021-05-31,177,0.1774,0.2986,NA,NA,0.08316,NA
-44.7864517208271,-20.9701372451935,583,2019-01-02,2021-05-31,177,0.1638,0.2908,NA,NA,0.082532,NA
-44.7864517208271,-20.9702270767219,583,2019-01-02,2021-05-31,177,0.1343,0.2756,NA,NA,0.06842,NA
-44.7865415523555,-20.9659151633581,583,2019-01-02,2021-05-31,177,0.1936,0.189,2021-07-15,0.201982,0.20852,NA
-44.7865415523555,-20.9660049948865,583,2019-01-02,2021-05-31,177,0.1971,0.1876,2021-07-20,0.176545,0.189783,NA
-44.7865415523555,-20.966094826415,583,2019-01-02,2021-05-31,177,0.1905,0.1883,2021-08-29,0.145959,0.17236,NA
-44.7865415523555,-20.9661846579434,583,2019-01-02,2021-05-31,177,0.1905,0.1883,2021-08-29,0.145959,0.17236,NA
-44.7865415523555,-20.9662744894718,583,2019-01-02,2021-05-31,177,0.1881,0.2262,2023-11-22,0.17981,0.132615,NA
-44.7865415523555,-20.9663643210002,583,2019-01-02,2021-05-31,177,0.1993,0.2941,2024-03-06,0.18938,0.094044,NA
-44.7865415523555,-20.9667236471138,583,2019-01-02,2021-05-31,177,0.2117,0.3103,2024-03-11,0.178877,0.069989,NA
-44.7865415523555,-20.9668134786422,583,2019-01-02,2021-05-31,177,0.1957,0.3033,2024-03-11,0.1776,0.089818,NA
-44.7865415523555,-20.9669033101707,583,2019-01-02,2021-05-31,177,0.1601,0.2864,2024-01-26,0.146393,0.084796,NA
-44.7865415523555,-20.9669931416991,583,2019-01-02,2021-05-31,177,0.147,0.28,2024-03-06,0.132219,0.061079,NA
-44.7865415523555,-20.9670829732275,583,2019-01-02,2021-05-31,177,0.1701,0.2967,2024-03-01,0.163551,0.063206,NA
-44.7865415523555,-20.9671728047559,583,2019-01-02,2021-05-31,177,0.1913,0.3121,2024-01-26,0.245333,0.111284,NA
-44.7865415523555,-20.9672626362843,583,2019-01-02,2021-05-31,177,0.1984,0.3184,2023-12-17,0.269222,0.133606,NA
-44.7865415523555,-20.9673524678127,583,2019-01-02,2021-05-31,177,0.1962,0.3192,2023-12-12,0.26485,0.153547,NA
-44.7865415523555,-20.9674422993411,583,2019-01-02,2021-05-31,177,0.1943,0.3201,2023-12-17,0.272748,0.14122,NA
-44.7865415523555,-20.9675321308695,583,2019-01-02,2021-05-31,177,0.1963,0.3214,2024-01-26,0.240318,0.141292,NA
-44.7865415523555,-20.967621962398,583,2019-01-02,2021-05-31,177,0.1925,0.318,2024-01-26,0.224129,0.134698,NA
-44.7865415523555,-20.9677117939264,583,2019-01-02,2021-05-31,177,0.1884,0.3133,2024-03-01,0.206886,0.131003,NA
-44.7865415523555,-20.9678016254548,583,2019-01-02,2021-05-31,177,0.1501,0.281,2024-03-16,0.15823,0.087561,NA
-44.7865415523555,-20.9678914569832,583,2019-01-02,2021-05-31,177,0.1346,0.2525,NA,NA,-0.00668,NA
-44.7865415523555,-20.9679812885116,583,2019-01-02,2021-05-31,177,0.1809,0.2978,2024-10-02,-0.171162,-0.096251,NA
-44.7865415523555,-20.96807112004,583,2019-01-02,2021-05-31,177,0.1938,0.318,2024-09-17,-0.199309,-0.101639,NA
-44.7865415523555,-20.9681609515684,583,2019-01-02,2021-05-31,177,0.1932,0.3148,2024-09-02,-0.204844,-0.106223,NA
-44.7865415523555,-20.9682507830968,583,2019-01-02,2021-05-31,177,0.1964,0.3165,2024-09-02,-0.214842,-0.117932,NA
-44.7865415523555,-20.9683406146253,583,2019-01-02,2021-05-31,177,0.2044,0.3195,2024-08-28,-0.210481,-0.120916,NA
-44.7865415523555,-20.9684304461537,583,2019-01-02,2021-05-31,177,0.212,0.3191,2024-09-02,-0.197901,-0.111491,NA
-44.7865415523555,-20.9685202776821,583,2019-01-02,2021-05-31,177,0.2074,0.3183,2024-09-17,-0.166013,-0.098628,NA
-44.7865415523555,-20.9686101092105,583,2019-01-02,2021-05-31,177,0.1981,0.3161,2024-10-07,-0.157086,-0.08387,NA
-44.7865415523555,-20.9686999407389,583,2019-01-02,2021-05-31,177,0.1971,0.3136,NA,NA,-0.067223,NA
-44.7865415523555,-20.9687897722673,583,2019-01-02,2021-05-31,177,0.2056,0.3092,NA,NA,-0.04173,NA
-44.7865415523555,-20.9688796037957,583,2019-01-02,2021-05-31,177,0.1974,0.3046,NA,NA,0.024721,NA
-44.7865415523555,-20.9689694353241,583,2019-01-02,2021-05-31,177,0.1766,0.2788,2025-12-26,0.213208,0.099377,NA
-44.7865415523555,-20.9690592668525,583,2019-01-02,2021-05-31,177,0.1944,0.2863,2024-01-26,0.190398,0.125922,NA
-44.7865415523555,-20.969149098381,583,2019-01-02,2021-05-31,177,0.1862,0.2998,2025-12-11,0.250612,0.153197,NA
-44.7865415523555,-20.9692389299094,583,2019-01-02,2021-05-31,177,0.142,0.283,2023-12-17,0.200904,0.128278,NA
-44.7865415523555,-20.9693287614378,583,2019-01-02,2021-05-31,177,0.1614,0.2857,2025-12-11,0.244221,0.129442,NA
-44.7865415523555,-20.9697779190798,583,2019-01-02,2021-05-31,177,0.1972,0.2955,NA,NA,0.090317,NA
-44.7865415523555,-20.9698677506083,583,2019-01-02,2021-05-31,177,0.1835,0.2936,NA,NA,0.090788,NA
-44.7865415523555,-20.9699575821367,583,2019-01-02,2021-05-31,177,0.182,0.2952,NA,NA,0.068082,NA
-44.7865415523555,-20.9700474136651,583,2019-01-02,2021-05-31,177,0.1787,0.2915,NA,NA,0.060471,NA
-44.7865415523555,-20.9701372451935,583,2019-01-02,2021-05-31,177,0.1817,0.2943,NA,NA,0.049235,NA
-44.7866313838839,-20.9660049948865,583,2019-01-02,2021-05-31,177,0.1971,0.1876,2021-07-20,0.176545,0.189783,NA
-44.7866313838839,-20.966094826415,583,2019-01-02,2021-05-31,177,0.1905,0.1883,2021-08-29,0.145959,0.17236,NA
-44.7866313838839,-20.9661846579434,583,2019-01-02,2021-05-31,177,0.1905,0.1883,2021-08-29,0.145959,0.17236,NA
-44.7866313838839,-20.9662744894718,583,2019-01-02,2021-05-31,177,0.1881,0.2262,2023-11-22,0.17981,0.132615,NA
-44.7866313838839,-20.9666338155854,583,2019-01-02,2021-05-31,177,0.2167,0.3043,2024-03-01,0.190042,0.061005,NA
-44.7866313838839,-20.9667236471138,583,2019-01-02,2021-05-31,177,0.2117,0.3103,2024-03-11,0.178877,0.069989,NA
-44.7866313838839,-20.9668134786422,583,2019-01-02,2021-05-31,177,0.1957,0.3033,2024-03-11,0.1776,0.089818,NA
-44.7866313838839,-20.9669033101707,583,2019-01-02,2021-05-31,177,0.1601,0.2864,2024-01-26,0.146393,0.084796,NA
-44.7866313838839,-20.9669931416991,583,2019-01-02,2021-05-31,177,0.147,0.28,2024-03-06,0.132219,0.061079,NA
-44.7866313838839,-20.9670829732275,583,2019-01-02,2021-05-31,177,0.1701,0.2967,2024-03-01,0.163551,0.063206,NA
-44.7866313838839,-20.9671728047559,583,2019-01-02,2021-05-31,177,0.1913,0.3121,2024-01-26,0.245333,0.111284,NA
-44.7866313838839,-20.9672626362843,583,2019-01-02,2021-05-31,177,0.1984,0.3184,2023-12-17,0.269222,0.133606,NA
-44.7866313838839,-20.9673524678127,583,2019-01-02,2021-05-31,177,0.1962,0.3192,2023-12-12,0.26485,0.153547,NA
-44.7866313838839,-20.9674422993411,583,2019-01-02,2021-05-31,177,0.1951,0.319,2024-01-26,0.249324,0.131455,NA
-44.7866313838839,-20.9675321308695,583,2019-01-02,2021-05-31,177,0.1942,0.3198,2024-01-26,0.220198,0.131292,NA
-44.7866313838839,-20.967621962398,583,2019-01-02,2021-05-31,177,0.1893,0.3182,2024-03-06,0.217965,0.133227,NA
-44.7866313838839,-20.9677117939264,583,2019-01-02,2021-05-31,177,0.1764,0.3145,2024-03-06,0.191297,0.137455,NA
-44.7866313838839,-20.9678016254548,583,2019-01-02,2021-05-31,177,0.1416,0.2846,2024-03-16,0.149863,0.109803,NA
-44.7866313838839,-20.9678914569832,583,2019-01-02,2021-05-31,177,0.1432,0.2634,NA,NA,0.035464,NA
-44.7866313838839,-20.9679812885116,583,2019-01-02,2021-05-31,177,0.1736,0.3053,NA,NA,0.022459,NA
-44.7866313838839,-20.96807112004,583,2019-01-02,2021-05-31,177,0.1835,0.3192,NA,NA,0.042392,NA
-44.7866313838839,-20.9681609515684,583,2019-01-02,2021-05-31,177,0.1852,0.316,NA,NA,0.032726,NA
-44.7866313838839,-20.9682507830968,583,2019-01-02,2021-05-31,177,0.1896,0.3168,NA,NA,0.02731,NA
-44.7866313838839,-20.9683406146253,583,2019-01-02,2021-05-31,177,0.1969,0.3185,NA,NA,0.020105,NA
-44.7866313838839,-20.9684304461537,583,2019-01-02,2021-05-31,177,0.2049,0.3187,NA,NA,0.023681,NA
-44.7866313838839,-20.9685202776821,583,2019-01-02,2021-05-31,177,0.2034,0.3189,NA,NA,0.049981,NA
-44.7866313838839,-20.9686101092105,583,2019-01-02,2021-05-31,177,0.201,0.3151,NA,NA,0.011053,NA
-44.7866313838839,-20.9686999407389,583,2019-01-02,2021-05-31,177,0.1978,0.3087,NA,NA,-0.029122,NA
-44.7866313838839,-20.9687897722673,583,2019-01-02,2021-05-31,177,0.2038,0.3061,NA,NA,-0.028056,NA
-44.7866313838839,-20.9688796037957,583,2019-01-02,2021-05-31,177,0.194,0.3054,NA,NA,0.038785,NA
-44.7866313838839,-20.9689694353241,583,2019-01-02,2021-05-31,177,0.1808,0.2875,2025-12-26,0.219292,0.121608,NA
-44.7866313838839,-20.9690592668525,583,2019-01-02,2021-05-31,177,0.208,0.293,2025-12-26,0.242058,0.149546,NA
-44.7866313838839,-20.969149098381,583,2019-01-02,2021-05-31,177,0.209,0.3038,2025-12-26,0.228369,0.152089,NA
-44.7866313838839,-20.9692389299094,583,2019-01-02,2021-05-31,177,0.1944,0.2994,2025-12-26,0.251783,0.145347,NA
-44.7866313838839,-20.9693287614378,583,2019-01-02,2021-05-31,177,0.1909,0.297,2025-12-26,0.266688,0.131206,NA
-44.7866313838839,-20.9697779190798,583,2019-01-02,2021-05-31,177,0.1931,0.2916,NA,NA,0.10086,NA
-44.7866313838839,-20.9698677506083,583,2019-01-02,2021-05-31,177,0.1598,0.2805,2025-12-26,0.209508,0.093255,NA
-44.7866313838839,-20.9699575821367,583,2019-01-02,2021-05-31,177,0.1508,0.2751,NA,NA,0.087367,NA
-44.7866313838839,-20.9700474136651,583,2019-01-02,2021-05-31,177,0.1664,0.2821,NA,NA,0.065644,NA
-44.7866313838839,-20.9701372451935,583,2019-01-02,2021-05-31,177,0.1857,0.2956,NA,NA,0.029919,NA
-44.7867212154123,-20.966094826415,583,2019-01-02,2021-05-31,177,0.2157,0.1835,2021-08-04,0.167657,0.189899,NA
-44.7867212154123,-20.9661846579434,583,2019-01-02,2021-05-31,177,0.2157,0.1835,2021-08-04,0.167657,0.189899,NA
-44.7867212154123,-20.9662744894718,583,2019-01-02,2021-05-31,177,0.1966,0.2056,2021-09-28,0.154232,0.17317,NA
-44.7867212154123,-20.9666338155854,583,2019-01-02,2021-05-31,177,0.2203,0.3121,2024-01-26,0.219666,0.078505,NA
-44.7867212154123,-20.9667236471138,583,2019-01-02,2021-05-31,177,0.2189,0.3137,2024-01-26,0.226925,0.088776,NA
-44.7867212154123,-20.9668134786422,583,2019-01-02,2021-05-31,177,0.221,0.3144,2023-12-17,0.254681,0.105569,NA
-44.7867212154123,-20.9669033101707,583,2019-01-02,2021-05-31,177,0.2041,0.311,2023-12-12,0.250363,0.130897,NA
-44.7867212154123,-20.9669931416991,583,2019-01-02,2021-05-31,177,0.1795,0.3018,2024-01-26,0.201674,0.110396,NA
-44.7867212154123,-20.9670829732275,583,2019-01-02,2021-05-31,177,0.1644,0.2902,2024-03-06,0.135065,0.06294,NA
-44.7867212154123,-20.9671728047559,583,2019-01-02,2021-05-31,177,0.1626,0.2925,2024-01-26,0.170906,0.065864,NA
-44.7867212154123,-20.9672626362843,583,2019-01-02,2021-05-31,177,0.1783,0.3064,2023-12-17,0.244219,0.109191,NA
-44.7867212154123,-20.9673524678127,583,2019-01-02,2021-05-31,177,0.1935,0.3165,2023-12-17,0.265282,0.144271,NA
-44.7867212154123,-20.9674422993411,583,2019-01-02,2021-05-31,177,0.1951,0.319,2024-01-26,0.249324,0.131455,NA
-44.7867212154123,-20.9675321308695,583,2019-01-02,2021-05-31,177,0.1942,0.3198,2024-01-26,0.220198,0.131292,NA
-44.7867212154123,-20.967621962398,583,2019-01-02,2021-05-31,177,0.1893,0.3182,2024-03-06,0.217965,0.133227,NA
-44.7867212154123,-20.9677117939264,583,2019-01-02,2021-05-31,177,0.1764,0.3145,2024-03-06,0.191297,0.137455,NA
-44.7867212154123,-20.9678016254548,583,2019-01-02,2021-05-31,177,0.1416,0.2846,2024-03-16,0.149863,0.109803,NA
-44.7867212154123,-20.9678914569832,583,2019-01-02,2021-05-31,177,0.1432,0.2634,NA,NA,0.035464,NA
-44.7867212154123,-20.9679812885116,583,2019-01-02,2021-05-31,177,0.1736,0.3053,NA,NA,0.022459,NA
-44.7867212154123,-20.96807112004,583,2019-01-02,2021-05-31,177,0.1835,0.3192,NA,NA,0.042392,NA
-44.7867212154123,-20.9681609515684,583,2019-01-02,2021-05-31,177,0.1852,0.316,NA,NA,0.032726,NA
-44.7867212154123,-20.9682507830968,583,2019-01-02,2021-05-31,177,0.1896,0.3168,NA,NA,0.02731,NA
-44.7867212154123,-20.9683406146253,583,2019-01-02,2021-05-31,177,0.1969,0.3185,NA,NA,0.020105,NA
-44.7867212154123,-20.9684304461537,583,2019-01-02,2021-05-31,177,0.2049,0.3187,NA,NA,0.023681,NA
-44.7867212154123,-20.9685202776821,583,2019-01-02,2021-05-31,177,0.2034,0.3189,NA,NA,0.049981,NA
-44.7867212154123,-20.9686101092105,583,2019-01-02,2021-05-31,177,0.201,0.3151,NA,NA,0.011053,NA
-44.7867212154123,-20.9686999407389,583,2019-01-02,2021-05-31,177,0.1978,0.3087,NA,NA,-0.029122,NA
-44.7867212154123,-20.9687897722673,583,2019-01-02,2021-05-31,177,0.2038,0.3061,NA,NA,-0.028056,NA
-44.7867212154123,-20.9688796037957,583,2019-01-02,2021-05-31,177,0.194,0.3054,NA,NA,0.038785,NA
-44.7867212154123,-20.9689694353241,583,2019-01-02,2021-05-31,177,0.1808,0.2875,2025-12-26,0.219292,0.121608,NA
-44.7867212154123,-20.9690592668525,583,2019-01-02,2021-05-31,177,0.208,0.293,2025-12-26,0.242058,0.149546,NA
-44.7867212154123,-20.969149098381,583,2019-01-02,2021-05-31,177,0.209,0.3038,2025-12-26,0.228369,0.152089,NA
-44.7867212154123,-20.9692389299094,583,2019-01-02,2021-05-31,177,0.1944,0.2994,2025-12-26,0.251783,0.145347,NA
-44.7867212154123,-20.9696880875514,583,2019-01-02,2021-05-31,177,0.2116,0.3,NA,NA,0.095368,NA
-44.7867212154123,-20.9697779190798,583,2019-01-02,2021-05-31,177,0.1931,0.2916,NA,NA,0.10086,NA
-44.7867212154123,-20.9698677506083,583,2019-01-02,2021-05-31,177,0.1598,0.2805,2025-12-26,0.209508,0.093255,NA
-44.7867212154123,-20.9699575821367,583,2019-01-02,2021-05-31,177,0.1508,0.2751,NA,NA,0.087367,NA
-44.7867212154123,-20.9700474136651,583,2019-01-02,2021-05-31,177,0.1664,0.2821,NA,NA,0.065644,NA
-44.7867212154123,-20.9704965713071,583,2019-01-02,2021-05-31,177,0.161,0.2746,NA,NA,0.031135,NA
-44.7868110469407,-20.966094826415,583,2019-01-02,2021-05-31,177,0.2137,0.1878,2021-07-30,0.17602,0.206853,NA
-44.7868110469407,-20.9661846579434,583,2019-01-02,2021-05-31,177,0.2137,0.1878,2021-07-30,0.17602,0.206853,NA
-44.7868110469407,-20.9662744894718,583,2019-01-02,2021-05-31,177,0.1873,0.2038,2021-09-28,0.1485,0.190486,NA
-44.7868110469407,-20.9666338155854,583,2019-01-02,2021-05-31,177,0.2189,0.3131,2024-03-11,0.186905,0.079987,NA
-44.7868110469407,-20.9667236471138,583,2019-01-02,2021-05-31,177,0.2166,0.3156,2024-03-06,0.210007,0.0909,NA
-44.7868110469407,-20.9668134786422,583,2019-01-02,2021-05-31,177,0.2181,0.314,2023-12-17,0.249374,0.115562,NA
-44.7868110469407,-20.9669033101707,583,2019-01-02,2021-05-31,177,0.214,0.3147,2023-12-12,0.256017,0.131238,NA
-44.7868110469407,-20.9669931416991,583,2019-01-02,2021-05-31,177,0.2072,0.3196,2023-12-12,0.250372,0.129974,NA
-44.7868110469407,-20.9670829732275,583,2019-01-02,2021-05-31,177,0.1928,0.3138,2023-12-17,0.230952,0.128302,NA
-44.7868110469407,-20.9671728047559,583,2019-01-02,2021-05-31,177,0.1647,0.2985,2024-01-26,0.180133,0.098219,NA
-44.7868110469407,-20.9672626362843,583,2019-01-02,2021-05-31,177,0.1488,0.2883,2024-01-26,0.158616,0.076355,NA
-44.7868110469407,-20.9673524678127,583,2019-01-02,2021-05-31,177,0.1658,0.2933,2024-01-26,0.184896,0.073355,NA
-44.7868110469407,-20.9674422993411,583,2019-01-02,2021-05-31,177,0.1858,0.3087,2024-01-26,0.229155,0.117548,NA
-44.7868110469407,-20.9675321308695,583,2019-01-02,2021-05-31,177,0.1938,0.3168,2024-01-26,0.225711,0.131764,NA
-44.7868110469407,-20.967621962398,583,2019-01-02,2021-05-31,177,0.1869,0.3156,2024-03-16,0.211501,0.131352,NA
-44.7868110469407,-20.9677117939264,583,2019-01-02,2021-05-31,177,0.1673,0.3142,2024-03-16,0.202769,0.144745,NA
-44.7868110469407,-20.9678016254548,583,2019-01-02,2021-05-31,177,0.1495,0.2876,2024-03-16,0.177373,0.103703,NA
-44.7868110469407,-20.9678914569832,583,2019-01-02,2021-05-31,177,0.1571,0.2762,NA,NA,0.064563,NA
-44.7868110469407,-20.9679812885116,583,2019-01-02,2021-05-31,177,0.1721,0.3112,NA,NA,0.094085,NA
-44.7868110469407,-20.96807112004,583,2019-01-02,2021-05-31,177,0.1798,0.3188,NA,NA,0.10962,NA
-44.7868110469407,-20.9681609515684,583,2019-01-02,2021-05-31,177,0.185,0.318,NA,NA,0.107205,NA
-44.7868110469407,-20.9682507830968,583,2019-01-02,2021-05-31,177,0.1901,0.3196,2021-10-03,0.206714,0.107374,NA
-44.7868110469407,-20.9683406146253,583,2019-01-02,2021-05-31,177,0.1956,0.3202,2021-10-03,0.221317,0.103904,NA
-44.7868110469407,-20.9684304461537,583,2019-01-02,2021-05-31,177,0.2047,0.3188,2021-10-03,0.218385,0.089987,NA
-44.7868110469407,-20.9685202776821,583,2019-01-02,2021-05-31,177,0.2032,0.3189,NA,NA,0.092909,NA
-44.7868110469407,-20.9686101092105,583,2019-01-02,2021-05-31,177,0.2006,0.3175,NA,NA,0.098078,NA
-44.7868110469407,-20.9686999407389,583,2019-01-02,2021-05-31,177,0.1997,0.3073,NA,NA,0.035845,NA
-44.7868110469407,-20.9687897722673,583,2019-01-02,2021-05-31,177,0.193,0.2976,NA,NA,0.00589,NA
-44.7868110469407,-20.9688796037957,583,2019-01-02,2021-05-31,177,0.1853,0.298,NA,NA,0.050743,NA
-44.7868110469407,-20.9689694353241,583,2019-01-02,2021-05-31,177,0.1846,0.2933,2025-12-28,0.213639,0.122824,NA
-44.7868110469407,-20.9690592668525,583,2019-01-02,2021-05-31,177,0.2111,0.2965,2025-12-26,0.238606,0.147276,NA
-44.7868110469407,-20.969149098381,583,2019-01-02,2021-05-31,177,0.1974,0.2901,2025-12-26,0.253227,0.13978,NA
-44.7868110469407,-20.9697779190798,583,2019-01-02,2021-05-31,177,0.2092,0.2998,NA,NA,0.076318,NA
-44.7868110469407,-20.9698677506083,583,2019-01-02,2021-05-31,177,0.1586,0.2764,2025-12-11,0.20915,0.107737,NA
-44.7868110469407,-20.9704067397787,583,2019-01-02,2021-05-31,177,0.1596,0.2757,NA,NA,0.027428,NA
-44.7868110469407,-20.9704965713071,583,2019-01-02,2021-05-31,177,0.1573,0.2739,NA,NA,0.032994,NA
-44.7868110469407,-20.9705864028356,583,2019-01-02,2021-05-31,177,0.1588,0.2717,NA,NA,0.021884,NA
-44.7869008784691,-20.9661846579434,583,2019-01-02,2021-05-31,177,0.2171,0.1918,2021-08-14,0.184948,0.210698,NA
-44.7869008784691,-20.966543984057,583,2019-01-02,2021-05-31,177,0.2231,0.2987,2024-01-26,0.199115,0.069874,NA
-44.7869008784691,-20.9666338155854,583,2019-01-02,2021-05-31,177,0.2252,0.3104,2024-03-16,0.158265,0.061684,NA
-44.7869008784691,-20.9667236471138,583,2019-01-02,2021-05-31,177,0.2213,0.3142,2024-03-06,0.181042,0.094825,NA
-44.7869008784691,-20.9668134786422,583,2019-01-02,2021-05-31,177,0.2152,0.3154,2023-12-17,0.257913,0.123406,NA
-44.7869008784691,-20.9669033101707,583,2019-01-02,2021-05-31,177,0.2129,0.3171,2023-12-12,0.259616,0.136178,NA
-44.7869008784691,-20.9669931416991,583,2019-01-02,2021-05-31,177,0.2103,0.3184,2023-12-12,0.261778,0.132116,NA
-44.7869008784691,-20.9670829732275,583,2019-01-02,2021-05-31,177,0.2026,0.3187,2023-12-12,0.267741,0.139962,NA
-44.7869008784691,-20.9671728047559,583,2019-01-02,2021-05-31,177,0.1911,0.3162,2023-12-12,0.263154,0.152646,NA
-44.7869008784691,-20.9672626362843,583,2019-01-02,2021-05-31,177,0.1762,0.3059,2024-01-26,0.212728,0.130464,NA
-44.7869008784691,-20.9673524678127,583,2019-01-02,2021-05-31,177,0.164,0.2924,2024-03-01,0.166854,0.080699,NA
-44.7869008784691,-20.9674422993411,583,2019-01-02,2021-05-31,177,0.1673,0.291,2024-03-06,0.146667,0.066872,NA
-44.7869008784691,-20.9675321308695,583,2019-01-02,2021-05-31,177,0.1796,0.3036,2024-03-01,0.176615,0.092527,NA
-44.7869008784691,-20.967621962398,583,2019-01-02,2021-05-31,177,0.1825,0.3135,2024-03-06,0.210756,0.132177,NA
-44.7869008784691,-20.9677117939264,583,2019-01-02,2021-05-31,177,0.174,0.3158,2024-03-16,0.201905,0.138114,NA
-44.7869008784691,-20.9678016254548,583,2019-01-02,2021-05-31,177,0.1552,0.2836,2024-03-16,0.14116,0.094837,NA
-44.7869008784691,-20.9678914569832,583,2019-01-02,2021-05-31,177,0.155,0.2749,NA,NA,0.057921,NA
-44.7869008784691,-20.9679812885116,583,2019-01-02,2021-05-31,177,0.17,0.3125,NA,NA,0.104363,NA
-44.7869008784691,-20.96807112004,583,2019-01-02,2021-05-31,177,0.1779,0.3185,NA,NA,0.099838,NA
-44.7869008784691,-20.9681609515684,583,2019-01-02,2021-05-31,177,0.187,0.3187,NA,NA,0.098907,NA
-44.7869008784691,-20.9682507830968,583,2019-01-02,2021-05-31,177,0.192,0.3203,2021-10-03,0.215398,0.103775,NA
-44.7869008784691,-20.9683406146253,583,2019-01-02,2021-05-31,177,0.1961,0.3199,2021-10-03,0.225431,0.097841,NA
-44.7869008784691,-20.9684304461537,583,2019-01-02,2021-05-31,177,0.2006,0.3189,2021-10-03,0.205417,0.086195,NA
-44.7869008784691,-20.9685202776821,583,2019-01-02,2021-05-31,177,0.1964,0.3187,NA,NA,0.094022,NA
-44.7869008784691,-20.9686101092105,583,2019-01-02,2021-05-31,177,0.1956,0.3187,NA,NA,0.102248,NA
-44.7869008784691,-20.9686999407389,583,2019-01-02,2021-05-31,177,0.1966,0.3099,NA,NA,0.096057,NA
-44.7869008784691,-20.9687897722673,583,2019-01-02,2021-05-31,177,0.1891,0.2984,NA,NA,0.059634,NA
-44.7869008784691,-20.9688796037957,583,2019-01-02,2021-05-31,177,0.1816,0.2929,NA,NA,0.051439,NA
-44.7869008784691,-20.9689694353241,583,2019-01-02,2021-05-31,177,0.1879,0.291,NA,NA,0.102606,NA
-44.7869008784691,-20.9690592668525,583,2019-01-02,2021-05-31,177,0.2153,0.3003,2025-12-26,0.238305,0.133709,NA
-44.7869008784691,-20.969149098381,583,2019-01-02,2021-05-31,177,0.1994,0.2919,2025-12-11,0.268746,0.125327,NA
-44.7869008784691,-20.9703169082503,583,2019-01-02,2021-05-31,177,0.1662,0.2834,NA,NA,0.029117,NA
-44.7869008784691,-20.9704067397787,583,2019-01-02,2021-05-31,177,0.1621,0.2771,NA,NA,0.023843,NA
-44.7869008784691,-20.9704965713071,583,2019-01-02,2021-05-31,177,0.1596,0.2742,NA,NA,0.021715,NA
-44.7869008784691,-20.9705864028356,583,2019-01-02,2021-05-31,177,0.1613,0.273,NA,NA,0.009902,NA
-44.7869008784691,-20.970676234364,583,2019-01-02,2021-05-31,177,0.1665,0.2685,NA,NA,0.001912,NA
-44.7869907099975,-20.9666338155854,583,2019-01-02,2021-05-31,177,0.2291,0.3064,2024-01-26,0.198701,0.082754,NA
-44.7869907099975,-20.9667236471138,583,2019-01-02,2021-05-31,177,0.2219,0.3118,2023-12-17,0.236214,0.117699,NA
-44.7869907099975,-20.9668134786422,583,2019-01-02,2021-05-31,177,0.211,0.3156,2023-12-12,0.261561,0.129732,NA
-44.7869907099975,-20.9669033101707,583,2019-01-02,2021-05-31,177,0.2121,0.3186,2023-12-17,0.267638,0.131343,NA
-44.7869907099975,-20.9669931416991,583,2019-01-02,2021-05-31,177,0.2121,0.3187,2023-12-17,0.261848,0.136349,NA
-44.7869907099975,-20.9670829732275,583,2019-01-02,2021-05-31,177,0.2035,0.3173,2023-12-12,0.26372,0.143501,NA
-44.7869907099975,-20.9671728047559,583,2019-01-02,2021-05-31,177,0.1947,0.3168,2023-12-17,0.272301,0.166204,NA
-44.7869907099975,-20.9672626362843,583,2019-01-02,2021-05-31,177,0.1927,0.3171,2024-01-26,0.24082,0.156208,NA
-44.7869907099975,-20.9673524678127,583,2019-01-02,2021-05-31,177,0.1909,0.3122,2024-01-26,0.231407,0.142906,NA
-44.7869907099975,-20.9674422993411,583,2019-01-02,2021-05-31,177,0.1744,0.2971,2024-01-26,0.180641,0.112041,NA
-44.7869907099975,-20.9675321308695,583,2019-01-02,2021-05-31,177,0.1516,0.2852,2024-03-01,0.138622,0.072093,NA
-44.7869907099975,-20.967621962398,583,2019-01-02,2021-05-31,177,0.1564,0.2914,2024-03-16,0.140408,0.05732,NA
-44.7869907099975,-20.9677117939264,583,2019-01-02,2021-05-31,177,0.165,0.3029,2024-03-16,0.146782,0.084405,NA
-44.7869907099975,-20.9678016254548,583,2019-01-02,2021-05-31,177,0.1361,0.269,NA,NA,0.055097,NA
-44.7869907099975,-20.9678914569832,583,2019-01-02,2021-05-31,177,0.142,0.2689,2024-03-16,0.125378,0.061066,NA
-44.7869907099975,-20.9679812885116,583,2019-01-02,2021-05-31,177,0.1694,0.3103,2025-12-28,0.221153,0.101512,NA
-44.7869907099975,-20.96807112004,583,2019-01-02,2021-05-31,177,0.1748,0.3171,2021-10-03,0.193287,0.112689,NA
-44.7869907099975,-20.9681609515684,583,2019-01-02,2021-05-31,177,0.1862,0.3182,2021-10-03,0.210042,0.110052,NA
-44.7869907099975,-20.9682507830968,583,2019-01-02,2021-05-31,177,0.1924,0.3196,2021-10-03,0.215345,0.112099,NA
-44.7869907099975,-20.9683406146253,583,2019-01-02,2021-05-31,177,0.1949,0.3176,2021-09-28,0.205629,0.112649,NA
-44.7869907099975,-20.9684304461537,583,2019-01-02,2021-05-31,177,0.1961,0.318,NA,NA,0.109186,NA
-44.7869907099975,-20.9685202776821,583,2019-01-02,2021-05-31,177,0.1891,0.3171,NA,NA,0.111249,NA
-44.7869907099975,-20.9686101092105,583,2019-01-02,2021-05-31,177,0.1882,0.3152,NA,NA,0.109787,NA
-44.7869907099975,-20.9686999407389,583,2019-01-02,2021-05-31,177,0.1934,0.3082,NA,NA,0.11141,NA
-44.7869907099975,-20.9687897722673,583,2019-01-02,2021-05-31,177,0.1983,0.3021,NA,NA,0.094868,NA
-44.7869907099975,-20.9688796037957,583,2019-01-02,2021-05-31,177,0.1895,0.2986,2025-12-26,0.245839,0.082528,NA
-44.7869907099975,-20.9689694353241,583,2019-01-02,2021-05-31,177,0.179,0.2847,NA,NA,0.080579,NA
-44.7869907099975,-20.9690592668525,583,2019-01-02,2021-05-31,177,0.2027,0.2869,NA,NA,0.085132,NA
-44.7869907099975,-20.969149098381,583,2019-01-02,2021-05-31,177,0.2032,0.2859,NA,NA,0.0831,NA
-44.7869907099975,-20.9696880875514,583,2019-01-02,2021-05-31,177,0.2183,0.2903,NA,NA,-0.053285,NA
-44.7869907099975,-20.9703169082503,583,2019-01-02,2021-05-31,177,0.1628,0.293,NA,NA,0.062466,NA
-44.7869907099975,-20.9704067397787,583,2019-01-02,2021-05-31,177,0.1749,0.2807,NA,NA,0.052731,NA
-44.7869907099975,-20.9704965713071,583,2019-01-02,2021-05-31,177,0.1758,0.2761,NA,NA,0.041657,NA
-44.7869907099975,-20.9705864028356,583,2019-01-02,2021-05-31,177,0.1732,0.2759,NA,NA,0.032423,NA
-44.7869907099975,-20.970676234364,583,2019-01-02,2021-05-31,177,0.176,0.2676,NA,NA,0.026773,NA
-44.787080541526,-20.9666338155854,583,2019-01-02,2021-05-31,177,0.2312,0.3062,2024-01-26,0.239434,0.086284,NA
-44.787080541526,-20.9667236471138,583,2019-01-02,2021-05-31,177,0.2199,0.3097,2023-12-12,0.256976,0.124588,NA
-44.787080541526,-20.9668134786422,583,2019-01-02,2021-05-31,177,0.2083,0.3143,2023-12-17,0.267215,0.125149,NA
-44.787080541526,-20.9669033101707,583,2019-01-02,2021-05-31,177,0.2096,0.3171,2023-12-17,0.260497,0.121148,NA
-44.787080541526,-20.9669931416991,583,2019-01-02,2021-05-31,177,0.2067,0.3175,2023-12-17,0.270341,0.131278,NA
-44.787080541526,-20.9670829732275,583,2019-01-02,2021-05-31,177,0.2006,0.3166,2023-12-12,0.270326,0.144862,NA
-44.787080541526,-20.9671728047559,583,2019-01-02,2021-05-31,177,0.1953,0.317,2023-12-12,0.260291,0.161914,NA
-44.787080541526,-20.9672626362843,583,2019-01-02,2021-05-31,177,0.1947,0.3158,2023-12-12,0.258895,0.147801,NA
-44.787080541526,-20.9673524678127,583,2019-01-02,2021-05-31,177,0.1978,0.3141,2023-12-07,0.262442,0.141161,NA
-44.787080541526,-20.9674422993411,583,2019-01-02,2021-05-31,177,0.1908,0.315,2023-12-17,0.253967,0.153786,NA
-44.787080541526,-20.9675321308695,583,2019-01-02,2021-05-31,177,0.1705,0.3079,2024-03-01,0.179586,0.123484,NA
-44.787080541526,-20.967621962398,583,2019-01-02,2021-05-31,177,0.1566,0.2932,NA,NA,0.073685,NA
-44.787080541526,-20.9677117939264,583,2019-01-02,2021-05-31,177,0.1382,0.2784,2024-03-16,0.100364,0.043598,NA
-44.787080541526,-20.9678016254548,583,2019-01-02,2021-05-31,177,0.095,0.242,2024-03-11,0.090399,0.028847,NA
-44.787080541526,-20.9678914569832,583,2019-01-02,2021-05-31,177,0.1268,0.2598,2024-01-26,0.117693,0.051641,NA
-44.787080541526,-20.9679812885116,583,2019-01-02,2021-05-31,177,0.167,0.3114,2025-12-26,0.209765,0.104018,NA
-44.787080541526,-20.96807112004,583,2019-01-02,2021-05-31,177,0.1719,0.3189,2021-10-03,0.196653,0.115187,NA
-44.787080541526,-20.9681609515684,583,2019-01-02,2021-05-31,177,0.1823,0.3195,2021-09-28,0.216117,0.118744,NA
-44.787080541526,-20.9682507830968,583,2019-01-02,2021-05-31,177,0.189,0.3202,2021-10-03,0.216019,0.117032,NA
-44.787080541526,-20.9683406146253,583,2019-01-02,2021-05-31,177,0.1938,0.3176,2021-09-28,0.213279,0.118629,NA
-44.787080541526,-20.9684304461537,583,2019-01-02,2021-05-31,177,0.1974,0.3206,NA,NA,0.119697,NA
-44.787080541526,-20.9685202776821,583,2019-01-02,2021-05-31,177,0.1913,0.3201,NA,NA,0.120153,NA
-44.787080541526,-20.9686101092105,583,2019-01-02,2021-05-31,177,0.1858,0.313,NA,NA,0.119511,NA
-44.787080541526,-20.9686999407389,583,2019-01-02,2021-05-31,177,0.1992,0.3089,NA,NA,0.108745,NA
-44.787080541526,-20.9687897722673,583,2019-01-02,2021-05-31,177,0.2126,0.3073,NA,NA,0.091414,NA
-44.787080541526,-20.9688796037957,583,2019-01-02,2021-05-31,177,0.2044,0.3025,2025-12-28,0.252844,0.102029,NA
-44.787080541526,-20.9689694353241,583,2019-01-02,2021-05-31,177,0.1789,0.2828,NA,NA,0.077239,NA
-44.787080541526,-20.9690592668525,583,2019-01-02,2021-05-31,177,0.1834,0.2822,NA,NA,0.071876,NA
-44.787080541526,-20.969149098381,583,2019-01-02,2021-05-31,177,0.1965,0.2955,NA,NA,0.090875,NA
-44.787080541526,-20.9696880875514,583,2019-01-02,2021-05-31,177,0.2064,0.2825,2022-10-13,-0.159029,-0.09038,NA
-44.787080541526,-20.9704067397787,583,2019-01-02,2021-05-31,177,0.1537,0.2861,NA,NA,0.023784,NA
-44.787080541526,-20.9704965713071,583,2019-01-02,2021-05-31,177,0.1646,0.2801,NA,NA,0.021647,NA
-44.787080541526,-20.9705864028356,583,2019-01-02,2021-05-31,177,0.1702,0.2769,NA,NA,0.040277,NA
-44.787080541526,-20.970676234364,583,2019-01-02,2021-05-31,177,0.1719,0.2689,NA,NA,0.048319,NA
-44.7871703730544,-20.9666338155854,583,2019-01-02,2021-05-31,177,0.221,0.2997,2023-12-17,0.233365,0.087704,NA
-44.7871703730544,-20.9667236471138,583,2019-01-02,2021-05-31,177,0.2158,0.3064,2023-12-17,0.261675,0.122175,NA
-44.7871703730544,-20.9668134786422,583,2019-01-02,2021-05-31,177,0.2084,0.3123,2023-12-17,0.267762,0.129195,NA
-44.7871703730544,-20.9669033101707,583,2019-01-02,2021-05-31,177,0.2066,0.3169,2023-12-17,0.265849,0.126849,NA
-44.7871703730544,-20.9669931416991,583,2019-01-02,2021-05-31,177,0.2041,0.3172,2023-12-17,0.271245,0.133354,NA
-44.7871703730544,-20.9670829732275,583,2019-01-02,2021-05-31,177,0.1987,0.3161,2023-12-12,0.266542,0.147143,NA
-44.7871703730544,-20.9671728047559,583,2019-01-02,2021-05-31,177,0.1989,0.3166,2023-12-12,0.26077,0.148023,NA
-44.7871703730544,-20.9672626362843,583,2019-01-02,2021-05-31,177,0.2001,0.3153,2023-12-12,0.255827,0.133874,NA
-44.7871703730544,-20.9673524678127,583,2019-01-02,2021-05-31,177,0.1935,0.3134,2023-12-07,0.24968,0.143906,NA
-44.7871703730544,-20.9674422993411,583,2019-01-02,2021-05-31,177,0.1845,0.3162,2023-12-17,0.258726,0.152626,NA
-44.7871703730544,-20.9675321308695,583,2019-01-02,2021-05-31,177,0.1806,0.3186,2024-01-26,0.244178,0.148666,NA
-44.7871703730544,-20.967621962398,583,2019-01-02,2021-05-31,177,0.1805,0.3146,2024-01-26,0.217602,0.128625,NA
-44.7871703730544,-20.9677117939264,583,2019-01-02,2021-05-31,177,0.1735,0.3034,2024-01-26,0.192778,0.11039,NA
-44.7871703730544,-20.9678016254548,583,2019-01-02,2021-05-31,177,0.1179,0.263,2024-03-16,0.119879,0.076354,NA
-44.7871703730544,-20.9678914569832,583,2019-01-02,2021-05-31,177,0.1313,0.2642,2024-03-16,0.127117,0.063366,NA
-44.7871703730544,-20.9679812885116,583,2019-01-02,2021-05-31,177,0.1612,0.3114,2025-12-26,0.198076,0.115074,NA
-44.7871703730544,-20.96807112004,583,2019-01-02,2021-05-31,177,0.171,0.3206,2021-10-03,0.192287,0.115986,NA
-44.7871703730544,-20.9681609515684,583,2019-01-02,2021-05-31,177,0.1824,0.3213,2021-09-28,0.208018,0.115593,NA
-44.7871703730544,-20.9682507830968,583,2019-01-02,2021-05-31,177,0.1863,0.3196,2021-09-28,0.203502,0.124479,NA
-44.7871703730544,-20.9683406146253,583,2019-01-02,2021-05-31,177,0.1869,0.3168,2021-09-28,0.205566,0.119886,NA
-44.7871703730544,-20.9684304461537,583,2019-01-02,2021-05-31,177,0.1916,0.3208,NA,NA,0.115132,NA
-44.7871703730544,-20.9685202776821,583,2019-01-02,2021-05-31,177,0.1922,0.3213,NA,NA,0.119599,NA
-44.7871703730544,-20.9686101092105,583,2019-01-02,2021-05-31,177,0.1952,0.3169,NA,NA,0.117562,NA
-44.7871703730544,-20.9686999407389,583,2019-01-02,2021-05-31,177,0.207,0.3128,NA,NA,0.105842,NA
-44.7871703730544,-20.9687897722673,583,2019-01-02,2021-05-31,177,0.2119,0.3077,NA,NA,0.076253,NA
-44.7871703730544,-20.9688796037957,583,2019-01-02,2021-05-31,177,0.2118,0.3045,NA,NA,0.091064,NA
-44.7871703730544,-20.9689694353241,583,2019-01-02,2021-05-31,177,0.1958,0.2917,2025-12-26,0.250116,0.093718,NA
-44.7871703730544,-20.9690592668525,583,2019-01-02,2021-05-31,177,0.1877,0.2884,NA,NA,0.071175,NA
-44.7871703730544,-20.969149098381,583,2019-01-02,2021-05-31,177,0.2038,0.3022,NA,NA,0.09784,NA
-44.7871703730544,-20.969598256023,583,2019-01-02,2021-05-31,177,0.1725,0.2714,NA,NA,0.061516,NA
-44.7871703730544,-20.9696880875514,583,2019-01-02,2021-05-31,177,0.1702,0.2677,NA,NA,-0.040574,NA
-44.7871703730544,-20.9704067397787,583,2019-01-02,2021-05-31,177,0.1113,0.2893,NA,NA,-0.053703,NA
-44.7871703730544,-20.9704965713071,583,2019-01-02,2021-05-31,177,0.1187,0.2826,NA,NA,-0.043932,NA
-44.7871703730544,-20.9705864028356,583,2019-01-02,2021-05-31,177,0.1245,0.28,NA,NA,-0.014102,NA
-44.7871703730544,-20.970676234364,583,2019-01-02,2021-05-31,177,0.1308,0.2757,NA,NA,-0.012601,NA
-44.7871703730544,-20.9707660658924,583,2019-01-02,2021-05-31,177,0.1366,0.2645,NA,NA,-0.006814,NA
-44.7872602045828,-20.9667236471138,583,2019-01-02,2021-05-31,177,0.2155,0.3023,2023-12-12,0.25926,0.126196,NA
-44.7872602045828,-20.9668134786422,583,2019-01-02,2021-05-31,177,0.213,0.3122,2023-12-17,0.266627,0.131968,NA
-44.7872602045828,-20.9669033101707,583,2019-01-02,2021-05-31,177,0.2085,0.3159,2024-01-26,0.266932,0.136954,NA
-44.7872602045828,-20.9669931416991,583,2019-01-02,2021-05-31,177,0.2042,0.3163,2023-12-17,0.270558,0.137466,NA
-44.7872602045828,-20.9670829732275,583,2019-01-02,2021-05-31,177,0.2028,0.3165,2023-12-12,0.271792,0.148515,NA
-44.7872602045828,-20.9671728047559,583,2019-01-02,2021-05-31,177,0.2028,0.316,2023-12-17,0.262357,0.144629,NA
-44.7872602045828,-20.9672626362843,583,2019-01-02,2021-05-31,177,0.2003,0.314,2023-12-17,0.253128,0.13859,NA
-44.7872602045828,-20.9673524678127,583,2019-01-02,2021-05-31,177,0.194,0.316,2023-12-07,0.249437,0.149849,NA
-44.7872602045828,-20.9674422993411,583,2019-01-02,2021-05-31,177,0.1859,0.3175,2023-12-07,0.259552,0.14331,NA
-44.7872602045828,-20.9675321308695,583,2019-01-02,2021-05-31,177,0.1804,0.3172,2023-12-17,0.257018,0.136984,NA
-44.7872602045828,-20.967621962398,583,2019-01-02,2021-05-31,177,0.1815,0.3152,2024-01-26,0.242556,0.131666,NA
-44.7872602045828,-20.9677117939264,583,2019-01-02,2021-05-31,177,0.1835,0.3148,2024-01-26,0.233537,0.140991,NA
-44.7872602045828,-20.9678016254548,583,2019-01-02,2021-05-31,177,0.1376,0.2768,2024-03-16,0.141977,0.087073,NA
-44.7872602045828,-20.9678914569832,583,2019-01-02,2021-05-31,177,0.1317,0.2689,NA,NA,0.053829,NA
-44.7872602045828,-20.9679812885116,583,2019-01-02,2021-05-31,177,0.1587,0.3121,2025-12-26,0.211186,0.105793,NA
-44.7872602045828,-20.96807112004,583,2019-01-02,2021-05-31,177,0.1688,0.32,2021-10-03,0.197008,0.111255,NA
-44.7872602045828,-20.9681609515684,583,2019-01-02,2021-05-31,177,0.1812,0.3215,2021-09-28,0.20748,0.111345,NA
-44.7872602045828,-20.9682507830968,583,2019-01-02,2021-05-31,177,0.1829,0.3188,2021-09-28,0.204916,0.11414,NA
-44.7872602045828,-20.9683406146253,583,2019-01-02,2021-05-31,177,0.1778,0.3147,2021-09-28,0.197581,0.125033,NA
-44.7872602045828,-20.9684304461537,583,2019-01-02,2021-05-31,177,0.1826,0.3183,2025-12-26,0.23685,0.121891,NA
-44.7872602045828,-20.9685202776821,583,2019-01-02,2021-05-31,177,0.1879,0.32,NA,NA,0.112492,NA
-44.7872602045828,-20.9686101092105,583,2019-01-02,2021-05-31,177,0.198,0.3195,NA,NA,0.114112,NA
-44.7872602045828,-20.9686999407389,583,2019-01-02,2021-05-31,177,0.2062,0.3161,NA,NA,0.093042,NA
-44.7872602045828,-20.9687897722673,583,2019-01-02,2021-05-31,177,0.1984,0.3102,NA,NA,0.039362,NA
-44.7872602045828,-20.9688796037957,583,2019-01-02,2021-05-31,177,0.203,0.305,NA,NA,0.07686,NA
-44.7872602045828,-20.9689694353241,583,2019-01-02,2021-05-31,177,0.2028,0.2993,2025-12-26,0.262374,0.1014,NA
-44.7872602045828,-20.9690592668525,583,2019-01-02,2021-05-31,177,0.1908,0.2938,2025-12-26,0.243314,0.099625,NA
-44.7872602045828,-20.969149098381,583,2019-01-02,2021-05-31,177,0.2038,0.3013,NA,NA,0.086458,NA
-44.7872602045828,-20.969598256023,583,2019-01-02,2021-05-31,177,0.1799,0.2767,NA,NA,0.067399,NA
-44.7872602045828,-20.9696880875514,583,2019-01-02,2021-05-31,177,0.151,0.2657,NA,NA,0.030377,NA
-44.7872602045828,-20.9697779190798,583,2019-01-02,2021-05-31,177,0.1825,0.2776,2022-09-03,-0.201515,-0.073194,NA
-44.7872602045828,-20.9698677506083,583,2019-01-02,2021-05-31,177,0.1848,0.2813,2022-08-04,-0.23803,-0.122833,NA
-44.7872602045828,-20.9699575821367,583,2019-01-02,2021-05-31,177,0.1604,0.2747,2022-08-09,-0.217977,-0.121387,NA
-44.7872602045828,-20.9704067397787,583,2019-01-02,2021-05-31,177,0.1046,0.2868,2021-11-17,-0.175363,-0.078942,NA
-44.7872602045828,-20.9704965713071,583,2019-01-02,2021-05-31,177,0.1061,0.2827,2021-11-22,-0.165522,-0.067145,NA
-44.7872602045828,-20.9705864028356,583,2019-01-02,2021-05-31,177,0.1103,0.2811,NA,NA,-0.065154,NA
-44.7872602045828,-20.970676234364,583,2019-01-02,2021-05-31,177,0.116,0.2792,NA,NA,-0.059748,NA
-44.7872602045828,-20.9707660658924,583,2019-01-02,2021-05-31,177,0.1252,0.273,NA,NA,-0.063503,NA
-44.7872602045828,-20.9708558974208,583,2019-01-02,2021-05-31,177,0.1197,0.2708,NA,NA,-0.057975,NA
-44.7872602045828,-20.9709457289492,583,2019-01-02,2021-05-31,177,0.1159,0.2698,NA,NA,-0.059019,NA
-44.7873500361112,-20.9668134786422,583,2019-01-02,2021-05-31,177,0.2151,0.3068,2023-12-17,0.253573,0.121737,NA
-44.7873500361112,-20.9669033101707,583,2019-01-02,2021-05-31,177,0.211,0.3142,2023-12-17,0.270826,0.14265,NA
-44.7873500361112,-20.9669931416991,583,2019-01-02,2021-05-31,177,0.2031,0.3127,2023-12-12,0.268384,0.144808,NA
-44.7873500361112,-20.9670829732275,583,2019-01-02,2021-05-31,177,0.2035,0.3122,2023-12-17,0.259287,0.133467,NA
-44.7873500361112,-20.9671728047559,583,2019-01-02,2021-05-31,177,0.2031,0.3136,2023-12-17,0.253302,0.132487,NA
-44.7873500361112,-20.9672626362843,583,2019-01-02,2021-05-31,177,0.2,0.3139,2023-12-17,0.259184,0.140868,NA
-44.7873500361112,-20.9673524678127,583,2019-01-02,2021-05-31,177,0.1935,0.3165,2023-12-17,0.256364,0.14217,NA
-44.7873500361112,-20.9674422993411,583,2019-01-02,2021-05-31,177,0.1869,0.3179,2023-12-17,0.261762,0.13873,NA
-44.7873500361112,-20.9675321308695,583,2019-01-02,2021-05-31,177,0.1799,0.3176,2023-12-17,0.268973,0.131443,NA
-44.7873500361112,-20.967621962398,583,2019-01-02,2021-05-31,177,0.1823,0.3136,2024-01-26,0.245685,0.140209,NA
-44.7873500361112,-20.9677117939264,583,2019-01-02,2021-05-31,177,0.1815,0.3126,2024-03-01,0.209527,0.139441,NA
-44.7873500361112,-20.9678016254548,583,2019-01-02,2021-05-31,177,0.1369,0.2746,2025-12-26,0.196665,0.066241,NA
-44.7873500361112,-20.9678914569832,583,2019-01-02,2021-05-31,177,0.1268,0.2693,NA,NA,0.061543,NA
-44.7873500361112,-20.9679812885116,583,2019-01-02,2021-05-31,177,0.1588,0.3108,2025-12-26,0.219201,0.110428,NA
-44.7873500361112,-20.96807112004,583,2019-01-02,2021-05-31,177,0.1648,0.3189,2021-09-28,0.197524,0.106961,NA
-44.7873500361112,-20.9681609515684,583,2019-01-02,2021-05-31,177,0.1765,0.3213,2021-09-28,0.209751,0.106287,NA
-44.7873500361112,-20.9682507830968,583,2019-01-02,2021-05-31,177,0.1796,0.3181,2021-09-28,0.206567,0.108726,NA
-44.7873500361112,-20.9683406146253,583,2019-01-02,2021-05-31,177,0.1728,0.3126,2021-09-28,0.199824,0.110812,NA
-44.7873500361112,-20.9684304461537,583,2019-01-02,2021-05-31,177,0.1812,0.3168,2025-12-26,0.236591,0.124092,NA
-44.7873500361112,-20.9685202776821,583,2019-01-02,2021-05-31,177,0.1884,0.3207,NA,NA,0.109574,NA
-44.7873500361112,-20.9686101092105,583,2019-01-02,2021-05-31,177,0.1992,0.3222,NA,NA,0.101542,NA
-44.7873500361112,-20.9686999407389,583,2019-01-02,2021-05-31,177,0.2071,0.3197,NA,NA,0.097864,NA
-44.7873500361112,-20.9687897722673,583,2019-01-02,2021-05-31,177,0.2059,0.3134,NA,NA,0.080951,NA
-44.7873500361112,-20.9688796037957,583,2019-01-02,2021-05-31,177,0.2015,0.307,2025-12-26,0.251041,0.100493,NA
-44.7873500361112,-20.9689694353241,583,2019-01-02,2021-05-31,177,0.1957,0.3037,2025-12-26,0.258526,0.092992,NA
-44.7873500361112,-20.9690592668525,583,2019-01-02,2021-05-31,177,0.1838,0.2993,2025-12-26,0.249385,0.102676,NA
-44.7873500361112,-20.969149098381,583,2019-01-02,2021-05-31,177,0.1909,0.3043,2025-12-28,0.232606,0.09803,NA
-44.7873500361112,-20.9696880875514,583,2019-01-02,2021-05-31,177,0.1731,0.2756,NA,NA,0.056717,NA
-44.7873500361112,-20.9697779190798,583,2019-01-02,2021-05-31,177,0.1871,0.281,2022-10-08,-0.182007,-0.048744,NA
-44.7873500361112,-20.9698677506083,583,2019-01-02,2021-05-31,177,0.2035,0.2899,2022-07-30,-0.248021,-0.141715,NA
-44.7873500361112,-20.9699575821367,583,2019-01-02,2021-05-31,177,0.1981,0.2911,2022-07-30,-0.248642,-0.15835,NA
-44.7873500361112,-20.9700474136651,583,2019-01-02,2021-05-31,177,0.1893,0.2895,2022-07-30,-0.246781,-0.159433,NA
-44.7873500361112,-20.9704965713071,583,2019-01-02,2021-05-31,177,0.1101,0.2806,2021-11-12,-0.164065,-0.066925,NA
-44.7873500361112,-20.9705864028356,583,2019-01-02,2021-05-31,177,0.11,0.2815,NA,NA,-0.069877,NA
-44.7873500361112,-20.970676234364,583,2019-01-02,2021-05-31,177,0.114,0.2812,NA,NA,-0.066611,NA
-44.7873500361112,-20.9707660658924,583,2019-01-02,2021-05-31,177,0.1263,0.2756,NA,NA,-0.066549,NA
-44.7873500361112,-20.9708558974208,583,2019-01-02,2021-05-31,177,0.1199,0.273,NA,NA,-0.057342,NA
-44.7873500361112,-20.9709457289492,583,2019-01-02,2021-05-31,177,0.1143,0.2721,NA,NA,-0.05149,NA
-44.7874398676396,-20.9669033101707,583,2019-01-02,2021-05-31,177,0.1963,0.2849,2023-12-17,0.234239,0.088515,NA
-44.7874398676396,-20.9669931416991,583,2019-01-02,2021-05-31,177,0.2007,0.306,2023-12-12,0.243091,0.130777,NA
-44.7874398676396,-20.9670829732275,583,2019-01-02,2021-05-31,177,0.2072,0.3098,2023-12-17,0.255581,0.128322,NA
-44.7874398676396,-20.9671728047559,583,2019-01-02,2021-05-31,177,0.2064,0.3083,2023-12-17,0.245338,0.125071,NA
-44.7874398676396,-20.9672626362843,583,2019-01-02,2021-05-31,177,0.1985,0.3096,2023-12-17,0.252959,0.138946,NA
-44.7874398676396,-20.9673524678127,583,2019-01-02,2021-05-31,177,0.1916,0.314,2023-12-17,0.255233,0.141061,NA
-44.7874398676396,-20.9674422993411,583,2019-01-02,2021-05-31,177,0.1897,0.3164,2024-01-26,0.246102,0.128505,NA
-44.7874398676396,-20.9675321308695,583,2019-01-02,2021-05-31,177,0.1843,0.3161,2023-12-17,0.261133,0.12631,NA
-44.7874398676396,-20.967621962398,583,2019-01-02,2021-05-31,177,0.1818,0.3152,2024-01-26,0.231808,0.136127,NA
-44.7874398676396,-20.9677117939264,583,2019-01-02,2021-05-31,177,0.1781,0.3149,2024-03-16,0.195481,0.124883,NA
-44.7874398676396,-20.9678016254548,583,2019-01-02,2021-05-31,177,0.1261,0.2737,2025-12-28,0.168847,0.062101,NA
-44.7874398676396,-20.9678914569832,583,2019-01-02,2021-05-31,177,0.1238,0.2701,NA,NA,0.049729,NA
-44.7874398676396,-20.9679812885116,583,2019-01-02,2021-05-31,177,0.1555,0.3111,2025-12-26,0.216164,0.102911,NA
-44.7874398676396,-20.96807112004,583,2019-01-02,2021-05-31,177,0.1578,0.3188,2021-09-28,0.19483,0.113539,NA
-44.7874398676396,-20.9681609515684,583,2019-01-02,2021-05-31,177,0.1744,0.3215,2021-09-28,0.206014,0.106907,NA
-44.7874398676396,-20.9682507830968,583,2019-01-02,2021-05-31,177,0.1775,0.3196,2021-09-28,0.211382,0.115019,NA
-44.7874398676396,-20.9683406146253,583,2019-01-02,2021-05-31,177,0.1764,0.3141,2021-09-23,0.214059,0.120621,NA
-44.7874398676396,-20.9684304461537,583,2019-01-02,2021-05-31,177,0.1867,0.3173,2021-09-28,0.208199,0.117877,NA
-44.7874398676396,-20.9685202776821,583,2019-01-02,2021-05-31,177,0.1902,0.3212,NA,NA,0.108582,NA
-44.7874398676396,-20.9686101092105,583,2019-01-02,2021-05-31,177,0.1945,0.3232,NA,NA,0.104697,NA
-44.7874398676396,-20.9686999407389,583,2019-01-02,2021-05-31,177,0.2029,0.3237,NA,NA,0.103888,NA
-44.7874398676396,-20.9687897722673,583,2019-01-02,2021-05-31,177,0.2042,0.3169,2025-12-26,0.258829,0.110872,NA
-44.7874398676396,-20.9688796037957,583,2019-01-02,2021-05-31,177,0.196,0.3113,2025-12-26,0.280984,0.112059,NA
-44.7874398676396,-20.9689694353241,583,2019-01-02,2021-05-31,177,0.1909,0.3102,2025-12-26,0.260696,0.098814,NA
-44.7874398676396,-20.9690592668525,583,2019-01-02,2021-05-31,177,0.178,0.3019,2025-12-26,0.250662,0.096495,NA
-44.7874398676396,-20.969149098381,583,2019-01-02,2021-05-31,177,0.1839,0.3008,2025-12-26,0.240494,0.110881,NA
-44.7874398676396,-20.9692389299094,583,2019-01-02,2021-05-31,177,0.1987,0.2994,2025-12-28,0.239423,0.089262,NA
-44.7874398676396,-20.9696880875514,583,2019-01-02,2021-05-31,177,0.2063,0.2923,NA,NA,0.067252,NA
-44.7874398676396,-20.9697779190798,583,2019-01-02,2021-05-31,177,0.2134,0.295,NA,NA,-0.049109,NA
-44.7874398676396,-20.9698677506083,583,2019-01-02,2021-05-31,177,0.2109,0.297,2022-07-30,-0.245216,-0.149502,NA
-44.7874398676396,-20.9699575821367,583,2019-01-02,2021-05-31,177,0.2051,0.2958,2022-07-20,-0.270743,-0.173297,NA
-44.7874398676396,-20.9700474136651,583,2019-01-02,2021-05-31,177,0.1973,0.295,2022-07-20,-0.266316,-0.176972,NA
-44.7874398676396,-20.9701372451935,583,2019-01-02,2021-05-31,177,0.1942,0.2934,2022-07-20,-0.267772,-0.173265,NA
-44.7874398676396,-20.9704965713071,583,2019-01-02,2021-05-31,177,0.1097,0.2802,2021-11-02,-0.168577,-0.078965,NA
-44.7874398676396,-20.9705864028356,583,2019-01-02,2021-05-31,177,0.1125,0.282,2021-11-22,-0.152215,-0.075869,NA
-44.7874398676396,-20.970676234364,583,2019-01-02,2021-05-31,177,0.1149,0.2825,NA,NA,-0.071371,NA
-44.7874398676396,-20.9707660658924,583,2019-01-02,2021-05-31,177,0.1233,0.2784,2023-09-28,-0.128732,-0.070268,NA
-44.7874398676396,-20.9708558974208,583,2019-01-02,2021-05-31,177,0.1205,0.275,2023-09-28,-0.135711,-0.064732,NA
-44.7874398676396,-20.9709457289492,583,2019-01-02,2021-05-31,177,0.1147,0.2714,NA,NA,-0.058121,NA
-44.7874398676396,-20.9710355604776,583,2019-01-02,2021-05-31,177,0.1195,0.2679,NA,NA,-0.057091,NA
-44.787529699168,-20.9671728047559,583,2019-01-02,2021-05-31,177,0.1975,0.2968,2023-12-17,0.228791,0.105489,NA
-44.787529699168,-20.9672626362843,583,2019-01-02,2021-05-31,177,0.2007,0.3086,2023-12-12,0.247084,0.141157,NA
-44.787529699168,-20.9673524678127,583,2019-01-02,2021-05-31,177,0.1961,0.3132,2023-12-12,0.253377,0.140709,NA
-44.787529699168,-20.9674422993411,583,2019-01-02,2021-05-31,177,0.1946,0.3131,2023-12-17,0.259186,0.13599,NA
-44.787529699168,-20.9675321308695,583,2019-01-02,2021-05-31,177,0.1893,0.3119,2023-12-07,0.255613,0.127472,NA
-44.787529699168,-20.967621962398,583,2019-01-02,2021-05-31,177,0.1806,0.312,2023-12-17,0.254488,0.131079,NA
-44.787529699168,-20.9677117939264,583,2019-01-02,2021-05-31,177,0.1749,0.3127,2024-03-16,0.199185,0.128027,NA
-44.787529699168,-20.9678016254548,583,2019-01-02,2021-05-31,177,0.1273,0.2762,2025-12-26,0.163164,0.075366,NA
-44.787529699168,-20.9678914569832,583,2019-01-02,2021-05-31,177,0.1289,0.2709,NA,NA,0.05441,NA
-44.787529699168,-20.9679812885116,583,2019-01-02,2021-05-31,177,0.1551,0.3126,2025-12-26,0.194806,0.092729,NA
-44.787529699168,-20.96807112004,583,2019-01-02,2021-05-31,177,0.1594,0.3199,2021-09-28,0.191102,0.106885,NA
-44.787529699168,-20.9681609515684,583,2019-01-02,2021-05-31,177,0.1731,0.3215,2021-09-28,0.208248,0.108424,NA
-44.787529699168,-20.9682507830968,583,2019-01-02,2021-05-31,177,0.1743,0.3183,2021-09-28,0.213662,0.110668,NA
-44.787529699168,-20.9683406146253,583,2019-01-02,2021-05-31,177,0.1752,0.3127,2021-09-23,0.211569,0.114385,NA
-44.787529699168,-20.9684304461537,583,2019-01-02,2021-05-31,177,0.1881,0.3158,2021-09-28,0.209218,0.11117,NA
-44.787529699168,-20.9685202776821,583,2019-01-02,2021-05-31,177,0.192,0.319,NA,NA,0.105039,NA
-44.787529699168,-20.9686101092105,583,2019-01-02,2021-05-31,177,0.193,0.3206,NA,NA,0.101359,NA
-44.787529699168,-20.9686999407389,583,2019-01-02,2021-05-31,177,0.1982,0.3213,NA,NA,0.095663,NA
-44.787529699168,-20.9687897722673,583,2019-01-02,2021-05-31,177,0.202,0.3155,2025-12-28,0.253297,0.103651,NA
-44.787529699168,-20.9688796037957,583,2019-01-02,2021-05-31,177,0.1919,0.3108,2025-12-26,0.275731,0.114672,NA
-44.787529699168,-20.9689694353241,583,2019-01-02,2021-05-31,177,0.1862,0.3112,2025-12-26,0.270523,0.105426,NA
-44.787529699168,-20.9690592668525,583,2019-01-02,2021-05-31,177,0.1855,0.3043,2025-12-26,0.255621,0.09457,NA
-44.787529699168,-20.969149098381,583,2019-01-02,2021-05-31,177,0.19,0.2995,2025-12-26,0.242569,0.105413,NA
-44.787529699168,-20.9692389299094,583,2019-01-02,2021-05-31,177,0.2019,0.2975,NA,NA,0.066956,NA
-44.787529699168,-20.9696880875514,583,2019-01-02,2021-05-31,177,0.2172,0.3043,NA,NA,0.089581,NA
-44.787529699168,-20.9697779190798,583,2019-01-02,2021-05-31,177,0.2196,0.3002,NA,NA,-0.007531,NA
-44.787529699168,-20.9698677506083,583,2019-01-02,2021-05-31,177,0.2194,0.3008,2022-08-09,-0.218717,-0.144244,NA
-44.787529699168,-20.9699575821367,583,2019-01-02,2021-05-31,177,0.2064,0.2965,2022-07-20,-0.275902,-0.17103,NA
-44.787529699168,-20.9700474136651,583,2019-01-02,2021-05-31,177,0.189,0.2901,2022-07-30,-0.253454,-0.163267,NA
-44.787529699168,-20.9701372451935,583,2019-01-02,2021-05-31,177,0.1873,0.2885,2022-07-30,-0.25609,-0.158986,NA
-44.787529699168,-20.9704965713071,583,2019-01-02,2021-05-31,177,0.1107,0.2823,2021-11-02,-0.183709,-0.083547,NA
-44.787529699168,-20.9705864028356,583,2019-01-02,2021-05-31,177,0.1127,0.2813,2021-11-22,-0.16114,-0.075229,NA
-44.787529699168,-20.970676234364,583,2019-01-02,2021-05-31,177,0.1143,0.2821,NA,NA,-0.068946,NA
-44.787529699168,-20.9707660658924,583,2019-01-02,2021-05-31,177,0.1187,0.2789,2021-11-22,-0.161772,-0.069367,NA
-44.787529699168,-20.9708558974208,583,2019-01-02,2021-05-31,177,0.1244,0.2733,NA,NA,-0.062955,NA
-44.787529699168,-20.9709457289492,583,2019-01-02,2021-05-31,177,0.1212,0.2706,NA,NA,-0.056531,NA
-44.787529699168,-20.9710355604776,583,2019-01-02,2021-05-31,177,0.1206,0.2685,NA,NA,-0.056534,NA
-44.7876195306964,-20.9673524678127,583,2019-01-02,2021-05-31,177,0.1837,0.2916,2023-12-17,0.236756,0.098677,NA
-44.7876195306964,-20.9674422993411,583,2019-01-02,2021-05-31,177,0.1889,0.3048,2023-12-07,0.264874,0.122059,NA
-44.7876195306964,-20.9675321308695,583,2019-01-02,2021-05-31,177,0.1893,0.3098,2023-12-02,0.266439,0.129973,NA
-44.7876195306964,-20.967621962398,583,2019-01-02,2021-05-31,177,0.1884,0.3111,2023-12-07,0.261182,0.134268,NA
-44.7876195306964,-20.9677117939264,583,2019-01-02,2021-05-31,177,0.18,0.313,2024-03-06,0.186659,0.135034,NA
-44.7876195306964,-20.9678016254548,583,2019-01-02,2021-05-31,177,0.1433,0.2833,2024-04-10,0.205632,0.086783,NA
-44.7876195306964,-20.9678914569832,583,2019-01-02,2021-05-31,177,0.1396,0.2751,NA,NA,0.05781,NA
-44.7876195306964,-20.9679812885116,583,2019-01-02,2021-05-31,177,0.1571,0.3155,2025-12-28,0.200577,0.092896,NA
-44.7876195306964,-20.96807112004,583,2019-01-02,2021-05-31,177,0.1627,0.3213,2021-09-28,0.203954,0.108267,NA
-44.7876195306964,-20.9681609515684,583,2019-01-02,2021-05-31,177,0.1738,0.323,2021-09-23,0.20769,0.10122,NA
-44.7876195306964,-20.9682507830968,583,2019-01-02,2021-05-31,177,0.1792,0.3202,2021-09-23,0.211699,0.106235,NA
-44.7876195306964,-20.9683406146253,583,2019-01-02,2021-05-31,177,0.181,0.314,2021-09-23,0.20873,0.110262,NA
-44.7876195306964,-20.9684304461537,583,2019-01-02,2021-05-31,177,0.1883,0.3147,2021-09-28,0.203752,0.11813,NA
-44.7876195306964,-20.9685202776821,583,2019-01-02,2021-05-31,177,0.1922,0.3168,NA,NA,0.110548,NA
-44.7876195306964,-20.9686101092105,583,2019-01-02,2021-05-31,177,0.1921,0.3188,NA,NA,0.102025,NA
-44.7876195306964,-20.9686999407389,583,2019-01-02,2021-05-31,177,0.1921,0.3178,NA,NA,0.104313,NA
-44.7876195306964,-20.9687897722673,583,2019-01-02,2021-05-31,177,0.1931,0.3121,2025-12-26,0.256222,0.102966,NA
-44.7876195306964,-20.9688796037957,583,2019-01-02,2021-05-31,177,0.1897,0.308,2025-12-26,0.279782,0.100279,NA
-44.7876195306964,-20.9689694353241,583,2019-01-02,2021-05-31,177,0.1912,0.3113,2025-12-26,0.272818,0.094112,NA
-44.7876195306964,-20.9690592668525,583,2019-01-02,2021-05-31,177,0.1908,0.3056,2025-12-26,0.25597,0.101135,NA
-44.7876195306964,-20.969149098381,583,2019-01-02,2021-05-31,177,0.1896,0.298,2025-12-26,0.244938,0.104416,NA
-44.7876195306964,-20.9692389299094,583,2019-01-02,2021-05-31,177,0.2065,0.3007,2025-12-26,0.250124,0.091962,NA
-44.7876195306964,-20.9697779190798,583,2019-01-02,2021-05-31,177,0.2167,0.2996,NA,NA,0.016184,NA
-44.7876195306964,-20.9698677506083,583,2019-01-02,2021-05-31,177,0.2191,0.3022,2022-09-03,-0.195058,-0.119132,NA
-44.7876195306964,-20.9699575821367,583,2019-01-02,2021-05-31,177,0.2061,0.2969,2022-07-20,-0.261699,-0.165853,NA
-44.7876195306964,-20.9700474136651,583,2019-01-02,2021-05-31,177,0.1697,0.2818,2022-08-04,-0.230665,-0.127255,NA
-44.7876195306964,-20.9701372451935,583,2019-01-02,2021-05-31,177,0.156,0.2754,2022-08-09,-0.218307,-0.116287,NA
-44.7876195306964,-20.9702270767219,583,2019-01-02,2021-05-31,177,0.1651,0.2769,2022-08-04,-0.221702,-0.126898,NA
-44.7876195306964,-20.9705864028356,583,2019-01-02,2021-05-31,177,0.1119,0.2804,2021-10-28,-0.164992,-0.074278,NA
-44.7876195306964,-20.970676234364,583,2019-01-02,2021-05-31,177,0.1132,0.2811,2021-11-02,-0.147845,-0.069187,NA
-44.7876195306964,-20.9707660658924,583,2019-01-02,2021-05-31,177,0.1169,0.2778,NA,NA,-0.065935,NA
-44.7876195306964,-20.9708558974208,583,2019-01-02,2021-05-31,177,0.1292,0.2704,NA,NA,-0.05843,NA
-44.7876195306964,-20.9709457289492,583,2019-01-02,2021-05-31,177,0.1292,0.2683,NA,NA,-0.052924,NA
-44.7876195306964,-20.9710355604776,583,2019-01-02,2021-05-31,177,0.1228,0.27,NA,NA,-0.05597,NA
-44.7877093622248,-20.967621962398,583,2019-01-02,2021-05-31,177,0.1727,0.2852,2024-01-26,0.196313,0.084817,NA
-44.7877093622248,-20.9677117939264,583,2019-01-02,2021-05-31,177,0.1783,0.3068,2024-03-06,0.15998,0.120617,NA
-44.7877093622248,-20.9678016254548,583,2019-01-02,2021-05-31,177,0.1499,0.2817,2024-04-10,0.213977,0.094411,NA
-44.7877093622248,-20.9678914569832,583,2019-01-02,2021-05-31,177,0.1354,0.2763,NA,NA,0.060813,NA
-44.7877093622248,-20.9679812885116,583,2019-01-02,2021-05-31,177,0.1573,0.3159,NA,NA,0.094243,NA
-44.7877093622248,-20.96807112004,583,2019-01-02,2021-05-31,177,0.1643,0.3225,2021-09-28,0.195272,0.102023,NA
-44.7877093622248,-20.9681609515684,583,2019-01-02,2021-05-31,177,0.1748,0.3252,2021-09-28,0.210362,0.098871,NA
-44.7877093622248,-20.9682507830968,583,2019-01-02,2021-05-31,177,0.1803,0.3239,2021-09-23,0.205574,0.100589,NA
-44.7877093622248,-20.9683406146253,583,2019-01-02,2021-05-31,177,0.1784,0.3179,2021-09-23,0.210169,0.107057,NA
-44.7877093622248,-20.9684304461537,583,2019-01-02,2021-05-31,177,0.1819,0.3153,2021-09-28,0.20585,0.10721,NA
-44.7877093622248,-20.9685202776821,583,2019-01-02,2021-05-31,177,0.1902,0.3183,NA,NA,0.10644,NA
-44.7877093622248,-20.9686101092105,583,2019-01-02,2021-05-31,177,0.1956,0.3194,NA,NA,0.107677,NA
-44.7877093622248,-20.9686999407389,583,2019-01-02,2021-05-31,177,0.1973,0.3181,NA,NA,0.107359,NA
-44.7877093622248,-20.9687897722673,583,2019-01-02,2021-05-31,177,0.1929,0.3111,2025-12-26,0.260035,0.107024,NA
-44.7877093622248,-20.9688796037957,583,2019-01-02,2021-05-31,177,0.1893,0.3058,2025-12-26,0.27598,0.098874,NA
-44.7877093622248,-20.9689694353241,583,2019-01-02,2021-05-31,177,0.1955,0.3079,2025-12-26,0.256683,0.087298,NA
-44.7877093622248,-20.9690592668525,583,2019-01-02,2021-05-31,177,0.1922,0.3024,2025-12-26,0.240529,0.092958,NA
-44.7877093622248,-20.969149098381,583,2019-01-02,2021-05-31,177,0.1877,0.2954,2025-12-26,0.232073,0.106556,NA
-44.7877093622248,-20.9692389299094,583,2019-01-02,2021-05-31,177,0.2059,0.3014,2025-12-26,0.264638,0.086591,NA
-44.7877093622248,-20.9693287614378,583,2019-01-02,2021-05-31,177,0.2044,0.2947,2025-12-26,0.242422,0.054232,NA
-44.7877093622248,-20.9697779190798,583,2019-01-02,2021-05-31,177,0.1982,0.2904,NA,NA,0.044498,NA
-44.7877093622248,-20.9698677506083,583,2019-01-02,2021-05-31,177,0.1997,0.2905,NA,NA,-0.075503,NA
-44.7877093622248,-20.9699575821367,583,2019-01-02,2021-05-31,177,0.1983,0.2876,2022-07-30,-0.237967,-0.139075,NA
-44.7877093622248,-20.9700474136651,583,2019-01-02,2021-05-31,177,0.1797,0.282,2022-07-30,-0.229524,-0.127614,NA
-44.7877093622248,-20.9701372451935,583,2019-01-02,2021-05-31,177,0.1522,0.2725,2022-08-29,-0.202795,-0.112018,NA
-44.7877093622248,-20.9702270767219,583,2019-01-02,2021-05-31,177,0.1436,0.2683,2022-08-29,-0.190033,-0.107259,NA
-44.7877093622248,-20.9705864028356,583,2019-01-02,2021-05-31,177,0.1089,0.2803,2021-10-28,-0.18296,-0.087462,NA
-44.7877093622248,-20.970676234364,583,2019-01-02,2021-05-31,177,0.1105,0.2783,2021-11-02,-0.167773,-0.087211,NA
-44.7877093622248,-20.9707660658924,583,2019-01-02,2021-05-31,177,0.1155,0.2772,2021-11-22,-0.140991,-0.072705,NA
-44.7877093622248,-20.9708558974208,583,2019-01-02,2021-05-31,177,0.1289,0.2698,NA,NA,-0.066561,NA
-44.7877093622248,-20.9709457289492,583,2019-01-02,2021-05-31,177,0.1334,0.264,NA,NA,-0.064862,NA
-44.7877093622248,-20.9710355604776,583,2019-01-02,2021-05-31,177,0.1282,0.2664,NA,NA,-0.06345,NA
-44.7877093622248,-20.971125392006,583,2019-01-02,2021-05-31,177,0.1275,0.2659,NA,NA,-0.070525,NA
-44.7877991937533,-20.9678016254548,583,2019-01-02,2021-05-31,177,0.1456,0.2674,2024-03-16,0.116167,0.081848,NA
-44.7877991937533,-20.9678914569832,583,2019-01-02,2021-05-31,177,0.1329,0.2756,NA,NA,0.069742,NA
-44.7877991937533,-20.9679812885116,583,2019-01-02,2021-05-31,177,0.1572,0.3144,NA,NA,0.099572,NA
-44.7877991937533,-20.96807112004,583,2019-01-02,2021-05-31,177,0.1642,0.3196,2021-10-03,0.181228,0.103832,NA
-44.7877991937533,-20.9681609515684,583,2019-01-02,2021-05-31,177,0.176,0.3226,2021-09-28,0.201102,0.099029,NA
-44.7877991937533,-20.9682507830968,583,2019-01-02,2021-05-31,177,0.1825,0.3239,2021-09-28,0.209772,0.106683,NA
-44.7877991937533,-20.9683406146253,583,2019-01-02,2021-05-31,177,0.1814,0.3187,2021-09-28,0.212208,0.11025,NA
-44.7877991937533,-20.9684304461537,583,2019-01-02,2021-05-31,177,0.1845,0.3168,2021-09-28,0.210298,0.105397,NA
-44.7877991937533,-20.9685202776821,583,2019-01-02,2021-05-31,177,0.1911,0.3192,2021-10-03,0.20266,0.098914,NA
-44.7877991937533,-20.9686101092105,583,2019-01-02,2021-05-31,177,0.1935,0.3207,NA,NA,0.104977,NA
-44.7877991937533,-20.9686999407389,583,2019-01-02,2021-05-31,177,0.1951,0.3209,NA,NA,0.111462,NA
-44.7877991937533,-20.9687897722673,583,2019-01-02,2021-05-31,177,0.1926,0.3139,2025-12-26,0.2599,0.115513,NA
-44.7877991937533,-20.9688796037957,583,2019-01-02,2021-05-31,177,0.1924,0.3076,2025-12-26,0.273344,0.095444,NA
-44.7877991937533,-20.9689694353241,583,2019-01-02,2021-05-31,177,0.194,0.306,2025-12-26,0.256992,0.093408,NA
-44.7877991937533,-20.9690592668525,583,2019-01-02,2021-05-31,177,0.1984,0.3055,2025-12-26,0.242141,0.085773,NA
-44.7877991937533,-20.969149098381,583,2019-01-02,2021-05-31,177,0.1945,0.3048,2025-12-26,0.250778,0.099394,NA
-44.7877991937533,-20.9692389299094,583,2019-01-02,2021-05-31,177,0.1976,0.3044,2025-12-26,0.269123,0.093687,NA
-44.7877991937533,-20.9693287614378,583,2019-01-02,2021-05-31,177,0.2001,0.2986,2025-12-26,0.248425,0.08111,NA
-44.7877991937533,-20.9697779190798,583,2019-01-02,2021-05-31,177,0.1833,0.2783,NA,NA,0.046729,NA
-44.7877991937533,-20.9698677506083,583,2019-01-02,2021-05-31,177,0.1809,0.2758,NA,NA,-0.033247,NA
-44.7877991937533,-20.9699575821367,583,2019-01-02,2021-05-31,177,0.1916,0.2747,2022-08-29,-0.204705,-0.130009,NA
-44.7877991937533,-20.9700474136651,583,2019-01-02,2021-05-31,177,0.1919,0.2757,2022-07-30,-0.231585,-0.15425,NA
-44.7877991937533,-20.9701372451935,583,2019-01-02,2021-05-31,177,0.1641,0.2723,2022-08-09,-0.208582,-0.130127,NA
-44.7877991937533,-20.9702270767219,583,2019-01-02,2021-05-31,177,0.1304,0.2623,2022-09-03,-0.168647,-0.103421,NA
-44.7877991937533,-20.9705864028356,583,2019-01-02,2021-05-31,177,0.1286,0.2686,2025-09-02,-0.134316,-0.089624,NA
-44.7877991937533,-20.970676234364,583,2019-01-02,2021-05-31,177,0.1395,0.2648,2025-09-02,-0.113931,-0.061149,NA
-44.7877991937533,-20.9707660658924,583,2019-01-02,2021-05-31,177,0.1438,0.2645,2025-09-12,-0.105148,-0.04432,NA
-44.7878890252817,-20.9678016254548,583,2019-01-02,2021-05-31,177,0.1273,0.2351,2024-01-26,0.084407,0.063462,NA
-44.7878890252817,-20.9678914569832,583,2019-01-02,2021-05-31,177,0.138,0.2755,2024-04-10,0.202709,0.079392,NA
-44.7878890252817,-20.9679812885116,583,2019-01-02,2021-05-31,177,0.1584,0.3114,2025-12-26,0.209932,0.109704,NA
-44.7878890252817,-20.96807112004,583,2019-01-02,2021-05-31,177,0.1714,0.319,2021-09-28,0.190957,0.115815,NA
-44.7878890252817,-20.9681609515684,583,2019-01-02,2021-05-31,177,0.178,0.3211,2021-09-28,0.202329,0.11247,NA
-44.7878890252817,-20.9682507830968,583,2019-01-02,2021-05-31,177,0.1826,0.3241,2021-09-28,0.208176,0.100169,NA
-44.7878890252817,-20.9683406146253,583,2019-01-02,2021-05-31,177,0.1872,0.319,2021-09-28,0.211552,0.111991,NA
-44.7878890252817,-20.9684304461537,583,2019-01-02,2021-05-31,177,0.1909,0.3162,2021-10-03,0.206184,0.109766,NA
-44.7878890252817,-20.9685202776821,583,2019-01-02,2021-05-31,177,0.1943,0.3172,2021-10-03,0.198434,0.098992,NA
-44.7878890252817,-20.9686101092105,583,2019-01-02,2021-05-31,177,0.1927,0.3185,NA,NA,0.099832,NA
-44.7878890252817,-20.9686999407389,583,2019-01-02,2021-05-31,177,0.1912,0.3198,NA,NA,0.102866,NA
-44.7878890252817,-20.9687897722673,583,2019-01-02,2021-05-31,177,0.1881,0.3138,2021-10-03,0.192659,0.110667,NA
-44.7878890252817,-20.9688796037957,583,2019-01-02,2021-05-31,177,0.1877,0.31,2025-12-26,0.28427,0.098247,NA
-44.7878890252817,-20.9689694353241,583,2019-01-02,2021-05-31,177,0.1893,0.3072,2025-12-26,0.260383,0.094843,NA
-44.7878890252817,-20.9690592668525,583,2019-01-02,2021-05-31,177,0.1929,0.3041,2025-12-26,0.259563,0.082579,NA
-44.7878890252817,-20.969149098381,583,2019-01-02,2021-05-31,177,0.1884,0.2988,2025-12-26,0.251352,0.10033,NA
-44.7878890252817,-20.9692389299094,583,2019-01-02,2021-05-31,177,0.1989,0.301,2025-12-28,0.234789,0.09046,NA
-44.7878890252817,-20.9693287614378,583,2019-01-02,2021-05-31,177,0.2023,0.3007,NA,NA,0.087353,NA
-44.7878890252817,-20.9697779190798,583,2019-01-02,2021-05-31,177,0.1749,0.2638,NA,NA,0.042079,NA
-44.7878890252817,-20.9698677506083,583,2019-01-02,2021-05-31,177,0.1729,0.2596,NA,NA,0.002031,NA
-44.7878890252817,-20.9699575821367,583,2019-01-02,2021-05-31,177,0.1899,0.2656,NA,NA,-0.037811,NA
-44.7878890252817,-20.9700474136651,583,2019-01-02,2021-05-31,177,0.1842,0.2715,2022-10-08,-0.149333,-0.059288,NA
-44.7879788568101,-20.9678914569832,583,2019-01-02,2021-05-31,177,0.1373,0.2714,2024-04-05,0.149936,0.08989,NA
-44.7879788568101,-20.9679812885116,583,2019-01-02,2021-05-31,177,0.1618,0.3098,2025-12-26,0.209865,0.10471,NA
-44.7879788568101,-20.96807112004,583,2019-01-02,2021-05-31,177,0.1735,0.3163,2021-10-03,0.186232,0.110159,NA
-44.7879788568101,-20.9681609515684,583,2019-01-02,2021-05-31,177,0.1786,0.3183,2021-10-03,0.200205,0.111167,NA
-44.7879788568101,-20.9682507830968,583,2019-01-02,2021-05-31,177,0.1848,0.3197,2021-09-28,0.206033,0.107055,NA
-44.7879788568101,-20.9683406146253,583,2019-01-02,2021-05-31,177,0.1901,0.3171,2021-09-28,0.203839,0.109614,NA
-44.7879788568101,-20.9684304461537,583,2019-01-02,2021-05-31,177,0.192,0.3153,2021-10-03,0.209099,0.111344,NA
-44.7879788568101,-20.9685202776821,583,2019-01-02,2021-05-31,177,0.1928,0.3153,2021-10-03,0.206971,0.097373,NA
-44.7879788568101,-20.9686101092105,583,2019-01-02,2021-05-31,177,0.1937,0.3159,NA,NA,0.095405,NA
-44.7879788568101,-20.9686999407389,583,2019-01-02,2021-05-31,177,0.1924,0.3167,NA,NA,0.098094,NA
-44.7879788568101,-20.9687897722673,583,2019-01-02,2021-05-31,177,0.189,0.3116,2024-01-26,0.20832,0.092301,NA
-44.7879788568101,-20.9688796037957,583,2019-01-02,2021-05-31,177,0.1895,0.3095,2025-12-21,0.284291,0.09933,NA
-44.7879788568101,-20.9689694353241,583,2019-01-02,2021-05-31,177,0.1929,0.3073,2025-12-26,0.259361,0.091549,NA
-44.7879788568101,-20.9690592668525,583,2019-01-02,2021-05-31,177,0.1987,0.3056,2025-12-26,0.251443,0.08842,NA
-44.7879788568101,-20.969149098381,583,2019-01-02,2021-05-31,177,0.1916,0.2944,2025-12-26,0.22866,0.098939,NA
-44.7879788568101,-20.9692389299094,583,2019-01-02,2021-05-31,177,0.2004,0.2965,2025-12-26,0.23525,0.096802,NA
-44.7879788568101,-20.9693287614378,583,2019-01-02,2021-05-31,177,0.2025,0.2985,NA,NA,0.085415,NA
-44.7879788568101,-20.9694185929662,583,2019-01-02,2021-05-31,177,0.1951,0.2904,NA,NA,0.041929,NA
-44.7880686883385,-20.9679812885116,583,2019-01-02,2021-05-31,177,0.1618,0.3098,2025-12-26,0.209865,0.10471,NA
-44.7880686883385,-20.96807112004,583,2019-01-02,2021-05-31,177,0.1735,0.3163,2021-10-03,0.186232,0.110159,NA
-44.7880686883385,-20.9681609515684,583,2019-01-02,2021-05-31,177,0.1786,0.3183,2021-10-03,0.200205,0.111167,NA
-44.7880686883385,-20.9682507830968,583,2019-01-02,2021-05-31,177,0.1848,0.3197,2021-09-28,0.206033,0.107055,NA
-44.7880686883385,-20.9683406146253,583,2019-01-02,2021-05-31,177,0.1901,0.3171,2021-09-28,0.203839,0.109614,NA
-44.7880686883385,-20.9684304461537,583,2019-01-02,2021-05-31,177,0.192,0.3153,2021-10-03,0.209099,0.111344,NA
-44.7880686883385,-20.9685202776821,583,2019-01-02,2021-05-31,177,0.1928,0.3153,2021-10-03,0.206971,0.097373,NA
-44.7880686883385,-20.9686101092105,583,2019-01-02,2021-05-31,177,0.1937,0.3159,NA,NA,0.095405,NA
-44.7880686883385,-20.9686999407389,583,2019-01-02,2021-05-31,177,0.1924,0.3167,NA,NA,0.098094,NA
-44.7880686883385,-20.9687897722673,583,2019-01-02,2021-05-31,177,0.189,0.3116,2024-01-26,0.20832,0.092301,NA
-44.7880686883385,-20.9688796037957,583,2019-01-02,2021-05-31,177,0.1895,0.3095,2025-12-21,0.284291,0.09933,NA
-44.7880686883385,-20.9689694353241,583,2019-01-02,2021-05-31,177,0.1929,0.3073,2025-12-26,0.259361,0.091549,NA
-44.7880686883385,-20.9690592668525,583,2019-01-02,2021-05-31,177,0.1987,0.3056,2025-12-26,0.251443,0.08842,NA
-44.7880686883385,-20.969149098381,583,2019-01-02,2021-05-31,177,0.1916,0.2944,2025-12-26,0.22866,0.098939,NA
-44.7880686883385,-20.9692389299094,583,2019-01-02,2021-05-31,177,0.2004,0.2965,2025-12-26,0.23525,0.096802,NA
-44.7880686883385,-20.9693287614378,583,2019-01-02,2021-05-31,177,0.2025,0.2985,NA,NA,0.085415,NA
-44.7880686883385,-20.9694185929662,583,2019-01-02,2021-05-31,177,0.1951,0.2904,NA,NA,0.041929,NA
-44.7881585198669,-20.9686101092105,583,2019-01-02,2021-05-31,177,0.1908,0.3128,NA,NA,0.078211,NA
-44.7881585198669,-20.9686999407389,583,2019-01-02,2021-05-31,177,0.1955,0.3124,NA,NA,0.075688,NA
-44.7881585198669,-20.9687897722673,583,2019-01-02,2021-05-31,177,0.1914,0.3084,2024-03-06,0.206721,0.077171,NA
-44.7881585198669,-20.9688796037957,583,2019-01-02,2021-05-31,177,0.1902,0.3058,2025-12-26,0.27228,0.073132,NA
-44.7881585198669,-20.9689694353241,583,2019-01-02,2021-05-31,177,0.2029,0.3054,2025-12-26,0.256923,0.083042,NA
-44.7881585198669,-20.9690592668525,583,2019-01-02,2021-05-31,177,0.2157,0.3044,NA,NA,0.076795,NA
-44.7881585198669,-20.969149098381,583,2019-01-02,2021-05-31,177,0.2073,0.294,NA,NA,0.080388,NA
-44.7881585198669,-20.9692389299094,583,2019-01-02,2021-05-31,177,0.2021,0.2917,NA,NA,0.087507,NA
-44.7881585198669,-20.9693287614378,583,2019-01-02,2021-05-31,177,0.1976,0.291,NA,NA,0.061591,NA
