"longitude","latitude","n_obs","historico_inicio","historico_fim","n_historico","r2_historico","sigma_historico","data_quebra","desvio_quebra","magnitude","aviso"
-44.7771092418722,-20.9674422993411,324,2019-01-07,2021-05-26,88,0.7605,0.0446,2021-08-19,0.007437,0.011938,NA
-44.7771092418722,-20.9675321308695,321,2019-01-07,2021-05-26,87,0.8189,0.0348,2021-08-14,0.004409,0.004442,NA
-44.7771092418722,-20.967621962398,319,2019-01-07,2021-05-26,87,0.8447,0.0317,2021-08-14,0.003445,5.6e-05,NA
-44.7771990734006,-20.9673524678127,323,2019-01-07,2021-05-26,88,0.8105,0.044,2021-08-19,0.013434,0.030152,NA
-44.7771990734006,-20.9674422993411,324,2019-01-07,2021-05-26,88,0.7605,0.0446,2021-08-19,0.007437,0.011938,NA
-44.7771990734006,-20.9675321308695,321,2019-01-07,2021-05-26,87,0.8189,0.0348,2021-08-14,0.004409,0.004442,NA
-44.7771990734006,-20.967621962398,319,2019-01-07,2021-05-26,87,0.8447,0.0317,2021-08-14,0.003445,5.6e-05,NA
-44.7771990734006,-20.9677117939264,319,2019-01-07,2021-05-26,87,0.8428,0.0376,2021-08-24,0.000272,-0.012066,NA
-44.7771990734006,-20.9678016254548,322,2019-01-07,2021-05-26,87,0.7402,0.0664,2023-09-08,-0.028883,-0.071125,NA
-44.7771990734006,-20.9678914569832,323,2019-01-07,2021-05-26,87,0.6089,0.0967,2023-09-03,-0.035804,-0.109833,NA
-44.7772889049291,-20.9673524678127,323,2019-01-07,2021-05-26,88,0.789,0.0429,2021-08-14,0.010572,0.004502,NA
-44.7772889049291,-20.9674422993411,323,2019-01-07,2021-05-26,87,0.7945,0.039,2021-08-14,0.007068,0.001633,NA
-44.7772889049291,-20.9675321308695,321,2019-01-07,2021-05-26,87,0.794,0.0376,2021-08-19,0.004359,0.003898,NA
-44.7772889049291,-20.967621962398,318,2019-01-07,2021-05-26,86,0.8663,0.0331,2021-08-19,0.008162,-0.009433,NA
-44.7772889049291,-20.9677117939264,321,2019-01-07,2021-05-26,87,0.7933,0.0528,2021-09-03,-0.035079,-0.064613,NA
-44.7772889049291,-20.9678016254548,322,2019-01-07,2021-05-26,87,0.655,0.0871,2023-09-13,-0.047668,-0.104065,NA
-44.7772889049291,-20.9678914569832,323,2019-01-07,2021-05-26,87,0.6002,0.1005,2023-09-08,-0.055182,-0.113516,NA
-44.7772889049291,-20.9679812885116,323,2019-01-07,2021-05-26,87,0.5593,0.1097,2023-09-03,-0.061015,-0.124888,NA
-44.7772889049291,-20.96807112004,323,2019-01-07,2021-05-26,87,0.5946,0.1036,2023-09-13,-0.078,-0.096229,NA
-44.7773787364575,-20.9672626362843,322,2019-01-07,2021-05-26,87,0.7665,0.0458,2021-08-14,0.010282,0.011267,NA
-44.7773787364575,-20.9673524678127,324,2019-01-07,2021-05-26,88,0.7577,0.0448,2021-08-14,0.002812,-0.005447,NA
-44.7773787364575,-20.9674422993411,323,2019-01-07,2021-05-26,87,0.8186,0.0376,2021-08-14,0.001969,-0.004158,NA
-44.7773787364575,-20.9675321308695,322,2019-01-07,2021-05-26,87,0.8435,0.0367,2021-08-24,0.005205,0.003273,NA
-44.7773787364575,-20.967621962398,321,2019-01-07,2021-05-26,88,0.826,0.0462,2021-09-13,-0.031427,-0.040728,NA
-44.7773787364575,-20.9677117939264,320,2019-01-07,2021-05-26,87,0.6569,0.0835,2023-09-23,-0.026382,-0.104991,NA
-44.7773787364575,-20.9678016254548,321,2019-01-07,2021-05-26,87,0.5596,0.1088,2023-09-18,-0.021141,-0.113819,NA
-44.7773787364575,-20.9678914569832,323,2019-01-07,2021-05-26,87,0.5395,0.1162,2023-09-13,-0.033305,-0.102618,NA
-44.7773787364575,-20.9679812885116,323,2019-01-07,2021-05-26,87,0.5468,0.1137,2023-09-13,-0.05379,-0.108359,NA
-44.7773787364575,-20.96807112004,323,2019-01-07,2021-05-26,87,0.6148,0.0994,2023-09-08,-0.040103,-0.130783,NA
-44.7773787364575,-20.9681609515684,323,2019-01-07,2021-05-26,87,0.7046,0.0851,2022-03-27,0.072008,-0.15605,NA
-44.7773787364575,-20.9682507830968,323,2019-01-07,2021-05-26,87,0.7046,0.0851,2022-03-27,0.072008,-0.15605,NA
-44.7774685679859,-20.9671728047559,321,2019-01-07,2021-05-26,86,0.7376,0.0521,2021-08-19,0.00834,0.021159,NA
-44.7774685679859,-20.9672626362843,323,2019-01-07,2021-05-26,87,0.7457,0.0465,2021-08-19,0.007677,0.001031,NA
-44.7774685679859,-20.9673524678127,324,2019-01-07,2021-05-26,87,0.7969,0.0402,2021-08-14,0.005606,-0.006442,NA
-44.7774685679859,-20.9674422993411,324,2019-01-07,2021-05-26,87,0.8221,0.0383,2021-08-19,0.006853,-0.005278,NA
-44.7774685679859,-20.9675321308695,322,2019-01-07,2021-05-26,87,0.8366,0.0423,2021-08-24,-0.006723,-0.018008,NA
-44.7774685679859,-20.967621962398,321,2019-01-07,2021-05-26,88,0.6877,0.0761,2023-09-23,-0.020141,-0.102282,NA
-44.7774685679859,-20.9677117939264,321,2019-01-07,2021-05-26,88,0.5793,0.1047,2023-09-28,-0.004025,-0.104504,NA
-44.7774685679859,-20.9678016254548,320,2019-01-07,2021-05-26,87,0.5485,0.1141,2023-09-23,-0.023069,-0.110466,NA
-44.7774685679859,-20.9678914569832,322,2019-01-07,2021-05-26,87,0.5155,0.1205,2023-09-18,-0.043832,-0.124616,NA
-44.7774685679859,-20.9679812885116,324,2019-01-07,2021-05-26,87,0.5872,0.1067,2023-09-13,-0.03,-0.144736,NA
-44.7774685679859,-20.96807112004,325,2019-01-07,2021-05-26,87,0.6862,0.0881,2022-04-16,0.060482,-0.182001,NA
-44.7774685679859,-20.9681609515684,323,2019-01-07,2021-05-26,87,0.7278,0.0807,2022-03-22,0.054197,-0.187853,NA
-44.7774685679859,-20.9682507830968,323,2019-01-07,2021-05-26,87,0.7278,0.0807,2022-03-22,0.054197,-0.187853,NA
-44.7774685679859,-20.9683406146253,324,2019-01-07,2021-05-26,86,0.7471,0.0778,2022-03-02,0.053638,-0.189758,NA
-44.7775583995143,-20.9671728047559,321,2019-01-07,2021-05-26,86,0.6793,0.0571,2021-08-19,0.008028,0.00598,NA
-44.7775583995143,-20.9672626362843,322,2019-01-07,2021-05-26,86,0.7087,0.0508,2021-08-19,0.006877,-0.002241,NA
-44.7775583995143,-20.9673524678127,322,2019-01-07,2021-05-26,86,0.811,0.0401,2021-08-19,0.010556,0.003269,NA
-44.7775583995143,-20.9674422993411,323,2019-01-07,2021-05-26,87,0.8445,0.0386,2021-08-24,0.006785,-0.003312,NA
-44.7775583995143,-20.9675321308695,322,2019-01-07,2021-05-26,87,0.7655,0.0599,2021-08-24,-0.028171,-0.069425,NA
-44.7775583995143,-20.967621962398,321,2019-01-07,2021-05-26,88,0.6164,0.0975,2023-09-23,-0.027636,-0.103164,NA
-44.7775583995143,-20.9677117939264,320,2019-01-07,2021-05-26,88,0.5809,0.1119,2023-09-28,-0.020811,-0.115295,NA
-44.7775583995143,-20.9678016254548,318,2019-01-07,2021-05-26,88,0.5622,0.1161,2023-09-28,-0.023845,-0.111377,NA
-44.7775583995143,-20.9678914569832,321,2019-01-07,2021-05-26,88,0.5701,0.1108,2023-09-18,-0.027548,-0.127733,NA
-44.7775583995143,-20.9679812885116,320,2019-01-07,2021-05-26,87,0.6803,0.0902,2022-04-21,0.056738,-0.177824,NA
-44.7775583995143,-20.96807112004,323,2019-01-07,2021-05-26,87,0.7034,0.0862,2022-03-27,0.058956,-0.174825,NA
-44.7775583995143,-20.9681609515684,323,2019-01-07,2021-05-26,87,0.7034,0.0862,2022-03-27,0.058956,-0.174825,NA
-44.7775583995143,-20.9682507830968,323,2019-01-07,2021-05-26,86,0.6985,0.0865,2022-03-27,0.054208,-0.211854,NA
-44.7775583995143,-20.9683406146253,327,2019-01-07,2021-05-26,88,0.6692,0.0896,2022-04-11,0.058928,-0.157439,NA
-44.7775583995143,-20.9684304461537,328,2019-01-07,2021-05-26,88,0.6027,0.0965,2022-04-16,0.062741,-0.134415,NA
-44.7776482310427,-20.9670829732275,321,2019-01-07,2021-05-26,86,0.6923,0.0584,2021-08-24,0.011022,0.015779,NA
-44.7776482310427,-20.9671728047559,323,2019-01-07,2021-05-26,87,0.6648,0.0572,2021-08-19,0.004756,-0.004713,NA
-44.7776482310427,-20.9672626362843,322,2019-01-07,2021-05-26,86,0.7951,0.043,2021-08-19,0.010729,0.002059,NA
-44.7776482310427,-20.9673524678127,320,2019-01-07,2021-05-26,85,0.8475,0.0376,2021-08-24,0.015469,0.001701,NA
-44.7776482310427,-20.9674422993411,322,2019-01-07,2021-05-26,87,0.8431,0.0444,2021-09-03,-0.0267,-0.027732,NA
-44.7776482310427,-20.9675321308695,322,2019-01-07,2021-05-26,87,0.6774,0.0842,2023-09-18,-0.057637,-0.101516,NA
-44.7776482310427,-20.967621962398,320,2019-01-07,2021-05-26,87,0.622,0.1032,2023-09-23,-0.044787,-0.10391,NA
-44.7776482310427,-20.9677117939264,319,2019-01-07,2021-05-26,87,0.5934,0.112,2023-09-23,-0.031383,-0.118578,NA
-44.7776482310427,-20.9678016254548,320,2019-01-07,2021-05-26,88,0.5856,0.1129,2023-09-23,-0.02402,-0.113867,NA
-44.7776482310427,-20.9678914569832,320,2019-01-07,2021-05-26,88,0.656,0.0974,2023-04-26,0.077214,-0.155004,NA
-44.7776482310427,-20.9679812885116,321,2019-01-07,2021-05-26,88,0.715,0.0866,2022-03-27,0.064983,-0.18081,NA
-44.7776482310427,-20.96807112004,320,2019-01-07,2021-05-26,87,0.7246,0.0852,2022-03-22,0.061749,-0.196062,NA
-44.7776482310427,-20.9681609515684,320,2019-01-07,2021-05-26,87,0.7246,0.0852,2022-03-22,0.061749,-0.196062,NA
-44.7776482310427,-20.9682507830968,324,2019-01-07,2021-05-26,88,0.6984,0.0869,2022-03-27,0.060815,-0.18058,NA
-44.7776482310427,-20.9683406146253,326,2019-01-07,2021-05-26,88,0.629,0.0955,2023-04-11,0.069347,-0.146114,NA
-44.7776482310427,-20.9684304461537,327,2019-01-07,2021-05-26,88,0.5453,0.108,2023-09-03,-0.048044,-0.148938,NA
-44.7776482310427,-20.9685202776821,327,2019-01-07,2021-05-26,88,0.5112,0.1076,2023-09-03,-0.061728,-0.161656,NA
-44.7777380625711,-20.9670829732275,324,2019-01-07,2021-05-26,87,0.7717,0.0491,2021-08-19,0.015121,0.008921,NA
-44.7777380625711,-20.9671728047559,324,2019-01-07,2021-05-26,87,0.7277,0.0511,2021-08-19,0.004669,0.00672,NA
-44.7777380625711,-20.9672626362843,321,2019-01-07,2021-05-26,86,0.8167,0.0403,2021-08-19,0.004956,0.003477,NA
-44.7777380625711,-20.9673524678127,321,2019-01-07,2021-05-26,85,0.8515,0.0372,2021-08-24,0.009695,-0.003808,NA
-44.7777380625711,-20.9674422993411,323,2019-01-07,2021-05-26,87,0.7933,0.0565,2022-02-15,-0.06868,-0.070917,NA
-44.7777380625711,-20.9675321308695,323,2019-01-07,2021-05-26,87,0.6468,0.0939,2023-09-23,-0.050089,-0.100457,NA
-44.7777380625711,-20.967621962398,322,2019-01-07,2021-05-26,87,0.6483,0.0986,2023-09-18,-0.021858,-0.108639,NA
-44.7777380625711,-20.9677117939264,321,2019-01-07,2021-05-26,87,0.6221,0.1058,2023-09-23,-0.029165,-0.111307,NA
-44.7777380625711,-20.9678016254548,321,2019-01-07,2021-05-26,87,0.6605,0.0997,2023-09-18,-0.034425,-0.133619,NA
-44.7777380625711,-20.9678914569832,321,2019-01-07,2021-05-26,88,0.7219,0.0871,2022-03-27,0.054223,-0.161785,NA
-44.7777380625711,-20.9679812885116,321,2019-01-07,2021-05-26,88,0.7393,0.0839,2022-03-22,0.055703,-0.164789,NA
-44.7777380625711,-20.96807112004,321,2019-01-07,2021-05-26,88,0.7593,0.0792,2022-03-07,0.045762,-0.17585,NA
-44.7777380625711,-20.9681609515684,321,2019-01-07,2021-05-26,88,0.7593,0.0792,2022-03-07,0.045762,-0.17585,NA
-44.7777380625711,-20.9682507830968,324,2019-01-07,2021-05-26,88,0.7163,0.0847,2022-04-16,0.069666,-0.15733,NA
-44.7777380625711,-20.9683406146253,324,2019-01-07,2021-05-26,88,0.6556,0.0936,2023-04-01,0.062838,-0.149146,NA
-44.7777380625711,-20.9684304461537,325,2019-01-07,2021-05-26,88,0.5769,0.1059,2023-09-03,-0.040884,-0.181862,NA
-44.7777380625711,-20.9685202776821,326,2019-01-07,2021-05-26,88,0.5074,0.1131,2023-09-03,-0.060159,-0.21962,NA
-44.7778278940995,-20.9670829732275,323,2019-01-07,2021-05-26,87,0.7973,0.0425,2021-08-14,0.011958,0.000217,NA
-44.7778278940995,-20.9671728047559,324,2019-01-07,2021-05-26,87,0.7566,0.0452,2021-08-14,0.007781,-0.001173,NA
-44.7778278940995,-20.9672626362843,322,2019-01-07,2021-05-26,86,0.8072,0.0404,2021-08-14,0.005209,-0.001651,NA
-44.7778278940995,-20.9673524678127,322,2019-01-07,2021-05-26,85,0.8395,0.0405,2021-08-24,-0.002018,-0.025842,NA
-44.7778278940995,-20.9674422993411,323,2019-01-07,2021-05-26,86,0.7435,0.0698,2023-09-18,-0.039996,-0.088987,NA
-44.7778278940995,-20.9675321308695,323,2019-01-07,2021-05-26,87,0.6517,0.0953,2023-09-18,-0.03445,-0.120225,NA
-44.7778278940995,-20.967621962398,321,2019-01-07,2021-05-26,87,0.6457,0.0983,2023-09-18,-0.041536,-0.104622,NA
-44.7778278940995,-20.9677117939264,321,2019-01-07,2021-05-26,87,0.6448,0.1014,2023-09-18,-0.031725,-0.109689,NA
-44.7778278940995,-20.9678016254548,321,2019-01-07,2021-05-26,87,0.7159,0.0896,2022-03-27,0.039903,-0.145858,NA
-44.7778278940995,-20.9678914569832,321,2019-01-07,2021-05-26,88,0.7544,0.0819,2022-03-22,0.048076,-0.165737,NA
-44.7778278940995,-20.9679812885116,319,2019-01-07,2021-05-26,89,0.7585,0.0793,2022-03-22,0.046436,-0.159838,NA
-44.7778278940995,-20.96807112004,318,2019-01-07,2021-05-26,88,0.7685,0.0776,2022-03-02,0.028401,-0.16112,NA
-44.7778278940995,-20.9681609515684,318,2019-01-07,2021-05-26,88,0.7685,0.0776,2022-03-02,0.028401,-0.16112,NA
-44.7778278940995,-20.9682507830968,321,2019-01-07,2021-05-26,88,0.7019,0.0883,2022-04-26,0.064082,-0.149634,NA
-44.7778278940995,-20.9683406146253,321,2019-01-07,2021-05-26,88,0.6557,0.0942,2023-04-21,0.069883,-0.158175,NA
-44.7778278940995,-20.9684304461537,323,2019-01-07,2021-05-26,88,0.5913,0.103,2023-09-18,-0.051982,-0.217024,NA
-44.7778278940995,-20.9685202776821,326,2019-01-07,2021-05-26,88,0.5295,0.1049,2023-08-24,-0.045817,-0.241756,NA
-44.7778278940995,-20.9686101092105,325,2019-01-07,2021-05-26,87,0.5584,0.082,2023-08-24,-0.028572,-0.214877,NA
-44.7779177256279,-20.9669931416991,323,2019-01-07,2021-05-26,87,0.8031,0.0435,2021-08-14,0.011175,0.01716,NA
-44.7779177256279,-20.9670829732275,323,2019-01-07,2021-05-26,87,0.7741,0.0442,2021-08-14,0.002985,-0.001497,NA
-44.7779177256279,-20.9671728047559,324,2019-01-07,2021-05-26,87,0.7276,0.0474,2021-08-14,0.007987,-0.001804,NA
-44.7779177256279,-20.9672626362843,323,2019-01-07,2021-05-26,86,0.7757,0.0451,2021-08-19,0.011052,-0.002391,NA
-44.7779177256279,-20.9673524678127,322,2019-01-07,2021-05-26,85,0.8187,0.0473,2021-08-29,-0.004281,-0.051443,NA
-44.7779177256279,-20.9674422993411,322,2019-01-07,2021-05-26,85,0.7,0.0807,2023-09-18,-0.022157,-0.103436,NA
-44.7779177256279,-20.9675321308695,322,2019-01-07,2021-05-26,87,0.6477,0.0966,2023-09-18,-0.032588,-0.113191,NA
-44.7779177256279,-20.967621962398,320,2019-01-07,2021-05-26,87,0.6389,0.0997,2023-09-18,-0.040581,-0.106561,NA
-44.7779177256279,-20.9677117939264,319,2019-01-07,2021-05-26,87,0.6644,0.0979,2023-04-21,0.081617,-0.115908,NA
-44.7779177256279,-20.9678016254548,320,2019-01-07,2021-05-26,87,0.7423,0.0847,2022-03-22,0.05457,-0.133555,NA
-44.7779177256279,-20.9678914569832,320,2019-01-07,2021-05-26,89,0.7639,0.08,2022-03-22,0.062058,-0.154791,NA
-44.7779177256279,-20.9679812885116,317,2019-01-07,2021-05-26,88,0.7811,0.077,2022-03-07,0.059004,-0.14132,NA
-44.7779177256279,-20.96807112004,317,2019-01-07,2021-05-26,88,0.7811,0.077,2022-03-07,0.059004,-0.14132,NA
-44.7779177256279,-20.9681609515684,317,2019-01-07,2021-05-26,88,0.7581,0.0814,2022-03-02,0.037936,-0.138631,NA
-44.7779177256279,-20.9682507830968,319,2019-01-07,2021-05-26,88,0.709,0.0887,2022-04-16,0.056375,-0.127643,NA
-44.7779177256279,-20.9683406146253,321,2019-01-07,2021-05-26,88,0.6808,0.091,2022-04-26,0.055145,-0.175317,NA
-44.7779177256279,-20.9684304461537,321,2019-01-07,2021-05-26,88,0.6223,0.0985,2023-04-11,0.078547,-0.226107,NA
-44.7779177256279,-20.9685202776821,319,2019-01-07,2021-05-26,87,0.5887,0.0867,2023-05-21,0.067439,-0.232627,NA
-44.7779177256279,-20.9686101092105,324,2019-01-07,2021-05-26,86,0.6241,0.0608,2023-08-24,-0.017384,-0.215283,NA
-44.7779177256279,-20.9686999407389,324,2019-01-07,2021-05-26,86,0.637,0.0535,2023-08-19,-0.002837,-0.159349,NA
-44.7780075571563,-20.9669931416991,320,2019-01-07,2021-05-26,87,0.7818,0.0447,2021-08-14,0.00569,0.009186,NA
-44.7780075571563,-20.9670829732275,321,2019-01-07,2021-05-26,87,0.7582,0.0456,2021-08-14,0.006745,-0.004968,NA
-44.7780075571563,-20.9671728047559,323,2019-01-07,2021-05-26,87,0.7144,0.0494,2021-08-14,0.005543,-0.00192,NA
-44.7780075571563,-20.9672626362843,322,2019-01-07,2021-05-26,85,0.7603,0.0483,2021-08-19,0.007851,-0.006028,NA
-44.7780075571563,-20.9673524678127,323,2019-01-07,2021-05-26,85,0.7781,0.059,2021-09-13,-0.049106,-0.094808,NA
-44.7780075571563,-20.9674422993411,321,2019-01-07,2021-05-26,85,0.661,0.0896,2023-09-13,-0.016442,-0.121942,NA
-44.7780075571563,-20.9675321308695,321,2019-01-07,2021-05-26,86,0.6448,0.0976,2023-09-08,-0.025708,-0.121062,NA
-44.7780075571563,-20.967621962398,321,2019-01-07,2021-05-26,87,0.6506,0.0995,2023-09-08,-0.026549,-0.111137,NA
-44.7780075571563,-20.9677117939264,319,2019-01-07,2021-05-26,87,0.7064,0.0915,2022-04-16,0.058079,-0.123912,NA
-44.7780075571563,-20.9678016254548,320,2019-01-07,2021-05-26,88,0.7489,0.0837,2022-03-27,0.056425,-0.134056,NA
-44.7780075571563,-20.9678914569832,320,2019-01-07,2021-05-26,88,0.7753,0.0798,2022-03-22,0.064253,-0.158306,NA
-44.7780075571563,-20.9679812885116,317,2019-01-07,2021-05-26,88,0.781,0.0771,2022-03-02,0.040127,-0.137912,NA
-44.7780075571563,-20.96807112004,317,2019-01-07,2021-05-26,88,0.781,0.0771,2022-03-02,0.040127,-0.137912,NA
-44.7780075571563,-20.9681609515684,319,2019-01-07,2021-05-26,88,0.7382,0.0846,2022-03-22,0.059973,-0.134351,NA
-44.7780075571563,-20.9682507830968,320,2019-01-07,2021-05-26,88,0.7067,0.0899,2022-04-16,0.062524,-0.149595,NA
-44.7780075571563,-20.9683406146253,322,2019-01-07,2021-05-26,88,0.6733,0.0935,2022-04-26,0.062662,-0.204664,NA
-44.7780075571563,-20.9684304461537,322,2019-01-07,2021-05-26,88,0.6307,0.0921,2023-04-26,0.07834,-0.227486,NA
-44.7780075571563,-20.9685202776821,320,2019-01-07,2021-05-26,87,0.6217,0.0703,2023-09-03,-0.023792,-0.243039,NA
-44.7780075571563,-20.9686101092105,321,2019-01-07,2021-05-26,86,0.6295,0.0572,2021-07-25,0.055359,-0.158537,NA
-44.7780075571563,-20.9686999407389,323,2019-01-07,2021-05-26,86,0.6736,0.0589,2021-06-25,0.056368,-0.10581,NA
-44.7780973886848,-20.9669033101707,322,2019-01-07,2021-05-26,87,0.7558,0.0505,2021-08-19,0.009917,0.011979,NA
-44.7780973886848,-20.9669931416991,319,2019-01-07,2021-05-26,87,0.7727,0.0461,2021-08-14,0.004947,0.00375,NA
-44.7780973886848,-20.9670829732275,322,2019-01-07,2021-05-26,87,0.7757,0.0449,2021-08-14,0.010383,-0.006601,NA
-44.7780973886848,-20.9671728047559,321,2019-01-07,2021-05-26,87,0.7602,0.048,2021-08-19,0.00993,-0.000637,NA
-44.7780973886848,-20.9672626362843,320,2019-01-07,2021-05-26,85,0.8158,0.0465,2021-08-24,0.007463,-0.025331,NA
-44.7780973886848,-20.9673524678127,321,2019-01-07,2021-05-26,85,0.7461,0.0703,2023-04-01,0.056759,-0.113072,NA
-44.7780973886848,-20.9674422993411,319,2019-01-07,2021-05-26,85,0.6671,0.0912,2023-04-11,0.074282,-0.11823,NA
-44.7780973886848,-20.9675321308695,321,2019-01-07,2021-05-26,86,0.6722,0.0946,2023-09-08,-0.021035,-0.120922,NA
-44.7780973886848,-20.967621962398,320,2019-01-07,2021-05-26,87,0.6653,0.0977,2023-09-08,-0.019661,-0.101923,NA
-44.7780973886848,-20.9677117939264,320,2019-01-07,2021-05-26,87,0.745,0.0841,2022-03-22,0.057917,-0.120044,NA
-44.7780973886848,-20.9678016254548,323,2019-01-07,2021-05-26,88,0.7534,0.0828,2022-03-22,0.062564,-0.155431,NA
-44.7780973886848,-20.9678914569832,320,2019-01-07,2021-05-26,88,0.7598,0.0833,2022-03-07,0.059794,-0.149787,NA
-44.7780973886848,-20.9679812885116,319,2019-01-07,2021-05-26,88,0.7629,0.0811,2022-03-07,0.057352,-0.138867,NA
-44.7780973886848,-20.96807112004,319,2019-01-07,2021-05-26,88,0.7629,0.0811,2022-03-07,0.057352,-0.138867,NA
-44.7780973886848,-20.9681609515684,321,2019-01-07,2021-05-26,88,0.7365,0.0844,2022-03-27,0.067088,-0.139544,NA
-44.7780973886848,-20.9682507830968,323,2019-01-07,2021-05-26,88,0.71,0.0889,2022-04-16,0.067892,-0.140113,NA
-44.7780973886848,-20.9683406146253,321,2019-01-07,2021-05-26,88,0.685,0.0898,2023-04-01,0.076034,-0.20438,NA
-44.7780973886848,-20.9684304461537,319,2019-01-07,2021-05-26,87,0.6404,0.0787,2023-09-03,-0.025541,-0.258457,NA
-44.7780973886848,-20.9685202776821,319,2019-01-07,2021-05-26,86,0.6876,0.0535,2022-09-13,-0.040737,-0.205009,NA
-44.7780973886848,-20.9686101092105,321,2019-01-07,2021-05-26,86,0.6751,0.0583,2021-06-25,0.053146,-0.138239,NA
-44.7780973886848,-20.9686999407389,322,2019-01-07,2021-05-26,86,0.6731,0.0615,2021-07-05,0.050043,-0.089182,NA
-44.7780973886848,-20.9687897722673,323,2019-01-07,2021-05-26,86,0.6426,0.061,2021-09-23,0.046788,-0.085099,NA
-44.7780973886848,-20.9688796037957,322,2019-01-07,2021-05-26,86,0.5937,0.0664,2021-11-17,0.039845,-0.109563,NA
-44.7781872202132,-20.9669033101707,320,2019-01-07,2021-05-26,87,0.7272,0.0531,2021-08-29,0.01364,0.011657,NA
-44.7781872202132,-20.9669931416991,321,2019-01-07,2021-05-26,87,0.7673,0.0486,2021-08-29,0.017527,0.006646,NA
-44.7781872202132,-20.9670829732275,321,2019-01-07,2021-05-26,87,0.7906,0.0452,2021-08-29,0.017315,0.002575,NA
-44.7781872202132,-20.9671728047559,320,2019-01-07,2021-05-26,87,0.8003,0.0468,2021-08-29,0.012166,0.003731,NA
-44.7781872202132,-20.9672626362843,320,2019-01-07,2021-05-26,85,0.8307,0.0489,2021-08-24,-0.004046,-0.06478,NA
-44.7781872202132,-20.9673524678127,320,2019-01-07,2021-05-26,85,0.7078,0.0789,2023-04-01,0.062691,-0.131377,NA
-44.7781872202132,-20.9674422993411,320,2019-01-07,2021-05-26,85,0.6673,0.0921,2023-04-01,0.071363,-0.114543,NA
-44.7781872202132,-20.9675321308695,319,2019-01-07,2021-05-26,86,0.6773,0.0941,2023-04-21,0.069733,-0.115382,NA
-44.7781872202132,-20.967621962398,319,2019-01-07,2021-05-26,86,0.6936,0.092,2022-05-01,0.046901,-0.121514,NA
-44.7781872202132,-20.9677117939264,318,2019-01-07,2021-05-26,87,0.7315,0.0852,2022-03-27,0.051299,-0.131119,NA
-44.7781872202132,-20.9678016254548,321,2019-01-07,2021-05-26,88,0.7387,0.0857,2022-03-22,0.061748,-0.151751,NA
-44.7781872202132,-20.9678914569832,320,2019-01-07,2021-05-26,87,0.803,0.0758,2022-03-02,0.031342,-0.143504,NA
-44.7781872202132,-20.9679812885116,319,2019-01-07,2021-05-26,88,0.724,0.0896,2022-03-22,0.061998,-0.139062,NA
-44.7781872202132,-20.96807112004,319,2019-01-07,2021-05-26,88,0.724,0.0896,2022-03-22,0.061998,-0.139062,NA
-44.7781872202132,-20.9681609515684,321,2019-01-07,2021-05-26,88,0.7152,0.0889,2022-04-16,0.06662,-0.156358,NA
-44.7781872202132,-20.9682507830968,320,2019-01-07,2021-05-26,88,0.7138,0.0881,2022-04-26,0.063328,-0.172808,NA
-44.7781872202132,-20.9683406146253,320,2019-01-07,2021-05-26,88,0.6963,0.0837,2023-04-01,0.074618,-0.221544,NA
-44.7781872202132,-20.9684304461537,319,2019-01-07,2021-05-26,87,0.6631,0.0671,2023-05-01,0.064988,-0.258473,NA
-44.7781872202132,-20.9685202776821,319,2019-01-07,2021-05-26,86,0.7011,0.053,2023-08-19,-0.005823,-0.183299,NA
-44.7781872202132,-20.9686101092105,321,2019-01-07,2021-05-26,86,0.7014,0.0573,2021-07-10,0.052463,-0.106021,NA
-44.7781872202132,-20.9686999407389,321,2019-01-07,2021-05-26,86,0.7016,0.0589,2021-08-29,0.050624,-0.083806,NA
-44.7781872202132,-20.9687897722673,322,2019-01-07,2021-05-26,86,0.6633,0.0598,2021-09-18,0.044408,-0.081302,NA
-44.7781872202132,-20.9688796037957,320,2019-01-07,2021-05-26,86,0.633,0.064,2021-10-03,0.045825,-0.085119,NA
-44.7781872202132,-20.9689694353241,321,2019-01-07,2021-05-26,86,0.6393,0.0634,2021-11-17,0.046387,-0.079214,NA
-44.7781872202132,-20.9690592668525,321,2019-01-07,2021-05-26,85,0.6703,0.0658,2022-05-06,0.064496,-0.030411,NA
-44.7781872202132,-20.969149098381,320,2019-01-07,2021-05-26,84,0.5467,0.0863,2023-05-01,0.085901,0.014604,NA
-44.7781872202132,-20.9692389299094,320,2019-01-07,2021-05-26,84,0.5317,0.0916,2021-06-05,-0.078091,0.005776,NA
-44.7781872202132,-20.9693287614378,320,2019-01-07,2021-05-26,84,0.5072,0.0992,2021-06-05,-0.09877,0.008045,NA
-44.7782770517416,-20.9668134786422,321,2019-01-07,2021-05-26,87,0.7036,0.0592,2021-08-29,0.022488,0.008818,NA
-44.7782770517416,-20.9669033101707,321,2019-01-07,2021-05-26,87,0.6855,0.0582,2021-08-29,0.022103,0.012735,NA
-44.7782770517416,-20.9669931416991,322,2019-01-07,2021-05-26,87,0.7592,0.0502,2021-08-29,0.020747,0.007253,NA
-44.7782770517416,-20.9670829732275,319,2019-01-07,2021-05-26,87,0.7772,0.0469,2021-09-08,0.006662,0.008238,NA
-44.7782770517416,-20.9671728047559,320,2019-01-07,2021-05-26,87,0.8231,0.0451,2021-09-03,5.9e-05,-0.006781,NA
-44.7782770517416,-20.9672626362843,320,2019-01-07,2021-05-26,85,0.7999,0.0579,2021-08-24,-0.018343,-0.102545,NA
-44.7782770517416,-20.9673524678127,321,2019-01-07,2021-05-26,85,0.6975,0.0833,2023-03-27,0.063504,-0.140148,NA
-44.7782770517416,-20.9674422993411,319,2019-01-07,2021-05-26,85,0.6748,0.0922,2023-04-01,0.069757,-0.118696,NA
-44.7782770517416,-20.9675321308695,317,2019-01-07,2021-05-26,85,0.6757,0.0958,2023-04-11,0.072329,-0.123456,NA
-44.7782770517416,-20.967621962398,316,2019-01-07,2021-05-26,85,0.7462,0.0826,2022-03-27,0.047857,-0.113156,NA
-44.7782770517416,-20.9677117939264,316,2019-01-07,2021-05-26,86,0.7837,0.0764,2022-03-22,0.052217,-0.132933,NA
-44.7782770517416,-20.9678016254548,320,2019-01-07,2021-05-26,87,0.8022,0.0733,2022-03-07,0.06268,-0.144227,NA
-44.7782770517416,-20.9678914569832,321,2019-01-07,2021-05-26,87,0.8133,0.0733,2022-03-02,0.022013,-0.141468,NA
-44.7782770517416,-20.9679812885116,321,2019-01-07,2021-05-26,87,0.78,0.079,2022-03-22,0.057212,-0.139391,NA
-44.7782770517416,-20.96807112004,321,2019-01-07,2021-05-26,87,0.78,0.079,2022-03-22,0.057212,-0.139391,NA
-44.7782770517416,-20.9681609515684,320,2019-01-07,2021-05-26,87,0.7482,0.0836,2022-04-21,0.063451,-0.178412,NA
-44.7782770517416,-20.9682507830968,321,2019-01-07,2021-05-26,88,0.7014,0.0908,2023-03-27,0.081913,-0.20368,NA
-44.7782770517416,-20.9683406146253,320,2019-01-07,2021-05-26,88,0.7054,0.0761,2023-04-11,0.076063,-0.253834,NA
-44.7782770517416,-20.9684304461537,319,2019-01-07,2021-05-26,88,0.6428,0.0609,2023-05-11,0.066386,-0.239136,NA
-44.7782770517416,-20.9685202776821,317,2019-01-07,2021-05-26,86,0.7134,0.0551,2021-07-10,0.050002,-0.129921,NA
-44.7782770517416,-20.9686101092105,319,2019-01-07,2021-05-26,86,0.7148,0.0595,2021-07-10,0.053329,-0.069145,NA
-44.7782770517416,-20.9686999407389,320,2019-01-07,2021-05-26,86,0.7059,0.0581,2021-09-18,0.048262,-0.08103,NA
-44.7782770517416,-20.9687897722673,322,2019-01-07,2021-05-26,86,0.6743,0.0581,2021-09-28,0.04463,-0.096086,NA
-44.7782770517416,-20.9688796037957,321,2019-01-07,2021-05-26,86,0.6518,0.0623,2021-09-28,0.040993,-0.092504,NA
-44.7782770517416,-20.9689694353241,321,2019-01-07,2021-05-26,86,0.6655,0.0601,2021-11-17,0.050092,-0.067776,NA
-44.7782770517416,-20.9690592668525,321,2019-01-07,2021-05-26,86,0.6104,0.0774,2023-07-25,-0.059099,-0.026254,NA
-44.7782770517416,-20.969149098381,320,2019-01-07,2021-05-26,84,0.5318,0.0993,2023-05-01,0.134072,-0.000859,NA
-44.7782770517416,-20.9692389299094,321,2019-01-07,2021-05-26,84,0.5203,0.1058,2023-04-26,0.137294,-0.013038,NA
-44.7782770517416,-20.9693287614378,320,2019-01-07,2021-05-26,84,0.5263,0.1078,2023-04-21,0.144753,0.006376,NA
-44.7782770517416,-20.9694185929662,320,2019-01-07,2021-05-26,83,0.4651,0.1167,2023-04-21,0.138095,0.016333,NA
-44.7782770517416,-20.9695084244946,321,2019-01-07,2021-05-26,83,0.4662,0.1152,2023-04-26,0.148599,0.005115,NA
-44.7782770517416,-20.969598256023,319,2019-01-07,2021-05-26,83,0.473,0.1136,2021-06-05,-0.097879,0.014042,NA
-44.7782770517416,-20.9709457289492,331,2019-01-07,2021-05-26,92,0.5513,0.0984,2021-06-05,-0.095158,0.022216,NA
-44.77836688327,-20.9668134786422,323,2019-01-07,2021-05-26,88,0.6723,0.0642,2021-09-03,0.025763,0.015631,NA
-44.77836688327,-20.9669033101707,321,2019-01-07,2021-05-26,88,0.6553,0.0633,2021-09-08,0.015067,0.01667,NA
-44.77836688327,-20.9669931416991,321,2019-01-07,2021-05-26,88,0.7056,0.0573,2021-09-03,0.021386,0.010943,NA
-44.77836688327,-20.9670829732275,320,2019-01-07,2021-05-26,87,0.7428,0.0524,2021-09-08,0.015527,0.014467,NA
-44.77836688327,-20.9671728047559,320,2019-01-07,2021-05-26,87,0.8279,0.0464,2021-08-29,-0.005607,-0.031938,NA
-44.77836688327,-20.9672626362843,321,2019-01-07,2021-05-26,85,0.7653,0.068,2021-08-29,-0.021441,-0.130103,NA
-44.77836688327,-20.9673524678127,322,2019-01-07,2021-05-26,85,0.7048,0.0857,2023-03-22,0.058884,-0.127801,NA
-44.77836688327,-20.9674422993411,318,2019-01-07,2021-05-26,83,0.7067,0.0898,2023-03-27,0.061526,-0.119753,NA
-44.77836688327,-20.9675321308695,318,2019-01-07,2021-05-26,85,0.7273,0.0858,2023-03-22,0.046765,-0.112898,NA
-44.77836688327,-20.967621962398,316,2019-01-07,2021-05-26,84,0.7865,0.0736,2022-03-27,0.029408,-0.116165,NA
-44.77836688327,-20.9677117939264,317,2019-01-07,2021-05-26,85,0.8101,0.0703,2022-03-27,0.02376,-0.145951,NA
-44.77836688327,-20.9678016254548,320,2019-01-07,2021-05-26,86,0.8217,0.0695,2022-03-22,0.034512,-0.156047,NA
-44.77836688327,-20.9678914569832,318,2019-01-07,2021-05-26,86,0.8141,0.0734,2022-03-27,0.049298,-0.13076,NA
-44.77836688327,-20.9679812885116,318,2019-01-07,2021-05-26,86,0.8141,0.0734,2022-03-27,0.049298,-0.13076,NA
-44.77836688327,-20.96807112004,318,2019-01-07,2021-05-26,87,0.7693,0.0818,2022-04-16,0.065033,-0.139028,NA
-44.77836688327,-20.9681609515684,319,2019-01-07,2021-05-26,87,0.7533,0.0827,2022-04-21,0.063729,-0.159486,NA
-44.77836688327,-20.9682507830968,319,2019-01-07,2021-05-26,87,0.7359,0.0822,2022-05-01,0.05262,-0.205567,NA
-44.77836688327,-20.9683406146253,319,2019-01-07,2021-05-26,87,0.7428,0.063,2023-04-01,0.078757,-0.241209,NA
-44.77836688327,-20.9684304461537,321,2019-01-07,2021-05-26,88,0.6439,0.0562,2022-10-18,-0.035883,-0.227642,NA
-44.77836688327,-20.9685202776821,319,2019-01-07,2021-05-26,86,0.7151,0.0528,2021-06-25,0.050161,-0.125343,NA
-44.77836688327,-20.9686101092105,319,2019-01-07,2021-05-26,86,0.7024,0.0581,2021-07-15,0.043269,-0.077681,NA
-44.77836688327,-20.9686999407389,319,2019-01-07,2021-05-26,86,0.6685,0.0585,2021-09-28,0.049835,-0.081006,NA
-44.77836688327,-20.9687897722673,321,2019-01-07,2021-05-26,86,0.6637,0.0578,2021-09-28,0.046556,-0.108745,NA
-44.77836688327,-20.9688796037957,320,2019-01-07,2021-05-26,86,0.6616,0.0599,2021-09-28,0.04521,-0.109748,NA
-44.77836688327,-20.9689694353241,321,2019-01-07,2021-05-26,86,0.673,0.0587,2021-11-17,0.038382,-0.088239,NA
-44.77836688327,-20.9690592668525,320,2019-01-07,2021-05-26,86,0.5931,0.0827,2023-08-14,-0.049456,-0.023819,NA
-44.77836688327,-20.969149098381,321,2019-01-07,2021-05-26,84,0.5287,0.1013,2023-05-01,0.110198,0.016832,NA
-44.77836688327,-20.9692389299094,320,2019-01-07,2021-05-26,84,0.5313,0.1015,2023-04-26,0.123388,0.02103,NA
-44.77836688327,-20.9693287614378,320,2019-01-07,2021-05-26,84,0.5385,0.1006,2023-04-21,0.114995,0.034765,NA
-44.77836688327,-20.9694185929662,318,2019-01-07,2021-05-26,84,0.5072,0.1038,2021-06-05,-0.080904,0.029579,NA
-44.77836688327,-20.9695084244946,318,2019-01-07,2021-05-26,83,0.4975,0.1082,2021-06-05,-0.091075,0.014103,NA
-44.77836688327,-20.969598256023,317,2019-01-07,2021-05-26,83,0.498,0.1119,2021-06-05,-0.099046,0.015598,NA
-44.77836688327,-20.9696880875514,316,2019-01-07,2021-05-26,83,0.5286,0.1065,2021-06-05,-0.091602,0.020372,NA
-44.77836688327,-20.970676234364,326,2019-01-07,2021-05-26,91,0.5563,0.102,2021-06-05,-0.080568,0.032828,NA
-44.77836688327,-20.9707660658924,329,2019-01-07,2021-05-26,92,0.5393,0.1034,2021-06-05,-0.089048,0.029894,NA
-44.77836688327,-20.9708558974208,329,2019-01-07,2021-05-26,92,0.5266,0.1032,2021-06-05,-0.088226,0.025996,NA
-44.77836688327,-20.9709457289492,328,2019-01-07,2021-05-26,92,0.5313,0.0999,2021-06-05,-0.075404,0.023668,NA
-44.7784567147984,-20.9668134786422,322,2019-01-07,2021-05-26,87,0.6756,0.0628,2021-09-03,0.028189,0.009271,NA
-44.7784567147984,-20.9669033101707,321,2019-01-07,2021-05-26,87,0.7702,0.0511,2021-08-29,0.015503,0.012448,NA
-44.7784567147984,-20.9669931416991,320,2019-01-07,2021-05-26,87,0.8103,0.0463,2021-08-29,0.011475,0.011087,NA
-44.7784567147984,-20.9670829732275,320,2019-01-07,2021-05-26,87,0.8118,0.0461,2021-09-03,-0.005979,0.00439,NA
-44.7784567147984,-20.9671728047559,320,2019-01-07,2021-05-26,86,0.8325,0.0476,2021-08-19,-0.013538,-0.058961,NA
-44.7784567147984,-20.9672626362843,321,2019-01-07,2021-05-26,84,0.7663,0.0691,2021-08-29,-0.025894,-0.137595,NA
-44.7784567147984,-20.9673524678127,320,2019-01-07,2021-05-26,83,0.7395,0.0805,2023-02-25,0.055037,-0.132541,NA
-44.7784567147984,-20.9674422993411,317,2019-01-07,2021-05-26,83,0.7248,0.0856,2023-03-17,0.045839,-0.137651,NA
-44.7784567147984,-20.9675321308695,317,2019-01-07,2021-05-26,84,0.7799,0.0746,2022-04-26,0.035253,-0.108016,NA
-44.7784567147984,-20.967621962398,318,2019-01-07,2021-05-26,84,0.8019,0.0704,2022-04-16,0.040906,-0.127604,NA
-44.7784567147984,-20.9677117939264,318,2019-01-07,2021-05-26,84,0.8034,0.0715,2021-09-08,-0.058343,-0.168443,NA
-44.7784567147984,-20.9678016254548,318,2019-01-07,2021-05-26,85,0.8114,0.0711,2022-04-11,0.041741,-0.155821,NA
-44.7784567147984,-20.9678914569832,319,2019-01-07,2021-05-26,86,0.7893,0.0765,2022-04-16,0.039145,-0.122182,NA
-44.7784567147984,-20.9679812885116,319,2019-01-07,2021-05-26,86,0.7893,0.0765,2022-04-16,0.039145,-0.122182,NA
-44.7784567147984,-20.96807112004,316,2019-01-07,2021-05-26,86,0.7607,0.0802,2022-05-06,0.041018,-0.14536,NA
-44.7784567147984,-20.9681609515684,316,2019-01-07,2021-05-26,86,0.7396,0.0831,2022-05-01,0.04251,-0.197587,NA
-44.7784567147984,-20.9682507830968,317,2019-01-07,2021-05-26,86,0.7363,0.0766,2023-03-27,0.074573,-0.222098,NA
-44.7784567147984,-20.9683406146253,318,2019-01-07,2021-05-26,87,0.7111,0.0603,2023-04-21,0.074163,-0.243059,NA
-44.7784567147984,-20.9684304461537,319,2019-01-07,2021-05-26,87,0.6763,0.0551,2023-05-11,0.069766,-0.195776,NA
-44.7784567147984,-20.9685202776821,320,2019-01-07,2021-05-26,87,0.7072,0.0531,2021-06-25,0.045477,-0.09834,NA
-44.7784567147984,-20.9686101092105,318,2019-01-07,2021-05-26,86,0.6575,0.0602,2021-09-13,0.058495,-0.085171,NA
-44.7784567147984,-20.9686999407389,318,2019-01-07,2021-05-26,86,0.6795,0.0559,2021-09-28,0.046117,-0.087621,NA
-44.7784567147984,-20.9687897722673,320,2019-01-07,2021-05-26,86,0.6704,0.0569,2021-09-28,0.045815,-0.1061,NA
-44.7784567147984,-20.9688796037957,319,2019-01-07,2021-05-26,86,0.636,0.0603,2021-10-03,0.048749,-0.10422,NA
-44.7784567147984,-20.9689694353241,321,2019-01-07,2021-05-26,86,0.6838,0.0565,2021-11-17,0.050008,-0.081295,NA
-44.7784567147984,-20.9690592668525,321,2019-01-07,2021-05-26,86,0.6289,0.0767,2023-08-19,-0.039488,-0.004111,NA
-44.7784567147984,-20.969149098381,319,2019-01-07,2021-05-26,85,0.5391,0.0959,2023-05-06,0.099101,0.02916,NA
-44.7784567147984,-20.9692389299094,318,2019-01-07,2021-05-26,84,0.5271,0.0981,2023-05-01,0.10866,0.029769,NA
-44.7784567147984,-20.9693287614378,317,2019-01-07,2021-05-26,84,0.5277,0.1002,2023-05-01,0.109362,0.036949,NA
-44.7784567147984,-20.9694185929662,316,2019-01-07,2021-05-26,84,0.5144,0.1044,2022-09-13,-0.120125,0.029672,NA
-44.7784567147984,-20.9695084244946,317,2019-01-07,2021-05-26,84,0.5169,0.1065,2021-06-05,-0.08354,0.020821,NA
-44.7784567147984,-20.969598256023,317,2019-01-07,2021-05-26,84,0.5056,0.1092,2021-06-05,-0.091216,0.022997,NA
-44.7784567147984,-20.9696880875514,316,2019-01-07,2021-05-26,84,0.5289,0.1035,2021-06-05,-0.090683,0.022551,NA
-44.7784567147984,-20.9697779190798,317,2019-01-07,2021-05-26,84,0.549,0.1028,2021-06-05,-0.085776,0.008031,NA
-44.7784567147984,-20.9704965713071,321,2019-01-07,2021-05-26,87,0.5761,0.0966,2022-09-03,-0.098076,0.025976,NA
-44.7784567147984,-20.9705864028356,322,2019-01-07,2021-05-26,89,0.565,0.0986,2022-09-08,-0.112063,0.028563,NA
-44.7784567147984,-20.970676234364,326,2019-01-07,2021-05-26,92,0.5276,0.1062,2021-06-05,-0.067663,0.033291,NA
-44.7784567147984,-20.9707660658924,327,2019-01-07,2021-05-26,92,0.508,0.1077,2021-06-05,-0.086938,0.030235,NA
-44.7784567147984,-20.9708558974208,328,2019-01-07,2021-05-26,92,0.5128,0.1054,2021-06-05,-0.076525,0.026875,NA
-44.7784567147984,-20.9709457289492,328,2019-01-07,2021-05-26,92,0.5101,0.1049,2022-08-29,-0.088257,0.028979,NA
-44.7785465463268,-20.9667236471138,323,2019-01-07,2021-05-26,88,0.7446,0.0562,2021-08-24,0.029302,0.001288,NA
-44.7785465463268,-20.9668134786422,322,2019-01-07,2021-05-26,87,0.6756,0.0628,2021-09-03,0.028189,0.009271,NA
-44.7785465463268,-20.9669033101707,321,2019-01-07,2021-05-26,87,0.7702,0.0511,2021-08-29,0.015503,0.012448,NA
-44.7785465463268,-20.9669931416991,320,2019-01-07,2021-05-26,87,0.8103,0.0463,2021-08-29,0.011475,0.011087,NA
-44.7785465463268,-20.9670829732275,320,2019-01-07,2021-05-26,87,0.8118,0.0461,2021-09-03,-0.005979,0.00439,NA
-44.7785465463268,-20.9671728047559,320,2019-01-07,2021-05-26,86,0.8325,0.0476,2021-08-19,-0.013538,-0.058961,NA
-44.7785465463268,-20.9672626362843,321,2019-01-07,2021-05-26,84,0.7663,0.0691,2021-08-29,-0.025894,-0.137595,NA
-44.7785465463268,-20.9673524678127,320,2019-01-07,2021-05-26,83,0.7395,0.0805,2023-02-25,0.055037,-0.132541,NA
-44.7785465463268,-20.9674422993411,317,2019-01-07,2021-05-26,83,0.7248,0.0856,2023-03-17,0.045839,-0.137651,NA
-44.7785465463268,-20.9675321308695,317,2019-01-07,2021-05-26,84,0.7799,0.0746,2022-04-26,0.035253,-0.108016,NA
-44.7785465463268,-20.967621962398,318,2019-01-07,2021-05-26,84,0.8019,0.0704,2022-04-16,0.040906,-0.127604,NA
-44.7785465463268,-20.9677117939264,318,2019-01-07,2021-05-26,84,0.8034,0.0715,2021-09-08,-0.058343,-0.168443,NA
-44.7785465463268,-20.9678016254548,318,2019-01-07,2021-05-26,85,0.8114,0.0711,2022-04-11,0.041741,-0.155821,NA
-44.7785465463268,-20.9678914569832,319,2019-01-07,2021-05-26,86,0.7893,0.0765,2022-04-16,0.039145,-0.122182,NA
-44.7785465463268,-20.9679812885116,319,2019-01-07,2021-05-26,86,0.7893,0.0765,2022-04-16,0.039145,-0.122182,NA
-44.7785465463268,-20.96807112004,316,2019-01-07,2021-05-26,86,0.7607,0.0802,2022-05-06,0.041018,-0.14536,NA
-44.7785465463268,-20.9681609515684,316,2019-01-07,2021-05-26,86,0.7396,0.0831,2022-05-01,0.04251,-0.197587,NA
-44.7785465463268,-20.9682507830968,317,2019-01-07,2021-05-26,86,0.7363,0.0766,2023-03-27,0.074573,-0.222098,NA
-44.7785465463268,-20.9683406146253,318,2019-01-07,2021-05-26,87,0.7111,0.0603,2023-04-21,0.074163,-0.243059,NA
-44.7785465463268,-20.9684304461537,319,2019-01-07,2021-05-26,87,0.6763,0.0551,2023-05-11,0.069766,-0.195776,NA
-44.7785465463268,-20.9685202776821,320,2019-01-07,2021-05-26,87,0.7072,0.0531,2021-06-25,0.045477,-0.09834,NA
-44.7785465463268,-20.9686101092105,318,2019-01-07,2021-05-26,86,0.6575,0.0602,2021-09-13,0.058495,-0.085171,NA
-44.7785465463268,-20.9686999407389,318,2019-01-07,2021-05-26,86,0.6795,0.0559,2021-09-28,0.046117,-0.087621,NA
-44.7785465463268,-20.9687897722673,320,2019-01-07,2021-05-26,86,0.6704,0.0569,2021-09-28,0.045815,-0.1061,NA
-44.7785465463268,-20.9688796037957,319,2019-01-07,2021-05-26,86,0.636,0.0603,2021-10-03,0.048749,-0.10422,NA
-44.7785465463268,-20.9689694353241,321,2019-01-07,2021-05-26,86,0.6838,0.0565,2021-11-17,0.050008,-0.081295,NA
-44.7785465463268,-20.9690592668525,321,2019-01-07,2021-05-26,86,0.6289,0.0767,2023-08-19,-0.039488,-0.004111,NA
-44.7785465463268,-20.969149098381,319,2019-01-07,2021-05-26,85,0.5391,0.0959,2023-05-06,0.099101,0.02916,NA
-44.7785465463268,-20.9692389299094,318,2019-01-07,2021-05-26,84,0.5271,0.0981,2023-05-01,0.10866,0.029769,NA
-44.7785465463268,-20.9693287614378,317,2019-01-07,2021-05-26,84,0.5277,0.1002,2023-05-01,0.109362,0.036949,NA
-44.7785465463268,-20.9694185929662,316,2019-01-07,2021-05-26,84,0.5144,0.1044,2022-09-13,-0.120125,0.029672,NA
-44.7785465463268,-20.9695084244946,317,2019-01-07,2021-05-26,84,0.5169,0.1065,2021-06-05,-0.08354,0.020821,NA
-44.7785465463268,-20.969598256023,317,2019-01-07,2021-05-26,84,0.5056,0.1092,2021-06-05,-0.091216,0.022997,NA
-44.7785465463268,-20.9696880875514,316,2019-01-07,2021-05-26,84,0.5289,0.1035,2021-06-05,-0.090683,0.022551,NA
-44.7785465463268,-20.9697779190798,317,2019-01-07,2021-05-26,84,0.549,0.1028,2021-06-05,-0.085776,0.008031,NA
-44.7785465463268,-20.9698677506083,316,2019-01-07,2021-05-26,84,0.5509,0.1089,2021-06-05,-0.086001,-0.000303,NA
-44.7785465463268,-20.9699575821367,317,2019-01-07,2021-05-26,84,0.541,0.12,2021-06-05,-0.098484,0.040342,NA
-44.7785465463268,-20.9700474136651,319,2019-01-07,2021-05-26,84,0.5731,0.1162,2023-04-21,0.136051,0.048607,NA
-44.7785465463268,-20.9701372451935,319,2019-01-07,2021-05-26,85,0.5886,0.1101,2023-04-21,0.132405,0.054805,NA
-44.7785465463268,-20.9702270767219,319,2019-01-07,2021-05-26,85,0.5784,0.1024,2023-05-01,0.11906,0.023467,NA
-44.7785465463268,-20.9703169082503,320,2019-01-07,2021-05-26,86,0.5434,0.1037,2022-09-13,-0.10425,0.025806,NA
-44.7785465463268,-20.9704067397787,320,2019-01-07,2021-05-26,86,0.5437,0.1043,2022-08-29,-0.093572,0.01849,NA
-44.7785465463268,-20.9704965713071,319,2019-01-07,2021-05-26,88,0.5504,0.102,2022-09-03,-0.080784,0.026942,NA
-44.7785465463268,-20.9705864028356,321,2019-01-07,2021-05-26,89,0.5458,0.1034,2022-09-03,-0.08033,0.031086,NA
-44.7785465463268,-20.970676234364,326,2019-01-07,2021-05-26,92,0.5097,0.1091,2021-06-05,-0.061742,0.041259,NA
-44.7785465463268,-20.9707660658924,326,2019-01-07,2021-05-26,92,0.5051,0.1072,2021-06-05,-0.067948,0.032405,NA
-44.7785465463268,-20.9708558974208,325,2019-01-07,2021-05-26,92,0.5192,0.1043,2022-08-29,-0.112071,0.026988,NA
-44.7785465463268,-20.9709457289492,327,2019-01-07,2021-05-26,92,0.4727,0.1111,2021-06-05,-0.076089,0.020324,NA
-44.7786363778552,-20.9667236471138,325,2019-01-07,2021-05-26,90,0.7088,0.059,2021-08-29,0.03025,0.013293,NA
-44.7786363778552,-20.9668134786422,323,2019-01-07,2021-05-26,89,0.7829,0.0491,2021-08-29,0.018364,0.019451,NA
-44.7786363778552,-20.9669033101707,321,2019-01-07,2021-05-26,88,0.7815,0.0507,2021-09-03,0.015432,0.018881,NA
-44.7786363778552,-20.9669931416991,320,2019-01-07,2021-05-26,87,0.8169,0.0459,2021-08-29,0.011945,0.016072,NA
-44.7786363778552,-20.9670829732275,321,2019-01-07,2021-05-26,87,0.8299,0.0467,2021-08-24,0.004268,-0.00797,NA
-44.7786363778552,-20.9671728047559,320,2019-01-07,2021-05-26,86,0.7952,0.0596,2021-08-19,-0.020214,-0.106564,NA
-44.7786363778552,-20.9672626362843,321,2019-01-07,2021-05-26,84,0.7358,0.0776,2021-09-03,-0.050312,-0.163582,NA
-44.7786363778552,-20.9673524678127,318,2019-01-07,2021-05-26,83,0.7602,0.0764,2021-09-08,-0.046606,-0.15861,NA
-44.7786363778552,-20.9674422993411,320,2019-01-07,2021-05-26,84,0.7737,0.0757,2023-02-25,0.039847,-0.133832,NA
-44.7786363778552,-20.9675321308695,317,2019-01-07,2021-05-26,84,0.8143,0.0686,2022-04-16,0.031117,-0.118574,NA
-44.7786363778552,-20.967621962398,319,2019-01-07,2021-05-26,84,0.8119,0.0706,2022-04-21,0.03354,-0.139165,NA
-44.7786363778552,-20.9677117939264,315,2019-01-07,2021-05-26,84,0.8235,0.0688,2021-09-03,-0.050117,-0.160895,NA
-44.7786363778552,-20.9678016254548,318,2019-01-07,2021-05-26,85,0.8268,0.0684,2022-04-21,0.03557,-0.146455,NA
-44.7786363778552,-20.9678914569832,316,2019-01-07,2021-05-26,85,0.7881,0.0764,2022-04-26,0.032471,-0.131712,NA
-44.7786363778552,-20.9679812885116,316,2019-01-07,2021-05-26,85,0.7881,0.0764,2022-04-26,0.032471,-0.131712,NA
-44.7786363778552,-20.96807112004,315,2019-01-07,2021-05-26,85,0.756,0.0795,2022-04-21,0.04467,-0.146835,NA
-44.7786363778552,-20.9681609515684,315,2019-01-07,2021-05-26,85,0.7305,0.0818,2022-05-06,0.045907,-0.227801,NA
-44.7786363778552,-20.9682507830968,316,2019-01-07,2021-05-26,86,0.7567,0.0672,2022-05-11,0.039969,-0.241954,NA
-44.7786363778552,-20.9683406146253,317,2019-01-07,2021-05-26,86,0.7133,0.0544,2022-10-18,-0.062439,-0.237578,NA
-44.7786363778552,-20.9684304461537,317,2019-01-07,2021-05-26,86,0.6586,0.0565,2023-08-24,-0.008549,-0.195639,NA
-44.7786363778552,-20.9685202776821,319,2019-01-07,2021-05-26,86,0.6819,0.0584,2021-07-15,0.057782,-0.108979,NA
-44.7786363778552,-20.9686101092105,319,2019-01-07,2021-05-26,86,0.6847,0.057,2021-09-28,0.054285,-0.080434,NA
-44.7786363778552,-20.9686999407389,319,2019-01-07,2021-05-26,87,0.6529,0.0555,2021-11-17,0.044104,-0.078263,NA
-44.7786363778552,-20.9687897722673,320,2019-01-07,2021-05-26,87,0.6223,0.0602,2021-10-03,0.051444,-0.097342,NA
-44.7786363778552,-20.9688796037957,319,2019-01-07,2021-05-26,87,0.5867,0.0623,2021-10-13,0.054113,-0.09356,NA
-44.7786363778552,-20.9689694353241,321,2019-01-07,2021-05-26,87,0.6628,0.057,2021-11-17,0.04787,-0.054043,NA
-44.7786363778552,-20.9690592668525,321,2019-01-07,2021-05-26,86,0.621,0.0778,2023-09-03,-0.04055,0.008166,NA
-44.7786363778552,-20.969149098381,318,2019-01-07,2021-05-26,85,0.5308,0.0973,2023-05-01,0.100334,0.032626,NA
-44.7786363778552,-20.9692389299094,318,2019-01-07,2021-05-26,85,0.5173,0.1008,2023-05-01,0.109603,0.035773,NA
-44.7786363778552,-20.9693287614378,317,2019-01-07,2021-05-26,84,0.513,0.1045,2023-05-01,0.112542,0.034111,NA
-44.7786363778552,-20.9694185929662,314,2019-01-07,2021-05-26,84,0.5125,0.1054,2021-06-05,-0.07751,0.027585,NA
-44.7786363778552,-20.9695084244946,317,2019-01-07,2021-05-26,84,0.5297,0.1038,2021-06-05,-0.080889,0.020973,NA
-44.7786363778552,-20.969598256023,316,2019-01-07,2021-05-26,84,0.5024,0.1085,2021-06-05,-0.085293,0.020865,NA
-44.7786363778552,-20.9696880875514,317,2019-01-07,2021-05-26,85,0.5108,0.1058,2021-06-05,-0.091923,0.02417,NA
-44.7786363778552,-20.9697779190798,316,2019-01-07,2021-05-26,85,0.5354,0.1033,2021-06-05,-0.087549,0.004378,NA
-44.7786363778552,-20.9698677506083,316,2019-01-07,2021-05-26,85,0.5222,0.1072,2021-06-05,-0.086682,0.007072,NA
-44.7786363778552,-20.9699575821367,318,2019-01-07,2021-05-26,85,0.5158,0.1157,2021-06-05,-0.09457,0.027536,NA
-44.7786363778552,-20.9700474136651,320,2019-01-07,2021-05-26,85,0.5618,0.1129,2021-06-05,-0.09355,0.028309,NA
-44.7786363778552,-20.9701372451935,320,2019-01-07,2021-05-26,85,0.584,0.1063,2023-04-26,0.120049,0.02949,NA
-44.7786363778552,-20.9702270767219,319,2019-01-07,2021-05-26,85,0.5784,0.1024,2023-05-01,0.11906,0.023467,NA
-44.7786363778552,-20.9703169082503,320,2019-01-07,2021-05-26,86,0.5434,0.1037,2022-09-13,-0.10425,0.025806,NA
-44.7786363778552,-20.9704067397787,320,2019-01-07,2021-05-26,86,0.5437,0.1043,2022-08-29,-0.093572,0.01849,NA
-44.7786363778552,-20.9704965713071,319,2019-01-07,2021-05-26,88,0.5504,0.102,2022-09-03,-0.080784,0.026942,NA
-44.7786363778552,-20.9705864028356,321,2019-01-07,2021-05-26,89,0.5458,0.1034,2022-09-03,-0.08033,0.031086,NA
-44.7786363778552,-20.970676234364,326,2019-01-07,2021-05-26,92,0.5097,0.1091,2021-06-05,-0.061742,0.041259,NA
-44.7786363778552,-20.9707660658924,326,2019-01-07,2021-05-26,92,0.5051,0.1072,2021-06-05,-0.067948,0.032405,NA
-44.7786363778552,-20.9708558974208,325,2019-01-07,2021-05-26,92,0.5192,0.1043,2022-08-29,-0.112071,0.026988,NA
-44.7787262093836,-20.9666338155854,327,2019-01-07,2021-05-26,92,0.6421,0.0641,2021-08-29,0.016029,0.01364,NA
-44.7787262093836,-20.9667236471138,326,2019-01-07,2021-05-26,91,0.6788,0.0608,2021-09-03,0.030668,0.025103,NA
-44.7787262093836,-20.9668134786422,322,2019-01-07,2021-05-26,89,0.7825,0.0501,2021-08-29,0.01722,0.025297,NA
-44.7787262093836,-20.9669033101707,321,2019-01-07,2021-05-26,89,0.7856,0.0507,2021-08-29,0.019511,0.016146,NA
-44.7787262093836,-20.9669931416991,321,2019-01-07,2021-05-26,88,0.8211,0.046,2021-08-29,0.012761,0.015276,NA
-44.7787262093836,-20.9670829732275,321,2019-01-07,2021-05-26,87,0.8408,0.0494,2021-08-19,-0.012169,-0.033827,NA
-44.7787262093836,-20.9671728047559,319,2019-01-07,2021-05-26,85,0.7753,0.07,2021-08-14,-0.035166,-0.147013,NA
-44.7787262093836,-20.9672626362843,321,2019-01-07,2021-05-26,85,0.7146,0.0834,2021-09-03,-0.041615,-0.182495,NA
-44.7787262093836,-20.9673524678127,321,2019-01-07,2021-05-26,85,0.7291,0.0811,2023-02-25,0.051701,-0.159709,NA
-44.7787262093836,-20.9674422993411,320,2019-01-07,2021-05-26,86,0.7547,0.0771,2022-05-01,0.046935,-0.105267,NA
-44.7787262093836,-20.9675321308695,320,2019-01-07,2021-05-26,85,0.8152,0.0674,2022-04-16,0.022464,-0.11234,NA
-44.7787262093836,-20.967621962398,320,2019-01-07,2021-05-26,85,0.8179,0.0687,2022-04-21,0.029161,-0.129997,NA
-44.7787262093836,-20.9677117939264,319,2019-01-07,2021-05-26,86,0.8254,0.0674,2022-04-16,0.02374,-0.136018,NA
-44.7787262093836,-20.9678016254548,317,2019-01-07,2021-05-26,85,0.8131,0.0716,2022-04-26,0.030329,-0.129341,NA
-44.7787262093836,-20.9678914569832,317,2019-01-07,2021-05-26,85,0.8131,0.0716,2022-04-26,0.030329,-0.129341,NA
-44.7787262093836,-20.9679812885116,316,2019-01-07,2021-05-26,85,0.7942,0.076,2022-04-26,0.04214,-0.138455,NA
-44.7787262093836,-20.96807112004,315,2019-01-07,2021-05-26,85,0.7725,0.0789,2022-04-16,0.042961,-0.187172,NA
-44.7787262093836,-20.9681609515684,314,2019-01-07,2021-05-26,85,0.7388,0.0795,2022-04-26,0.045413,-0.221535,NA
-44.7787262093836,-20.9682507830968,315,2019-01-07,2021-05-26,86,0.7463,0.0626,2022-05-11,0.038464,-0.25391,NA
-44.7787262093836,-20.9683406146253,318,2019-01-07,2021-05-26,86,0.662,0.0567,2022-10-18,-0.058911,-0.227085,NA
-44.7787262093836,-20.9684304461537,318,2019-01-07,2021-05-26,86,0.6773,0.0565,2021-09-28,0.058468,-0.150872,NA
-44.7787262093836,-20.9685202776821,320,2019-01-07,2021-05-26,87,0.6615,0.0598,2021-08-19,0.054429,-0.111438,NA
-44.7787262093836,-20.9686101092105,318,2019-01-07,2021-05-26,85,0.7057,0.054,2021-10-13,0.049296,-0.083444,NA
-44.7787262093836,-20.9686999407389,318,2019-01-07,2021-05-26,85,0.6799,0.0532,2021-10-13,0.045942,-0.08341,NA
-44.7787262093836,-20.9687897722673,319,2019-01-07,2021-05-26,86,0.6084,0.0611,2021-10-03,0.053563,-0.089643,NA
-44.7787262093836,-20.9688796037957,319,2019-01-07,2021-05-26,86,0.6075,0.06,2021-10-03,0.058562,-0.092916,NA
-44.7787262093836,-20.9689694353241,319,2019-01-07,2021-05-26,86,0.6933,0.056,2021-10-13,0.05031,-0.052545,NA
-44.7787262093836,-20.9690592668525,319,2019-01-07,2021-05-26,87,0.5939,0.0813,2024-02-25,0.059709,0.01908,NA
-44.7787262093836,-20.969149098381,317,2019-01-07,2021-05-26,85,0.5423,0.095,2023-05-01,0.102018,0.034013,NA
-44.7787262093836,-20.9692389299094,318,2019-01-07,2021-05-26,85,0.5469,0.0975,2023-05-01,0.10456,0.033978,NA
-44.7787262093836,-20.9693287614378,318,2019-01-07,2021-05-26,85,0.5295,0.1028,2023-05-01,0.106414,0.040025,NA
-44.7787262093836,-20.9694185929662,314,2019-01-07,2021-05-26,84,0.5361,0.1028,2021-06-05,-0.078722,0.029647,NA
-44.7787262093836,-20.9695084244946,314,2019-01-07,2021-05-26,84,0.5361,0.1032,2021-06-05,-0.081098,0.017913,NA
-44.7787262093836,-20.969598256023,313,2019-01-07,2021-05-26,84,0.4978,0.1095,2021-06-05,-0.086769,0.019808,NA
-44.7787262093836,-20.9696880875514,315,2019-01-07,2021-05-26,85,0.49,0.1099,2021-06-05,-0.092131,0.022918,NA
-44.7787262093836,-20.9697779190798,314,2019-01-07,2021-05-26,85,0.5103,0.1075,2021-06-05,-0.090842,0.009634,NA
-44.7787262093836,-20.9698677506083,315,2019-01-07,2021-05-26,85,0.5017,0.1092,2021-06-05,-0.089211,0.008084,NA
-44.7787262093836,-20.9699575821367,317,2019-01-07,2021-05-26,85,0.5115,0.1114,2021-06-05,-0.090958,0.019321,NA
-44.7787262093836,-20.9700474136651,319,2019-01-07,2021-05-26,85,0.5492,0.1072,2021-06-05,-0.081922,0.01986,NA
-44.7787262093836,-20.9701372451935,318,2019-01-07,2021-05-26,84,0.5657,0.1032,2023-05-06,0.103897,0.025133,NA
-44.7787262093836,-20.9702270767219,317,2019-01-07,2021-05-26,84,0.5678,0.1001,2022-09-13,-0.116925,0.019789,NA
-44.7787262093836,-20.9703169082503,317,2019-01-07,2021-05-26,84,0.5536,0.1015,2022-09-08,-0.092014,0.023965,NA
-44.7787262093836,-20.9704067397787,319,2019-01-07,2021-05-26,86,0.5551,0.1011,2022-08-29,-0.079853,0.025999,NA
-44.7787262093836,-20.9704965713071,319,2019-01-07,2021-05-26,87,0.5623,0.1017,2022-08-29,-0.088971,0.022724,NA
-44.7787262093836,-20.9705864028356,320,2019-01-07,2021-05-26,89,0.5294,0.1066,2021-06-05,-0.078396,0.034323,NA
-44.7787262093836,-20.970676234364,324,2019-01-07,2021-05-26,92,0.4935,0.1116,2021-06-05,-0.077483,0.037912,NA
-44.7787262093836,-20.9707660658924,325,2019-01-07,2021-05-26,92,0.5071,0.1066,2021-06-05,-0.084639,0.029025,NA
-44.7787262093836,-20.9708558974208,325,2019-01-07,2021-05-26,92,0.5031,0.1082,2022-08-14,-0.113854,0.017348,NA
-44.7788160409121,-20.9666338155854,327,2019-01-07,2021-05-26,92,0.6753,0.0568,2021-08-24,0.024337,0.016949,NA
-44.7788160409121,-20.9667236471138,326,2019-01-07,2021-05-26,91,0.7432,0.0519,2021-08-29,0.0198,0.024662,NA
-44.7788160409121,-20.9668134786422,323,2019-01-07,2021-05-26,90,0.7671,0.0501,2021-08-29,0.013828,0.01592,NA
-44.7788160409121,-20.9669033101707,321,2019-01-07,2021-05-26,89,0.7552,0.0526,2021-08-29,0.015551,0.011534,NA
-44.7788160409121,-20.9669931416991,322,2019-01-07,2021-05-26,88,0.8085,0.0494,2021-08-24,0.003271,-0.00024,NA
-44.7788160409121,-20.9670829732275,322,2019-01-07,2021-05-26,88,0.8214,0.0571,2021-08-14,-0.022652,-0.062754,NA
-44.7788160409121,-20.9671728047559,319,2019-01-07,2021-05-26,86,0.7479,0.0778,2021-08-19,-0.043136,-0.155669,NA
-44.7788160409121,-20.9672626362843,321,2019-01-07,2021-05-26,86,0.7058,0.0852,2021-09-03,-0.044673,-0.177656,NA
-44.7788160409121,-20.9673524678127,322,2019-01-07,2021-05-26,87,0.7469,0.0781,2022-05-16,0.036967,-0.1478,NA
-44.7788160409121,-20.9674422993411,322,2019-01-07,2021-05-26,86,0.7824,0.0721,2022-04-21,0.036036,-0.122985,NA
-44.7788160409121,-20.9675321308695,321,2019-01-07,2021-05-26,87,0.768,0.0758,2022-04-26,0.040053,-0.124076,NA
-44.7788160409121,-20.967621962398,319,2019-01-07,2021-05-26,86,0.8153,0.0687,2022-04-16,0.027475,-0.141559,NA
-44.7788160409121,-20.9677117939264,318,2019-01-07,2021-05-26,86,0.8275,0.0671,2022-04-11,0.023998,-0.133564,NA
-44.7788160409121,-20.9678016254548,318,2019-01-07,2021-05-26,86,0.799,0.0741,2022-04-21,0.033123,-0.13219,NA
-44.7788160409121,-20.9678914569832,318,2019-01-07,2021-05-26,86,0.799,0.0741,2022-04-21,0.033123,-0.13219,NA
-44.7788160409121,-20.9679812885116,318,2019-01-07,2021-05-26,85,0.8033,0.0735,2022-04-16,0.040633,-0.131595,NA
-44.7788160409121,-20.96807112004,317,2019-01-07,2021-05-26,85,0.7804,0.0769,2022-04-11,0.040762,-0.184472,NA
-44.7788160409121,-20.9681609515684,315,2019-01-07,2021-05-26,85,0.7446,0.0747,2022-04-21,0.035145,-0.220851,NA
-44.7788160409121,-20.9682507830968,315,2019-01-07,2021-05-26,85,0.7177,0.0615,2023-04-21,0.081755,-0.236858,NA
-44.7788160409121,-20.9683406146253,317,2019-01-07,2021-05-26,86,0.6199,0.06,2022-10-18,-0.058667,-0.21264,NA
-44.7788160409121,-20.9684304461537,317,2019-01-07,2021-05-26,86,0.6842,0.0556,2021-11-17,0.052823,-0.13126,NA
-44.7788160409121,-20.9685202776821,320,2019-01-07,2021-05-26,87,0.6757,0.0575,2021-09-28,0.059348,-0.114755,NA
-44.7788160409121,-20.9686101092105,320,2019-01-07,2021-05-26,86,0.6655,0.0571,2021-11-17,0.050166,-0.088019,NA
-44.7788160409121,-20.9686999407389,318,2019-01-07,2021-05-26,85,0.6996,0.0526,2021-10-03,0.048039,-0.091446,NA
-44.7788160409121,-20.9687897722673,318,2019-01-07,2021-05-26,85,0.654,0.0583,2021-09-28,0.043007,-0.076815,NA
-44.7788160409121,-20.9688796037957,319,2019-01-07,2021-05-26,86,0.6329,0.0584,2021-10-03,0.04749,-0.072195,NA
-44.7788160409121,-20.9689694353241,319,2019-01-07,2021-05-26,86,0.7185,0.0556,2021-10-13,0.045255,-0.033961,NA
-44.7788160409121,-20.9690592668525,318,2019-01-07,2021-05-26,86,0.6137,0.08,2023-05-16,0.061844,0.020695,NA
-44.7788160409121,-20.969149098381,318,2019-01-07,2021-05-26,87,0.5369,0.0947,2023-05-01,0.107221,0.041755,NA
-44.7788160409121,-20.9692389299094,317,2019-01-07,2021-05-26,85,0.5487,0.0966,2023-05-01,0.102539,0.041927,NA
-44.7788160409121,-20.9693287614378,317,2019-01-07,2021-05-26,85,0.5216,0.1035,2023-05-01,0.112368,0.041423,NA
-44.7788160409121,-20.9694185929662,315,2019-01-07,2021-05-26,85,0.5035,0.1074,2021-06-05,-0.096704,0.029526,NA
-44.7788160409121,-20.9695084244946,315,2019-01-07,2021-05-26,84,0.5128,0.1073,2021-06-05,-0.078525,0.022522,NA
-44.7788160409121,-20.969598256023,312,2019-01-07,2021-05-26,84,0.5103,0.1097,2021-06-05,-0.083033,0.026257,NA
-44.7788160409121,-20.9696880875514,314,2019-01-07,2021-05-26,84,0.493,0.1104,2021-06-05,-0.088238,0.025812,NA
-44.7788160409121,-20.9697779190798,314,2019-01-07,2021-05-26,84,0.4924,0.1098,2021-06-05,-0.081252,0.009606,NA
-44.7788160409121,-20.9698677506083,313,2019-01-07,2021-05-26,83,0.5057,0.1093,2021-06-05,-0.087131,0.013369,NA
-44.7788160409121,-20.9699575821367,315,2019-01-07,2021-05-26,83,0.5077,0.1094,2023-11-12,0.089994,0.025956,NA
-44.7788160409121,-20.9700474136651,315,2019-01-07,2021-05-26,83,0.5443,0.1042,2023-11-12,0.099917,0.027475,NA
-44.7788160409121,-20.9701372451935,316,2019-01-07,2021-05-26,83,0.5603,0.1018,2022-09-13,-0.111681,0.027763,NA
-44.7788160409121,-20.9702270767219,317,2019-01-07,2021-05-26,84,0.5517,0.1029,2021-06-05,-0.07356,0.016551,NA
-44.7788160409121,-20.9703169082503,318,2019-01-07,2021-05-26,86,0.547,0.1048,2022-09-08,-0.085879,0.024308,NA
-44.7788160409121,-20.9704067397787,320,2019-01-07,2021-05-26,87,0.5567,0.1032,2022-09-08,-0.088438,0.030664,NA
-44.7788160409121,-20.9704965713071,318,2019-01-07,2021-05-26,87,0.5651,0.1016,2022-08-29,-0.080328,0.027744,NA
-44.7788160409121,-20.9705864028356,320,2019-01-07,2021-05-26,89,0.5167,0.107,2021-06-05,-0.077512,0.031625,NA
-44.7788160409121,-20.970676234364,320,2019-01-07,2021-05-26,90,0.4931,0.1092,2021-06-05,-0.080566,0.03332,NA
-44.7788160409121,-20.9707660658924,324,2019-01-07,2021-05-26,92,0.5185,0.1053,2021-06-05,-0.079847,0.028128,NA
-44.7788160409121,-20.9708558974208,324,2019-01-07,2021-05-26,92,0.4993,0.111,2021-06-05,-0.096405,0.024682,NA
-44.7789058724405,-20.9664541525286,331,2019-01-07,2021-05-26,92,0.7826,0.0486,2021-08-19,0.011443,-0.00228,NA
-44.7789058724405,-20.966543984057,328,2019-01-07,2021-05-26,92,0.7479,0.0517,2021-08-19,0.011867,0.009762,NA
-44.7789058724405,-20.9666338155854,329,2019-01-07,2021-05-26,92,0.689,0.056,2021-08-24,0.019272,0.012507,NA
-44.7789058724405,-20.9667236471138,326,2019-01-07,2021-05-26,91,0.7336,0.0514,2021-08-29,0.011955,0.013134,NA
-44.7789058724405,-20.9668134786422,324,2019-01-07,2021-05-26,91,0.7563,0.0513,2021-08-29,0.011738,0.008439,NA
-44.7789058724405,-20.9669033101707,324,2019-01-07,2021-05-26,91,0.7504,0.054,2021-09-03,0.01299,0.014089,NA
-44.7789058724405,-20.9669931416991,323,2019-01-07,2021-05-26,89,0.8169,0.0513,2021-08-19,-0.008321,-0.025687,NA
-44.7789058724405,-20.9670829732275,322,2019-01-07,2021-05-26,89,0.7927,0.065,2021-08-14,-0.033309,-0.108541,NA
-44.7789058724405,-20.9671728047559,321,2019-01-07,2021-05-26,88,0.7196,0.0824,2021-08-24,-0.037457,-0.159034,NA
-44.7789058724405,-20.9672626362843,321,2019-01-07,2021-05-26,87,0.7133,0.0835,2021-09-13,-0.051276,-0.157745,NA
-44.7789058724405,-20.9673524678127,321,2019-01-07,2021-05-26,87,0.7623,0.0751,2022-05-01,0.038015,-0.110135,NA
-44.7789058724405,-20.9674422993411,323,2019-01-07,2021-05-26,87,0.7776,0.0723,2022-04-21,0.055668,-0.112768,NA
-44.7789058724405,-20.9675321308695,321,2019-01-07,2021-05-26,87,0.7668,0.0756,2022-05-01,0.04841,-0.138998,NA
-44.7789058724405,-20.967621962398,321,2019-01-07,2021-05-26,87,0.7796,0.0763,2022-04-26,0.03441,-0.152808,NA
-44.7789058724405,-20.9677117939264,318,2019-01-07,2021-05-26,86,0.8045,0.0723,2022-04-21,0.025931,-0.126975,NA
-44.7789058724405,-20.9678016254548,317,2019-01-07,2021-05-26,86,0.7692,0.0754,2022-04-21,0.040332,-0.14379,NA
-44.7789058724405,-20.9678914569832,317,2019-01-07,2021-05-26,86,0.7692,0.0754,2022-04-21,0.040332,-0.14379,NA
-44.7789058724405,-20.9679812885116,319,2019-01-07,2021-05-26,87,0.7762,0.0776,2022-04-16,0.04293,-0.127436,NA
-44.7789058724405,-20.96807112004,317,2019-01-07,2021-05-26,85,0.762,0.0779,2022-04-16,0.03838,-0.207466,NA
-44.7789058724405,-20.9681609515684,316,2019-01-07,2021-05-26,85,0.7306,0.0684,2022-05-11,0.028065,-0.240488,NA
-44.7789058724405,-20.9682507830968,314,2019-01-07,2021-05-26,84,0.7287,0.0519,2023-05-16,0.044891,-0.230104,NA
-44.7789058724405,-20.9683406146253,316,2019-01-07,2021-05-26,84,0.6742,0.0523,2022-09-13,-0.04082,-0.191994,NA
-44.7789058724405,-20.9684304461537,317,2019-01-07,2021-05-26,85,0.6812,0.0548,2021-11-17,0.051688,-0.112673,NA
-44.7789058724405,-20.9685202776821,318,2019-01-07,2021-05-26,86,0.6617,0.059,2021-09-28,0.055607,-0.110248,NA
-44.7789058724405,-20.9686101092105,321,2019-01-07,2021-05-26,87,0.6759,0.056,2021-11-17,0.050119,-0.093121,NA
-44.7789058724405,-20.9686999407389,319,2019-01-07,2021-05-26,86,0.6593,0.0546,2021-11-17,0.052766,-0.096696,NA
-44.7789058724405,-20.9687897722673,318,2019-01-07,2021-05-26,85,0.6656,0.0538,2021-10-03,0.045669,-0.102928,NA
-44.7789058724405,-20.9688796037957,318,2019-01-07,2021-05-26,85,0.6857,0.0546,2021-09-28,0.04613,-0.093233,NA
-44.7789058724405,-20.9689694353241,319,2019-01-07,2021-05-26,86,0.7157,0.0576,2021-10-13,0.048449,-0.035935,NA
-44.7789058724405,-20.9690592668525,317,2019-01-07,2021-05-26,86,0.6007,0.0823,2023-05-16,0.062942,0.025668,NA
-44.7789058724405,-20.969149098381,317,2019-01-07,2021-05-26,87,0.5406,0.0938,2023-05-01,0.100618,0.036928,NA
-44.7789058724405,-20.9692389299094,317,2019-01-07,2021-05-26,86,0.5308,0.0984,2023-05-01,0.108265,0.045511,NA
-44.7789058724405,-20.9693287614378,314,2019-01-07,2021-05-26,85,0.5155,0.1031,2023-05-01,0.121046,0.038435,NA
-44.7789058724405,-20.9694185929662,315,2019-01-07,2021-05-26,85,0.4797,0.1098,2021-06-05,-0.079126,0.027126,NA
-44.7789058724405,-20.9695084244946,314,2019-01-07,2021-05-26,83,0.489,0.1094,2021-06-05,-0.081538,0.025292,NA
-44.7789058724405,-20.969598256023,312,2019-01-07,2021-05-26,83,0.4941,0.1091,2021-06-05,-0.086479,0.034258,NA
-44.7789058724405,-20.9696880875514,313,2019-01-07,2021-05-26,84,0.4714,0.1111,2021-06-05,-0.091835,0.034859,NA
-44.7789058724405,-20.9697779190798,313,2019-01-07,2021-05-26,83,0.4883,0.1084,2023-11-12,0.09718,0.006161,NA
-44.7789058724405,-20.9698677506083,311,2019-01-07,2021-05-26,83,0.4826,0.1109,2023-11-12,0.093525,0.01748,NA
-44.7789058724405,-20.9699575821367,313,2019-01-07,2021-05-26,83,0.4705,0.1147,2023-11-12,0.099337,0.034978,NA
-44.7789058724405,-20.9700474136651,316,2019-01-07,2021-05-26,85,0.5117,0.1086,2023-11-07,0.063786,0.034564,NA
-44.7789058724405,-20.9701372451935,315,2019-01-07,2021-05-26,84,0.5481,0.1029,2023-05-11,0.092703,0.032689,NA
-44.7789058724405,-20.9702270767219,318,2019-01-07,2021-05-26,85,0.5418,0.1038,2022-09-13,-0.117848,0.026596,NA
-44.7789058724405,-20.9703169082503,317,2019-01-07,2021-05-26,85,0.5665,0.1022,2022-09-08,-0.082404,0.027139,NA
-44.7789058724405,-20.9704067397787,318,2019-01-07,2021-05-26,86,0.5702,0.1016,2022-09-03,-0.082398,0.03132,NA
-44.7789058724405,-20.9704965713071,318,2019-01-07,2021-05-26,86,0.5744,0.0991,2022-08-19,-0.069876,0.02931,NA
-44.7789058724405,-20.9705864028356,318,2019-01-07,2021-05-26,88,0.52,0.1039,2021-06-05,-0.076318,0.035788,NA
-44.7789058724405,-20.970676234364,319,2019-01-07,2021-05-26,89,0.4949,0.1058,2021-06-05,-0.080987,0.037799,NA
-44.7789058724405,-20.9707660658924,321,2019-01-07,2021-05-26,90,0.5215,0.1037,2021-06-05,-0.077877,0.027773,NA
-44.7789957039689,-20.966094826415,333,2019-01-07,2021-05-26,91,0.7634,0.0463,2021-08-09,0.008685,-0.006194,NA
-44.7789957039689,-20.9661846579434,332,2019-01-07,2021-05-26,91,0.7933,0.0453,2021-08-14,0.01471,0.008731,NA
-44.7789957039689,-20.9662744894718,332,2019-01-07,2021-05-26,91,0.8052,0.0496,2021-08-24,0.022452,0.007616,NA
-44.7789957039689,-20.9663643210002,330,2019-01-07,2021-05-26,91,0.8003,0.051,2021-08-29,0.026381,0.012005,NA
-44.7789957039689,-20.9664541525286,330,2019-01-07,2021-05-26,92,0.783,0.0503,2021-08-24,0.019317,0.014682,NA
-44.7789957039689,-20.966543984057,329,2019-01-07,2021-05-26,92,0.7606,0.0515,2021-08-24,0.017477,0.019588,NA
-44.7789957039689,-20.9666338155854,329,2019-01-07,2021-05-26,92,0.7017,0.0543,2021-08-29,0.019089,0.011176,NA
-44.7789957039689,-20.9667236471138,327,2019-01-07,2021-05-26,92,0.7491,0.0494,2021-08-29,0.011629,0.005625,NA
-44.7789957039689,-20.9668134786422,326,2019-01-07,2021-05-26,91,0.7678,0.0505,2021-08-29,0.017624,0.013613,NA
-44.7789957039689,-20.9669033101707,326,2019-01-07,2021-05-26,91,0.7736,0.0537,2021-08-29,0.01244,0.011362,NA
-44.7789957039689,-20.9669931416991,322,2019-01-07,2021-05-26,90,0.8304,0.0542,2021-08-14,-0.022191,-0.049261,NA
-44.7789957039689,-20.9670829732275,322,2019-01-07,2021-05-26,89,0.7595,0.0739,2021-08-14,-0.040926,-0.136489,NA
-44.7789957039689,-20.9671728047559,321,2019-01-07,2021-05-26,88,0.7194,0.082,2021-08-29,-0.03924,-0.165624,NA
-44.7789957039689,-20.9672626362843,321,2019-01-07,2021-05-26,88,0.7265,0.0811,2023-03-17,0.034205,-0.130056,NA
-44.7789957039689,-20.9673524678127,319,2019-01-07,2021-05-26,87,0.7663,0.0735,2022-04-26,0.051826,-0.098502,NA
-44.7789957039689,-20.9674422993411,322,2019-01-07,2021-05-26,87,0.7681,0.0743,2022-04-21,0.061248,-0.107339,NA
-44.7789957039689,-20.9675321308695,320,2019-01-07,2021-05-26,87,0.7618,0.0773,2022-04-26,0.057836,-0.147346,NA
-44.7789957039689,-20.967621962398,318,2019-01-07,2021-05-26,86,0.7654,0.0756,2022-04-26,0.051466,-0.14262,NA
-44.7789957039689,-20.9677117939264,317,2019-01-07,2021-05-26,86,0.7562,0.0781,2022-04-26,0.035068,-0.130612,NA
-44.7789957039689,-20.9678016254548,317,2019-01-07,2021-05-26,86,0.7194,0.085,2022-05-01,0.036608,-0.132608,NA
-44.7789957039689,-20.9678914569832,317,2019-01-07,2021-05-26,86,0.7194,0.085,2022-05-01,0.036608,-0.132608,NA
-44.7789957039689,-20.9679812885116,319,2019-01-07,2021-05-26,87,0.734,0.0852,2022-04-21,0.042231,-0.155978,NA
-44.7789957039689,-20.96807112004,318,2019-01-07,2021-05-26,85,0.7419,0.0759,2023-04-01,0.085001,-0.228941,NA
-44.7789957039689,-20.9681609515684,317,2019-01-07,2021-05-26,85,0.7494,0.0553,2023-04-26,0.057384,-0.249321,NA
-44.7789957039689,-20.9682507830968,316,2019-01-07,2021-05-26,85,0.6628,0.0534,2022-09-13,-0.036728,-0.224399,NA
-44.7789957039689,-20.9683406146253,316,2019-01-07,2021-05-26,84,0.6775,0.0508,2022-09-13,-0.044585,-0.162984,NA
-44.7789957039689,-20.9684304461537,318,2019-01-07,2021-05-26,85,0.6908,0.0543,2021-08-19,0.047785,-0.103902,NA
-44.7789957039689,-20.9685202776821,319,2019-01-07,2021-05-26,86,0.627,0.061,2021-08-24,0.05877,-0.087421,NA
-44.7789957039689,-20.9686101092105,319,2019-01-07,2021-05-26,86,0.6327,0.0605,2021-10-13,0.056511,-0.080862,NA
-44.7789957039689,-20.9686999407389,318,2019-01-07,2021-05-26,85,0.6665,0.0553,2021-10-03,0.055488,-0.08021,NA
-44.7789957039689,-20.9687897722673,320,2019-01-07,2021-05-26,86,0.6455,0.0552,2021-09-18,0.056249,-0.090062,NA
-44.7789957039689,-20.9688796037957,319,2019-01-07,2021-05-26,86,0.6574,0.0564,2021-09-28,0.054185,-0.090077,NA
-44.7789957039689,-20.9689694353241,318,2019-01-07,2021-05-26,85,0.6624,0.0645,2021-11-17,0.051881,-0.034424,NA
-44.7789957039689,-20.9690592668525,317,2019-01-07,2021-05-26,86,0.5411,0.0894,2023-05-16,0.076554,0.023546,NA
-44.7789957039689,-20.969149098381,317,2019-01-07,2021-05-26,86,0.5385,0.0934,2023-04-26,0.109483,0.036594,NA
-44.7789957039689,-20.9692389299094,315,2019-01-07,2021-05-26,85,0.5305,0.0956,2023-04-26,0.116197,0.043451,NA
-44.7789957039689,-20.9693287614378,314,2019-01-07,2021-05-26,84,0.4991,0.1032,2023-05-01,0.129216,0.039605,NA
-44.7789957039689,-20.9694185929662,312,2019-01-07,2021-05-26,83,0.4776,0.1078,2023-05-06,0.119647,0.029187,NA
-44.7789957039689,-20.9695084244946,314,2019-01-07,2021-05-26,83,0.4756,0.1094,2021-06-05,-0.088063,0.029762,NA
-44.7789957039689,-20.969598256023,312,2019-01-07,2021-05-26,83,0.4866,0.1072,2021-06-05,-0.073349,0.040637,NA
-44.7789957039689,-20.9696880875514,313,2019-01-07,2021-05-26,84,0.4785,0.1049,2021-06-05,-0.078245,0.032328,NA
-44.7789957039689,-20.9697779190798,313,2019-01-07,2021-05-26,84,0.4876,0.1026,2021-06-05,-0.083295,0.013712,NA
-44.7789957039689,-20.9698677506083,313,2019-01-07,2021-05-26,84,0.4677,0.1102,2021-06-05,-0.090057,0.022226,NA
-44.7789957039689,-20.9699575821367,312,2019-01-07,2021-05-26,84,0.4732,0.1137,2021-06-05,-0.097087,0.036554,NA
-44.7789957039689,-20.9700474136651,315,2019-01-07,2021-05-26,85,0.5042,0.1083,2021-06-05,-0.081361,0.034252,NA
-44.7789957039689,-20.9701372451935,316,2019-01-07,2021-05-26,86,0.5032,0.1066,2023-05-11,0.09419,0.042092,NA
-44.7789957039689,-20.9702270767219,315,2019-01-07,2021-05-26,85,0.541,0.1038,2022-09-08,-0.088617,0.029347,NA
-44.7789957039689,-20.9703169082503,315,2019-01-07,2021-05-26,85,0.5612,0.1031,2022-09-08,-0.090475,0.026189,NA
-44.7789957039689,-20.9704067397787,317,2019-01-07,2021-05-26,85,0.5671,0.1025,2022-09-03,-0.095471,0.027566,NA
-44.7789957039689,-20.9704965713071,317,2019-01-07,2021-05-26,86,0.5768,0.0993,2022-08-29,-0.085995,0.026752,NA
-44.7789957039689,-20.9705864028356,319,2019-01-07,2021-05-26,89,0.5277,0.104,2022-08-29,-0.096691,0.036286,NA
-44.7789957039689,-20.970676234364,319,2019-01-07,2021-05-26,89,0.5179,0.106,2021-06-05,-0.084915,0.033067,NA
-44.7789957039689,-20.9707660658924,319,2019-01-07,2021-05-26,89,0.5092,0.1072,2021-06-05,-0.085221,0.023647,NA
-44.7790855354973,-20.966094826415,333,2019-01-07,2021-05-26,91,0.7933,0.0477,2021-08-14,0.017443,0.008227,NA
-44.7790855354973,-20.9661846579434,332,2019-01-07,2021-05-26,91,0.8076,0.0485,2021-08-19,0.018581,0.014532,NA
-44.7790855354973,-20.9662744894718,332,2019-01-07,2021-05-26,91,0.8216,0.0502,2021-08-29,0.024812,0.020839,NA
-44.7790855354973,-20.9663643210002,331,2019-01-07,2021-05-26,91,0.8051,0.0513,2021-08-29,0.022074,0.019246,NA
-44.7790855354973,-20.9664541525286,331,2019-01-07,2021-05-26,92,0.7837,0.0515,2021-08-24,0.021671,0.024895,NA
-44.7790855354973,-20.966543984057,330,2019-01-07,2021-05-26,92,0.7631,0.0515,2021-08-29,0.014435,0.023579,NA
-44.7790855354973,-20.9666338155854,328,2019-01-07,2021-05-26,91,0.755,0.0494,2021-08-29,0.014172,0.015846,NA
-44.7790855354973,-20.9667236471138,329,2019-01-07,2021-05-26,92,0.7432,0.0498,2021-09-03,0.01492,0.007222,NA
-44.7790855354973,-20.9668134786422,327,2019-01-07,2021-05-26,91,0.7408,0.0527,2021-09-03,0.015123,0.010711,NA
-44.7790855354973,-20.9669033101707,324,2019-01-07,2021-05-26,91,0.7828,0.0547,2021-08-24,0.001827,-0.012841,NA
-44.7790855354973,-20.9669931416991,323,2019-01-07,2021-05-26,90,0.8134,0.0611,2021-08-14,-0.036493,-0.090722,NA
-44.7790855354973,-20.9670829732275,322,2019-01-07,2021-05-26,91,0.7387,0.0789,2021-08-24,-0.040509,-0.148516,NA
-44.7790855354973,-20.9671728047559,320,2019-01-07,2021-05-26,88,0.7276,0.0806,2021-09-03,-0.04019,-0.162294,NA
-44.7790855354973,-20.9672626362843,320,2019-01-07,2021-05-26,88,0.7541,0.0758,2022-05-06,0.047583,-0.11051,NA
-44.7790855354973,-20.9673524678127,321,2019-01-07,2021-05-26,88,0.7804,0.0708,2022-04-16,0.039637,-0.111804,NA
-44.7790855354973,-20.9674422993411,318,2019-01-07,2021-05-26,87,0.7636,0.0759,2022-04-21,0.064458,-0.127207,NA
-44.7790855354973,-20.9675321308695,317,2019-01-07,2021-05-26,87,0.7638,0.0786,2022-04-21,0.054833,-0.145507,NA
-44.7790855354973,-20.967621962398,317,2019-01-07,2021-05-26,86,0.7725,0.0758,2022-04-16,0.04227,-0.134904,NA
-44.7790855354973,-20.9677117939264,318,2019-01-07,2021-05-26,86,0.755,0.0789,2022-04-21,0.044842,-0.129675,NA
-44.7790855354973,-20.9678016254548,318,2019-01-07,2021-05-26,86,0.7143,0.0864,2022-04-26,0.043589,-0.129032,NA
-44.7790855354973,-20.9678914569832,318,2019-01-07,2021-05-26,86,0.7143,0.0864,2022-04-26,0.043589,-0.129032,NA
-44.7790855354973,-20.9679812885116,319,2019-01-07,2021-05-26,86,0.7233,0.0859,2022-04-21,0.03795,-0.199145,NA
-44.7790855354973,-20.96807112004,318,2019-01-07,2021-05-26,86,0.7474,0.0683,2023-04-01,0.090332,-0.233843,NA
-44.7790855354973,-20.9681609515684,317,2019-01-07,2021-05-26,85,0.7085,0.0536,2023-05-11,0.047781,-0.263182,NA
-44.7790855354973,-20.9682507830968,316,2019-01-07,2021-05-26,85,0.6336,0.053,2023-08-24,0.01281,-0.216712,NA
-44.7790855354973,-20.9683406146253,317,2019-01-07,2021-05-26,85,0.6358,0.0536,2022-10-18,-0.036622,-0.131294,NA
-44.7790855354973,-20.9684304461537,317,2019-01-07,2021-05-26,85,0.6928,0.0558,2021-08-09,0.047127,-0.10381,NA
-44.7790855354973,-20.9685202776821,317,2019-01-07,2021-05-26,85,0.6471,0.0581,2021-09-03,0.06624,-0.076057,NA
-44.7790855354973,-20.9686101092105,319,2019-01-07,2021-05-26,86,0.6445,0.0582,2021-10-03,0.067384,-0.073102,NA
-44.7790855354973,-20.9686999407389,319,2019-01-07,2021-05-26,85,0.6779,0.0552,2021-09-28,0.062363,-0.074328,NA
-44.7790855354973,-20.9687897722673,320,2019-01-07,2021-05-26,86,0.6182,0.0531,2021-10-03,0.060206,-0.065969,NA
-44.7790855354973,-20.9688796037957,320,2019-01-07,2021-05-26,86,0.5739,0.0553,2021-10-03,0.061841,-0.064338,NA
-44.7790855354973,-20.9689694353241,318,2019-01-07,2021-05-26,86,0.5886,0.0712,2023-06-05,-0.081091,-0.031619,NA
-44.7790855354973,-20.9690592668525,316,2019-01-07,2021-05-26,85,0.5246,0.0943,2023-05-01,0.093736,0.026141,NA
-44.7790855354973,-20.969149098381,312,2019-01-07,2021-05-26,83,0.5327,0.0971,2023-04-26,0.105295,0.046289,NA
-44.7790855354973,-20.9692389299094,314,2019-01-07,2021-05-26,84,0.5041,0.0992,2023-05-01,0.110156,0.055853,NA
-44.7790855354973,-20.9693287614378,312,2019-01-07,2021-05-26,83,0.4761,0.1057,2023-05-01,0.114487,0.053585,NA
-44.7790855354973,-20.9694185929662,312,2019-01-07,2021-05-26,83,0.4837,0.1058,2021-06-05,-0.083556,0.034308,NA
-44.7790855354973,-20.9695084244946,312,2019-01-07,2021-05-26,83,0.4733,0.1076,2021-06-05,-0.094053,0.035176,NA
-44.7790855354973,-20.969598256023,313,2019-01-07,2021-05-26,84,0.4534,0.1093,2021-06-05,-0.080046,0.040193,NA
-44.7790855354973,-20.9696880875514,313,2019-01-07,2021-05-26,84,0.4458,0.1079,2021-06-05,-0.080583,0.040555,NA
-44.7790855354973,-20.9697779190798,314,2019-01-07,2021-05-26,85,0.4537,0.1076,2021-06-05,-0.088342,0.017096,NA
-44.7790855354973,-20.9698677506083,313,2019-01-07,2021-05-26,84,0.4674,0.1093,2021-06-05,-0.089464,0.01976,NA
-44.7790855354973,-20.9699575821367,315,2019-01-07,2021-05-26,84,0.485,0.11,2021-06-05,-0.081461,0.027579,NA
-44.7790855354973,-20.9700474136651,314,2019-01-07,2021-05-26,85,0.5286,0.1043,2023-05-11,0.090705,0.029063,NA
-44.7790855354973,-20.9701372451935,314,2019-01-07,2021-05-26,85,0.5111,0.107,2022-09-13,-0.136381,0.0377,NA
-44.7790855354973,-20.9702270767219,314,2019-01-07,2021-05-26,84,0.5366,0.1047,2022-09-03,-0.091388,0.027107,NA
-44.7790855354973,-20.9703169082503,313,2019-01-07,2021-05-26,84,0.5448,0.1058,2022-09-03,-0.085283,0.029031,NA
-44.7790855354973,-20.9704067397787,314,2019-01-07,2021-05-26,84,0.585,0.1001,2022-08-29,-0.09214,0.02532,NA
-44.7790855354973,-20.9704965713071,315,2019-01-07,2021-05-26,86,0.5742,0.0996,2022-08-29,-0.092256,0.022198,NA
-44.7790855354973,-20.9705864028356,319,2019-01-07,2021-05-26,90,0.5189,0.1058,2022-08-29,-0.094855,0.034887,NA
-44.7790855354973,-20.970676234364,319,2019-01-07,2021-05-26,90,0.5108,0.1078,2022-09-03,-0.11352,0.037809,NA
-44.7790855354973,-20.9707660658924,321,2019-01-07,2021-05-26,90,0.4908,0.1148,2021-06-05,-0.092742,0.028422,NA
-44.7791753670257,-20.9660049948865,330,2019-01-07,2021-05-26,91,0.8169,0.049,2021-08-19,0.015961,0.010333,NA
-44.7791753670257,-20.966094826415,333,2019-01-07,2021-05-26,91,0.8054,0.0513,2021-08-24,0.024971,0.020527,NA
-44.7791753670257,-20.9661846579434,332,2019-01-07,2021-05-26,91,0.8077,0.053,2021-08-29,0.017256,0.02115,NA
-44.7791753670257,-20.9662744894718,331,2019-01-07,2021-05-26,91,0.8285,0.0522,2021-08-29,0.019785,0.022021,NA
-44.7791753670257,-20.9663643210002,331,2019-01-07,2021-05-26,92,0.7806,0.0551,2021-08-29,0.015668,0.024956,NA
-44.7791753670257,-20.9664541525286,331,2019-01-07,2021-05-26,92,0.7493,0.0563,2021-08-29,0.023285,0.026576,NA
-44.7791753670257,-20.966543984057,331,2019-01-07,2021-05-26,91,0.7901,0.0484,2021-08-29,0.012218,0.023738,NA
-44.7791753670257,-20.9666338155854,331,2019-01-07,2021-05-26,92,0.7507,0.051,2021-09-08,0.005819,0.016919,NA
-44.7791753670257,-20.9667236471138,330,2019-01-07,2021-05-26,92,0.7301,0.0549,2021-09-08,0.006371,0.011168,NA
-44.7791753670257,-20.9668134786422,328,2019-01-07,2021-05-26,91,0.7323,0.0568,2021-09-03,0.010751,0.010955,NA
-44.7791753670257,-20.9669033101707,324,2019-01-07,2021-05-26,91,0.7845,0.0577,2021-08-24,-0.013768,-0.028727,NA
-44.7791753670257,-20.9669931416991,324,2019-01-07,2021-05-26,91,0.7707,0.07,2021-08-14,-0.039013,-0.113874,NA
-44.7791753670257,-20.9670829732275,322,2019-01-07,2021-05-26,90,0.7172,0.0815,2021-08-29,-0.032481,-0.15395,NA
-44.7791753670257,-20.9671728047559,323,2019-01-07,2021-05-26,90,0.7176,0.0811,2023-03-27,0.020368,-0.154299,NA
-44.7791753670257,-20.9672626362843,322,2019-01-07,2021-05-26,89,0.7735,0.0703,2022-04-21,0.050297,-0.104494,NA
-44.7791753670257,-20.9673524678127,323,2019-01-07,2021-05-26,88,0.799,0.0663,2022-04-11,0.028073,-0.123149,NA
-44.7791753670257,-20.9674422993411,321,2019-01-07,2021-05-26,88,0.7789,0.0732,2022-04-21,0.065157,-0.129834,NA
-44.7791753670257,-20.9675321308695,320,2019-01-07,2021-05-26,88,0.7836,0.0766,2022-04-16,0.046914,-0.147067,NA
-44.7791753670257,-20.967621962398,320,2019-01-07,2021-05-26,87,0.7869,0.0771,2022-03-27,0.037854,-0.124434,NA
-44.7791753670257,-20.9677117939264,318,2019-01-07,2021-05-26,87,0.7438,0.0854,2022-04-16,0.040669,-0.128382,NA
-44.7791753670257,-20.9678016254548,318,2019-01-07,2021-05-26,87,0.7438,0.0854,2022-04-16,0.040669,-0.128382,NA
-44.7791753670257,-20.9678914569832,317,2019-01-07,2021-05-26,86,0.7468,0.0836,2022-04-21,0.044855,-0.148183,NA
-44.7791753670257,-20.9679812885116,319,2019-01-07,2021-05-26,86,0.7379,0.0804,2022-04-21,0.039175,-0.217977,NA
-44.7791753670257,-20.96807112004,318,2019-01-07,2021-05-26,86,0.7192,0.0657,2023-04-26,0.067022,-0.237781,NA
-44.7791753670257,-20.9681609515684,317,2019-01-07,2021-05-26,85,0.6633,0.0549,2023-08-24,0.016806,-0.252713,NA
-44.7791753670257,-20.9682507830968,316,2019-01-07,2021-05-26,85,0.6308,0.0528,2022-09-13,-0.031046,-0.190169,NA
-44.7791753670257,-20.9683406146253,317,2019-01-07,2021-05-26,85,0.6,0.0582,2023-09-03,-0.004702,-0.105153,NA
-44.7791753670257,-20.9684304461537,317,2019-01-07,2021-05-26,85,0.6878,0.057,2021-07-10,0.041937,-0.087129,NA
-44.7791753670257,-20.9685202776821,317,2019-01-07,2021-05-26,85,0.6667,0.0569,2021-09-03,0.06545,-0.069035,NA
-44.7791753670257,-20.9686101092105,320,2019-01-07,2021-05-26,86,0.6326,0.0596,2021-09-28,0.06539,-0.058044,NA
-44.7791753670257,-20.9686999407389,321,2019-01-07,2021-05-26,87,0.6024,0.0614,2021-09-28,0.071291,-0.070328,NA
-44.7791753670257,-20.9687897722673,321,2019-01-07,2021-05-26,87,0.5956,0.0596,2021-09-23,0.061882,-0.073404,NA
-44.7791753670257,-20.9688796037957,320,2019-01-07,2021-05-26,86,0.589,0.0578,2021-10-03,0.065406,-0.066786,NA
-44.7791753670257,-20.9689694353241,315,2019-01-07,2021-05-26,85,0.6087,0.0718,2022-05-06,0.065532,-0.033132,NA
-44.7791753670257,-20.9690592668525,315,2019-01-07,2021-05-26,84,0.5368,0.0925,2023-05-01,0.098249,0.031702,NA
-44.7791753670257,-20.969149098381,315,2019-01-07,2021-05-26,84,0.5022,0.1011,2023-05-01,0.111578,0.046476,NA
-44.7791753670257,-20.9692389299094,312,2019-01-07,2021-05-26,82,0.4705,0.1077,2023-05-06,0.106044,0.05247,NA
-44.7791753670257,-20.9693287614378,311,2019-01-07,2021-05-26,82,0.4351,0.1111,2023-05-06,0.112622,0.05356,NA
-44.7791753670257,-20.9694185929662,311,2019-01-07,2021-05-26,82,0.4895,0.1036,2021-06-05,-0.089875,0.033361,NA
-44.7791753670257,-20.9695084244946,312,2019-01-07,2021-05-26,83,0.4738,0.1059,2021-06-05,-0.085931,0.029741,NA
-44.7791753670257,-20.969598256023,311,2019-01-07,2021-05-26,83,0.4565,0.1081,2021-06-05,-0.087197,0.03301,NA
-44.7791753670257,-20.9696880875514,311,2019-01-07,2021-05-26,84,0.424,0.1126,2021-06-05,-0.086915,0.033923,NA
-44.7791753670257,-20.9697779190798,312,2019-01-07,2021-05-26,84,0.4275,0.1143,2021-06-05,-0.09239,0.013209,NA
-44.7791753670257,-20.9698677506083,314,2019-01-07,2021-05-26,84,0.4292,0.1152,2021-06-05,-0.09689,0.026301,NA
-44.7791753670257,-20.9699575821367,315,2019-01-07,2021-05-26,84,0.4884,0.1074,2021-06-05,-0.075915,0.019638,NA
-44.7791753670257,-20.9700474136651,313,2019-01-07,2021-05-26,84,0.5256,0.1042,2023-05-11,0.085757,0.024527,NA
-44.7791753670257,-20.9701372451935,312,2019-01-07,2021-05-26,84,0.52,0.1066,2022-09-03,-0.0873,0.026209,NA
-44.7791753670257,-20.9702270767219,312,2019-01-07,2021-05-26,84,0.5248,0.1078,2022-09-03,-0.094041,0.020143,NA
-44.7791753670257,-20.9703169082503,312,2019-01-07,2021-05-26,84,0.5358,0.1082,2022-09-03,-0.099296,0.023885,NA
-44.7791753670257,-20.9704067397787,311,2019-01-07,2021-05-26,85,0.5579,0.1041,2022-08-29,-0.095183,0.027312,NA
-44.7791753670257,-20.9704965713071,313,2019-01-07,2021-05-26,87,0.5463,0.1036,2022-08-19,-0.095567,0.026642,NA
-44.7791753670257,-20.9705864028356,317,2019-01-07,2021-05-26,89,0.5127,0.1081,2022-08-29,-0.101695,0.030887,NA
-44.7791753670257,-20.970676234364,317,2019-01-07,2021-05-26,89,0.5021,0.1108,2021-06-05,-0.085433,0.039846,NA
-44.7791753670257,-20.9707660658924,319,2019-01-07,2021-05-26,89,0.5222,0.111,2021-06-05,-0.100668,0.026218,NA
-44.7792651985541,-20.9659151633581,331,2019-01-07,2021-05-26,92,0.8334,0.0539,2021-08-24,0.01022,0.012915,NA
-44.7792651985541,-20.9660049948865,331,2019-01-07,2021-05-26,91,0.7815,0.0569,2021-08-29,0.00413,0.030566,NA
-44.7792651985541,-20.966094826415,330,2019-01-07,2021-05-26,91,0.7659,0.0603,2021-09-03,-0.00588,0.027321,NA
-44.7792651985541,-20.9661846579434,329,2019-01-07,2021-05-26,91,0.8052,0.0558,2021-09-03,0.015128,0.033422,NA
-44.7792651985541,-20.9662744894718,330,2019-01-07,2021-05-26,91,0.8221,0.0549,2021-09-08,0.013855,0.032067,NA
-44.7792651985541,-20.9663643210002,331,2019-01-07,2021-05-26,92,0.7666,0.058,2021-09-03,0.020536,0.034061,NA
-44.7792651985541,-20.9664541525286,330,2019-01-07,2021-05-26,91,0.7992,0.0505,2021-08-29,0.015384,0.03097,NA
-44.7792651985541,-20.966543984057,331,2019-01-07,2021-05-26,91,0.7825,0.0503,2021-09-08,0.001655,0.024244,NA
-44.7792651985541,-20.9666338155854,332,2019-01-07,2021-05-26,92,0.7356,0.055,2021-09-23,-0.08281,0.013779,NA
-44.7792651985541,-20.9667236471138,332,2019-01-07,2021-05-26,92,0.7118,0.0604,2021-12-27,-0.092146,0.017458,NA
-44.7792651985541,-20.9668134786422,330,2019-01-07,2021-05-26,92,0.7269,0.0625,2021-09-23,-0.086839,0.01257,NA
-44.7792651985541,-20.9669033101707,326,2019-01-07,2021-05-26,92,0.7773,0.064,2021-08-29,-0.026846,-0.048321,NA
-44.7792651985541,-20.9669931416991,324,2019-01-07,2021-05-26,91,0.7672,0.0728,2021-08-24,-0.038415,-0.135267,NA
-44.7792651985541,-20.9670829732275,323,2019-01-07,2021-05-26,90,0.7054,0.0844,2021-09-08,-0.05316,-0.157508,NA
-44.7792651985541,-20.9671728047559,324,2019-01-07,2021-05-26,90,0.7199,0.0806,2022-05-11,0.051566,-0.132075,NA
-44.7792651985541,-20.9672626362843,325,2019-01-07,2021-05-26,89,0.7875,0.0676,2022-04-16,0.051836,-0.130507,NA
-44.7792651985541,-20.9673524678127,324,2019-01-07,2021-05-26,88,0.8097,0.0661,2022-04-16,0.057395,-0.127373,NA
-44.7792651985541,-20.9674422993411,321,2019-01-07,2021-05-26,88,0.8001,0.0707,2022-04-21,0.065382,-0.140447,NA
-44.7792651985541,-20.9675321308695,320,2019-01-07,2021-05-26,88,0.8025,0.0732,2022-04-16,0.042353,-0.131058,NA
-44.7792651985541,-20.967621962398,320,2019-01-07,2021-05-26,88,0.7791,0.0794,2022-04-16,0.040485,-0.116223,NA
-44.7792651985541,-20.9677117939264,318,2019-01-07,2021-05-26,86,0.7561,0.083,2022-04-16,0.029824,-0.115652,NA
-44.7792651985541,-20.9678016254548,318,2019-01-07,2021-05-26,86,0.7561,0.083,2022-04-16,0.029824,-0.115652,NA
-44.7792651985541,-20.9678914569832,318,2019-01-07,2021-05-26,86,0.7352,0.0866,2022-04-11,0.028929,-0.183379,NA
-44.7792651985541,-20.9679812885116,319,2019-01-07,2021-05-26,86,0.7421,0.0751,2022-04-21,0.034546,-0.232269,NA
-44.7792651985541,-20.96807112004,319,2019-01-07,2021-05-26,86,0.6833,0.0624,2023-05-16,0.059814,-0.248765,NA
-44.7792651985541,-20.9681609515684,317,2019-01-07,2021-05-26,86,0.5838,0.0619,2023-09-03,-0.00272,-0.223811,NA
-44.7792651985541,-20.9682507830968,317,2019-01-07,2021-05-26,85,0.6313,0.0537,2022-09-13,-0.028822,-0.156616,NA
-44.7792651985541,-20.9683406146253,316,2019-01-07,2021-05-26,85,0.6116,0.0608,2021-08-29,0.056909,-0.112411,NA
-44.7792651985541,-20.9684304461537,317,2019-01-07,2021-05-26,85,0.6776,0.0607,2021-07-05,0.054251,-0.097951,NA
-44.7792651985541,-20.9685202776821,318,2019-01-07,2021-05-26,85,0.6735,0.0589,2021-09-13,0.07413,-0.067043,NA
-44.7792651985541,-20.9686101092105,320,2019-01-07,2021-05-26,86,0.5975,0.0633,2021-09-23,0.067642,-0.05736,NA
-44.7792651985541,-20.9686999407389,321,2019-01-07,2021-05-26,87,0.5437,0.0663,2021-09-13,0.074052,-0.062824,NA
-44.7792651985541,-20.9687897722673,320,2019-01-07,2021-05-26,87,0.5753,0.0666,2021-09-18,0.076594,-0.074383,NA
-44.7792651985541,-20.9688796037957,317,2019-01-07,2021-05-26,86,0.6534,0.0591,2021-09-23,0.060856,-0.060335,NA
-44.7792651985541,-20.9689694353241,315,2019-01-07,2021-05-26,85,0.6407,0.069,2022-04-11,0.059214,-0.014019,NA
-44.7792651985541,-20.9690592668525,317,2019-01-07,2021-05-26,84,0.511,0.0948,2023-05-01,0.103722,0.037624,NA
-44.7792651985541,-20.969149098381,314,2019-01-07,2021-05-26,83,0.4991,0.1007,2023-05-01,0.110044,0.042279,NA
-44.7792651985541,-20.9692389299094,312,2019-01-07,2021-05-26,82,0.4867,0.1066,2023-05-01,0.120395,0.046595,NA
-44.7792651985541,-20.9693287614378,311,2019-01-07,2021-05-26,81,0.4683,0.1069,2023-05-01,0.116769,0.042859,NA
-44.7792651985541,-20.9694185929662,310,2019-01-07,2021-05-26,81,0.4774,0.1047,2021-06-05,-0.087195,0.028116,NA
-44.7792651985541,-20.9695084244946,309,2019-01-07,2021-05-26,81,0.4794,0.1058,2021-06-05,-0.089869,0.025442,NA
-44.7792651985541,-20.969598256023,311,2019-01-07,2021-05-26,83,0.4461,0.1114,2021-06-05,-0.090475,0.03037,NA
-44.7792651985541,-20.9696880875514,311,2019-01-07,2021-05-26,83,0.4158,0.117,2021-06-05,-0.091989,0.027162,NA
-44.7792651985541,-20.9697779190798,309,2019-01-07,2021-05-26,82,0.4295,0.1134,2021-06-05,-0.102142,0.017174,NA
-44.7792651985541,-20.9698677506083,312,2019-01-07,2021-05-26,84,0.4078,0.1156,2021-06-05,-0.084408,0.029477,NA
-44.7792651985541,-20.9699575821367,315,2019-01-07,2021-05-26,85,0.4606,0.1097,2023-05-11,0.117329,0.031276,NA
-44.7792651985541,-20.9700474136651,314,2019-01-07,2021-05-26,84,0.5094,0.1057,2023-05-11,0.096849,0.025464,NA
-44.7792651985541,-20.9701372451935,312,2019-01-07,2021-05-26,84,0.5074,0.1084,2022-09-08,-0.097436,0.025686,NA
-44.7792651985541,-20.9702270767219,314,2019-01-07,2021-05-26,86,0.4716,0.1149,2022-09-08,-0.114848,0.028714,NA
-44.7792651985541,-20.9703169082503,313,2019-01-07,2021-05-26,86,0.5005,0.1117,2022-09-03,-0.122482,0.026208,NA
-44.7792651985541,-20.9704067397787,312,2019-01-07,2021-05-26,86,0.5418,0.1055,2022-08-29,-0.091542,0.029815,NA
-44.7792651985541,-20.9704965713071,315,2019-01-07,2021-05-26,88,0.5388,0.1047,2022-08-29,-0.097729,0.027496,NA
-44.7792651985541,-20.9705864028356,316,2019-01-07,2021-05-26,89,0.5086,0.1095,2021-06-05,-0.089748,0.035178,NA
-44.7792651985541,-20.970676234364,316,2019-01-07,2021-05-26,89,0.5036,0.1123,2021-06-05,-0.096244,0.039324,NA
-44.7793550300825,-20.9659151633581,328,2019-01-07,2021-05-26,91,0.8096,0.0594,2021-08-24,-0.008348,0.036526,NA
-44.7793550300825,-20.9660049948865,331,2019-01-07,2021-05-26,90,0.763,0.0647,2021-08-09,-0.025308,0.038406,NA
-44.7793550300825,-20.9663643210002,331,2019-01-07,2021-05-26,92,0.7466,0.0622,2022-02-15,-0.058431,0.044421,NA
-44.7793550300825,-20.9664541525286,330,2019-01-07,2021-05-26,91,0.7964,0.0522,2021-12-27,-0.056876,0.037842,NA
-44.7793550300825,-20.966543984057,331,2019-01-07,2021-05-26,92,0.7707,0.0511,2021-09-08,-0.050116,0.023587,NA
-44.7793550300825,-20.9666338155854,331,2019-01-07,2021-05-26,92,0.7009,0.0564,2021-08-24,-0.025375,0.01423,NA
-44.7793550300825,-20.9667236471138,331,2019-01-07,2021-05-26,92,0.7026,0.0609,2021-09-08,-0.033192,0.018684,NA
-44.7793550300825,-20.9668134786422,331,2019-01-07,2021-05-26,93,0.7376,0.065,2022-01-21,-0.073941,-0.009823,NA
-44.7793550300825,-20.9669033101707,329,2019-01-07,2021-05-26,92,0.7174,0.078,2021-09-08,-0.040426,-0.117381,NA
-44.7793550300825,-20.9669931416991,326,2019-01-07,2021-05-26,91,0.7195,0.0824,2021-09-03,-0.044695,-0.160098,NA
-44.7793550300825,-20.9670829732275,325,2019-01-07,2021-05-26,91,0.7202,0.0847,2021-09-08,-0.038425,-0.167375,NA
-44.7793550300825,-20.9671728047559,324,2019-01-07,2021-05-26,90,0.7601,0.0743,2022-05-06,0.054343,-0.135609,NA
-44.7793550300825,-20.9672626362843,326,2019-01-07,2021-05-26,90,0.8045,0.065,2022-04-11,0.042232,-0.124784,NA
-44.7793550300825,-20.9673524678127,325,2019-01-07,2021-05-26,89,0.795,0.0705,2022-04-16,0.074836,-0.136666,NA
-44.7793550300825,-20.9674422993411,322,2019-01-07,2021-05-26,88,0.8086,0.07,2022-04-21,0.052397,-0.150378,NA
-44.7793550300825,-20.9675321308695,320,2019-01-07,2021-05-26,88,0.7947,0.074,2022-04-26,0.04808,-0.136074,NA
-44.7793550300825,-20.967621962398,319,2019-01-07,2021-05-26,87,0.7849,0.0771,2022-04-16,0.033385,-0.11644,NA
-44.7793550300825,-20.9677117939264,318,2019-01-07,2021-05-26,86,0.7656,0.0796,2022-04-11,0.036518,-0.138256,NA
-44.7793550300825,-20.9678016254548,318,2019-01-07,2021-05-26,86,0.7656,0.0796,2022-04-11,0.036518,-0.138256,NA
-44.7793550300825,-20.9678914569832,318,2019-01-07,2021-05-26,86,0.7443,0.0815,2022-03-27,0.037553,-0.20227,NA
-44.7793550300825,-20.9679812885116,319,2019-01-07,2021-05-26,86,0.7437,0.068,2023-04-01,0.075628,-0.237123,NA
-44.7793550300825,-20.96807112004,318,2019-01-07,2021-05-26,86,0.6368,0.0623,2023-09-03,0.002113,-0.248554,NA
-44.7793550300825,-20.9681609515684,318,2019-01-07,2021-05-26,86,0.6048,0.0607,2023-08-24,-0.000736,-0.21455,NA
-44.7793550300825,-20.9682507830968,317,2019-01-07,2021-05-26,85,0.6061,0.0575,2023-08-24,-0.004942,-0.148828,NA
-44.7793550300825,-20.9683406146253,316,2019-01-07,2021-05-26,84,0.6196,0.0603,2021-07-15,0.047898,-0.115551,NA
-44.7793550300825,-20.9684304461537,315,2019-01-07,2021-05-26,84,0.6698,0.0604,2021-07-10,0.04353,-0.117587,NA
-44.7793550300825,-20.9685202776821,317,2019-01-07,2021-05-26,84,0.6783,0.0585,2021-09-28,0.051899,-0.082222,NA
-44.7793550300825,-20.9686101092105,318,2019-01-07,2021-05-26,84,0.6356,0.0604,2021-09-23,0.061058,-0.066567,NA
-44.7793550300825,-20.9686999407389,317,2019-01-07,2021-05-26,84,0.621,0.0611,2021-08-24,0.065206,-0.052918,NA
-44.7793550300825,-20.9687897722673,316,2019-01-07,2021-05-26,84,0.6023,0.0634,2021-09-03,0.068118,-0.067817,NA
-44.7793550300825,-20.9688796037957,318,2019-01-07,2021-05-26,86,0.641,0.0602,2021-09-13,0.059071,-0.065877,NA
-44.7793550300825,-20.9689694353241,317,2019-01-07,2021-05-26,85,0.6126,0.0732,2022-04-11,0.058282,-0.001904,NA
-44.7793550300825,-20.9690592668525,317,2019-01-07,2021-05-26,84,0.5079,0.0964,2023-05-01,0.106724,0.03737,NA
-44.7793550300825,-20.969149098381,314,2019-01-07,2021-05-26,82,0.5193,0.1005,2023-04-26,0.113441,0.036066,NA
-44.7793550300825,-20.9692389299094,313,2019-01-07,2021-05-26,82,0.4944,0.1052,2022-09-13,-0.109596,0.042407,NA
-44.7793550300825,-20.9693287614378,314,2019-01-07,2021-05-26,82,0.4766,0.1081,2022-09-08,-0.111368,0.033676,NA
-44.7793550300825,-20.9694185929662,311,2019-01-07,2021-05-26,81,0.4634,0.106,2021-06-05,-0.081007,0.031777,NA
-44.7793550300825,-20.9695084244946,310,2019-01-07,2021-05-26,81,0.4584,0.109,2021-06-05,-0.081371,0.029237,NA
-44.7793550300825,-20.969598256023,310,2019-01-07,2021-05-26,82,0.4335,0.1162,2021-06-05,-0.087688,0.032744,NA
-44.7793550300825,-20.9696880875514,309,2019-01-07,2021-05-26,81,0.4236,0.1174,2021-06-05,-0.101169,0.02554,NA
-44.7793550300825,-20.9697779190798,310,2019-01-07,2021-05-26,83,0.4062,0.1158,2023-05-11,0.129893,0.02071,NA
-44.7793550300825,-20.9698677506083,310,2019-01-07,2021-05-26,83,0.3972,0.1187,2023-05-11,0.125591,0.035099,NA
-44.7793550300825,-20.9699575821367,314,2019-01-07,2021-05-26,85,0.4459,0.1138,2023-05-11,0.113518,0.039782,NA
-44.7793550300825,-20.9700474136651,316,2019-01-07,2021-05-26,86,0.4845,0.1105,2023-05-11,0.104511,0.039002,NA
-44.7793550300825,-20.9701372451935,315,2019-01-07,2021-05-26,86,0.4802,0.1128,2022-09-08,-0.1002,0.028363,NA
-44.7793550300825,-20.9702270767219,313,2019-01-07,2021-05-26,86,0.483,0.1131,2022-09-03,-0.115091,0.02672,NA
-44.7793550300825,-20.9703169082503,314,2019-01-07,2021-05-26,86,0.5028,0.1093,2022-08-29,-0.103657,0.030504,NA
-44.7793550300825,-20.9704067397787,314,2019-01-07,2021-05-26,86,0.5394,0.1031,2022-08-29,-0.08134,0.031967,NA
-44.7793550300825,-20.9704965713071,315,2019-01-07,2021-05-26,88,0.5353,0.1034,2022-09-03,-0.088164,0.03635,NA
-44.7793550300825,-20.9705864028356,315,2019-01-07,2021-05-26,89,0.4848,0.1117,2021-06-05,-0.08182,0.045504,NA
-44.7793550300825,-20.970676234364,317,2019-01-07,2021-05-26,89,0.4913,0.1137,2021-06-05,-0.090665,0.044385,NA
-44.7794448616109,-20.9664541525286,328,2019-01-07,2021-05-26,90,0.7409,0.0611,2021-08-24,-0.025037,0.048338,NA
-44.7794448616109,-20.9669931416991,327,2019-01-07,2021-05-26,91,0.713,0.0824,2021-08-29,-0.02987,-0.175291,NA
-44.7794448616109,-20.9670829732275,326,2019-01-07,2021-05-26,91,0.7216,0.0807,2021-09-23,-0.071927,-0.167424,NA
-44.7794448616109,-20.9671728047559,328,2019-01-07,2021-05-26,91,0.7745,0.069,2022-05-06,0.053282,-0.15488,NA
-44.7794448616109,-20.9672626362843,327,2019-01-07,2021-05-26,90,0.8237,0.0608,2022-04-21,0.067983,-0.146092,NA
-44.7794448616109,-20.9673524678127,324,2019-01-07,2021-05-26,89,0.8257,0.0648,2021-09-03,-0.030689,-0.154957,NA
-44.7794448616109,-20.9674422993411,324,2019-01-07,2021-05-26,89,0.8019,0.0714,2022-04-26,0.060195,-0.143412,NA
-44.7794448616109,-20.9675321308695,321,2019-01-07,2021-05-26,88,0.7799,0.0774,2022-05-01,0.043494,-0.135486,NA
-44.7794448616109,-20.967621962398,318,2019-01-07,2021-05-26,87,0.7784,0.0787,2022-04-21,0.039207,-0.119113,NA
-44.7794448616109,-20.9677117939264,319,2019-01-07,2021-05-26,87,0.7548,0.0823,2022-04-11,0.051611,-0.162054,NA
-44.7794448616109,-20.9678016254548,319,2019-01-07,2021-05-26,87,0.7548,0.0823,2022-04-11,0.051611,-0.162054,NA
-44.7794448616109,-20.9678914569832,318,2019-01-07,2021-05-26,86,0.7494,0.0757,2022-04-11,0.030299,-0.215055,NA
-44.7794448616109,-20.9679812885116,318,2019-01-07,2021-05-26,85,0.7405,0.0608,2023-05-11,0.067827,-0.233556,NA
-44.7794448616109,-20.96807112004,317,2019-01-07,2021-05-26,85,0.634,0.06,2023-09-03,0.006275,-0.251294,NA
-44.7794448616109,-20.9681609515684,318,2019-01-07,2021-05-26,85,0.6321,0.0585,2023-08-24,-0.0049,-0.184817,NA
-44.7794448616109,-20.9682507830968,318,2019-01-07,2021-05-26,85,0.5982,0.06,2021-10-13,0.054185,-0.143402,NA
-44.7794448616109,-20.9683406146253,317,2019-01-07,2021-05-26,84,0.6486,0.0634,2021-07-05,0.054388,-0.121081,NA
-44.7794448616109,-20.9684304461537,317,2019-01-07,2021-05-26,85,0.6433,0.0639,2021-07-15,0.048035,-0.075299,NA
-44.7794448616109,-20.9685202776821,318,2019-01-07,2021-05-26,85,0.6414,0.0632,2021-10-03,0.064676,-0.071982,NA
-44.7794448616109,-20.9686101092105,317,2019-01-07,2021-05-26,85,0.595,0.0654,2021-09-28,0.071026,-0.064681,NA
-44.7794448616109,-20.9686999407389,316,2019-01-07,2021-05-26,84,0.6081,0.0632,2021-08-29,0.071413,-0.0496,NA
-44.7794448616109,-20.9687897722673,316,2019-01-07,2021-05-26,84,0.5702,0.0666,2021-09-03,0.073591,-0.062876,NA
-44.7794448616109,-20.9688796037957,315,2019-01-07,2021-05-26,84,0.6328,0.0618,2021-09-18,0.062491,-0.059305,NA
-44.7794448616109,-20.9689694353241,316,2019-01-07,2021-05-26,83,0.6234,0.0722,2023-08-04,-0.057946,-0.002994,NA
-44.7794448616109,-20.9690592668525,316,2019-01-02,2021-05-26,83,0.501,0.0969,2023-05-01,0.10533,0.032823,NA
-44.7794448616109,-20.969149098381,315,2019-01-02,2021-05-26,83,0.5054,0.1009,2023-04-26,0.117961,0.032668,NA
-44.7794448616109,-20.9692389299094,315,2019-01-02,2021-05-26,83,0.4983,0.1042,2022-09-13,-0.0932,0.037731,NA
-44.7794448616109,-20.9693287614378,314,2019-01-07,2021-05-26,82,0.4883,0.1079,2022-09-13,-0.127415,0.036005,NA
-44.7794448616109,-20.9694185929662,314,2019-01-07,2021-05-26,82,0.4595,0.1099,2022-09-13,-0.133523,0.032547,NA
-44.7794448616109,-20.9695084244946,312,2019-01-07,2021-05-26,83,0.4445,0.1124,2022-09-13,-0.137318,0.031922,NA
-44.7794448616109,-20.969598256023,312,2019-01-07,2021-05-26,84,0.4192,0.1196,2021-06-05,-0.075954,0.035907,NA
-44.7794448616109,-20.9696880875514,311,2019-01-07,2021-05-26,83,0.4279,0.1179,2023-05-06,0.125762,0.025039,NA
-44.7794448616109,-20.9697779190798,310,2019-01-07,2021-05-26,83,0.4417,0.1156,2023-05-06,0.12846,0.02091,NA
-44.7794448616109,-20.9698677506083,310,2019-01-07,2021-05-26,83,0.421,0.1208,2023-05-11,0.125266,0.037117,NA
-44.7794448616109,-20.9699575821367,313,2019-01-07,2021-05-26,84,0.4378,0.1201,2023-05-16,0.108546,0.043579,NA
-44.7794448616109,-20.9700474136651,314,2019-01-07,2021-05-26,85,0.4784,0.1152,2022-09-13,-0.127436,0.042641,NA
-44.7794448616109,-20.9701372451935,313,2019-01-07,2021-05-26,86,0.4875,0.1144,2022-09-03,-0.123602,0.030054,NA
-44.7794448616109,-20.9702270767219,313,2019-01-07,2021-05-26,86,0.4875,0.1146,2022-08-29,-0.145822,0.031366,NA
-44.7794448616109,-20.9703169082503,313,2019-01-07,2021-05-26,86,0.505,0.1108,2022-08-29,-0.123256,0.028289,NA
-44.7794448616109,-20.9704067397787,315,2019-01-07,2021-05-26,87,0.5289,0.1051,2022-08-29,-0.089097,0.030547,NA
-44.7794448616109,-20.9704965713071,315,2019-01-07,2021-05-26,88,0.5094,0.1082,2022-09-03,-0.090026,0.042842,NA
-44.7794448616109,-20.9705864028356,316,2019-01-07,2021-05-26,89,0.4717,0.1147,2022-09-13,-0.127106,0.044897,NA
-44.7794448616109,-20.970676234364,317,2019-01-07,2021-05-26,89,0.4751,0.1162,2021-06-05,-0.085354,0.04521,NA
-44.7795346931393,-20.9670829732275,326,2019-01-07,2021-05-26,91,0.7323,0.0772,2023-02-25,0.047847,-0.161792,NA
-44.7795346931393,-20.9671728047559,328,2019-01-07,2021-05-26,91,0.7917,0.0658,2022-04-21,0.074648,-0.166759,NA
-44.7795346931393,-20.9672626362843,328,2019-01-07,2021-05-26,91,0.8083,0.0646,2022-04-21,0.078679,-0.167878,NA
-44.7795346931393,-20.9673524678127,326,2019-01-07,2021-05-26,89,0.8244,0.0666,2021-08-29,-0.037402,-0.151442,NA
-44.7795346931393,-20.9674422993411,324,2019-01-07,2021-05-26,88,0.8152,0.071,2022-04-26,0.050028,-0.131632,NA
-44.7795346931393,-20.9675321308695,321,2019-01-07,2021-05-26,87,0.7883,0.0766,2022-05-01,0.050113,-0.135326,NA
-44.7795346931393,-20.967621962398,319,2019-01-07,2021-05-26,86,0.7693,0.0807,2022-04-21,0.042598,-0.143507,NA
-44.7795346931393,-20.9677117939264,319,2019-01-07,2021-05-26,86,0.7693,0.0807,2022-04-21,0.042598,-0.143507,NA
-44.7795346931393,-20.9678016254548,318,2019-01-07,2021-05-26,86,0.7443,0.0837,2022-04-16,0.051675,-0.201874,NA
-44.7795346931393,-20.9678914569832,318,2019-01-07,2021-05-26,86,0.7348,0.0731,2022-04-26,0.030143,-0.214679,NA
-44.7795346931393,-20.9679812885116,317,2019-01-07,2021-05-26,85,0.6963,0.0594,2023-05-16,0.060659,-0.245621,NA
-44.7795346931393,-20.96807112004,317,2019-01-07,2021-05-26,85,0.6266,0.0599,2023-09-03,0.010769,-0.229057,NA
-44.7795346931393,-20.9681609515684,318,2019-01-07,2021-05-26,86,0.5891,0.0622,2023-08-24,0.006792,-0.162394,NA
-44.7795346931393,-20.9682507830968,320,2019-01-07,2021-05-26,86,0.5748,0.0626,2021-10-03,0.070984,-0.14233,NA
-44.7795346931393,-20.9683406146253,318,2019-01-07,2021-05-26,85,0.6529,0.062,2021-07-05,0.053554,-0.1278,NA
-44.7795346931393,-20.9684304461537,318,2019-01-07,2021-05-26,85,0.6861,0.0611,2021-08-09,0.050174,-0.073873,NA
-44.7795346931393,-20.9685202776821,317,2019-01-07,2021-05-26,85,0.6728,0.0599,2021-10-03,0.059642,-0.070543,NA
-44.7795346931393,-20.9686101092105,316,2019-01-07,2021-05-26,85,0.6169,0.0626,2021-09-28,0.067409,-0.059062,NA
-44.7795346931393,-20.9686999407389,316,2019-01-07,2021-05-26,84,0.6089,0.0637,2021-09-13,0.06687,-0.063368,NA
-44.7795346931393,-20.9687897722673,315,2019-01-07,2021-05-26,84,0.5727,0.0664,2021-09-13,0.06324,-0.071894,NA
-44.7795346931393,-20.9688796037957,316,2019-01-02,2021-05-26,85,0.616,0.0621,2021-09-23,0.058754,-0.063783,NA
-44.7795346931393,-20.9689694353241,318,2019-01-02,2021-05-26,85,0.5847,0.0752,2023-08-19,-0.041169,-0.002103,NA
-44.7795346931393,-20.9690592668525,317,2019-01-02,2021-05-26,83,0.4883,0.0979,2023-05-01,0.113367,0.03517,NA
-44.7795346931393,-20.969149098381,315,2019-01-02,2021-05-26,83,0.4792,0.1041,2023-05-01,0.135384,0.038132,NA
-44.7795346931393,-20.9692389299094,314,2019-01-02,2021-05-26,82,0.458,0.11,2021-07-05,-0.086139,0.038928,NA
-44.7795346931393,-20.9693287614378,316,2019-01-02,2021-05-26,83,0.4345,0.1146,2021-06-05,-0.10331,0.034265,NA
-44.7795346931393,-20.9694185929662,314,2019-01-07,2021-05-26,83,0.4714,0.1124,2021-06-05,-0.097287,0.026518,NA
-44.7795346931393,-20.9695084244946,313,2019-01-07,2021-05-26,83,0.4724,0.1126,2021-06-05,-0.091992,0.022502,NA
-44.7795346931393,-20.969598256023,314,2019-01-07,2021-05-26,84,0.4205,0.1227,2021-06-05,-0.099767,0.033322,NA
-44.7795346931393,-20.9696880875514,311,2019-01-07,2021-05-26,83,0.4165,0.1215,2021-06-05,-0.101136,0.025315,NA
-44.7795346931393,-20.9697779190798,310,2019-01-07,2021-05-26,83,0.4238,0.1197,2021-06-05,-0.101112,0.013372,NA
-44.7795346931393,-20.9698677506083,311,2019-01-07,2021-05-26,83,0.4118,0.1236,2023-05-11,0.139127,0.033319,NA
-44.7795346931393,-20.9699575821367,313,2019-01-07,2021-05-26,84,0.4399,0.1224,2023-05-16,0.113224,0.041496,NA
-44.7795346931393,-20.9700474136651,312,2019-01-07,2021-05-26,84,0.4709,0.1191,2022-09-08,-0.110204,0.042236,NA
-44.7795346931393,-20.9701372451935,313,2019-01-07,2021-05-26,85,0.4932,0.1148,2022-08-29,-0.121917,0.041627,NA
-44.7795346931393,-20.9702270767219,311,2019-01-07,2021-05-26,85,0.4959,0.1147,2022-08-19,-0.10847,0.036788,NA
-44.7795346931393,-20.9703169082503,313,2019-01-07,2021-05-26,86,0.5141,0.112,2022-08-29,-0.11408,0.029062,NA
-44.7795346931393,-20.9704067397787,313,2019-01-07,2021-05-26,87,0.5267,0.1079,2022-08-29,-0.105506,0.034512,NA
-44.7795346931393,-20.9704965713071,315,2019-01-07,2021-05-26,88,0.4916,0.1121,2022-09-03,-0.090593,0.045181,NA
-44.7795346931393,-20.9705864028356,315,2019-01-07,2021-05-26,88,0.4678,0.117,2021-06-05,-0.09043,0.041585,NA
-44.7795346931393,-20.970676234364,317,2019-01-07,2021-05-26,89,0.4556,0.1187,2021-06-05,-0.088079,0.045506,NA
-44.7795346931393,-20.9707660658924,319,2019-01-07,2021-05-26,89,0.4359,0.1198,2022-08-14,-0.12776,0.047857,NA
-44.7796245246678,-20.9670829732275,329,2019-01-07,2021-05-26,91,0.7326,0.0771,2022-05-11,0.048423,-0.151931,NA
-44.7796245246678,-20.9671728047559,328,2019-01-07,2021-05-26,90,0.8013,0.0645,2022-04-21,0.075862,-0.156245,NA
-44.7796245246678,-20.9672626362843,328,2019-01-07,2021-05-26,90,0.8046,0.0673,2021-09-08,-0.039695,-0.175603,NA
-44.7796245246678,-20.9673524678127,326,2019-01-07,2021-05-26,90,0.7935,0.0731,2022-05-01,0.055532,-0.165012,NA
-44.7796245246678,-20.9674422993411,326,2019-01-07,2021-05-26,89,0.7937,0.0746,2022-05-01,0.051696,-0.133681,NA
-44.7796245246678,-20.9675321308695,322,2019-01-07,2021-05-26,86,0.7865,0.077,2022-04-21,0.056783,-0.133155,NA
-44.7796245246678,-20.967621962398,320,2019-01-07,2021-05-26,86,0.7687,0.08,2022-04-16,0.051412,-0.164766,NA
-44.7796245246678,-20.9677117939264,320,2019-01-07,2021-05-26,86,0.7687,0.08,2022-04-16,0.051412,-0.164766,NA
-44.7796245246678,-20.9678016254548,320,2019-01-07,2021-05-26,86,0.7358,0.0805,2022-04-16,0.034458,-0.199886,NA
-44.7796245246678,-20.9678914569832,318,2019-01-07,2021-05-26,86,0.696,0.0697,2022-05-06,0.049398,-0.21566,NA
-44.7796245246678,-20.9679812885116,318,2019-01-07,2021-05-26,86,0.6132,0.0633,2023-05-16,0.063056,-0.244189,NA
-44.7796245246678,-20.96807112004,318,2019-01-07,2021-05-26,86,0.5747,0.0648,2023-09-03,0.004032,-0.206785,NA
-44.7796245246678,-20.9681609515684,318,2019-01-07,2021-05-26,86,0.567,0.0635,2023-08-24,0.007036,-0.148528,NA
-44.7796245246678,-20.9682507830968,319,2019-01-07,2021-05-26,86,0.5657,0.0638,2021-08-29,0.068624,-0.130886,NA
-44.7796245246678,-20.9683406146253,320,2019-01-07,2021-05-26,86,0.6187,0.0642,2021-07-25,0.060202,-0.107351,NA
-44.7796245246678,-20.9684304461537,318,2019-01-07,2021-05-26,85,0.701,0.0576,2021-09-18,0.063868,-0.077686,NA
-44.7796245246678,-20.9685202776821,318,2019-01-07,2021-05-26,85,0.6827,0.0579,2021-10-03,0.055526,-0.072851,NA
-44.7796245246678,-20.9686101092105,316,2019-01-07,2021-05-26,85,0.6392,0.061,2021-09-28,0.068151,-0.055514,NA
-44.7796245246678,-20.9686999407389,316,2019-01-07,2021-05-26,85,0.5902,0.0678,2021-09-13,0.08223,-0.057424,NA
-44.7796245246678,-20.9687897722673,314,2019-01-07,2021-05-26,84,0.5884,0.0667,2021-09-18,0.064933,-0.073343,NA
-44.7796245246678,-20.9688796037957,317,2019-01-02,2021-05-26,85,0.6126,0.0637,2021-10-03,0.062241,-0.057183,NA
-44.7796245246678,-20.9689694353241,318,2019-01-02,2021-05-26,85,0.5956,0.0765,2023-08-24,-0.035071,0.004692,NA
-44.7796245246678,-20.9690592668525,315,2019-01-02,2021-05-26,83,0.5149,0.0932,2023-04-26,0.11517,0.044382,NA
-44.7796245246678,-20.969149098381,315,2019-01-02,2021-05-26,83,0.5081,0.1,2023-04-26,0.142654,0.042986,NA
-44.7796245246678,-20.9692389299094,314,2019-01-02,2021-05-26,82,0.4952,0.1117,2022-09-08,-0.122737,0.025755,NA
-44.7796245246678,-20.9693287614378,315,2019-01-02,2021-05-26,83,0.464,0.1165,2021-07-05,-0.107763,0.024614,NA
-44.7796245246678,-20.9694185929662,316,2019-01-02,2021-05-26,84,0.4832,0.1134,2021-09-03,-0.099486,0.025039,NA
-44.7796245246678,-20.9695084244946,313,2019-01-07,2021-05-26,83,0.481,0.1166,2021-07-05,-0.120738,0.018636,NA
-44.7796245246678,-20.969598256023,314,2019-01-07,2021-05-26,84,0.4663,0.1199,2021-07-10,-0.110695,0.021537,NA
-44.7796245246678,-20.9696880875514,312,2019-01-07,2021-05-26,83,0.4618,0.12,2022-08-29,-0.165032,0.020025,NA
-44.7796245246678,-20.9697779190798,312,2019-01-07,2021-05-26,83,0.4474,0.1228,2021-07-10,-0.112608,0.010086,NA
-44.7796245246678,-20.9698677506083,311,2019-01-07,2021-05-26,83,0.4295,0.1272,2021-08-24,-0.111438,-0.001139,NA
-44.7796245246678,-20.9699575821367,311,2019-01-07,2021-05-26,83,0.45,0.1254,2022-08-14,-0.163154,-0.001523,NA
-44.7796245246678,-20.9700474136651,312,2019-01-07,2021-05-26,84,0.4803,0.1215,2021-07-15,-0.112422,0.004243,NA
-44.7796245246678,-20.9701372451935,313,2019-01-07,2021-05-26,85,0.4983,0.1168,2021-06-05,-0.095309,0.001346,NA
-44.7796245246678,-20.9702270767219,312,2019-01-07,2021-05-26,85,0.4752,0.1194,2021-06-05,-0.102347,0.004673,NA
-44.7796245246678,-20.9703169082503,311,2019-01-07,2021-05-26,85,0.4794,0.1174,2021-06-05,-0.10571,0.000142,NA
-44.7796245246678,-20.9704067397787,312,2019-01-07,2021-05-26,87,0.4856,0.1138,2021-06-05,-0.100446,0.008454,NA
-44.7796245246678,-20.9704965713071,313,2019-01-07,2021-05-26,88,0.4536,0.1179,2021-06-05,-0.104069,0.005774,NA
-44.7796245246678,-20.9705864028356,316,2019-01-07,2021-05-26,88,0.4449,0.1212,2021-06-05,-0.10029,0.011033,NA
-44.7796245246678,-20.970676234364,317,2019-01-07,2021-05-26,89,0.4418,0.1199,2021-06-05,-0.106457,0.022158,NA
-44.7796245246678,-20.9707660658924,316,2019-01-07,2021-05-26,89,0.415,0.12,2021-06-05,-0.094089,0.034884,NA
-44.7797143561962,-20.9670829732275,330,2019-01-07,2021-05-26,92,0.7186,0.079,2022-05-11,0.052093,-0.159757,NA
-44.7797143561962,-20.9671728047559,328,2019-01-07,2021-05-26,90,0.7798,0.0689,2022-04-26,0.065919,-0.166072,NA
-44.7797143561962,-20.9672626362843,328,2019-01-07,2021-05-26,90,0.7838,0.0714,2021-09-08,-0.043982,-0.174319,NA
-44.7797143561962,-20.9673524678127,325,2019-01-07,2021-05-26,89,0.7887,0.0745,2022-05-01,0.05267,-0.14688,NA
-44.7797143561962,-20.9674422993411,323,2019-01-07,2021-05-26,87,0.7859,0.0771,2022-04-26,0.044806,-0.151233,NA
-44.7797143561962,-20.9675321308695,322,2019-01-07,2021-05-26,87,0.7624,0.0817,2022-04-21,0.048472,-0.151959,NA
-44.7797143561962,-20.967621962398,322,2019-01-07,2021-05-26,87,0.7525,0.0823,2022-04-11,0.03685,-0.193728,NA
-44.7797143561962,-20.9677117939264,322,2019-01-07,2021-05-26,87,0.7525,0.0823,2022-04-11,0.03685,-0.193728,NA
-44.7797143561962,-20.9678016254548,320,2019-01-07,2021-05-26,87,0.7094,0.0784,2022-04-26,0.040174,-0.215951,NA
-44.7797143561962,-20.9678914569832,321,2019-01-07,2021-05-26,88,0.6042,0.0713,2023-04-26,0.093835,-0.224526,NA
-44.7797143561962,-20.9679812885116,321,2019-01-07,2021-05-26,88,0.5348,0.0687,2023-09-08,0.003023,-0.235694,NA
-44.7797143561962,-20.96807112004,320,2019-01-07,2021-05-26,87,0.5619,0.065,2023-09-03,0.003698,-0.186413,NA
-44.7797143561962,-20.9681609515684,318,2019-01-07,2021-05-26,86,0.5683,0.0621,2021-11-17,0.068204,-0.148814,NA
-44.7797143561962,-20.9682507830968,318,2019-01-07,2021-05-26,86,0.5888,0.0639,2021-08-29,0.061894,-0.132808,NA
-44.7797143561962,-20.9683406146253,320,2019-01-07,2021-05-26,86,0.6072,0.0667,2021-08-29,0.063581,-0.098076,NA
-44.7797143561962,-20.9684304461537,319,2019-01-07,2021-05-26,85,0.676,0.06,2021-10-03,0.065589,-0.078069,NA
-44.7797143561962,-20.9685202776821,318,2019-01-07,2021-05-26,85,0.6726,0.0593,2021-10-03,0.058713,-0.069584,NA
-44.7797143561962,-20.9686101092105,318,2019-01-07,2021-05-26,85,0.6508,0.0613,2021-09-18,0.071083,-0.059494,NA
-44.7797143561962,-20.9686999407389,317,2019-01-07,2021-05-26,85,0.6085,0.0675,2021-09-03,0.071936,-0.061155,NA
-44.7797143561962,-20.9687897722673,319,2019-01-07,2021-05-26,85,0.5459,0.0716,2021-09-13,0.074665,-0.063391,NA
-44.7797143561962,-20.9688796037957,318,2019-01-02,2021-05-26,85,0.6345,0.0639,2021-10-03,0.06134,-0.036991,NA
-44.7797143561962,-20.9689694353241,318,2019-01-02,2021-05-26,85,0.5816,0.0802,2024-03-01,0.074399,0.021552,NA
-44.7797143561962,-20.9690592668525,316,2019-01-02,2021-05-26,84,0.5011,0.0966,2023-04-26,0.110624,0.051138,NA
-44.7797143561962,-20.969149098381,315,2019-01-02,2021-05-26,83,0.4883,0.1016,2023-04-26,0.126994,0.061165,NA
-44.7797143561962,-20.9692389299094,316,2019-01-02,2021-05-26,84,0.4719,0.1069,2023-04-26,0.145648,0.059258,NA
-44.7797143561962,-20.9693287614378,315,2019-01-02,2021-05-26,83,0.4804,0.1102,2023-04-26,0.150812,0.054205,NA
-44.7797143561962,-20.9694185929662,314,2019-01-02,2021-05-26,83,0.5162,0.1081,2022-09-08,-0.108226,0.045768,NA
-44.7797143561962,-20.9695084244946,315,2019-01-02,2021-05-26,85,0.4938,0.112,2022-09-03,-0.105246,0.043177,NA
-44.7797143561962,-20.969598256023,313,2019-01-07,2021-05-26,84,0.467,0.1174,2022-09-08,-0.106095,0.039306,NA
-44.7797143561962,-20.9696880875514,312,2019-01-07,2021-05-26,83,0.4592,0.1174,2023-05-01,0.136932,0.040785,NA
-44.7797143561962,-20.9697779190798,311,2019-01-07,2021-05-26,83,0.4564,0.1185,2023-05-01,0.147323,0.040547,NA
-44.7797143561962,-20.9698677506083,315,2019-01-07,2021-05-26,83,0.4482,0.126,2022-09-13,-0.130293,0.03261,NA
-44.7797143561962,-20.9699575821367,312,2019-01-07,2021-05-26,83,0.4599,0.1285,2022-08-19,-0.155066,0.018916,NA
-44.7797143561962,-20.9700474136651,312,2019-01-07,2021-05-26,84,0.4603,0.1275,2022-08-14,-0.131733,0.014471,NA
-44.7797143561962,-20.9701372451935,312,2019-01-07,2021-05-26,84,0.4758,0.125,2022-08-04,-0.115848,0.006476,NA
-44.7797143561962,-20.9702270767219,312,2019-01-07,2021-05-26,85,0.4658,0.1271,2022-07-30,-0.115919,0.005104,NA
-44.7797143561962,-20.9703169082503,312,2019-01-07,2021-05-26,86,0.465,0.1268,2022-08-04,-0.139407,0.00861,NA
-44.7797143561962,-20.9704067397787,313,2019-01-07,2021-05-26,87,0.4817,0.1214,2022-07-30,-0.113135,0.007386,NA
-44.7797143561962,-20.9704965713071,313,2019-01-07,2021-05-26,87,0.4576,0.1252,2022-08-04,-0.099067,0.008107,NA
-44.7797143561962,-20.9705864028356,314,2019-01-07,2021-05-26,87,0.4616,0.1252,2021-08-19,-0.120749,0.009131,NA
-44.7797143561962,-20.970676234364,314,2019-01-07,2021-05-26,87,0.4484,0.1248,2021-08-24,-0.128424,0.004512,NA
-44.7797143561962,-20.9707660658924,316,2019-01-02,2021-05-26,88,0.4621,0.1144,2021-08-29,-0.098818,0.014222,NA
-44.7797143561962,-20.9708558974208,315,2019-01-02,2021-05-26,88,0.5247,0.1041,2022-08-14,-0.086595,-0.017705,NA
-44.7798041877246,-20.9671728047559,331,2019-01-07,2021-05-26,91,0.7687,0.072,2022-05-01,0.053894,-0.161284,NA
-44.7798041877246,-20.9672626362843,327,2019-01-07,2021-05-26,89,0.789,0.0723,2022-05-01,0.058857,-0.165231,NA
-44.7798041877246,-20.9673524678127,327,2019-01-07,2021-05-26,89,0.7776,0.0766,2022-05-01,0.041666,-0.148484,NA
-44.7798041877246,-20.9674422993411,324,2019-01-07,2021-05-26,88,0.7615,0.0815,2022-05-06,0.033034,-0.159169,NA
-44.7798041877246,-20.9675321308695,322,2019-01-07,2021-05-26,87,0.7465,0.0855,2022-04-21,0.050118,-0.161711,NA
-44.7798041877246,-20.967621962398,320,2019-01-07,2021-05-26,87,0.7355,0.0839,2022-04-16,0.06251,-0.191303,NA
-44.7798041877246,-20.9677117939264,320,2019-01-07,2021-05-26,87,0.7355,0.0839,2022-04-16,0.06251,-0.191303,NA
-44.7798041877246,-20.9678016254548,320,2019-01-07,2021-05-26,88,0.6758,0.0748,2022-05-16,0.043649,-0.219473,NA
-44.7798041877246,-20.9678914569832,320,2019-01-07,2021-05-26,88,0.5527,0.0693,2023-05-01,0.07918,-0.228252,NA
-44.7798041877246,-20.9679812885116,321,2019-01-07,2021-05-26,88,0.5286,0.0675,2023-05-26,0.062813,-0.222787,NA
-44.7798041877246,-20.96807112004,320,2019-01-07,2021-05-26,87,0.5676,0.0645,2023-08-24,0.00067,-0.178474,NA
-44.7798041877246,-20.9681609515684,320,2019-01-07,2021-05-26,87,0.5722,0.0617,2021-11-17,0.065363,-0.155523,NA
-44.7798041877246,-20.9682507830968,320,2019-01-07,2021-05-26,86,0.5991,0.0648,2021-08-09,0.049367,-0.13527,NA
-44.7798041877246,-20.9683406146253,320,2019-01-07,2021-05-26,86,0.5901,0.0671,2021-09-13,0.081597,-0.070758,NA
-44.7798041877246,-20.9684304461537,321,2019-01-07,2021-05-26,86,0.6107,0.0668,2021-10-03,0.073258,-0.072743,NA
-44.7798041877246,-20.9685202776821,319,2019-01-07,2021-05-26,85,0.6624,0.0606,2021-10-03,0.062248,-0.07193,NA
-44.7798041877246,-20.9686101092105,319,2019-01-07,2021-05-26,85,0.6477,0.0617,2021-09-18,0.066049,-0.068091,NA
-44.7798041877246,-20.9686999407389,319,2019-01-07,2021-05-26,85,0.6132,0.0675,2021-08-29,0.070229,-0.069274,NA
-44.7798041877246,-20.9687897722673,318,2019-01-07,2021-05-26,85,0.5734,0.0692,2021-09-03,0.07379,-0.064793,NA
-44.7798041877246,-20.9688796037957,320,2019-01-02,2021-05-26,86,0.6082,0.0683,2021-10-03,0.066559,-0.022356,NA
-44.7798041877246,-20.9689694353241,320,2019-01-02,2021-05-26,86,0.5491,0.084,2024-02-25,0.078556,0.038974,NA
-44.7798041877246,-20.9690592668525,314,2019-01-02,2021-05-26,83,0.4972,0.0991,2023-04-21,0.117014,0.058528,NA
-44.7798041877246,-20.969149098381,315,2019-01-02,2021-05-26,84,0.4731,0.1027,2023-04-26,0.131194,0.063374,NA
-44.7798041877246,-20.9692389299094,314,2019-01-02,2021-05-26,84,0.4747,0.1021,2023-04-26,0.13106,0.060456,NA
-44.7798041877246,-20.9693287614378,313,2019-01-02,2021-05-26,83,0.4694,0.1067,2023-04-26,0.137505,0.052876,NA
-44.7798041877246,-20.9694185929662,315,2019-01-02,2021-05-26,84,0.4973,0.1052,2022-09-13,-0.100511,0.049399,NA
-44.7798041877246,-20.9695084244946,314,2019-01-02,2021-05-26,84,0.5326,0.1029,2021-06-05,-0.091554,0.036777,NA
-44.7798041877246,-20.969598256023,313,2019-01-02,2021-05-26,85,0.4835,0.1109,2021-06-05,-0.088346,0.039784,NA
-44.7798041877246,-20.9696880875514,312,2019-01-02,2021-05-26,84,0.4685,0.1095,2021-06-05,-0.088807,0.041835,NA
-44.7798041877246,-20.9697779190798,312,2019-01-07,2021-05-26,83,0.4618,0.1101,2023-05-01,0.123075,0.043525,NA
-44.7798041877246,-20.9698677506083,314,2019-01-07,2021-05-26,83,0.4522,0.1183,2023-05-06,0.115306,0.044801,NA
-44.7798041877246,-20.9699575821367,314,2019-01-07,2021-05-26,83,0.4724,0.1242,2022-09-03,-0.135852,0.036604,NA
-44.7798041877246,-20.9700474136651,314,2019-01-07,2021-05-26,84,0.465,0.1271,2022-09-03,-0.128051,0.038348,NA
-44.7798041877246,-20.9701372451935,311,2019-01-07,2021-05-26,84,0.4722,0.1228,2022-09-03,-0.107673,0.033692,NA
-44.7798041877246,-20.9702270767219,311,2019-01-07,2021-05-26,84,0.473,0.1238,2022-09-08,-0.127544,0.034191,NA
-44.7798041877246,-20.9703169082503,312,2019-01-07,2021-05-26,85,0.4728,0.1237,2022-09-13,-0.114555,0.041185,NA
-44.7798041877246,-20.9704067397787,313,2019-01-07,2021-05-26,86,0.4942,0.1172,2022-09-08,-0.126251,0.042812,NA
-44.7798041877246,-20.9704965713071,315,2019-01-02,2021-05-26,88,0.4837,0.1179,2023-05-16,0.118051,0.056791,NA
-44.7798041877246,-20.9705864028356,314,2019-01-02,2021-05-26,87,0.4557,0.1229,2023-05-11,0.145304,0.058949,NA
-44.7798041877246,-20.970676234364,314,2019-01-02,2021-05-26,87,0.4243,0.1257,2022-09-03,-0.105255,0.056405,NA
-44.7798041877246,-20.9707660658924,316,2019-01-02,2021-05-26,87,0.4665,0.1109,2022-07-30,-0.102175,0.026195,NA
-44.7798041877246,-20.9708558974208,314,2019-01-02,2021-05-26,88,0.4972,0.1164,2022-09-08,-0.094548,-0.012139,NA
-44.779894019253,-20.9671728047559,331,2019-01-07,2021-05-26,91,0.7687,0.072,2022-05-01,0.053894,-0.161284,NA
-44.779894019253,-20.9672626362843,327,2019-01-07,2021-05-26,89,0.789,0.0723,2022-05-01,0.058857,-0.165231,NA
-44.779894019253,-20.9673524678127,327,2019-01-07,2021-05-26,89,0.7776,0.0766,2022-05-01,0.041666,-0.148484,NA
-44.779894019253,-20.9674422993411,324,2019-01-07,2021-05-26,88,0.7615,0.0815,2022-05-06,0.033034,-0.159169,NA
-44.779894019253,-20.9675321308695,322,2019-01-07,2021-05-26,87,0.7465,0.0855,2022-04-21,0.050118,-0.161711,NA
-44.779894019253,-20.967621962398,320,2019-01-07,2021-05-26,87,0.7355,0.0839,2022-04-16,0.06251,-0.191303,NA
-44.779894019253,-20.9677117939264,320,2019-01-07,2021-05-26,87,0.7355,0.0839,2022-04-16,0.06251,-0.191303,NA
-44.779894019253,-20.9678016254548,320,2019-01-07,2021-05-26,88,0.6758,0.0748,2022-05-16,0.043649,-0.219473,NA
-44.779894019253,-20.9678914569832,320,2019-01-07,2021-05-26,88,0.5527,0.0693,2023-05-01,0.07918,-0.228252,NA
-44.779894019253,-20.9679812885116,321,2019-01-07,2021-05-26,88,0.5286,0.0675,2023-05-26,0.062813,-0.222787,NA
-44.779894019253,-20.96807112004,320,2019-01-07,2021-05-26,87,0.5676,0.0645,2023-08-24,0.00067,-0.178474,NA
-44.779894019253,-20.9681609515684,320,2019-01-07,2021-05-26,87,0.5722,0.0617,2021-11-17,0.065363,-0.155523,NA
-44.779894019253,-20.9682507830968,320,2019-01-07,2021-05-26,86,0.5991,0.0648,2021-08-09,0.049367,-0.13527,NA
-44.779894019253,-20.9683406146253,320,2019-01-07,2021-05-26,86,0.5901,0.0671,2021-09-13,0.081597,-0.070758,NA
-44.779894019253,-20.9684304461537,321,2019-01-07,2021-05-26,86,0.6107,0.0668,2021-10-03,0.073258,-0.072743,NA
-44.779894019253,-20.9685202776821,319,2019-01-07,2021-05-26,85,0.6624,0.0606,2021-10-03,0.062248,-0.07193,NA
-44.779894019253,-20.9686101092105,319,2019-01-07,2021-05-26,85,0.6477,0.0617,2021-09-18,0.066049,-0.068091,NA
-44.779894019253,-20.9686999407389,319,2019-01-07,2021-05-26,85,0.6132,0.0675,2021-08-29,0.070229,-0.069274,NA
-44.779894019253,-20.9687897722673,318,2019-01-07,2021-05-26,85,0.5734,0.0692,2021-09-03,0.07379,-0.064793,NA
-44.779894019253,-20.9688796037957,320,2019-01-02,2021-05-26,86,0.6082,0.0683,2021-10-03,0.066559,-0.022356,NA
-44.779894019253,-20.9689694353241,320,2019-01-02,2021-05-26,86,0.5491,0.084,2024-02-25,0.078556,0.038974,NA
-44.779894019253,-20.9690592668525,314,2019-01-02,2021-05-26,83,0.4972,0.0991,2023-04-21,0.117014,0.058528,NA
-44.779894019253,-20.969149098381,315,2019-01-02,2021-05-26,84,0.4731,0.1027,2023-04-26,0.131194,0.063374,NA
-44.779894019253,-20.9692389299094,314,2019-01-02,2021-05-26,84,0.4747,0.1021,2023-04-26,0.13106,0.060456,NA
-44.779894019253,-20.9693287614378,313,2019-01-02,2021-05-26,83,0.4694,0.1067,2023-04-26,0.137505,0.052876,NA
-44.779894019253,-20.9694185929662,315,2019-01-02,2021-05-26,84,0.4973,0.1052,2022-09-13,-0.100511,0.049399,NA
-44.779894019253,-20.9695084244946,314,2019-01-02,2021-05-26,84,0.5326,0.1029,2021-06-05,-0.091554,0.036777,NA
-44.779894019253,-20.969598256023,313,2019-01-02,2021-05-26,85,0.4835,0.1109,2021-06-05,-0.088346,0.039784,NA
-44.779894019253,-20.9696880875514,312,2019-01-02,2021-05-26,84,0.4685,0.1095,2021-06-05,-0.088807,0.041835,NA
-44.779894019253,-20.9697779190798,314,2019-01-02,2021-05-26,84,0.5151,0.1026,2021-06-05,-0.079271,0.039689,NA
-44.779894019253,-20.9698677506083,316,2019-01-02,2021-05-26,85,0.4926,0.1098,2023-05-06,0.108624,0.037788,NA
-44.779894019253,-20.9699575821367,315,2019-01-02,2021-05-26,85,0.4938,0.1161,2022-09-08,-0.126951,0.039013,NA
-44.779894019253,-20.9700474136651,315,2019-01-07,2021-05-26,85,0.4651,0.124,2022-09-03,-0.11576,0.036438,NA
-44.779894019253,-20.9701372451935,312,2019-01-07,2021-05-26,84,0.4754,0.122,2022-09-03,-0.123125,0.027964,NA
-44.779894019253,-20.9702270767219,311,2019-01-07,2021-05-26,84,0.4973,0.1211,2021-06-05,-0.093238,0.030732,NA
-44.779894019253,-20.9703169082503,315,2019-01-02,2021-05-26,87,0.4972,0.1192,2022-09-03,-0.12203,0.033719,NA
-44.779894019253,-20.9704067397787,313,2019-01-02,2021-05-26,86,0.4881,0.1171,2022-09-03,-0.097399,0.041942,NA
-44.779894019253,-20.9704965713071,314,2019-01-02,2021-05-26,86,0.4726,0.118,2022-09-08,-0.145339,0.049534,NA
-44.779894019253,-20.9705864028356,314,2019-01-02,2021-05-26,86,0.4543,0.122,2022-09-13,-0.135761,0.054775,NA
-44.779894019253,-20.970676234364,313,2019-01-02,2021-05-26,87,0.4433,0.1207,2022-09-03,-0.143015,0.053609,NA
-44.779894019253,-20.9707660658924,315,2019-01-02,2021-05-26,87,0.5411,0.1023,2022-07-30,-0.134199,0.005096,NA
-44.779894019253,-20.9708558974208,314,2019-01-02,2021-05-26,87,0.4678,0.1264,2023-05-21,0.097984,0.017131,NA
-44.779894019253,-20.9709457289492,315,2019-01-02,2021-05-26,88,0.3987,0.1377,2023-11-07,0.109282,0.033728,NA
-44.7799838507814,-20.9671728047559,331,2019-01-07,2021-05-26,91,0.7778,0.0722,2022-05-01,0.053309,-0.162547,NA
-44.7799838507814,-20.9672626362843,329,2019-01-07,2021-05-26,91,0.7809,0.0742,2022-05-06,0.045265,-0.154999,NA
-44.7799838507814,-20.9673524678127,327,2019-01-07,2021-05-26,91,0.7418,0.0818,2022-05-11,0.040093,-0.140075,NA
-44.7799838507814,-20.9674422993411,325,2019-01-07,2021-05-26,89,0.733,0.0856,2022-05-01,0.038113,-0.154718,NA
-44.7799838507814,-20.9675321308695,321,2019-01-07,2021-05-26,88,0.7197,0.0889,2022-04-26,0.052572,-0.19281,NA
-44.7799838507814,-20.967621962398,321,2019-01-07,2021-05-26,88,0.7197,0.0889,2022-04-26,0.052572,-0.19281,NA
-44.7799838507814,-20.9677117939264,320,2019-01-07,2021-05-26,88,0.7094,0.0836,2022-04-21,0.052972,-0.208602,NA
-44.7799838507814,-20.9678016254548,320,2019-01-07,2021-05-26,88,0.671,0.0683,2023-03-27,0.050977,-0.222141,NA
-44.7799838507814,-20.9678914569832,320,2019-01-07,2021-05-26,88,0.5609,0.0649,2023-05-16,0.066,-0.242652,NA
-44.7799838507814,-20.9679812885116,320,2019-01-07,2021-05-26,88,0.5504,0.0655,2023-06-05,0.055285,-0.204874,NA
-44.7799838507814,-20.96807112004,320,2019-01-07,2021-05-26,88,0.5334,0.0677,2023-09-03,-0.008702,-0.176271,NA
-44.7799838507814,-20.9681609515684,320,2019-01-07,2021-05-26,87,0.5798,0.0629,2021-10-03,0.066145,-0.136231,NA
-44.7799838507814,-20.9682507830968,322,2019-01-07,2021-05-26,87,0.5617,0.0702,2021-08-24,0.052842,-0.103068,NA
-44.7799838507814,-20.9683406146253,320,2019-01-07,2021-05-26,85,0.5507,0.0688,2021-09-28,0.078461,-0.064364,NA
-44.7799838507814,-20.9684304461537,320,2019-01-07,2021-05-26,85,0.5655,0.0682,2021-10-03,0.072957,-0.06718,NA
-44.7799838507814,-20.9685202776821,321,2019-01-07,2021-05-26,86,0.6347,0.0652,2021-09-28,0.070206,-0.067363,NA
-44.7799838507814,-20.9686101092105,321,2019-01-07,2021-05-26,85,0.6551,0.0619,2021-09-18,0.066129,-0.067916,NA
-44.7799838507814,-20.9686999407389,320,2019-01-07,2021-05-26,85,0.6229,0.0656,2021-09-03,0.069995,-0.063194,NA
-44.7799838507814,-20.9687897722673,320,2019-01-02,2021-05-26,86,0.5821,0.0663,2021-09-13,0.067619,-0.06027,NA
-44.7799838507814,-20.9688796037957,320,2019-01-02,2021-05-26,86,0.6478,0.0622,2021-10-03,0.059893,-0.019813,NA
-44.7799838507814,-20.9689694353241,318,2019-01-02,2021-05-26,85,0.5885,0.0788,2022-05-01,0.064826,0.035938,NA
-44.7799838507814,-20.9690592668525,316,2019-01-02,2021-05-26,84,0.4844,0.0976,2023-04-21,0.11386,0.062303,NA
-44.7799838507814,-20.969149098381,316,2019-01-02,2021-05-26,85,0.4607,0.1012,2023-04-21,0.133804,0.061128,NA
-44.7799838507814,-20.9692389299094,316,2019-01-02,2021-05-26,86,0.4579,0.1028,2023-04-26,0.127054,0.058201,NA
-44.7799838507814,-20.9693287614378,317,2019-01-02,2021-05-26,86,0.4774,0.1048,2023-04-26,0.130845,0.051362,NA
-44.7799838507814,-20.9694185929662,314,2019-01-02,2021-05-26,85,0.5172,0.1024,2021-06-05,-0.086839,0.04216,NA
-44.7799838507814,-20.9695084244946,314,2019-01-02,2021-05-26,85,0.5316,0.1013,2021-06-05,-0.087767,0.032332,NA
-44.7799838507814,-20.969598256023,313,2019-01-02,2021-05-26,85,0.4803,0.1092,2021-06-05,-0.087889,0.037587,NA
-44.7799838507814,-20.9696880875514,311,2019-01-02,2021-05-26,84,0.4995,0.105,2021-06-05,-0.089258,0.040052,NA
-44.7799838507814,-20.9697779190798,314,2019-01-02,2021-05-26,84,0.5151,0.1026,2021-06-05,-0.079271,0.039689,NA
-44.7799838507814,-20.9698677506083,316,2019-01-02,2021-05-26,85,0.4926,0.1098,2023-05-06,0.108624,0.037788,NA
-44.7799838507814,-20.9699575821367,315,2019-01-02,2021-05-26,85,0.4938,0.1161,2022-09-08,-0.126951,0.039013,NA
-44.7799838507814,-20.9700474136651,315,2019-01-07,2021-05-26,85,0.4651,0.124,2022-09-03,-0.11576,0.036438,NA
-44.7799838507814,-20.9701372451935,312,2019-01-07,2021-05-26,84,0.4754,0.122,2022-09-03,-0.123125,0.027964,NA
-44.7799838507814,-20.9702270767219,311,2019-01-07,2021-05-26,84,0.4973,0.1211,2021-06-05,-0.093238,0.030732,NA
-44.7799838507814,-20.9703169082503,315,2019-01-02,2021-05-26,87,0.4972,0.1192,2022-09-03,-0.12203,0.033719,NA
-44.7799838507814,-20.9704067397787,313,2019-01-02,2021-05-26,86,0.4881,0.1171,2022-09-03,-0.097399,0.041942,NA
-44.7799838507814,-20.9704965713071,314,2019-01-02,2021-05-26,86,0.4726,0.118,2022-09-08,-0.145339,0.049534,NA
-44.7799838507814,-20.9705864028356,314,2019-01-02,2021-05-26,86,0.4543,0.122,2022-09-13,-0.135761,0.054775,NA
-44.7799838507814,-20.970676234364,313,2019-01-02,2021-05-26,87,0.4433,0.1207,2022-09-03,-0.143015,0.053609,NA
-44.7799838507814,-20.9707660658924,315,2019-01-02,2021-05-26,87,0.5411,0.1023,2022-07-30,-0.134199,0.005096,NA
-44.7799838507814,-20.9708558974208,314,2019-01-02,2021-05-26,87,0.4678,0.1264,2023-05-21,0.097984,0.017131,NA
-44.7799838507814,-20.9709457289492,315,2019-01-02,2021-05-26,88,0.3987,0.1377,2023-11-07,0.109282,0.033728,NA
-44.7800736823098,-20.9671728047559,331,2019-01-07,2021-05-26,90,0.7848,0.071,2022-04-26,0.046328,-0.175603,NA
-44.7800736823098,-20.9672626362843,329,2019-01-07,2021-05-26,91,0.7722,0.077,2022-05-01,0.043303,-0.151688,NA
-44.7800736823098,-20.9673524678127,325,2019-01-07,2021-05-26,90,0.7342,0.0839,2022-05-06,0.040264,-0.13899,NA
-44.7800736823098,-20.9674422993411,323,2019-01-07,2021-05-26,90,0.7389,0.0834,2022-04-21,0.054939,-0.143398,NA
-44.7800736823098,-20.9675321308695,321,2019-01-07,2021-05-26,88,0.7123,0.0877,2022-04-21,0.061156,-0.18207,NA
-44.7800736823098,-20.967621962398,321,2019-01-07,2021-05-26,88,0.7123,0.0877,2022-04-21,0.061156,-0.18207,NA
-44.7800736823098,-20.9677117939264,321,2019-01-07,2021-05-26,88,0.6891,0.0796,2022-05-06,0.046948,-0.217095,NA
-44.7800736823098,-20.9678016254548,321,2019-01-07,2021-05-26,88,0.6344,0.0647,2023-04-26,0.066576,-0.241924,NA
-44.7800736823098,-20.9678914569832,320,2019-01-07,2021-05-26,88,0.5865,0.0611,2023-06-10,0.048857,-0.238928,NA
-44.7800736823098,-20.9679812885116,320,2019-01-07,2021-05-26,88,0.589,0.0624,2023-08-24,0.009813,-0.17984,NA
-44.7800736823098,-20.96807112004,322,2019-01-07,2021-05-26,88,0.5398,0.0653,2023-08-24,-0.004562,-0.145165,NA
-44.7800736823098,-20.9681609515684,320,2019-01-07,2021-05-26,87,0.6035,0.064,2021-08-29,0.065163,-0.12004,NA
-44.7800736823098,-20.9682507830968,322,2019-01-07,2021-05-26,87,0.5736,0.0727,2021-09-18,0.078676,-0.082485,NA
-44.7800736823098,-20.9683406146253,321,2019-01-07,2021-05-26,86,0.5504,0.0721,2021-09-28,0.085301,-0.071405,NA
-44.7800736823098,-20.9684304461537,322,2019-01-07,2021-05-26,85,0.558,0.0725,2021-09-28,0.079628,-0.077505,NA
-44.7800736823098,-20.9685202776821,322,2019-01-07,2021-05-26,85,0.5883,0.0696,2021-09-28,0.076077,-0.069647,NA
-44.7800736823098,-20.9686101092105,322,2019-01-07,2021-05-26,85,0.5942,0.0688,2021-08-29,0.065387,-0.064478,NA
-44.7800736823098,-20.9686999407389,322,2019-01-02,2021-05-26,86,0.6061,0.069,2021-09-03,0.066877,-0.060042,NA
-44.7800736823098,-20.9687897722673,320,2019-01-02,2021-05-26,86,0.616,0.0655,2021-09-13,0.060433,-0.063585,NA
-44.7800736823098,-20.9688796037957,321,2019-01-02,2021-05-26,86,0.6608,0.0634,2021-10-03,0.064904,-0.021527,NA
-44.7800736823098,-20.9689694353241,320,2019-01-02,2021-05-26,86,0.5838,0.0815,2022-05-06,0.07305,0.036747,NA
-44.7800736823098,-20.9690592668525,316,2019-01-02,2021-05-26,85,0.4749,0.0982,2023-04-26,0.117421,0.05866,NA
-44.7800736823098,-20.969149098381,316,2019-01-02,2021-05-26,86,0.4593,0.102,2023-04-26,0.129729,0.061,NA
-44.7800736823098,-20.9692389299094,316,2019-01-02,2021-05-26,86,0.4413,0.1064,2023-04-26,0.129373,0.061663,NA
-44.7800736823098,-20.9693287614378,316,2019-01-02,2021-05-26,86,0.448,0.1096,2023-04-26,0.122734,0.055888,NA
-44.7800736823098,-20.9694185929662,313,2019-01-02,2021-05-26,85,0.495,0.1077,2021-06-05,-0.092259,0.046089,NA
-44.7800736823098,-20.9695084244946,313,2019-01-02,2021-05-26,85,0.5208,0.1053,2021-06-05,-0.091399,0.037903,NA
-44.7800736823098,-20.969598256023,314,2019-01-02,2021-05-26,85,0.493,0.1106,2021-06-05,-0.093795,0.039599,NA
-44.7800736823098,-20.9696880875514,316,2019-01-02,2021-05-26,87,0.4873,0.1082,2023-05-01,0.123239,0.044496,NA
-44.7800736823098,-20.9697779190798,316,2019-01-02,2021-05-26,86,0.5123,0.1021,2021-06-05,-0.083763,0.041847,NA
-44.7800736823098,-20.9698677506083,315,2019-01-02,2021-05-26,85,0.5075,0.1069,2023-05-01,0.110134,0.037945,NA
-44.7800736823098,-20.9699575821367,313,2019-01-02,2021-05-26,85,0.5178,0.1119,2022-09-08,-0.122808,0.040335,NA
-44.7800736823098,-20.9700474136651,313,2019-01-02,2021-05-26,85,0.5054,0.1174,2022-08-29,-0.094557,0.038586,NA
-44.7800736823098,-20.9701372451935,314,2019-01-02,2021-05-26,85,0.4888,0.1187,2022-08-19,-0.096061,0.03366,NA
-44.7800736823098,-20.9702270767219,315,2019-01-02,2021-05-26,87,0.4797,0.1211,2022-08-29,-0.104266,0.034197,NA
-44.7800736823098,-20.9703169082503,315,2019-01-02,2021-05-26,86,0.4965,0.1191,2022-08-29,-0.101449,0.032268,NA
-44.7800736823098,-20.9704067397787,315,2019-01-02,2021-05-26,86,0.5122,0.1149,2022-08-29,-0.095404,0.040065,NA
-44.7800736823098,-20.9704965713071,314,2019-01-02,2021-05-26,86,0.4773,0.1188,2022-09-13,-0.135944,0.052007,NA
-44.7800736823098,-20.9705864028356,314,2019-01-02,2021-05-26,86,0.4305,0.1262,2023-05-16,0.12057,0.061569,NA
-44.7800736823098,-20.970676234364,312,2019-01-02,2021-05-26,86,0.4618,0.1184,2022-08-14,-0.127102,0.034988,NA
-44.7800736823098,-20.9707660658924,314,2019-01-02,2021-05-26,87,0.5306,0.112,2022-08-29,-0.112114,0.016266,NA
-44.7800736823098,-20.9708558974208,315,2019-01-02,2021-05-26,87,0.4294,0.1361,2023-05-21,0.09258,0.036776,NA
-44.7800736823098,-20.9709457289492,314,2019-01-02,2021-05-26,87,0.36,0.1474,2023-10-23,0.136415,0.045876,NA
-44.7800736823098,-20.9710355604776,313,2019-01-02,2021-05-26,85,0.3496,0.1623,2023-11-12,0.142075,0.027818,NA
-44.7801635138382,-20.9671728047559,331,2019-01-07,2021-05-26,90,0.7437,0.0772,2022-04-21,0.056835,-0.138894,NA
-44.7801635138382,-20.9672626362843,327,2019-01-07,2021-05-26,90,0.7394,0.0819,2022-04-21,0.052141,-0.135645,NA
-44.7801635138382,-20.9673524678127,325,2019-01-07,2021-05-26,91,0.6968,0.0894,2022-05-06,0.04222,-0.132214,NA
-44.7801635138382,-20.9674422993411,323,2019-01-07,2021-05-26,91,0.7054,0.0898,2022-04-21,0.057468,-0.161339,NA
-44.7801635138382,-20.9675321308695,323,2019-01-07,2021-05-26,90,0.6909,0.0881,2022-05-01,0.053755,-0.198593,NA
-44.7801635138382,-20.967621962398,323,2019-01-07,2021-05-26,90,0.6909,0.0881,2022-05-01,0.053755,-0.198593,NA
-44.7801635138382,-20.9677117939264,321,2019-01-07,2021-05-26,88,0.6886,0.0713,2023-02-25,0.043183,-0.217343,NA
-44.7801635138382,-20.9678016254548,322,2019-01-07,2021-05-26,88,0.603,0.0624,2023-05-21,0.059691,-0.23824,NA
-44.7801635138382,-20.9678914569832,322,2019-01-07,2021-05-26,88,0.6037,0.0595,2023-06-10,0.045081,-0.221115,NA
-44.7801635138382,-20.9679812885116,323,2019-01-07,2021-05-26,88,0.5957,0.0601,2023-08-24,-0.00112,-0.148526,NA
-44.7801635138382,-20.96807112004,322,2019-01-07,2021-05-26,88,0.559,0.0632,2022-09-08,-0.025296,-0.118806,NA
-44.7801635138382,-20.9681609515684,322,2019-01-07,2021-05-26,87,0.5941,0.0659,2021-08-24,0.054037,-0.125464,NA
-44.7801635138382,-20.9682507830968,322,2019-01-07,2021-05-26,87,0.6116,0.0689,2021-09-18,0.078378,-0.073962,NA
-44.7801635138382,-20.9683406146253,323,2019-01-07,2021-05-26,87,0.5955,0.0715,2021-09-18,0.080443,-0.087033,NA
-44.7801635138382,-20.9684304461537,320,2019-01-07,2021-05-26,86,0.5664,0.0733,2021-09-18,0.078419,-0.079412,NA
-44.7801635138382,-20.9685202776821,320,2019-01-07,2021-05-26,85,0.647,0.0632,2021-09-18,0.066632,-0.079832,NA
-44.7801635138382,-20.9686101092105,323,2019-01-02,2021-05-26,86,0.6096,0.0692,2021-08-29,0.054005,-0.079645,NA
-44.7801635138382,-20.9686999407389,322,2019-01-02,2021-05-26,86,0.5973,0.0712,2021-08-29,0.054762,-0.066212,NA
-44.7801635138382,-20.9687897722673,320,2019-01-02,2021-05-26,86,0.64,0.0654,2021-08-29,0.055931,-0.067884,NA
-44.7801635138382,-20.9688796037957,318,2019-01-02,2021-05-26,86,0.6722,0.065,2021-09-18,0.065473,-0.01815,NA
-44.7801635138382,-20.9689694353241,318,2019-01-02,2021-05-26,86,0.5708,0.0858,2023-05-11,0.096757,0.037643,NA
-44.7801635138382,-20.9690592668525,316,2019-01-02,2021-05-26,85,0.4712,0.1007,2023-04-26,0.122857,0.059417,NA
-44.7801635138382,-20.969149098381,314,2019-01-02,2021-05-26,85,0.499,0.1004,2023-04-26,0.128823,0.056977,NA
-44.7801635138382,-20.9692389299094,316,2019-01-02,2021-05-26,85,0.4644,0.1078,2023-04-26,0.134436,0.05735,NA
-44.7801635138382,-20.9693287614378,314,2019-01-02,2021-05-26,85,0.4354,0.1131,2021-06-05,-0.085909,0.064481,NA
-44.7801635138382,-20.9694185929662,312,2019-01-02,2021-05-26,85,0.4704,0.1121,2021-06-05,-0.090746,0.053768,NA
-44.7801635138382,-20.9695084244946,312,2019-01-02,2021-05-26,84,0.52,0.1085,2021-06-05,-0.103859,0.044072,NA
-44.7801635138382,-20.969598256023,315,2019-01-02,2021-05-26,86,0.4994,0.1129,2021-06-05,-0.091167,0.043882,NA
-44.7801635138382,-20.9696880875514,316,2019-01-02,2021-05-26,86,0.5073,0.1104,2021-06-05,-0.082146,0.041857,NA
-44.7801635138382,-20.9697779190798,317,2019-01-02,2021-05-26,86,0.5365,0.1029,2021-06-05,-0.094753,0.039426,NA
-44.7801635138382,-20.9698677506083,317,2019-01-02,2021-05-26,86,0.5201,0.1087,2021-06-05,-0.094551,0.039519,NA
-44.7801635138382,-20.9699575821367,315,2019-01-02,2021-05-26,85,0.5174,0.1153,2022-09-03,-0.113887,0.042697,NA
-44.7801635138382,-20.9700474136651,312,2019-01-02,2021-05-26,84,0.5237,0.1171,2022-08-04,-0.10885,0.040811,NA
-44.7801635138382,-20.9701372451935,315,2019-01-02,2021-05-26,86,0.5241,0.1128,2022-08-04,-0.112752,0.037362,NA
-44.7801635138382,-20.9702270767219,317,2019-01-02,2021-05-26,87,0.5152,0.1152,2022-08-14,-0.103606,0.034588,NA
-44.7801635138382,-20.9703169082503,315,2019-01-02,2021-05-26,86,0.5187,0.1144,2022-08-14,-0.109163,0.035864,NA
-44.7801635138382,-20.9704067397787,315,2019-01-02,2021-05-26,86,0.5274,0.1123,2022-08-19,-0.09878,0.036418,NA
-44.7801635138382,-20.9704965713071,314,2019-01-02,2021-05-26,86,0.4768,0.1197,2023-05-21,0.10364,0.050357,NA
-44.7801635138382,-20.9705864028356,314,2019-01-02,2021-05-26,86,0.4211,0.1268,2022-09-08,-0.136673,0.058755,NA
-44.7801635138382,-20.970676234364,312,2019-01-02,2021-05-26,86,0.4651,0.12,2022-08-29,-0.12182,0.008892,NA
-44.7801635138382,-20.9707660658924,313,2019-01-02,2021-05-26,86,0.4665,0.1292,2023-11-02,0.095345,0.025049,NA
-44.7801635138382,-20.9708558974208,315,2019-01-02,2021-05-26,87,0.3938,0.1443,2021-10-03,0.116532,0.044744,NA
-44.7801635138382,-20.9709457289492,314,2019-01-02,2021-05-26,86,0.3727,0.1508,2021-09-28,0.13909,0.044526,NA
-44.7801635138382,-20.9710355604776,313,2019-01-02,2021-05-26,85,0.3441,0.1666,2023-10-23,0.130015,0.050828,NA
-44.7802533453666,-20.9671728047559,332,2019-01-07,2021-05-26,91,0.7194,0.0804,2022-03-27,0.059729,-0.136626,NA
-44.7802533453666,-20.9672626362843,328,2019-01-07,2021-05-26,91,0.7093,0.0851,2022-04-11,0.041098,-0.128104,NA
-44.7802533453666,-20.9673524678127,327,2019-01-07,2021-05-26,91,0.6958,0.0866,2022-05-01,0.044539,-0.141417,NA
-44.7802533453666,-20.9674422993411,324,2019-01-07,2021-05-26,91,0.6892,0.0919,2022-04-21,0.056625,-0.196446,NA
-44.7802533453666,-20.9675321308695,325,2019-01-07,2021-05-26,91,0.6713,0.0871,2023-02-10,0.048549,-0.21941,NA
-44.7802533453666,-20.967621962398,325,2019-01-07,2021-05-26,91,0.6713,0.0871,2023-02-10,0.048549,-0.21941,NA
-44.7802533453666,-20.9677117939264,323,2019-01-07,2021-05-26,89,0.671,0.0661,2023-03-27,0.061613,-0.234405,NA
-44.7802533453666,-20.9678016254548,322,2019-01-07,2021-05-26,88,0.6211,0.0584,2023-05-26,0.057207,-0.246092,NA
-44.7802533453666,-20.9678914569832,324,2019-01-07,2021-05-26,88,0.6138,0.0584,2023-06-10,0.043481,-0.181934,NA
-44.7802533453666,-20.9679812885116,324,2019-01-07,2021-05-26,88,0.5697,0.0605,2022-09-13,-0.048937,-0.134461,NA
-44.7802533453666,-20.96807112004,323,2019-01-07,2021-05-26,88,0.5611,0.0647,2022-09-03,-0.031599,-0.147439,NA
-44.7802533453666,-20.9681609515684,322,2019-01-07,2021-05-26,87,0.5962,0.0676,2021-08-24,0.055271,-0.116254,NA
-44.7802533453666,-20.9682507830968,323,2019-01-07,2021-05-26,88,0.6186,0.0669,2021-09-18,0.065448,-0.074236,NA
-44.7802533453666,-20.9683406146253,322,2019-01-07,2021-05-26,88,0.6066,0.0687,2021-09-18,0.07248,-0.086155,NA
-44.7802533453666,-20.9684304461537,322,2019-01-07,2021-05-26,87,0.6387,0.0655,2021-09-28,0.068831,-0.08587,NA
-44.7802533453666,-20.9685202776821,321,2019-01-02,2021-05-26,86,0.6227,0.0667,2021-09-18,0.06903,-0.069676,NA
-44.7802533453666,-20.9686101092105,321,2019-01-02,2021-05-26,85,0.6322,0.0685,2021-09-03,0.053898,-0.070922,NA
-44.7802533453666,-20.9686999407389,322,2019-01-02,2021-05-26,87,0.6034,0.074,2021-09-03,0.065607,-0.061767,NA
-44.7802533453666,-20.9687897722673,319,2019-01-02,2021-05-26,86,0.6143,0.0693,2021-08-29,0.058626,-0.070461,NA
-44.7802533453666,-20.9688796037957,318,2019-01-02,2021-05-26,86,0.6455,0.0691,2021-09-13,0.06755,-0.026322,NA
-44.7802533453666,-20.9689694353241,316,2019-01-02,2021-05-26,84,0.5822,0.0869,2023-05-01,0.102823,0.037327,NA
-44.7802533453666,-20.9690592668525,315,2019-01-02,2021-05-26,84,0.5155,0.0972,2023-04-26,0.122789,0.058463,NA
-44.7802533453666,-20.969149098381,315,2019-01-02,2021-05-26,85,0.4978,0.1014,2023-04-26,0.130077,0.054848,NA
-44.7802533453666,-20.9692389299094,313,2019-01-02,2021-05-26,85,0.4663,0.1098,2023-04-26,0.132319,0.059339,NA
-44.7802533453666,-20.9693287614378,313,2019-01-02,2021-05-26,85,0.4536,0.1123,2021-06-05,-0.084845,0.062615,NA
-44.7802533453666,-20.9694185929662,312,2019-01-02,2021-05-26,85,0.4935,0.1091,2021-06-05,-0.090711,0.05251,NA
-44.7802533453666,-20.9695084244946,313,2019-01-02,2021-05-26,85,0.51,0.1101,2021-06-05,-0.107473,0.046318,NA
-44.7802533453666,-20.969598256023,315,2019-01-02,2021-05-26,86,0.4972,0.1134,2021-06-05,-0.110636,0.04342,NA
-44.7802533453666,-20.9696880875514,316,2019-01-02,2021-05-26,86,0.5107,0.1118,2021-06-05,-0.097166,0.042052,NA
-44.7802533453666,-20.9697779190798,318,2019-01-02,2021-05-26,87,0.5262,0.1091,2021-06-05,-0.090824,0.042252,NA
-44.7802533453666,-20.9698677506083,318,2019-01-02,2021-05-26,86,0.5346,0.1098,2021-06-05,-0.092554,0.044082,NA
-44.7802533453666,-20.9699575821367,317,2019-01-02,2021-05-26,86,0.5445,0.1115,2022-08-29,-0.075737,0.04742,NA
-44.7802533453666,-20.9700474136651,314,2019-01-02,2021-05-26,84,0.5565,0.1119,2022-08-04,-0.107761,0.040037,NA
-44.7802533453666,-20.9701372451935,315,2019-01-02,2021-05-26,86,0.5575,0.1087,2022-07-25,-0.092185,0.033118,NA
-44.7802533453666,-20.9702270767219,316,2019-01-02,2021-05-26,86,0.5237,0.1151,2022-07-30,-0.100838,0.033739,NA
-44.7802533453666,-20.9703169082503,315,2019-01-02,2021-05-26,86,0.519,0.1157,2022-08-14,-0.116365,0.035364,NA
-44.7802533453666,-20.9704067397787,316,2019-01-02,2021-05-26,86,0.4993,0.1179,2022-08-29,-0.099604,0.040391,NA
-44.7802533453666,-20.9704965713071,316,2019-01-02,2021-05-26,86,0.4543,0.1259,2022-09-08,-0.118533,0.045886,NA
-44.7802533453666,-20.9705864028356,313,2019-01-02,2021-05-26,86,0.4206,0.122,2022-09-03,-0.131388,0.041574,NA
-44.7802533453666,-20.970676234364,312,2019-01-02,2021-05-26,86,0.4693,0.1174,2023-05-16,0.119992,0.013076,NA
-44.7802533453666,-20.9707660658924,313,2019-01-02,2021-05-26,86,0.4305,0.1393,2023-10-23,0.10599,0.040619,NA
-44.7802533453666,-20.9708558974208,314,2019-01-02,2021-05-26,86,0.3608,0.158,2023-10-23,0.124408,0.048745,NA
-44.7802533453666,-20.9709457289492,314,2019-01-02,2021-05-26,86,0.3395,0.1661,2023-10-18,0.133879,0.050831,NA
-44.7802533453666,-20.9710355604776,314,2019-01-02,2021-05-26,86,0.2938,0.1772,2023-10-18,0.138363,0.058969,NA
-44.7802533453666,-20.971125392006,313,2019-01-02,2021-05-26,86,0.2831,0.1831,2023-11-02,0.154616,0.05687,NA
-44.7803431768951,-20.9671728047559,331,2019-01-07,2021-05-26,91,0.6692,0.0881,2021-11-17,0.072297,-0.128448,NA
-44.7803431768951,-20.9672626362843,329,2019-01-07,2021-05-26,91,0.6671,0.09,2022-03-27,0.048599,-0.132417,NA
-44.7803431768951,-20.9673524678127,328,2019-01-07,2021-05-26,91,0.6681,0.0885,2022-04-21,0.045342,-0.166029,NA
-44.7803431768951,-20.9674422993411,326,2019-01-07,2021-05-26,91,0.6464,0.0922,2023-02-15,0.053725,-0.207708,NA
-44.7803431768951,-20.9675321308695,326,2019-01-07,2021-05-26,91,0.6464,0.0922,2023-02-15,0.053725,-0.207708,NA
-44.7803431768951,-20.967621962398,326,2019-01-07,2021-05-26,90,0.658,0.0779,2023-02-25,0.055446,-0.221153,NA
-44.7803431768951,-20.9677117939264,324,2019-01-07,2021-05-26,88,0.6694,0.0571,2023-05-21,0.045422,-0.240258,NA
-44.7803431768951,-20.9678016254548,326,2019-01-07,2021-05-26,88,0.6197,0.0555,2023-06-10,0.044834,-0.238907,NA
-44.7803431768951,-20.9678914569832,324,2019-01-07,2021-05-26,88,0.5981,0.0566,2023-09-03,-0.008637,-0.155869,NA
-44.7803431768951,-20.9679812885116,323,2019-01-07,2021-05-26,87,0.5753,0.0587,2022-09-03,-0.049916,-0.124857,NA
-44.7803431768951,-20.96807112004,323,2019-01-07,2021-05-26,87,0.5864,0.0629,2022-08-29,-0.02971,-0.113421,NA
-44.7803431768951,-20.9681609515684,322,2019-01-07,2021-05-26,87,0.5795,0.0694,2021-09-03,0.071125,-0.078042,NA
-44.7803431768951,-20.9682507830968,324,2019-01-07,2021-05-26,88,0.5983,0.0704,2021-09-13,0.064938,-0.075484,NA
-44.7803431768951,-20.9683406146253,322,2019-01-07,2021-05-26,88,0.5927,0.0706,2021-09-18,0.073516,-0.090735,NA
-44.7803431768951,-20.9684304461537,324,2019-01-02,2021-05-26,88,0.6215,0.0674,2021-10-03,0.067082,-0.087358,NA
-44.7803431768951,-20.9685202776821,323,2019-01-02,2021-05-26,87,0.6324,0.0688,2021-09-28,0.066179,-0.07566,NA
-44.7803431768951,-20.9686101092105,322,2019-01-02,2021-05-26,87,0.6166,0.0733,2021-09-13,0.068583,-0.056453,NA
-44.7803431768951,-20.9686999407389,322,2019-01-02,2021-05-26,87,0.5576,0.0808,2021-09-13,0.073127,-0.05759,NA
-44.7803431768951,-20.9687897722673,319,2019-01-02,2021-05-26,87,0.5341,0.082,2021-09-03,0.072495,-0.065488,NA
-44.7803431768951,-20.9688796037957,316,2019-01-02,2021-05-26,85,0.6319,0.0737,2021-09-28,0.071471,-0.022291,NA
-44.7803431768951,-20.9689694353241,314,2019-01-02,2021-05-26,84,0.5903,0.0853,2023-04-26,0.09496,0.037624,NA
-44.7803431768951,-20.9690592668525,314,2019-01-02,2021-05-26,84,0.5202,0.0963,2023-04-26,0.11863,0.050114,NA
-44.7803431768951,-20.969149098381,315,2019-01-02,2021-05-26,85,0.5336,0.0972,2023-04-26,0.124926,0.04971,NA
-44.7803431768951,-20.9692389299094,314,2019-01-02,2021-05-26,85,0.5059,0.1061,2023-04-26,0.125921,0.055778,NA
-44.7803431768951,-20.9693287614378,312,2019-01-02,2021-05-26,86,0.4771,0.1106,2023-04-26,0.140456,0.062234,NA
-44.7803431768951,-20.9694185929662,314,2019-01-02,2021-05-26,86,0.5063,0.108,2021-06-05,-0.099621,0.061878,NA
-44.7803431768951,-20.9695084244946,314,2019-01-02,2021-05-26,86,0.5166,0.1114,2021-06-05,-0.106159,0.047709,NA
-44.7803431768951,-20.969598256023,315,2019-01-02,2021-05-26,86,0.5054,0.1154,2021-06-05,-0.114036,0.047299,NA
-44.7803431768951,-20.9696880875514,317,2019-01-02,2021-05-26,87,0.5174,0.1107,2021-06-05,-0.100564,0.051399,NA
-44.7803431768951,-20.9697779190798,320,2019-01-02,2021-05-26,88,0.5212,0.1091,2021-06-05,-0.098831,0.050332,NA
-44.7803431768951,-20.9698677506083,319,2019-01-02,2021-05-26,87,0.5339,0.1102,2021-06-05,-0.091023,0.044379,NA
-44.7803431768951,-20.9699575821367,318,2019-01-02,2021-05-26,87,0.5589,0.1093,2022-08-29,-0.084215,0.046655,NA
-44.7803431768951,-20.9700474136651,320,2019-01-02,2021-05-26,88,0.5548,0.109,2022-08-04,-0.112403,0.040804,NA
-44.7803431768951,-20.9701372451935,317,2019-01-02,2021-05-26,86,0.5386,0.1129,2022-07-25,-0.088934,0.033423,NA
-44.7803431768951,-20.9702270767219,317,2019-01-02,2021-05-26,86,0.5177,0.1174,2022-07-30,-0.109267,0.036122,NA
-44.7803431768951,-20.9703169082503,316,2019-01-02,2021-05-26,87,0.5071,0.1181,2022-08-14,-0.101977,0.04308,NA
-44.7803431768951,-20.9704067397787,317,2019-01-02,2021-05-26,87,0.4834,0.1207,2022-09-03,-0.121698,0.047198,NA
-44.7803431768951,-20.9704965713071,318,2019-01-02,2021-05-26,87,0.4313,0.1304,2022-09-13,-0.127924,0.055929,NA
-44.7803431768951,-20.9705864028356,316,2019-01-02,2021-05-26,87,0.3936,0.1323,2022-09-08,-0.135823,0.040939,NA
-44.7803431768951,-20.970676234364,313,2019-01-02,2021-05-26,87,0.4017,0.1409,2023-10-23,0.097066,0.036395,NA
-44.7803431768951,-20.9707660658924,314,2019-01-02,2021-05-26,87,0.3758,0.1556,2021-10-03,0.139079,0.043496,NA
-44.7803431768951,-20.9708558974208,315,2019-01-02,2021-05-26,87,0.3053,0.1741,2023-10-18,0.143784,0.059251,NA
-44.7803431768951,-20.9709457289492,314,2019-01-02,2021-05-26,86,0.2831,0.1822,2023-10-18,0.139396,0.062086,NA
-44.7803431768951,-20.9710355604776,312,2019-01-02,2021-05-26,85,0.2923,0.1778,2023-10-18,0.138639,0.056801,NA
-44.7803431768951,-20.971125392006,312,2019-01-02,2021-05-26,85,0.2808,0.1811,2023-10-18,0.141646,0.05987,NA
-44.7803431768951,-20.9712152235344,312,2019-01-02,2021-05-26,86,0.2782,0.177,2023-10-18,0.145348,0.065946,NA
-44.7804330084235,-20.9672626362843,331,2019-01-07,2021-05-26,91,0.5022,0.0978,2022-04-21,0.069078,-0.056554,NA
-44.7804330084235,-20.9673524678127,330,2019-01-07,2021-05-26,91,0.5438,0.101,2022-04-21,0.057299,-0.14241,NA
-44.7804330084235,-20.9674422993411,328,2019-01-07,2021-05-26,91,0.5686,0.0978,2023-02-25,0.076819,-0.205791,NA
-44.7804330084235,-20.9675321308695,328,2019-01-07,2021-05-26,91,0.5686,0.0978,2023-02-25,0.076819,-0.205791,NA
-44.7804330084235,-20.967621962398,328,2019-01-07,2021-05-26,90,0.6259,0.0721,2023-06-05,0.056496,-0.235883,NA
-44.7804330084235,-20.9677117939264,329,2019-01-07,2021-05-26,90,0.5761,0.062,2023-06-05,0.053705,-0.252221,NA
-44.7804330084235,-20.9678016254548,325,2019-01-07,2021-05-26,88,0.6189,0.056,2023-06-10,0.039609,-0.19403,NA
-44.7804330084235,-20.9678914569832,325,2019-01-07,2021-05-26,88,0.5953,0.0559,2023-08-24,-0.00669,-0.138683,NA
-44.7804330084235,-20.9679812885116,324,2019-01-07,2021-05-26,87,0.5595,0.0625,2022-08-29,-0.075867,-0.126269,NA
-44.7804330084235,-20.96807112004,323,2019-01-07,2021-05-26,87,0.6636,0.0612,2021-07-15,0.046335,-0.074012,NA
-44.7804330084235,-20.9681609515684,322,2019-01-07,2021-05-26,87,0.5635,0.0721,2021-08-29,0.078788,-0.052738,NA
-44.7804330084235,-20.9682507830968,323,2019-01-07,2021-05-26,88,0.5874,0.071,2021-09-13,0.063787,-0.077539,NA
-44.7804330084235,-20.9683406146253,322,2019-01-02,2021-05-26,88,0.6244,0.0635,2021-10-13,0.057719,-0.079284,NA
-44.7804330084235,-20.9684304461537,323,2019-01-02,2021-05-26,88,0.6083,0.0625,2021-11-17,0.054526,-0.072135,NA
-44.7804330084235,-20.9685202776821,323,2019-01-02,2021-05-26,88,0.6162,0.0672,2021-09-28,0.064889,-0.070045,NA
-44.7804330084235,-20.9686101092105,322,2019-01-02,2021-05-26,87,0.62,0.0728,2021-09-13,0.075603,-0.071543,NA
-44.7804330084235,-20.9686999407389,322,2019-01-02,2021-05-26,87,0.566,0.0801,2021-09-03,0.06796,-0.069723,NA
-44.7804330084235,-20.9687897722673,321,2019-01-02,2021-05-26,87,0.5452,0.0807,2021-09-03,0.071105,-0.078743,NA
-44.7804330084235,-20.9688796037957,316,2019-01-02,2021-05-26,85,0.6621,0.0706,2021-10-03,0.061617,-0.024639,NA
-44.7804330084235,-20.9689694353241,314,2019-01-02,2021-05-26,84,0.5789,0.0898,2023-04-26,0.104349,0.040649,NA
-44.7804330084235,-20.9690592668525,314,2019-01-02,2021-05-26,84,0.529,0.0981,2023-04-26,0.120486,0.050938,NA
-44.7804330084235,-20.969149098381,314,2019-01-02,2021-05-26,84,0.5364,0.0998,2023-04-26,0.128538,0.046406,NA
-44.7804330084235,-20.9692389299094,314,2019-01-02,2021-05-26,85,0.5227,0.106,2023-04-26,0.132599,0.050437,NA
-44.7804330084235,-20.9693287614378,314,2019-01-02,2021-05-26,87,0.4818,0.1113,2023-04-26,0.155956,0.060879,NA
-44.7804330084235,-20.9694185929662,314,2019-01-02,2021-05-26,86,0.5241,0.1056,2021-06-05,-0.098537,0.053409,NA
-44.7804330084235,-20.9695084244946,314,2019-01-02,2021-05-26,86,0.5439,0.1067,2021-06-05,-0.100605,0.046127,NA
-44.7804330084235,-20.969598256023,318,2019-01-02,2021-05-26,88,0.5297,0.1103,2021-06-05,-0.095533,0.050476,NA
-44.7804330084235,-20.9696880875514,318,2019-01-02,2021-05-26,88,0.5366,0.1054,2021-06-05,-0.092143,0.052748,NA
-44.7804330084235,-20.9697779190798,320,2019-01-02,2021-05-26,89,0.5485,0.1033,2021-06-05,-0.086486,0.047239,NA
-44.7804330084235,-20.9698677506083,320,2019-01-02,2021-05-26,88,0.5327,0.1094,2022-09-13,-0.119967,0.047359,NA
-44.7804330084235,-20.9699575821367,321,2019-01-02,2021-05-26,89,0.5275,0.1137,2022-08-29,-0.092216,0.050787,NA
-44.7804330084235,-20.9700474136651,321,2019-01-02,2021-05-26,89,0.528,0.1132,2022-08-04,-0.120345,0.039183,NA
-44.7804330084235,-20.9701372451935,317,2019-01-02,2021-05-26,87,0.5271,0.1131,2022-07-25,-0.08365,0.026193,NA
-44.7804330084235,-20.9702270767219,319,2019-01-02,2021-05-26,89,0.509,0.1182,2022-08-04,-0.128113,0.036277,NA
-44.7804330084235,-20.9703169082503,318,2019-01-02,2021-05-26,87,0.5079,0.1186,2022-08-04,-0.122663,0.041409,NA
-44.7804330084235,-20.9704067397787,316,2019-01-02,2021-05-26,87,0.484,0.1212,2022-09-03,-0.123303,0.048128,NA
-44.7804330084235,-20.9704965713071,318,2019-01-02,2021-05-26,87,0.4364,0.1281,2022-08-29,-0.136371,0.044072,NA
-44.7804330084235,-20.9705864028356,315,2019-01-02,2021-05-26,87,0.4037,0.134,2023-11-22,0.118196,0.012662,NA
-44.7804330084235,-20.970676234364,314,2019-01-02,2021-05-26,87,0.3839,0.1534,2023-10-23,0.099085,0.037013,NA
-44.7804330084235,-20.9707660658924,315,2019-01-02,2021-05-26,88,0.3049,0.1737,2021-10-03,0.160376,0.057437,NA
-44.7804330084235,-20.9708558974208,314,2019-01-02,2021-05-26,86,0.2871,0.1773,2023-10-18,0.136425,0.062347,NA
-44.7804330084235,-20.9709457289492,314,2019-01-02,2021-05-26,86,0.2818,0.1814,2023-10-08,0.149179,0.066569,NA
-44.7804330084235,-20.9710355604776,313,2019-01-02,2021-05-26,85,0.2854,0.1839,2023-10-08,0.154299,0.06347,NA
-44.7804330084235,-20.971125392006,313,2019-01-02,2021-05-26,85,0.2826,0.1788,2023-10-18,0.143219,0.05822,NA
-44.7804330084235,-20.9712152235344,313,2019-01-02,2021-05-26,86,0.2714,0.1767,2023-10-18,0.14305,0.065706,NA
-44.7804330084235,-20.9713050550628,313,2019-01-02,2021-05-26,86,0.2629,0.1766,2023-11-07,0.144006,0.059666,NA
-44.7805228399519,-20.9673524678127,332,2019-01-07,2021-05-26,92,0.5602,0.0819,2023-04-26,0.062216,-0.005969,NA
-44.7805228399519,-20.9674422993411,329,2019-01-07,2021-05-26,91,0.4454,0.0936,2023-05-11,0.107263,-0.089986,NA
-44.7805228399519,-20.9675321308695,329,2019-01-07,2021-05-26,91,0.4454,0.0936,2023-05-11,0.107263,-0.089986,NA
-44.7805228399519,-20.967621962398,328,2019-01-07,2021-05-26,90,0.4487,0.0752,2023-06-05,0.083818,-0.174829,NA
-44.7805228399519,-20.9677117939264,329,2019-01-07,2021-05-26,90,0.466,0.0663,2021-09-08,-0.043345,-0.225647,NA
-44.7805228399519,-20.9678016254548,326,2019-01-07,2021-05-26,89,0.5254,0.0635,2023-09-03,0.000935,-0.167899,NA
-44.7805228399519,-20.9678914569832,325,2019-01-07,2021-05-26,88,0.5617,0.057,2023-08-19,-0.020621,-0.129051,NA
-44.7805228399519,-20.9679812885116,324,2019-01-07,2021-05-26,88,0.5755,0.0631,2022-08-29,-0.00629,-0.124167,NA
-44.7805228399519,-20.96807112004,324,2019-01-07,2021-05-26,87,0.6235,0.0645,2021-07-20,0.046891,-0.068835,NA
-44.7805228399519,-20.9681609515684,323,2019-01-07,2021-05-26,87,0.5679,0.0697,2021-09-03,0.060402,-0.050976,NA
-44.7805228399519,-20.9682507830968,321,2019-01-07,2021-05-26,87,0.6075,0.0658,2021-09-28,0.066975,-0.06989,NA
-44.7805228399519,-20.9683406146253,321,2019-01-02,2021-05-26,88,0.6379,0.0655,2021-08-29,0.060235,-0.066187,NA
-44.7805228399519,-20.9684304461537,322,2019-01-02,2021-05-26,88,0.6639,0.0621,2021-07-25,0.056097,-0.066645,NA
-44.7805228399519,-20.9685202776821,322,2019-01-02,2021-05-26,88,0.6398,0.0665,2021-08-29,0.05523,-0.066458,NA
-44.7805228399519,-20.9686101092105,323,2019-01-02,2021-05-26,88,0.6194,0.0713,2021-09-03,0.058063,-0.064944,NA
-44.7805228399519,-20.9686999407389,323,2019-01-02,2021-05-26,88,0.5846,0.0771,2021-07-25,0.067512,-0.070381,NA
-44.7805228399519,-20.9687897722673,322,2019-01-02,2021-05-26,88,0.5883,0.0747,2021-08-24,0.056149,-0.087786,NA
-44.7805228399519,-20.9688796037957,318,2019-01-02,2021-05-26,85,0.6849,0.0704,2021-10-13,0.060633,-0.025811,NA
-44.7805228399519,-20.9689694353241,318,2019-01-02,2021-05-26,85,0.5991,0.0893,2023-04-21,0.109365,0.036376,NA
-44.7805228399519,-20.9690592668525,317,2019-01-02,2021-05-26,85,0.5485,0.0966,2023-04-26,0.121021,0.04661,NA
-44.7805228399519,-20.969149098381,315,2019-01-02,2021-05-26,84,0.5468,0.1018,2023-04-21,0.132604,0.046235,NA
-44.7805228399519,-20.9692389299094,315,2019-01-02,2021-05-26,85,0.5222,0.1082,2023-04-26,0.139362,0.048078,NA
-44.7805228399519,-20.9693287614378,315,2019-01-02,2021-05-26,86,0.5033,0.1097,2021-06-05,-0.096967,0.056498,NA
-44.7805228399519,-20.9694185929662,315,2019-01-02,2021-05-26,86,0.5148,0.1074,2021-06-05,-0.089456,0.049931,NA
-44.7805228399519,-20.9695084244946,315,2019-01-02,2021-05-26,86,0.5493,0.1048,2021-06-05,-0.101914,0.038461,NA
-44.7805228399519,-20.969598256023,317,2019-01-02,2021-05-26,87,0.5397,0.1093,2021-06-05,-0.092108,0.048179,NA
-44.7805228399519,-20.9696880875514,317,2019-01-02,2021-05-26,87,0.5401,0.1083,2021-06-05,-0.093052,0.050547,NA
-44.7805228399519,-20.9697779190798,317,2019-01-02,2021-05-26,87,0.5584,0.1051,2022-09-13,-0.124683,0.043949,NA
-44.7805228399519,-20.9698677506083,321,2019-01-02,2021-05-26,88,0.5512,0.1083,2022-09-03,-0.096982,0.046312,NA
-44.7805228399519,-20.9699575821367,321,2019-01-02,2021-05-26,88,0.5357,0.1129,2022-08-14,-0.106538,0.046929,NA
-44.7805228399519,-20.9700474136651,320,2019-01-02,2021-05-26,88,0.5222,0.1142,2022-08-04,-0.116188,0.035424,NA
-44.7805228399519,-20.9701372451935,320,2019-01-02,2021-05-26,88,0.5176,0.114,2022-07-30,-0.090013,0.030698,NA
-44.7805228399519,-20.9702270767219,318,2019-01-02,2021-05-26,88,0.526,0.1169,2022-07-30,-0.104402,0.037105,NA
-44.7805228399519,-20.9703169082503,319,2019-01-02,2021-05-26,88,0.5183,0.1185,2022-08-14,-0.108684,0.039698,NA
-44.7805228399519,-20.9704067397787,316,2019-01-02,2021-05-26,86,0.494,0.1204,2022-08-29,-0.097245,0.046102,NA
-44.7805228399519,-20.9704965713071,316,2019-01-02,2021-05-26,86,0.4474,0.124,2022-08-04,-0.140231,0.03167,NA
-44.7805228399519,-20.9705864028356,315,2019-01-02,2021-05-26,86,0.4109,0.1389,2023-11-07,0.069916,0.024546,NA
-44.7805228399519,-20.970676234364,316,2019-01-02,2021-05-26,87,0.3506,0.1619,2023-10-23,0.096183,0.042566,NA
-44.7805228399519,-20.9707660658924,315,2019-01-02,2021-05-26,87,0.2795,0.178,2023-11-02,0.123745,0.067511,NA
-44.7805228399519,-20.9708558974208,313,2019-01-02,2021-05-26,86,0.2734,0.1819,2023-10-18,0.143601,0.069595,NA
-44.7805228399519,-20.9709457289492,313,2019-01-02,2021-05-26,86,0.2761,0.1833,2023-10-18,0.154243,0.071279,NA
-44.7805228399519,-20.9710355604776,315,2019-01-02,2021-05-26,86,0.2833,0.1796,2021-10-03,0.171991,0.067417,NA
-44.7805228399519,-20.971125392006,313,2019-01-02,2021-05-26,85,0.2858,0.1773,2023-10-18,0.144141,0.066435,NA
-44.7805228399519,-20.9712152235344,314,2019-01-02,2021-05-26,86,0.2563,0.1834,2023-10-18,0.154849,0.06664,NA
-44.7805228399519,-20.9713050550628,312,2019-01-02,2021-05-26,86,0.244,0.1884,2023-11-07,0.16113,0.064588,NA
-44.7806126714803,-20.9673524678127,332,2019-01-07,2021-05-26,92,0.7046,0.0662,2021-09-23,0.044446,0.065635,NA
-44.7806126714803,-20.9674422993411,329,2019-01-07,2021-05-26,91,0.7264,0.0513,2021-09-28,0.04847,0.042562,NA
-44.7806126714803,-20.9675321308695,329,2019-01-07,2021-05-26,91,0.7264,0.0513,2021-09-28,0.04847,0.042562,NA
-44.7806126714803,-20.967621962398,327,2019-01-07,2021-05-26,90,0.6319,0.0609,2022-04-26,0.037117,-0.016171,NA
-44.7806126714803,-20.9677117939264,327,2019-01-07,2021-05-26,90,0.5679,0.0669,2023-05-11,0.082051,-0.064887,NA
-44.7806126714803,-20.9678016254548,326,2019-01-07,2021-05-26,90,0.449,0.0725,2023-05-26,0.087111,-0.09992,NA
-44.7806126714803,-20.9678914569832,326,2019-01-07,2021-05-26,89,0.4426,0.0689,2021-09-23,-0.075794,-0.127588,NA
-44.7806126714803,-20.9679812885116,325,2019-01-07,2021-05-26,88,0.5618,0.0697,2022-08-19,-0.009503,-0.115796,NA
-44.7806126714803,-20.96807112004,323,2019-01-07,2021-05-26,87,0.6288,0.0642,2021-09-18,0.068695,-0.072459,NA
-44.7806126714803,-20.9681609515684,319,2019-01-07,2021-05-26,86,0.6225,0.0657,2021-09-28,0.065146,-0.055471,NA
-44.7806126714803,-20.9682507830968,320,2019-01-07,2021-05-26,87,0.5948,0.0687,2021-09-13,0.071254,-0.059782,NA
-44.7806126714803,-20.9683406146253,322,2019-01-02,2021-05-26,88,0.6278,0.067,2021-09-13,0.059455,-0.087235,NA
-44.7806126714803,-20.9684304461537,321,2019-01-02,2021-05-26,88,0.647,0.063,2021-09-03,0.054113,-0.07897,NA
-44.7806126714803,-20.9685202776821,324,2019-01-02,2021-05-26,88,0.6077,0.0676,2021-08-24,0.050854,-0.060641,NA
-44.7806126714803,-20.9686101092105,324,2019-01-02,2021-05-26,89,0.6137,0.0704,2021-08-24,0.050104,-0.056832,NA
-44.7806126714803,-20.9686999407389,324,2019-01-02,2021-05-26,88,0.6037,0.0738,2021-07-25,0.069037,-0.074976,NA
-44.7806126714803,-20.9687897722673,322,2019-01-02,2021-05-26,87,0.6208,0.0708,2021-09-03,0.053137,-0.082267,NA
-44.7806126714803,-20.9688796037957,323,2019-01-02,2021-05-26,87,0.6493,0.0727,2021-11-17,0.061295,-0.011936,NA
-44.7806126714803,-20.9689694353241,320,2019-01-02,2021-05-26,85,0.5812,0.0902,2023-04-21,0.115215,0.03737,NA
-44.7806126714803,-20.9690592668525,319,2019-01-02,2021-05-26,84,0.5548,0.0963,2022-09-13,-0.099901,0.044861,NA
-44.7806126714803,-20.969149098381,321,2019-01-02,2021-05-26,86,0.5335,0.1029,2022-09-13,-0.110075,0.044422,NA
-44.7806126714803,-20.9692389299094,319,2019-01-02,2021-05-26,86,0.517,0.1084,2023-04-26,0.142335,0.042965,NA
-44.7806126714803,-20.9693287614378,316,2019-01-02,2021-05-26,86,0.5027,0.1105,2021-06-05,-0.09907,0.052391,NA
-44.7806126714803,-20.9694185929662,315,2019-01-02,2021-05-26,87,0.4935,0.1115,2021-06-05,-0.098453,0.052094,NA
-44.7806126714803,-20.9695084244946,315,2019-01-02,2021-05-26,87,0.5223,0.1104,2021-06-05,-0.098695,0.03904,NA
-44.7806126714803,-20.969598256023,316,2019-01-02,2021-05-26,87,0.5228,0.1131,2021-06-05,-0.105161,0.0403,NA
-44.7806126714803,-20.9696880875514,317,2019-01-02,2021-05-26,87,0.5395,0.1089,2021-06-05,-0.098265,0.047339,NA
-44.7806126714803,-20.9697779190798,318,2019-01-02,2021-05-26,87,0.5645,0.1077,2023-04-26,0.130481,0.041995,NA
-44.7806126714803,-20.9698677506083,320,2019-01-02,2021-05-26,89,0.5614,0.1096,2022-09-03,-0.099756,0.046457,NA
-44.7806126714803,-20.9699575821367,322,2019-01-02,2021-05-26,89,0.549,0.1108,2022-08-14,-0.119526,0.046746,NA
-44.7806126714803,-20.9700474136651,319,2019-01-02,2021-05-26,88,0.5474,0.1101,2022-08-04,-0.118975,0.040146,NA
-44.7806126714803,-20.9701372451935,319,2019-01-02,2021-05-26,88,0.5417,0.11,2022-08-04,-0.116419,0.034401,NA
-44.7806126714803,-20.9702270767219,318,2019-01-02,2021-05-26,88,0.5298,0.1167,2022-07-30,-0.098535,0.036565,NA
-44.7806126714803,-20.9703169082503,317,2019-01-02,2021-05-26,88,0.511,0.1207,2022-08-19,-0.10677,0.033423,NA
-44.7806126714803,-20.9704067397787,318,2019-01-02,2021-05-26,87,0.4645,0.1241,2022-08-29,-0.115212,0.048207,NA
-44.7806126714803,-20.9704965713071,316,2019-01-02,2021-05-26,86,0.4259,0.1306,2022-08-19,-0.121872,0.015443,NA
-44.7806126714803,-20.9705864028356,317,2019-01-02,2021-05-26,87,0.3581,0.1553,2023-10-23,0.085617,0.040554,NA
-44.7806126714803,-20.970676234364,315,2019-01-02,2021-05-26,86,0.3165,0.1721,2023-10-18,0.117268,0.057978,NA
-44.7806126714803,-20.9707660658924,314,2019-01-02,2021-05-26,85,0.277,0.1835,2023-10-23,0.138383,0.066485,NA
-44.7806126714803,-20.9708558974208,314,2019-01-02,2021-05-26,85,0.269,0.1874,2023-10-23,0.143181,0.068846,NA
-44.7806126714803,-20.9709457289492,314,2019-01-02,2021-05-26,85,0.2836,0.1821,2023-10-23,0.148072,0.059522,NA
-44.7806126714803,-20.9710355604776,313,2019-01-02,2021-05-26,85,0.2987,0.1744,2023-10-23,0.139469,0.061549,NA
-44.7806126714803,-20.971125392006,313,2019-01-02,2021-05-26,85,0.2705,0.1786,2023-11-02,0.151426,0.065892,NA
-44.7806126714803,-20.9712152235344,313,2019-01-02,2021-05-26,86,0.2406,0.1915,2023-11-07,0.166107,0.071812,NA
-44.7806126714803,-20.9713050550628,314,2019-01-02,2021-05-26,87,0.2517,0.1919,2023-11-07,0.172497,0.050023,NA
-44.7806126714803,-20.9713948865913,311,2019-01-02,2021-05-26,85,0.2651,0.1796,NA,NA,0.016139,NA
-44.7807025030087,-20.9672626362843,332,2019-01-07,2021-05-26,92,0.7391,0.0707,2021-10-13,0.052208,0.011369,NA
-44.7807025030087,-20.9673524678127,332,2019-01-07,2021-05-26,92,0.68,0.0786,2021-09-23,0.067743,0.057985,NA
-44.7807025030087,-20.9674422993411,328,2019-01-07,2021-05-26,91,0.7407,0.0584,2021-08-24,0.054676,0.082761,NA
-44.7807025030087,-20.9675321308695,328,2019-01-07,2021-05-26,91,0.7407,0.0584,2021-08-24,0.054676,0.082761,NA
-44.7807025030087,-20.967621962398,326,2019-01-07,2021-05-26,90,0.6977,0.0701,2021-09-08,0.089563,0.063072,NA
-44.7807025030087,-20.9677117939264,326,2019-01-07,2021-05-26,90,0.5984,0.0798,2021-10-03,0.078759,0.051693,NA
-44.7807025030087,-20.9678016254548,325,2019-01-07,2021-05-26,90,0.6032,0.0716,2023-04-21,0.049491,0.034294,NA
-44.7807025030087,-20.9678914569832,326,2019-01-07,2021-05-26,89,0.6802,0.0596,2023-05-01,0.056273,0.003393,NA
-44.7807025030087,-20.9679812885116,324,2019-01-07,2021-05-26,88,0.6347,0.0687,2022-09-13,-0.070245,-0.024644,NA
-44.7807025030087,-20.96807112004,320,2019-01-07,2021-05-26,87,0.511,0.0771,2022-08-19,-0.047654,-0.066157,NA
-44.7807025030087,-20.9681609515684,320,2019-01-07,2021-05-26,87,0.508,0.0764,2022-08-04,-0.034275,-0.079268,NA
-44.7807025030087,-20.9682507830968,322,2019-01-02,2021-05-26,88,0.5539,0.0735,2022-03-07,0.075722,-0.090925,NA
-44.7807025030087,-20.9683406146253,322,2019-01-02,2021-05-26,88,0.6338,0.0674,2021-10-03,0.067357,-0.105412,NA
-44.7807025030087,-20.9684304461537,321,2019-01-02,2021-05-26,88,0.653,0.0649,2021-09-28,0.059339,-0.08291,NA
-44.7807025030087,-20.9685202776821,325,2019-01-02,2021-05-26,88,0.6214,0.0676,2021-07-25,0.057252,-0.057663,NA
-44.7807025030087,-20.9686101092105,325,2019-01-02,2021-05-26,88,0.6208,0.0702,2021-07-25,0.064439,-0.057335,NA
-44.7807025030087,-20.9686999407389,324,2019-01-02,2021-05-26,88,0.5796,0.0755,2021-08-29,0.066946,-0.075668,NA
-44.7807025030087,-20.9687897722673,322,2019-01-02,2021-05-26,87,0.5797,0.0733,2021-10-03,0.065402,-0.09578,NA
-44.7807025030087,-20.9688796037957,323,2019-01-02,2021-05-26,87,0.5998,0.0756,2022-09-13,-0.070131,-0.018581,NA
-44.7807025030087,-20.9689694353241,319,2019-01-02,2021-05-26,84,0.5579,0.0921,2023-04-26,0.117183,0.03619,NA
-44.7807025030087,-20.9690592668525,320,2019-01-02,2021-05-26,86,0.5205,0.0978,2023-04-26,0.126754,0.049027,NA
-44.7807025030087,-20.969149098381,319,2019-01-02,2021-05-26,86,0.5082,0.1044,2023-04-26,0.134149,0.044927,NA
-44.7807025030087,-20.9692389299094,320,2019-01-02,2021-05-26,86,0.4998,0.1095,2021-06-05,-0.086855,0.037761,NA
-44.7807025030087,-20.9693287614378,320,2019-01-02,2021-05-26,86,0.5126,0.1086,2021-06-05,-0.099402,0.044241,NA
-44.7807025030087,-20.9694185929662,315,2019-01-02,2021-05-26,87,0.5052,0.1111,2021-06-05,-0.093423,0.051082,NA
-44.7807025030087,-20.9695084244946,315,2019-01-02,2021-05-26,87,0.5249,0.112,2021-06-05,-0.09863,0.044684,NA
-44.7807025030087,-20.969598256023,316,2019-01-02,2021-05-26,87,0.5278,0.1137,2021-06-05,-0.095473,0.04857,NA
-44.7807025030087,-20.9696880875514,316,2019-01-02,2021-05-26,87,0.5371,0.1089,2021-06-05,-0.098212,0.049723,NA
-44.7807025030087,-20.9697779190798,316,2019-01-02,2021-05-26,87,0.5599,0.1074,2023-05-01,0.122633,0.041535,NA
-44.7807025030087,-20.9698677506083,320,2019-01-02,2021-05-26,89,0.5621,0.1093,2022-09-03,-0.102868,0.043368,NA
-44.7807025030087,-20.9699575821367,321,2019-01-02,2021-05-26,90,0.5693,0.1084,2022-08-14,-0.099456,0.033898,NA
-44.7807025030087,-20.9700474136651,319,2019-01-02,2021-05-26,88,0.5768,0.1073,2022-08-04,-0.113505,0.033536,NA
-44.7807025030087,-20.9701372451935,318,2019-01-02,2021-05-26,88,0.5619,0.1079,2022-08-04,-0.123967,0.02215,NA
-44.7807025030087,-20.9702270767219,318,2019-01-02,2021-05-26,88,0.5322,0.1166,2022-08-04,-0.108667,0.021708,NA
-44.7807025030087,-20.9703169082503,317,2019-01-02,2021-05-26,87,0.5203,0.1202,2022-08-14,-0.107497,0.02906,NA
-44.7807025030087,-20.9704067397787,320,2019-01-02,2021-05-26,89,0.4153,0.1341,2022-08-04,-0.115996,0.033294,NA
-44.7807025030087,-20.9704965713071,319,2019-01-02,2021-05-26,87,0.3778,0.146,2023-11-12,0.117364,0.028306,NA
-44.7807025030087,-20.9705864028356,317,2019-01-02,2021-05-26,87,0.3262,0.1666,2021-10-03,0.152461,0.054877,NA
-44.7807025030087,-20.970676234364,317,2019-01-02,2021-05-26,86,0.287,0.1781,2023-10-18,0.148802,0.061901,NA
-44.7807025030087,-20.9707660658924,315,2019-01-02,2021-05-26,85,0.2672,0.1872,2023-10-23,0.146495,0.065119,NA
-44.7807025030087,-20.9708558974208,315,2019-01-02,2021-05-26,85,0.2682,0.19,2023-10-23,0.148365,0.072165,NA
-44.7807025030087,-20.9709457289492,316,2019-01-02,2021-05-26,85,0.2863,0.181,2023-10-23,0.137843,0.067201,NA
-44.7807025030087,-20.9710355604776,316,2019-01-02,2021-05-26,85,0.2844,0.1788,2023-11-02,0.144232,0.067632,NA
-44.7807025030087,-20.971125392006,315,2019-01-02,2021-05-26,86,0.2569,0.1872,2023-11-07,0.173564,0.077695,NA
-44.7807025030087,-20.9712152235344,313,2019-01-02,2021-05-26,85,0.2518,0.1891,2023-11-22,0.181671,0.060074,NA
-44.7807025030087,-20.9713050550628,311,2019-01-02,2021-05-26,85,0.2824,0.1812,2023-12-02,0.164373,0.031078,NA
-44.7807025030087,-20.9713948865913,312,2019-01-02,2021-05-26,86,0.3143,0.1649,2024-03-16,0.135653,0.023424,NA
-44.7807923345371,-20.9672626362843,333,2019-01-07,2021-05-26,92,0.7778,0.0635,2021-10-13,0.055609,0.01961,NA
-44.7807923345371,-20.9673524678127,331,2019-01-07,2021-05-26,91,0.7956,0.057,2021-09-23,0.062422,0.057215,NA
-44.7807923345371,-20.9674422993411,331,2019-01-07,2021-05-26,91,0.7956,0.057,2021-09-23,0.062422,0.057215,NA
-44.7807923345371,-20.9675321308695,329,2019-01-07,2021-05-26,91,0.7993,0.0539,2021-08-24,0.070532,0.082647,NA
-44.7807923345371,-20.967621962398,326,2019-01-07,2021-05-26,90,0.7264,0.069,2021-09-28,0.078871,0.037704,NA
-44.7807923345371,-20.9677117939264,325,2019-01-07,2021-05-26,89,0.6191,0.0856,2021-06-05,-0.051576,0.027576,NA
-44.7807923345371,-20.9678016254548,324,2019-01-07,2021-05-26,89,0.5115,0.1045,2023-05-11,0.126619,0.057761,NA
-44.7807923345371,-20.9678914569832,323,2019-01-07,2021-05-26,89,0.5064,0.1024,2022-04-11,0.080864,0.068359,NA
-44.7807923345371,-20.9679812885116,322,2019-01-07,2021-05-26,89,0.5969,0.0857,2021-10-03,0.068344,0.07092,NA
-44.7807923345371,-20.96807112004,322,2019-01-07,2021-05-26,88,0.6269,0.0755,2021-10-13,0.052789,0.039831,NA
-44.7807923345371,-20.9681609515684,321,2019-01-07,2021-05-26,88,0.6341,0.0702,2022-09-13,-0.053416,0.0082,NA
-44.7807923345371,-20.9682507830968,322,2019-01-02,2021-05-26,88,0.5964,0.0722,2022-08-14,-0.048637,-0.045091,NA
-44.7807923345371,-20.9683406146253,324,2019-01-02,2021-05-26,88,0.5576,0.0758,2022-08-04,-0.056183,-0.086068,NA
-44.7807923345371,-20.9684304461537,321,2019-01-02,2021-05-26,88,0.5285,0.0755,2022-07-30,-0.06314,-0.084775,NA
-44.7807923345371,-20.9685202776821,324,2019-01-02,2021-05-26,88,0.5501,0.0747,2022-03-07,0.079337,-0.089369,NA
-44.7807923345371,-20.9686101092105,325,2019-01-02,2021-05-26,88,0.5977,0.0738,2021-09-18,0.069235,-0.075652,NA
-44.7807923345371,-20.9686999407389,325,2019-01-02,2021-05-26,88,0.5709,0.0775,2021-09-13,0.064847,-0.086519,NA
-44.7807923345371,-20.9687897722673,321,2019-01-02,2021-05-26,87,0.5774,0.0753,2021-09-13,0.055394,-0.084976,NA
-44.7807923345371,-20.9688796037957,321,2019-01-02,2021-05-26,87,0.5945,0.0811,2022-09-08,-0.072023,-0.019632,NA
-44.7807923345371,-20.9689694353241,322,2019-01-02,2021-05-26,88,0.5131,0.0959,2023-05-01,0.124111,0.038161,NA
-44.7807923345371,-20.9690592668525,320,2019-01-02,2021-05-26,86,0.5207,0.0975,2023-05-01,0.119071,0.043381,NA
-44.7807923345371,-20.969149098381,320,2019-01-02,2021-05-26,87,0.5207,0.102,2023-04-26,0.128229,0.048564,NA
-44.7807923345371,-20.9692389299094,320,2019-01-02,2021-05-26,87,0.524,0.1048,2021-06-05,-0.084348,0.044815,NA
-44.7807923345371,-20.9693287614378,320,2019-01-02,2021-05-26,86,0.5437,0.1048,2021-06-05,-0.096974,0.038089,NA
-44.7807923345371,-20.9694185929662,317,2019-01-02,2021-05-26,86,0.5333,0.1076,2021-06-05,-0.092743,0.037215,NA
-44.7807923345371,-20.9695084244946,317,2019-01-02,2021-05-26,87,0.5283,0.1102,2021-06-05,-0.089704,0.040546,NA
-44.7807923345371,-20.969598256023,317,2019-01-02,2021-05-26,87,0.5067,0.1149,2021-06-05,-0.099141,0.05385,NA
-44.7807923345371,-20.9696880875514,316,2019-01-02,2021-05-26,87,0.525,0.1116,2021-06-05,-0.096577,0.05313,NA
-44.7807923345371,-20.9697779190798,316,2019-01-02,2021-05-26,87,0.553,0.1085,2021-06-05,-0.095313,0.041404,NA
-44.7807923345371,-20.9698677506083,320,2019-01-02,2021-05-26,89,0.5552,0.1097,2022-09-03,-0.110678,0.03498,NA
-44.7807923345371,-20.9699575821367,320,2019-01-02,2021-05-26,89,0.5788,0.1067,2022-08-04,-0.105912,0.02673,NA
-44.7807923345371,-20.9700474136651,320,2019-01-02,2021-05-26,89,0.5775,0.1073,2022-08-04,-0.127769,0.030625,NA
-44.7807923345371,-20.9701372451935,318,2019-01-02,2021-05-26,88,0.5608,0.1095,2022-07-30,-0.10246,0.02007,NA
-44.7807923345371,-20.9702270767219,320,2019-01-02,2021-05-26,88,0.5196,0.1196,2022-08-14,-0.116873,0.017669,NA
-44.7807923345371,-20.9703169082503,321,2019-01-02,2021-05-26,89,0.4757,0.1264,2022-08-14,-0.121098,0.034107,NA
-44.7807923345371,-20.9704067397787,319,2019-01-02,2021-05-26,88,0.4132,0.133,2022-08-04,-0.133677,0.017325,NA
-44.7807923345371,-20.9704965713071,318,2019-01-02,2021-05-26,87,0.3723,0.1479,2023-11-07,0.083474,0.03223,NA
-44.7807923345371,-20.9705864028356,318,2019-01-02,2021-05-26,87,0.3265,0.162,2021-09-18,0.167493,0.050574,NA
-44.7807923345371,-20.970676234364,318,2019-01-02,2021-05-26,87,0.2852,0.1727,2023-10-18,0.146685,0.065329,NA
-44.7807923345371,-20.9707660658924,318,2019-01-02,2021-05-26,86,0.2694,0.1837,2023-10-23,0.151612,0.069489,NA
-44.7807923345371,-20.9708558974208,318,2019-01-02,2021-05-26,85,0.2927,0.1858,2023-10-23,0.148207,0.071801,NA
-44.7807923345371,-20.9709457289492,318,2019-01-02,2021-05-26,85,0.2864,0.1853,2023-10-23,0.152323,0.073984,NA
-44.7807923345371,-20.9710355604776,316,2019-01-02,2021-05-26,85,0.279,0.186,2023-10-23,0.152312,0.076722,NA
-44.7807923345371,-20.971125392006,314,2019-01-02,2021-05-26,85,0.2644,0.1851,2023-11-07,0.166858,0.070147,NA
-44.7807923345371,-20.9712152235344,314,2019-01-02,2021-05-26,85,0.2822,0.181,2023-12-02,0.166709,0.045896,NA
-44.7807923345371,-20.9713050550628,311,2019-01-02,2021-05-26,85,0.322,0.1675,2021-09-28,0.155556,0.029535,NA
-44.7807923345371,-20.9713948865913,310,2019-01-02,2021-05-26,84,0.3679,0.1531,2023-12-02,0.165062,0.036898,NA
-44.7808821660655,-20.9671728047559,335,2019-01-07,2021-05-26,92,0.7759,0.063,2021-10-13,0.075403,0.010424,NA
-44.7808821660655,-20.9672626362843,335,2019-01-07,2021-05-26,93,0.7616,0.064,2021-10-13,0.051054,0.040183,NA
-44.7808821660655,-20.9673524678127,333,2019-01-07,2021-05-26,92,0.8288,0.0489,2021-09-08,0.038904,0.096895,NA
-44.7808821660655,-20.9674422993411,333,2019-01-07,2021-05-26,92,0.8288,0.0489,2021-09-08,0.038904,0.096895,NA
-44.7808821660655,-20.9675321308695,328,2019-01-07,2021-05-26,90,0.8063,0.0542,2021-08-19,0.053562,0.07749,NA
-44.7808821660655,-20.967621962398,325,2019-01-07,2021-05-26,89,0.7683,0.0603,2021-09-23,0.061604,0.03756,NA
-44.7808821660655,-20.9677117939264,325,2019-01-07,2021-05-26,89,0.6665,0.0743,2022-03-02,0.047191,0.01424,NA
-44.7808821660655,-20.9678016254548,323,2019-01-07,2021-05-26,89,0.5811,0.0892,2021-06-05,-0.066672,0.030745,NA
-44.7808821660655,-20.9678914569832,320,2019-01-07,2021-05-26,89,0.5655,0.0965,2021-06-05,-0.071808,0.047562,NA
-44.7808821660655,-20.9679812885116,320,2019-01-07,2021-05-26,89,0.5674,0.1014,2022-04-21,0.092464,0.054125,NA
-44.7808821660655,-20.96807112004,321,2019-01-07,2021-05-26,88,0.5347,0.1129,2022-04-21,0.09627,0.069098,NA
-44.7808821660655,-20.9681609515684,322,2019-01-07,2021-05-26,89,0.5184,0.1141,2022-04-21,0.104494,0.074985,NA
-44.7808821660655,-20.9682507830968,322,2019-01-02,2021-05-26,89,0.579,0.0973,2022-03-22,0.089989,0.064177,NA
-44.7808821660655,-20.9683406146253,321,2019-01-02,2021-05-26,88,0.6253,0.0849,2021-11-17,0.067454,0.039675,NA
-44.7808821660655,-20.9684304461537,321,2019-01-02,2021-05-26,88,0.6268,0.075,2024-03-31,0.064782,0.017692,NA
-44.7808821660655,-20.9685202776821,322,2019-01-02,2021-05-26,88,0.6504,0.0668,2021-11-17,0.038295,-0.014988,NA
-44.7808821660655,-20.9686101092105,324,2019-01-02,2021-05-26,88,0.5825,0.0729,2022-08-29,-0.049326,-0.04583,NA
-44.7808821660655,-20.9686999407389,322,2019-01-02,2021-05-26,87,0.5097,0.0796,2022-08-29,-0.075199,-0.080329,NA
-44.7808821660655,-20.9687897722673,323,2019-01-02,2021-05-26,88,0.5096,0.0785,2022-08-19,-0.062609,-0.090354,NA
-44.7808821660655,-20.9688796037957,321,2019-01-02,2021-05-26,88,0.5655,0.0842,2022-09-13,-0.085166,-0.027832,NA
-44.7808821660655,-20.9689694353241,322,2019-01-02,2021-05-26,88,0.5351,0.0974,2023-05-11,0.107533,0.031417,NA
-44.7808821660655,-20.9690592668525,322,2019-01-02,2021-05-26,88,0.5222,0.1009,2023-05-11,0.117159,0.042692,NA
-44.7808821660655,-20.969149098381,321,2019-01-02,2021-05-26,87,0.5346,0.1025,2023-05-01,0.128222,0.050174,NA
-44.7808821660655,-20.9692389299094,320,2019-01-02,2021-05-26,87,0.5384,0.1042,2021-06-05,-0.096587,0.040995,NA
-44.7808821660655,-20.9693287614378,318,2019-01-02,2021-05-26,86,0.5509,0.106,2021-06-05,-0.098478,0.032706,NA
-44.7808821660655,-20.9694185929662,318,2019-01-02,2021-05-26,86,0.5498,0.108,2021-06-05,-0.10297,0.034343,NA
-44.7808821660655,-20.9695084244946,317,2019-01-02,2021-05-26,86,0.5378,0.1105,2021-06-05,-0.098526,0.038404,NA
-44.7808821660655,-20.969598256023,317,2019-01-02,2021-05-26,87,0.4943,0.1167,2021-06-05,-0.100487,0.046996,NA
-44.7808821660655,-20.9696880875514,317,2019-01-02,2021-05-26,87,0.5197,0.1119,2021-06-05,-0.095569,0.045161,NA
-44.7808821660655,-20.9697779190798,317,2019-01-02,2021-05-26,88,0.5509,0.1086,2021-06-05,-0.099742,0.035098,NA
-44.7808821660655,-20.9698677506083,319,2019-01-02,2021-05-26,88,0.5537,0.1102,2021-06-05,-0.099488,0.025692,NA
-44.7808821660655,-20.9699575821367,320,2019-01-02,2021-05-26,89,0.5645,0.1095,2021-06-05,-0.088406,0.022726,NA
-44.7808821660655,-20.9700474136651,320,2019-01-02,2021-05-26,89,0.5704,0.1085,2022-08-04,-0.112751,0.030062,NA
-44.7808821660655,-20.9701372451935,321,2019-01-02,2021-05-26,88,0.5657,0.1091,2022-08-04,-0.120126,0.024536,NA
-44.7808821660655,-20.9702270767219,320,2019-01-02,2021-05-26,88,0.5,0.1243,2022-08-19,-0.120931,0.022222,NA
-44.7808821660655,-20.9703169082503,321,2019-01-02,2021-05-26,89,0.4574,0.1248,2022-08-04,-0.119508,0.039522,NA
-44.7808821660655,-20.9704067397787,320,2019-01-02,2021-05-26,87,0.4009,0.1341,2022-08-29,-0.120495,0.014117,NA
-44.7808821660655,-20.9704965713071,320,2019-01-02,2021-05-26,87,0.3668,0.1396,2023-11-07,0.105663,0.030013,NA
-44.7808821660655,-20.9705864028356,319,2019-01-02,2021-05-26,87,0.3228,0.1222,2023-11-22,0.114767,0.019901,NA
-44.7808821660655,-20.970676234364,320,2019-01-02,2021-05-26,87,0.2966,0.1487,2023-11-07,0.139356,0.047873,NA
-44.7808821660655,-20.9707660658924,318,2019-01-02,2021-05-26,86,0.2874,0.1763,2023-10-18,0.142514,0.069293,NA
-44.7808821660655,-20.9708558974208,317,2019-01-02,2021-05-26,86,0.2931,0.18,2023-10-23,0.141497,0.071697,NA
-44.7808821660655,-20.9709457289492,317,2019-01-02,2021-05-26,86,0.2897,0.1825,2023-10-23,0.153047,0.077844,NA
-44.7808821660655,-20.9710355604776,315,2019-01-02,2021-05-26,84,0.2998,0.1798,2021-09-28,0.170501,0.072715,NA
-44.7808821660655,-20.971125392006,314,2019-01-02,2021-05-26,84,0.3022,0.1778,2021-10-03,0.158432,0.05347,NA
-44.7808821660655,-20.9712152235344,314,2019-01-02,2021-05-26,85,0.3021,0.1744,2023-12-02,0.164444,0.048068,NA
-44.7808821660655,-20.9713050550628,313,2019-01-02,2021-05-26,83,0.3484,0.1554,2023-11-22,0.165836,0.033607,NA
-44.7808821660655,-20.9713948865913,309,2019-01-02,2021-05-26,83,0.4002,0.142,2023-11-12,0.119038,0.025264,NA
-44.7808821660655,-20.9714847181197,309,2019-01-02,2021-05-26,84,0.386,0.1384,2023-11-12,0.098665,0.026046,NA
-44.7809719975939,-20.9671728047559,336,2019-01-07,2021-05-26,93,0.7601,0.0647,2021-10-13,0.074743,0.018373,NA
-44.7809719975939,-20.9672626362843,336,2019-01-07,2021-05-26,93,0.7402,0.0661,2021-11-17,0.063566,0.051524,NA
-44.7809719975939,-20.9673524678127,333,2019-01-07,2021-05-26,93,0.7935,0.0565,2021-09-13,0.035452,0.137414,NA
-44.7809719975939,-20.9674422993411,333,2019-01-07,2021-05-26,93,0.7935,0.0565,2021-09-13,0.035452,0.137414,NA
-44.7809719975939,-20.9675321308695,329,2019-01-07,2021-05-26,91,0.7949,0.0581,2021-08-29,0.056979,0.0979,NA
-44.7809719975939,-20.967621962398,328,2019-01-07,2021-05-26,89,0.781,0.0573,2021-09-18,0.066339,0.044653,NA
-44.7809719975939,-20.9677117939264,326,2019-01-07,2021-05-26,89,0.7023,0.0692,2021-10-13,0.04849,0.033535,NA
-44.7809719975939,-20.9678016254548,321,2019-01-07,2021-05-26,89,0.6154,0.0804,2022-04-11,0.059234,0.025909,NA
-44.7809719975939,-20.9678914569832,320,2019-01-07,2021-05-26,89,0.5601,0.0913,2021-06-05,-0.066895,0.050922,NA
-44.7809719975939,-20.9679812885116,322,2019-01-07,2021-05-26,89,0.5517,0.0946,2021-06-05,-0.072808,0.047755,NA
-44.7809719975939,-20.96807112004,323,2019-01-07,2021-05-26,88,0.5347,0.1005,2021-06-05,-0.076937,0.040961,NA
-44.7809719975939,-20.9681609515684,325,2019-01-07,2021-05-26,89,0.5101,0.1079,2021-06-05,-0.08442,0.053749,NA
-44.7809719975939,-20.9682507830968,324,2019-01-02,2021-05-26,89,0.5224,0.1077,2023-05-11,0.131801,0.063968,NA
-44.7809719975939,-20.9683406146253,322,2019-01-02,2021-05-26,89,0.5165,0.1106,2023-05-01,0.130284,0.066764,NA
-44.7809719975939,-20.9684304461537,321,2019-01-02,2021-05-26,89,0.5147,0.112,2022-04-21,0.094309,0.071091,NA
-44.7809719975939,-20.9685202776821,321,2019-01-02,2021-05-26,89,0.563,0.1012,2022-04-16,0.102075,0.070256,NA
-44.7809719975939,-20.9686101092105,321,2019-01-02,2021-05-26,88,0.5607,0.0964,2022-04-21,0.094441,0.051114,NA
-44.7809719975939,-20.9686999407389,323,2019-01-02,2021-05-26,88,0.6034,0.0835,2023-05-16,0.090091,0.030209,NA
-44.7809719975939,-20.9687897722673,323,2019-01-02,2021-05-26,88,0.617,0.0753,2022-12-17,-0.085448,0.002258,NA
-44.7809719975939,-20.9688796037957,323,2019-01-02,2021-05-26,89,0.5947,0.0759,2023-05-16,0.08686,0.017479,NA
-44.7809719975939,-20.9689694353241,322,2019-01-02,2021-05-26,88,0.5425,0.086,2022-09-13,-0.071228,0.044135,NA
-44.7809719975939,-20.9690592668525,321,2019-01-02,2021-05-26,88,0.5162,0.0961,2021-06-10,-0.076996,0.040566,NA
-44.7809719975939,-20.969149098381,320,2019-01-02,2021-05-26,87,0.5301,0.1023,2023-05-01,0.1316,0.051929,NA
-44.7809719975939,-20.9692389299094,321,2019-01-02,2021-05-26,87,0.5267,0.1086,2021-06-05,-0.097074,0.041228,NA
-44.7809719975939,-20.9693287614378,318,2019-01-02,2021-05-26,86,0.5432,0.11,2021-06-05,-0.112395,0.036296,NA
-44.7809719975939,-20.9694185929662,317,2019-01-02,2021-05-26,86,0.5548,0.1089,2021-06-05,-0.1039,0.033783,NA
-44.7809719975939,-20.9695084244946,316,2019-01-02,2021-05-26,86,0.5497,0.109,2021-06-05,-0.102285,0.036685,NA
-44.7809719975939,-20.969598256023,317,2019-01-02,2021-05-26,87,0.516,0.1137,2021-06-05,-0.095602,0.046372,NA
-44.7809719975939,-20.9696880875514,317,2019-01-02,2021-05-26,87,0.5274,0.1097,2021-06-05,-0.10214,0.039584,NA
-44.7809719975939,-20.9697779190798,319,2019-01-02,2021-05-26,88,0.5405,0.109,2021-06-05,-0.098474,0.030415,NA
-44.7809719975939,-20.9698677506083,319,2019-01-02,2021-05-26,88,0.5502,0.1108,2021-06-05,-0.094014,0.022599,NA
-44.7809719975939,-20.9699575821367,319,2019-01-02,2021-05-26,88,0.5702,0.109,2022-08-19,-0.09343,0.022121,NA
-44.7809719975939,-20.9700474136651,319,2019-01-02,2021-05-26,88,0.567,0.1095,2022-08-04,-0.10775,0.028148,NA
-44.7809719975939,-20.9701372451935,319,2019-01-02,2021-05-26,86,0.5695,0.1104,2022-08-04,-0.117369,0.020474,NA
-44.7809719975939,-20.9702270767219,322,2019-01-02,2021-05-26,89,0.4812,0.1262,2022-08-29,-0.119978,0.036974,NA
-44.7809719975939,-20.9703169082503,321,2019-01-02,2021-05-26,89,0.4274,0.1255,2022-07-30,-0.113245,0.023073,NA
-44.7809719975939,-20.9704067397787,321,2019-01-02,2021-05-26,88,0.3579,0.1426,2023-11-07,0.086916,0.030436,NA
-44.7809719975939,-20.9704965713071,321,2019-01-02,2021-05-26,88,0.3488,0.1486,2021-09-28,0.13641,0.033232,NA
-44.7809719975939,-20.9705864028356,318,2019-01-02,2021-05-26,87,0.3191,0.1334,2023-12-02,0.151485,0.017292,NA
-44.7809719975939,-20.970676234364,317,2019-01-02,2021-05-26,87,0.3175,0.1496,2021-09-28,0.143849,0.042024,NA
-44.7809719975939,-20.9707660658924,318,2019-01-02,2021-05-26,87,0.3015,0.1676,2021-10-03,0.156481,0.062302,NA
-44.7809719975939,-20.9708558974208,317,2019-01-02,2021-05-26,86,0.2949,0.1739,2023-11-02,0.139846,0.066845,NA
-44.7809719975939,-20.9709457289492,317,2019-01-02,2021-05-26,86,0.3124,0.1769,2021-10-13,0.176129,0.06331,NA
-44.7809719975939,-20.9710355604776,315,2019-01-02,2021-05-26,85,0.3361,0.1716,2021-09-28,0.161402,0.052894,NA
-44.7809719975939,-20.971125392006,314,2019-01-02,2021-05-26,84,0.3307,0.169,2021-11-07,0.160503,0.036727,NA
-44.7809719975939,-20.9712152235344,314,2019-01-02,2021-05-26,84,0.3745,0.1494,2023-11-22,0.123936,0.050114,NA
-44.7810618291224,-20.9671728047559,335,2019-01-07,2021-05-26,94,0.7195,0.0699,2021-10-13,0.070818,0.031194,NA
-44.7810618291224,-20.9672626362843,334,2019-01-07,2021-05-26,94,0.7108,0.0676,2021-10-03,0.079751,0.063556,NA
-44.7810618291224,-20.9673524678127,332,2019-01-07,2021-05-26,92,0.7559,0.0607,2021-08-29,0.048121,0.080739,NA
-44.7810618291224,-20.9674422993411,332,2019-01-07,2021-05-26,92,0.7559,0.0607,2021-08-29,0.048121,0.080739,NA
-44.7810618291224,-20.9675321308695,330,2019-01-07,2021-05-26,91,0.7676,0.058,2021-09-28,0.057173,0.048202,NA
-44.7810618291224,-20.967621962398,327,2019-01-07,2021-05-26,90,0.7708,0.055,2021-09-18,0.056599,0.023537,NA
-44.7810618291224,-20.9677117939264,324,2019-01-07,2021-05-26,89,0.7472,0.0604,2021-09-23,0.054167,0.035128,NA
-44.7810618291224,-20.9678016254548,326,2019-01-07,2021-05-26,89,0.6563,0.0723,2022-03-02,0.046368,0.03081,NA
-44.7810618291224,-20.9678914569832,324,2019-01-07,2021-05-26,89,0.5491,0.0898,2022-05-01,0.092588,0.04346,NA
-44.7810618291224,-20.9679812885116,324,2019-01-07,2021-05-26,89,0.5316,0.0943,2022-05-01,0.085248,0.05939,NA
-44.7810618291224,-20.96807112004,324,2019-01-07,2021-05-26,87,0.5564,0.0934,2022-04-26,0.085613,0.056438,NA
-44.7810618291224,-20.9681609515684,324,2019-01-07,2021-05-26,88,0.5473,0.0975,2021-06-05,-0.075274,0.055082,NA
-44.7810618291224,-20.9682507830968,324,2019-01-02,2021-05-26,89,0.5038,0.106,2023-05-11,0.127767,0.061014,NA
-44.7810618291224,-20.9683406146253,322,2019-01-02,2021-05-26,89,0.5008,0.1057,2021-06-05,-0.077925,0.055933,NA
-44.7810618291224,-20.9684304461537,319,2019-01-02,2021-05-26,88,0.505,0.1065,2021-06-05,-0.090282,0.053011,NA
-44.7810618291224,-20.9685202776821,319,2019-01-02,2021-05-26,88,0.5179,0.1074,2021-06-05,-0.089378,0.05181,NA
-44.7810618291224,-20.9686101092105,323,2019-01-02,2021-05-26,89,0.5148,0.1109,2023-05-01,0.130641,0.059018,NA
-44.7810618291224,-20.9686999407389,322,2019-01-02,2021-05-26,88,0.5342,0.1099,2023-05-01,0.141075,0.063558,NA
-44.7810618291224,-20.9687897722673,322,2019-01-02,2021-05-26,88,0.5337,0.1071,2022-04-16,0.08723,0.069503,NA
-44.7810618291224,-20.9688796037957,323,2019-01-02,2021-05-26,89,0.5283,0.1021,2022-04-16,0.077604,0.072406,NA
-44.7810618291224,-20.9689694353241,323,2019-01-02,2021-05-26,89,0.5974,0.0855,2022-04-16,0.072227,0.069108,NA
-44.7810618291224,-20.9690592668525,322,2019-01-02,2021-05-26,88,0.6283,0.0804,2021-06-05,-0.06721,0.047865,NA
-44.7810618291224,-20.969149098381,320,2019-01-02,2021-05-26,87,0.5564,0.0952,2021-06-05,-0.083127,0.038407,NA
-44.7810618291224,-20.9692389299094,319,2019-01-02,2021-05-26,87,0.4963,0.1111,2021-06-05,-0.110122,0.036766,NA
-44.7810618291224,-20.9693287614378,318,2019-01-02,2021-05-26,86,0.5223,0.1135,2021-06-05,-0.115767,0.034156,NA
-44.7810618291224,-20.9694185929662,315,2019-01-02,2021-05-26,86,0.5542,0.1101,2021-06-05,-0.098977,0.035295,NA
-44.7810618291224,-20.9695084244946,315,2019-01-02,2021-05-26,86,0.5692,0.1063,2021-06-05,-0.08745,0.034889,NA
-44.7810618291224,-20.969598256023,316,2019-01-02,2021-05-26,87,0.5362,0.1101,2022-09-13,-0.131799,0.04357,NA
-44.7810618291224,-20.9696880875514,318,2019-01-02,2021-05-26,88,0.5337,0.1099,2021-06-05,-0.091744,0.042531,NA
-44.7810618291224,-20.9697779190798,317,2019-01-02,2021-05-26,87,0.5646,0.1064,2021-06-05,-0.089337,0.033014,NA
-44.7810618291224,-20.9698677506083,319,2019-01-02,2021-05-26,88,0.571,0.1076,2021-06-05,-0.08926,0.027617,NA
-44.7810618291224,-20.9699575821367,319,2019-01-02,2021-05-26,88,0.5702,0.1081,2021-06-05,-0.073712,0.023262,NA
-44.7810618291224,-20.9700474136651,318,2019-01-02,2021-05-26,88,0.5653,0.1104,2022-08-14,-0.092941,0.022761,NA
-44.7810618291224,-20.9701372451935,318,2019-01-02,2021-05-26,86,0.5444,0.1167,2022-08-19,-0.092248,0.021908,NA
-44.7810618291224,-20.9702270767219,320,2019-01-02,2021-05-26,88,0.4348,0.1351,2022-09-03,-0.126611,0.038491,NA
-44.7810618291224,-20.9703169082503,317,2019-01-02,2021-05-26,86,0.4026,0.1314,2022-08-19,-0.126224,0.024419,NA
-44.7810618291224,-20.9704067397787,317,2019-01-02,2021-05-26,86,0.3593,0.1512,2023-10-18,0.104916,0.037967,NA
-44.7810618291224,-20.9704965713071,319,2019-01-02,2021-05-26,87,0.317,0.1663,2021-09-28,0.169921,0.054193,NA
-44.7810618291224,-20.9705864028356,317,2019-01-02,2021-05-26,85,0.3206,0.1731,2021-09-18,0.168709,0.048264,NA
-44.7810618291224,-20.970676234364,316,2019-01-02,2021-05-26,85,0.3206,0.1704,2021-09-28,0.162499,0.059784,NA
-44.7810618291224,-20.9707660658924,315,2019-01-02,2021-05-26,86,0.3086,0.1735,2021-09-28,0.165785,0.071498,NA
-44.7810618291224,-20.9708558974208,315,2019-01-02,2021-05-26,85,0.3179,0.1737,2021-09-13,0.169133,0.054151,NA
-44.7810618291224,-20.9709457289492,314,2019-01-02,2021-05-26,84,0.3264,0.173,2021-09-28,0.158916,0.041518,NA
-44.7810618291224,-20.9710355604776,313,2019-01-02,2021-05-26,84,0.3684,0.1622,2024-03-16,0.126161,0.040325,NA
-44.7811516606508,-20.9670829732275,334,2019-01-07,2021-05-26,93,0.7584,0.0644,2021-10-13,0.073469,0.023281,NA
-44.7811516606508,-20.9671728047559,334,2019-01-07,2021-05-26,94,0.7114,0.0688,2021-10-13,0.075112,0.042611,NA
-44.7811516606508,-20.9672626362843,332,2019-01-07,2021-05-26,93,0.7349,0.0617,2021-10-03,0.071775,0.060973,NA
-44.7811516606508,-20.9673524678127,330,2019-01-07,2021-05-26,92,0.7477,0.0601,2021-09-23,0.060643,0.013805,NA
-44.7811516606508,-20.9674422993411,330,2019-01-07,2021-05-26,92,0.7477,0.0601,2021-09-23,0.060643,0.013805,NA
-44.7811516606508,-20.9675321308695,329,2019-01-07,2021-05-26,91,0.7549,0.0564,2021-11-17,0.06109,-0.011502,NA
-44.7811516606508,-20.967621962398,328,2019-01-07,2021-05-26,91,0.7301,0.0575,2021-10-13,0.06486,0.00124,NA
-44.7811516606508,-20.9677117939264,325,2019-01-07,2021-05-26,89,0.7595,0.0549,2021-09-18,0.054378,0.02785,NA
-44.7811516606508,-20.9678016254548,325,2019-01-07,2021-05-26,89,0.6829,0.0669,2021-10-03,0.049367,0.032497,NA
-44.7811516606508,-20.9678914569832,326,2019-01-07,2021-05-26,89,0.5966,0.0799,2022-04-16,0.074772,0.02697,NA
-44.7811516606508,-20.9679812885116,325,2019-01-07,2021-05-26,88,0.5496,0.0885,2021-06-05,-0.067722,0.053153,NA
-44.7811516606508,-20.96807112004,325,2019-01-07,2021-05-26,89,0.5435,0.0916,2021-06-05,-0.069018,0.055845,NA
-44.7811516606508,-20.9681609515684,325,2019-01-07,2021-05-26,89,0.5417,0.0958,2022-05-06,0.07243,0.060024,NA
-44.7811516606508,-20.9682507830968,324,2019-01-02,2021-05-26,89,0.5089,0.1042,2023-05-01,0.116603,0.062522,NA
-44.7811516606508,-20.9683406146253,320,2019-01-02,2021-05-26,88,0.5457,0.1001,2021-06-05,-0.081662,0.056977,NA
-44.7811516606508,-20.9684304461537,319,2019-01-02,2021-05-26,88,0.552,0.098,2021-06-05,-0.084875,0.057631,NA
-44.7811516606508,-20.9685202776821,318,2019-01-02,2021-05-26,88,0.5553,0.1011,2021-06-05,-0.083258,0.05624,NA
-44.7811516606508,-20.9686101092105,323,2019-01-02,2021-05-26,90,0.5482,0.1043,2021-06-05,-0.086963,0.051864,NA
-44.7811516606508,-20.9686999407389,323,2019-01-02,2021-05-26,90,0.5505,0.1036,2021-06-05,-0.086366,0.05093,NA
-44.7811516606508,-20.9687897722673,321,2019-01-02,2021-05-26,89,0.5424,0.101,2023-05-01,0.124218,0.056699,NA
-44.7811516606508,-20.9688796037957,322,2019-01-02,2021-05-26,89,0.5187,0.1065,2023-05-01,0.133711,0.059947,NA
-44.7811516606508,-20.9689694353241,321,2019-01-02,2021-05-26,88,0.5337,0.1059,2023-05-11,0.127027,0.04992,NA
-44.7811516606508,-20.9690592668525,322,2019-01-02,2021-05-26,88,0.5761,0.0979,2023-04-26,0.121742,0.058526,NA
-44.7811516606508,-20.969149098381,320,2019-01-02,2021-05-26,87,0.6556,0.0861,2023-04-21,0.098395,0.064202,NA
-44.7811516606508,-20.9692389299094,318,2019-01-02,2021-05-26,87,0.6656,0.0814,2023-04-21,0.119533,0.061981,NA
-44.7811516606508,-20.9693287614378,317,2019-01-02,2021-05-26,87,0.6385,0.0835,2022-09-08,-0.071331,0.052583,NA
-44.7811516606508,-20.9694185929662,315,2019-01-02,2021-05-26,86,0.5828,0.0908,2021-06-05,-0.076121,0.053429,NA
-44.7811516606508,-20.9695084244946,315,2019-01-02,2021-05-26,86,0.5135,0.1022,2021-06-05,-0.083525,0.035022,NA
-44.7811516606508,-20.969598256023,315,2019-01-02,2021-05-26,86,0.478,0.1131,2021-06-05,-0.090955,0.026,NA
-44.7811516606508,-20.9696880875514,315,2019-01-02,2021-05-26,87,0.5192,0.1108,2021-06-05,-0.09144,0.036813,NA
-44.7811516606508,-20.9697779190798,316,2019-01-02,2021-05-26,88,0.5676,0.1058,2021-06-05,-0.096031,0.036,NA
-44.7811516606508,-20.9698677506083,317,2019-01-02,2021-05-26,88,0.5824,0.1071,2021-06-05,-0.091009,0.035457,NA
-44.7811516606508,-20.9699575821367,317,2019-01-02,2021-05-26,88,0.587,0.107,2021-06-05,-0.083156,0.030918,NA
-44.7811516606508,-20.9700474136651,318,2019-01-02,2021-05-26,88,0.5921,0.1067,2022-08-19,-0.078294,0.031107,NA
-44.7811516606508,-20.9701372451935,318,2019-01-02,2021-05-26,87,0.5449,0.1176,2022-08-29,-0.092886,0.033423,NA
-44.7811516606508,-20.9702270767219,317,2019-01-02,2021-05-26,87,0.4365,0.1293,2022-08-19,-0.14756,0.030729,NA
-44.7811516606508,-20.9703169082503,318,2019-01-02,2021-05-26,86,0.3816,0.133,2023-12-02,0.128785,0.013513,NA
-44.7811516606508,-20.9704067397787,319,2019-01-02,2021-05-26,86,0.3493,0.1598,2021-11-17,0.142458,0.053975,NA
-44.7811516606508,-20.9704965713071,320,2019-01-02,2021-05-26,86,0.3127,0.1701,2021-09-28,0.168639,0.061804,NA
-44.7811516606508,-20.9705864028356,319,2019-01-02,2021-05-26,87,0.3006,0.1719,2021-09-28,0.163339,0.069459,NA
-44.7811516606508,-20.970676234364,315,2019-01-02,2021-05-26,85,0.3213,0.1702,2021-09-28,0.159607,0.061717,NA
-44.7811516606508,-20.9707660658924,314,2019-01-02,2021-05-26,85,0.3263,0.1746,2021-09-18,0.162575,0.05979,NA
-44.7811516606508,-20.9708558974208,313,2019-01-02,2021-05-26,84,0.3356,0.1788,2021-09-23,0.174097,0.044977,NA
-44.7811516606508,-20.9709457289492,313,2019-01-02,2021-05-26,84,0.339,0.1722,NA,NA,0.025122,NA
-44.7812414921792,-20.9670829732275,334,2019-01-07,2021-05-26,93,0.7584,0.0644,2021-10-13,0.073469,0.023281,NA
-44.7812414921792,-20.9671728047559,334,2019-01-07,2021-05-26,94,0.7114,0.0688,2021-10-13,0.075112,0.042611,NA
-44.7812414921792,-20.9672626362843,332,2019-01-07,2021-05-26,93,0.7349,0.0617,2021-10-03,0.071775,0.060973,NA
-44.7812414921792,-20.9673524678127,332,2019-01-07,2021-05-26,93,0.7349,0.0617,2021-10-03,0.071775,0.060973,NA
-44.7812414921792,-20.9674422993411,330,2019-01-07,2021-05-26,92,0.7477,0.0601,2021-09-23,0.060643,0.013805,NA
-44.7812414921792,-20.9675321308695,329,2019-01-07,2021-05-26,91,0.7549,0.0564,2021-11-17,0.06109,-0.011502,NA
-44.7812414921792,-20.967621962398,328,2019-01-07,2021-05-26,91,0.7301,0.0575,2021-10-13,0.06486,0.00124,NA
-44.7812414921792,-20.9677117939264,325,2019-01-07,2021-05-26,89,0.7595,0.0549,2021-09-18,0.054378,0.02785,NA
-44.7812414921792,-20.9678016254548,325,2019-01-07,2021-05-26,89,0.6829,0.0669,2021-10-03,0.049367,0.032497,NA
-44.7812414921792,-20.9678914569832,326,2019-01-07,2021-05-26,89,0.5966,0.0799,2022-04-16,0.074772,0.02697,NA
-44.7812414921792,-20.9679812885116,325,2019-01-07,2021-05-26,88,0.5496,0.0885,2021-06-05,-0.067722,0.053153,NA
-44.7812414921792,-20.96807112004,325,2019-01-07,2021-05-26,89,0.5435,0.0916,2021-06-05,-0.069018,0.055845,NA
-44.7812414921792,-20.9681609515684,325,2019-01-07,2021-05-26,89,0.5417,0.0958,2022-05-06,0.07243,0.060024,NA
-44.7812414921792,-20.9682507830968,324,2019-01-02,2021-05-26,89,0.5089,0.1042,2023-05-01,0.116603,0.062522,NA
-44.7812414921792,-20.9683406146253,320,2019-01-02,2021-05-26,88,0.5457,0.1001,2021-06-05,-0.081662,0.056977,NA
-44.7812414921792,-20.9684304461537,319,2019-01-02,2021-05-26,88,0.552,0.098,2021-06-05,-0.084875,0.057631,NA
-44.7812414921792,-20.9685202776821,318,2019-01-02,2021-05-26,88,0.5553,0.1011,2021-06-05,-0.083258,0.05624,NA
-44.7812414921792,-20.9686101092105,323,2019-01-02,2021-05-26,90,0.5482,0.1043,2021-06-05,-0.086963,0.051864,NA
-44.7812414921792,-20.9686999407389,323,2019-01-02,2021-05-26,90,0.5505,0.1036,2021-06-05,-0.086366,0.05093,NA
-44.7812414921792,-20.9687897722673,321,2019-01-02,2021-05-26,89,0.5424,0.101,2023-05-01,0.124218,0.056699,NA
-44.7812414921792,-20.9688796037957,322,2019-01-02,2021-05-26,89,0.5187,0.1065,2023-05-01,0.133711,0.059947,NA
-44.7812414921792,-20.9689694353241,321,2019-01-02,2021-05-26,88,0.5337,0.1059,2023-05-11,0.127027,0.04992,NA
-44.7812414921792,-20.9690592668525,322,2019-01-02,2021-05-26,88,0.5761,0.0979,2023-04-26,0.121742,0.058526,NA
-44.7812414921792,-20.969149098381,320,2019-01-02,2021-05-26,87,0.6556,0.0861,2023-04-21,0.098395,0.064202,NA
-44.7812414921792,-20.9692389299094,318,2019-01-02,2021-05-26,87,0.6656,0.0814,2023-04-21,0.119533,0.061981,NA
-44.7812414921792,-20.9693287614378,317,2019-01-02,2021-05-26,87,0.6308,0.0949,2022-04-16,0.099203,0.080867,NA
-44.7812414921792,-20.9694185929662,316,2019-01-02,2021-05-26,86,0.6431,0.0896,2022-04-11,0.098082,0.090965,NA
-44.7812414921792,-20.9695084244946,315,2019-01-02,2021-05-26,86,0.6674,0.0827,2022-04-21,0.087362,0.083425,NA
-44.7812414921792,-20.969598256023,315,2019-01-02,2021-05-26,87,0.632,0.087,2021-06-05,-0.066005,0.049,NA
-44.7812414921792,-20.9696880875514,316,2019-01-02,2021-05-26,88,0.5921,0.0911,2021-06-05,-0.084653,0.051388,NA
-44.7812414921792,-20.9697779190798,316,2019-01-02,2021-05-26,88,0.5532,0.0966,2021-06-05,-0.094183,0.037332,NA
-44.7812414921792,-20.9698677506083,317,2019-01-02,2021-05-26,88,0.515,0.106,2021-06-05,-0.092913,0.019046,NA
-44.7812414921792,-20.9699575821367,317,2019-01-02,2021-05-26,88,0.5272,0.1089,2021-06-05,-0.08631,0.017636,NA
-44.7812414921792,-20.9700474136651,319,2019-01-02,2021-05-26,88,0.5235,0.111,2022-08-29,-0.117968,0.030961,NA
-44.7812414921792,-20.9701372451935,320,2019-01-02,2021-05-26,87,0.4763,0.1148,2022-08-29,-0.128258,0.034184,NA
-44.7812414921792,-20.9702270767219,319,2019-01-02,2021-05-26,87,0.4725,0.1011,2022-08-14,-0.095165,0.027972,NA
-44.7812414921792,-20.9703169082503,319,2019-01-02,2021-05-26,86,0.3376,0.1366,2023-11-12,0.084329,0.023735,NA
-44.7812414921792,-20.9704067397787,319,2019-01-02,2021-05-26,86,0.3222,0.166,2021-10-13,0.151725,0.055316,NA
-44.7812414921792,-20.9704965713071,319,2019-01-02,2021-05-26,86,0.3007,0.17,2021-10-13,0.163172,0.066599,NA
-44.7812414921792,-20.9705864028356,318,2019-01-02,2021-05-26,87,0.2873,0.1715,2021-10-13,0.164816,0.074097,NA
-44.7812414921792,-20.970676234364,316,2019-01-02,2021-05-26,85,0.3118,0.174,2021-09-28,0.164521,0.057289,NA
-44.7812414921792,-20.9707660658924,314,2019-01-02,2021-05-26,85,0.318,0.1812,2021-10-03,0.17294,0.046482,NA
-44.7812414921792,-20.9708558974208,313,2019-01-02,2021-05-26,84,0.3337,0.1808,2024-03-01,0.126625,0.022998,NA
-44.7812414921792,-20.9709457289492,311,2019-01-02,2021-05-26,83,0.484,0.1318,2023-12-02,0.105166,0.034461,NA
-44.7813313237076,-20.9670829732275,333,2019-01-07,2021-05-26,95,0.7247,0.0704,2021-10-13,0.083156,0.037925,NA
-44.7813313237076,-20.9671728047559,334,2019-01-07,2021-05-26,94,0.7063,0.0697,2021-10-13,0.075965,0.049091,NA
-44.7813313237076,-20.9672626362843,332,2019-01-07,2021-05-26,93,0.7291,0.0625,2021-10-13,0.061677,0.038054,NA
-44.7813313237076,-20.9673524678127,332,2019-01-07,2021-05-26,93,0.7291,0.0625,2021-10-13,0.061677,0.038054,NA
-44.7813313237076,-20.9674422993411,329,2019-01-07,2021-05-26,92,0.7399,0.0581,2021-11-17,0.053127,0.00261,NA
-44.7813313237076,-20.9675321308695,328,2019-01-07,2021-05-26,91,0.757,0.0543,2021-12-27,0.053318,-0.011574,NA
-44.7813313237076,-20.967621962398,327,2019-01-07,2021-05-26,91,0.7406,0.0557,2021-11-17,0.063227,-0.003512,NA
-44.7813313237076,-20.9677117939264,327,2019-01-07,2021-05-26,91,0.7255,0.0573,2021-10-03,0.074237,0.020041,NA
-44.7813313237076,-20.9678016254548,326,2019-01-07,2021-05-26,89,0.7221,0.0609,2021-09-18,0.05772,0.02727,NA
-44.7813313237076,-20.9678914569832,327,2019-01-07,2021-05-26,90,0.6599,0.0722,2021-11-17,0.047179,0.029093,NA
-44.7813313237076,-20.9679812885116,326,2019-01-07,2021-05-26,89,0.5857,0.085,2021-06-05,-0.055173,0.049385,NA
-44.7813313237076,-20.96807112004,324,2019-01-07,2021-05-26,88,0.5734,0.0875,2021-06-05,-0.06401,0.053691,NA
-44.7813313237076,-20.9681609515684,324,2019-01-07,2021-05-26,88,0.5524,0.091,2021-06-05,-0.064658,0.057115,NA
-44.7813313237076,-20.9682507830968,324,2019-01-02,2021-05-26,88,0.5508,0.0956,2022-05-16,0.076999,0.057225,NA
-44.7813313237076,-20.9683406146253,322,2019-01-02,2021-05-26,89,0.5696,0.0934,2022-04-26,0.078234,0.053226,NA
-44.7813313237076,-20.9684304461537,320,2019-01-02,2021-05-26,89,0.578,0.0926,2022-04-26,0.079299,0.055677,NA
-44.7813313237076,-20.9685202776821,319,2019-01-02,2021-05-26,89,0.5624,0.0979,2023-05-21,0.102554,0.057188,NA
-44.7813313237076,-20.9686101092105,322,2019-01-02,2021-05-26,90,0.548,0.1028,2021-06-05,-0.086544,0.053709,NA
-44.7813313237076,-20.9686999407389,323,2019-01-02,2021-05-26,90,0.5528,0.1025,2021-06-05,-0.088658,0.054205,NA
-44.7813313237076,-20.9687897722673,322,2019-01-02,2021-05-26,90,0.5761,0.0979,2022-09-13,-0.103224,0.04863,NA
-44.7813313237076,-20.9688796037957,322,2019-01-02,2021-05-26,89,0.5921,0.0938,2023-05-11,0.123586,0.048441,NA
-44.7813313237076,-20.9689694353241,322,2019-01-02,2021-05-26,89,0.5852,0.0957,2023-05-16,0.116734,0.038942,NA
-44.7813313237076,-20.9690592668525,321,2019-01-02,2021-05-26,89,0.5822,0.0979,2023-05-11,0.112589,0.048575,NA
-44.7813313237076,-20.969149098381,320,2019-01-02,2021-05-26,87,0.6358,0.0937,2023-04-26,0.108484,0.059662,NA
-44.7813313237076,-20.9692389299094,317,2019-01-02,2021-05-26,87,0.6318,0.0958,2023-04-26,0.119352,0.067265,NA
-44.7813313237076,-20.9693287614378,317,2019-01-02,2021-05-26,87,0.6308,0.0949,2022-04-16,0.099203,0.080867,NA
-44.7813313237076,-20.9694185929662,316,2019-01-02,2021-05-26,86,0.6431,0.0896,2022-04-11,0.098082,0.090965,NA
-44.7813313237076,-20.9695084244946,315,2019-01-02,2021-05-26,86,0.6674,0.0827,2022-04-21,0.087362,0.083425,NA
-44.7813313237076,-20.969598256023,315,2019-01-02,2021-05-26,87,0.632,0.087,2021-06-05,-0.066005,0.049,NA
-44.7813313237076,-20.9696880875514,316,2019-01-02,2021-05-26,88,0.5921,0.0911,2021-06-05,-0.084653,0.051388,NA
-44.7813313237076,-20.9697779190798,316,2019-01-02,2021-05-26,88,0.5532,0.0966,2021-06-05,-0.094183,0.037332,NA
-44.7813313237076,-20.9698677506083,317,2019-01-02,2021-05-26,88,0.515,0.106,2021-06-05,-0.092913,0.019046,NA
-44.7813313237076,-20.9699575821367,317,2019-01-02,2021-05-26,88,0.5272,0.1089,2021-06-05,-0.08631,0.017636,NA
-44.7813313237076,-20.9700474136651,319,2019-01-02,2021-05-26,88,0.5235,0.111,2022-08-29,-0.117968,0.030961,NA
-44.7813313237076,-20.9701372451935,320,2019-01-02,2021-05-26,87,0.4763,0.1148,2022-08-29,-0.128258,0.034184,NA
-44.7813313237076,-20.9702270767219,319,2019-01-02,2021-05-26,87,0.4725,0.1011,2022-08-14,-0.095165,0.027972,NA
-44.7813313237076,-20.9703169082503,319,2019-01-02,2021-05-26,86,0.3376,0.1366,2023-11-12,0.084329,0.023735,NA
-44.7813313237076,-20.9704067397787,319,2019-01-02,2021-05-26,86,0.3222,0.166,2021-10-13,0.151725,0.055316,NA
-44.7813313237076,-20.9704965713071,319,2019-01-02,2021-05-26,86,0.3007,0.17,2021-10-13,0.163172,0.066599,NA
-44.7813313237076,-20.9705864028356,318,2019-01-02,2021-05-26,87,0.2873,0.1715,2021-10-13,0.164816,0.074097,NA
-44.7813313237076,-20.970676234364,316,2019-01-02,2021-05-26,85,0.3118,0.174,2021-09-28,0.164521,0.057289,NA
-44.7813313237076,-20.9707660658924,314,2019-01-02,2021-05-26,85,0.318,0.1812,2021-10-03,0.17294,0.046482,NA
-44.7813313237076,-20.9708558974208,313,2019-01-02,2021-05-26,84,0.3337,0.1808,2024-03-01,0.126625,0.022998,NA
-44.781421155236,-20.9670829732275,332,2019-01-07,2021-05-26,95,0.7157,0.0708,2021-10-03,0.080262,0.052253,NA
-44.781421155236,-20.9671728047559,332,2019-01-07,2021-05-26,94,0.722,0.0634,2021-09-28,0.078651,0.078143,NA
-44.781421155236,-20.9672626362843,331,2019-01-07,2021-05-26,92,0.7596,0.0574,2021-10-03,0.061687,0.029791,NA
-44.781421155236,-20.9673524678127,331,2019-01-07,2021-05-26,92,0.7596,0.0574,2021-10-03,0.061687,0.029791,NA
-44.781421155236,-20.9674422993411,329,2019-01-07,2021-05-26,91,0.7703,0.0508,2022-05-06,0.04016,-0.008495,NA
-44.781421155236,-20.9675321308695,328,2019-01-07,2021-05-26,91,0.7591,0.0539,2022-09-13,-0.039958,-0.026421,NA
-44.781421155236,-20.96807112004,322,2019-01-07,2021-05-26,88,0.5303,0.0923,2021-06-05,-0.078635,0.04049,NA
-44.781421155236,-20.9681609515684,323,2019-01-07,2021-05-26,88,0.5384,0.0912,2021-06-05,-0.063969,0.054457,NA
-44.781421155236,-20.9682507830968,323,2019-01-02,2021-05-26,89,0.5697,0.0903,2021-06-05,-0.066342,0.052993,NA
-44.781421155236,-20.9683406146253,323,2019-01-02,2021-05-26,89,0.573,0.0938,2023-05-16,0.107213,0.045422,NA
-44.781421155236,-20.9684304461537,322,2019-01-02,2021-05-26,89,0.5797,0.0942,2021-06-05,-0.075626,0.05095,NA
-44.781421155236,-20.9685202776821,321,2019-01-02,2021-05-26,89,0.5761,0.0937,2021-06-05,-0.079538,0.053843,NA
-44.781421155236,-20.9686101092105,323,2019-01-02,2021-05-26,90,0.562,0.0958,2022-09-08,-0.097389,0.055173,NA
-44.781421155236,-20.9686999407389,322,2019-01-02,2021-05-26,90,0.5519,0.1001,2022-09-13,-0.094949,0.060674,NA
-44.781421155236,-20.9687897722673,321,2019-01-02,2021-05-26,90,0.5728,0.0997,2022-09-13,-0.0993,0.047976,NA
-44.781421155236,-20.9688796037957,322,2019-01-02,2021-05-26,90,0.6138,0.0919,2022-09-13,-0.097235,0.046348,NA
-44.781421155236,-20.9689694353241,321,2019-01-02,2021-05-26,89,0.6198,0.0906,2023-05-16,0.113426,0.044424,NA
-44.781421155236,-20.9690592668525,320,2019-01-02,2021-05-26,89,0.6198,0.0915,2022-09-13,-0.100354,0.040115,NA
-44.781421155236,-20.969149098381,318,2019-01-02,2021-05-26,88,0.6575,0.0849,2022-09-08,-0.08324,0.042787,NA
-44.781421155236,-20.9692389299094,317,2019-01-02,2021-05-26,88,0.6521,0.0871,2022-09-08,-0.097946,0.042838,NA
-44.781421155236,-20.9693287614378,317,2019-01-02,2021-05-26,87,0.6271,0.0948,2022-08-29,-0.085033,0.041527,NA
-44.781421155236,-20.9694185929662,316,2019-01-02,2021-05-26,87,0.6093,0.0989,2022-09-13,-0.113929,0.059649,NA
-44.781421155236,-20.9695084244946,317,2019-01-02,2021-05-26,88,0.6264,0.0965,2022-04-21,0.094707,0.075752,NA
-44.781421155236,-20.969598256023,317,2019-01-02,2021-05-26,88,0.6386,0.0942,2022-04-21,0.088497,0.06862,NA
-44.781421155236,-20.9696880875514,317,2019-01-02,2021-05-26,88,0.6371,0.0964,2023-04-21,0.108765,0.066269,NA
-44.781421155236,-20.9697779190798,317,2019-01-02,2021-05-26,88,0.6558,0.0914,2023-04-21,0.108475,0.070907,NA
-44.781421155236,-20.9698677506083,318,2019-01-02,2021-05-26,88,0.6425,0.0905,2022-09-03,-0.093747,0.053602,NA
-44.781421155236,-20.9699575821367,319,2019-01-02,2021-05-26,88,0.6146,0.092,2022-08-29,-0.082895,0.039183,NA
-44.781421155236,-20.9700474136651,320,2019-01-02,2021-05-26,88,0.5739,0.0923,2022-09-08,-0.077287,0.04374,NA
-44.781421155236,-20.9701372451935,321,2019-01-02,2021-05-26,88,0.5934,0.0794,2021-06-05,-0.076818,0.038063,NA
-44.781421155236,-20.9702270767219,321,2019-01-02,2021-05-26,87,0.5372,0.087,2023-04-26,0.086811,0.016726,NA
-44.781421155236,-20.9703169082503,319,2019-01-02,2021-05-26,86,0.3627,0.142,2021-11-07,0.12182,0.042155,NA
-44.781421155236,-20.9704067397787,319,2019-01-02,2021-05-26,86,0.3195,0.1644,2021-10-13,0.154463,0.058429,NA
-44.781421155236,-20.9704965713071,317,2019-01-02,2021-05-26,86,0.2995,0.1681,2021-10-13,0.148866,0.072006,NA
-44.781421155236,-20.9705864028356,317,2019-01-02,2021-05-26,86,0.3021,0.1701,2021-10-03,0.161149,0.069037,NA
-44.781421155236,-20.970676234364,315,2019-01-02,2021-05-26,85,0.3047,0.177,2021-10-13,0.163018,0.0532,NA
-44.781421155236,-20.9707660658924,313,2019-01-02,2021-05-26,84,0.3092,0.1826,NA,NA,0.012808,NA
-44.7815109867644,-20.9671728047559,328,2019-01-07,2021-05-26,92,0.7683,0.0571,2021-08-19,0.064893,0.075602,NA
-44.7815109867644,-20.9672626362843,328,2019-01-07,2021-05-26,92,0.7553,0.0497,2021-09-28,0.053838,0.048996,NA
-44.7815109867644,-20.9682507830968,325,2019-01-02,2021-05-26,90,0.5593,0.0935,2021-06-05,-0.071278,0.046566,NA
-44.7815109867644,-20.9683406146253,323,2019-01-02,2021-05-26,89,0.5695,0.0979,2021-06-05,-0.079272,0.047541,NA
-44.7815109867644,-20.9684304461537,322,2019-01-02,2021-05-26,89,0.5716,0.0967,2021-06-05,-0.075391,0.048323,NA
-44.7815109867644,-20.9685202776821,322,2019-01-02,2021-05-26,89,0.5836,0.0903,2021-06-05,-0.070379,0.049606,NA
-44.7815109867644,-20.9686101092105,322,2019-01-02,2021-05-26,90,0.5873,0.091,2022-09-03,-0.084423,0.056759,NA
-44.7815109867644,-20.9686999407389,321,2019-01-02,2021-05-26,90,0.5566,0.1005,2021-06-05,-0.081058,0.057148,NA
-44.7815109867644,-20.9687897722673,322,2019-01-02,2021-05-26,90,0.5822,0.0992,2021-06-05,-0.079406,0.051795,NA
-44.7815109867644,-20.9688796037957,322,2019-01-02,2021-05-26,90,0.617,0.0938,2021-06-05,-0.081202,0.052571,NA
-44.7815109867644,-20.9689694353241,321,2019-01-02,2021-05-26,90,0.6342,0.0906,2021-06-05,-0.074582,0.043749,NA
-44.7815109867644,-20.9690592668525,321,2019-01-02,2021-05-26,90,0.6162,0.0928,2022-09-08,-0.098236,0.037324,NA
-44.7815109867644,-20.969149098381,320,2019-01-02,2021-05-26,89,0.6161,0.091,2022-09-08,-0.088998,0.036449,NA
-44.7815109867644,-20.9692389299094,318,2019-01-02,2021-05-26,88,0.6467,0.0861,2022-09-08,-0.094419,0.038034,NA
-44.7815109867644,-20.9693287614378,320,2019-01-02,2021-05-26,89,0.6485,0.0878,2022-08-29,-0.068037,0.034738,NA
-44.7815109867644,-20.9694185929662,320,2019-01-02,2021-05-26,89,0.6514,0.088,2022-08-29,-0.090997,0.047296,NA
-44.7815109867644,-20.9695084244946,318,2019-01-02,2021-05-26,88,0.6504,0.0895,2022-09-03,-0.093174,0.056265,NA
-44.7815109867644,-20.969598256023,319,2019-01-02,2021-05-26,88,0.6452,0.0898,2022-05-06,0.071884,0.056901,NA
-44.7815109867644,-20.9696880875514,319,2019-01-02,2021-05-26,88,0.6115,0.0977,2021-06-05,-0.08178,0.052744,NA
-44.7815109867644,-20.9697779190798,319,2019-01-02,2021-05-26,88,0.6157,0.1017,2022-09-13,-0.118904,0.052425,NA
-44.7815109867644,-20.9698677506083,320,2019-01-02,2021-05-26,88,0.6065,0.105,2022-09-08,-0.116593,0.059754,NA
-44.7815109867644,-20.9699575821367,320,2019-01-02,2021-05-26,88,0.59,0.1073,2022-09-08,-0.104985,0.058746,NA
-44.7815109867644,-20.9700474136651,321,2019-01-02,2021-05-26,89,0.5373,0.1133,2022-04-11,0.092448,0.076572,NA
-44.7815109867644,-20.9701372451935,321,2019-01-02,2021-05-26,89,0.5185,0.1012,2023-04-11,0.100093,0.078576,NA
-44.7815109867644,-20.9702270767219,323,2019-01-02,2021-05-26,89,0.4371,0.1018,2023-04-26,0.095929,0.021263,NA
-44.7815109867644,-20.9703169082503,320,2019-01-02,2021-05-26,87,0.3163,0.1526,2021-11-07,0.131889,0.052093,NA
-44.7815109867644,-20.9704067397787,317,2019-01-02,2021-05-26,86,0.3095,0.1657,2021-09-28,0.164328,0.067669,NA
-44.7815109867644,-20.9704965713071,317,2019-01-02,2021-05-26,86,0.2917,0.1708,2021-09-28,0.157389,0.06898,NA
-44.7815109867644,-20.9705864028356,318,2019-01-02,2021-05-26,86,0.2906,0.177,2021-10-03,0.163276,0.056443,NA
-44.7815109867644,-20.970676234364,316,2019-01-02,2021-05-26,85,0.3004,0.174,2023-12-17,0.121836,0.036259,NA
-44.7816008182928,-20.9671728047559,326,2019-01-07,2021-05-26,92,0.7659,0.0546,2021-08-24,0.051021,0.06327,NA
-44.7816008182928,-20.9682507830968,324,2019-01-02,2021-05-26,90,0.5924,0.0875,2021-06-05,-0.075175,0.054525,NA
-44.7816008182928,-20.9683406146253,323,2019-01-02,2021-05-26,89,0.593,0.0945,2021-06-05,-0.076115,0.047118,NA
-44.7816008182928,-20.9684304461537,322,2019-01-02,2021-05-26,89,0.5705,0.0988,2021-06-05,-0.077084,0.045227,NA
-44.7816008182928,-20.9685202776821,324,2019-01-02,2021-05-26,89,0.5827,0.0939,2021-06-05,-0.072532,0.047112,NA
-44.7816008182928,-20.9686101092105,322,2019-01-02,2021-05-26,90,0.595,0.0909,2021-06-05,-0.074083,0.052196,NA
-44.7816008182928,-20.9686999407389,323,2019-01-02,2021-05-26,90,0.5868,0.0958,2022-09-08,-0.092655,0.05554,NA
-44.7816008182928,-20.9687897722673,323,2019-01-02,2021-05-26,90,0.5967,0.0972,2021-06-05,-0.085506,0.052398,NA
-44.7816008182928,-20.9688796037957,323,2019-01-02,2021-05-26,90,0.6094,0.0981,2021-06-05,-0.082533,0.050772,NA
-44.7816008182928,-20.9689694353241,323,2019-01-02,2021-05-26,90,0.6306,0.0932,2021-06-05,-0.088706,0.043016,NA
-44.7816008182928,-20.9690592668525,323,2019-01-02,2021-05-26,91,0.6254,0.0913,2022-09-08,-0.089495,0.039786,NA
-44.7816008182928,-20.969149098381,321,2019-01-02,2021-05-26,89,0.6267,0.0912,2022-09-03,-0.088638,0.036968,NA
-44.7816008182928,-20.9692389299094,320,2019-01-02,2021-05-26,90,0.6172,0.0913,2022-09-03,-0.072774,0.03299,NA
-44.7816008182928,-20.9693287614378,321,2019-01-02,2021-05-26,90,0.6445,0.0887,2022-09-03,-0.070038,0.038965,NA
-44.7816008182928,-20.9694185929662,321,2019-01-02,2021-05-26,90,0.6627,0.0864,2022-05-11,0.070837,0.045669,NA
-44.7816008182928,-20.9695084244946,320,2019-01-02,2021-05-26,89,0.6567,0.0894,2022-04-26,0.070344,0.056029,NA
-44.7816008182928,-20.969598256023,320,2019-01-02,2021-05-26,89,0.6533,0.0895,2022-04-26,0.078394,0.063103,NA
-44.7816008182928,-20.9696880875514,319,2019-01-02,2021-05-26,88,0.6479,0.0896,2022-05-06,0.077786,0.060779,NA
-44.7816008182928,-20.9697779190798,320,2019-01-02,2021-05-26,88,0.6358,0.0956,2022-09-08,-0.093584,0.047073,NA
-44.7816008182928,-20.9698677506083,321,2019-01-02,2021-05-26,89,0.6319,0.0988,2022-08-29,-0.071151,0.045459,NA
-44.7816008182928,-20.9699575821367,321,2019-01-02,2021-05-26,89,0.6029,0.1026,2022-08-19,-0.065111,0.04405,NA
-44.7816008182928,-20.9700474136651,322,2019-01-02,2021-05-26,89,0.5344,0.1136,2022-08-19,-0.078738,0.043902,NA
-44.7816008182928,-20.9701372451935,322,2019-01-02,2021-05-26,89,0.519,0.1091,2022-08-29,-0.103314,0.058946,NA
-44.7816008182928,-20.9702270767219,323,2019-01-02,2021-05-26,89,0.4207,0.1145,2023-04-26,0.105842,0.030862,NA
-44.7816008182928,-20.9703169082503,321,2019-01-02,2021-05-26,88,0.3438,0.1519,2021-10-03,0.131834,0.058043,NA
-44.7816008182928,-20.9704067397787,317,2019-01-02,2021-05-26,86,0.3264,0.1598,2021-09-23,0.16455,0.058592,NA
-44.7816008182928,-20.9704965713071,317,2019-01-02,2021-05-26,86,0.2907,0.1724,2021-09-28,0.17025,0.056222,NA
-44.7816008182928,-20.9705864028356,317,2019-01-02,2021-05-26,86,0.3056,0.1717,2023-11-07,0.137425,0.035248,NA
-44.7816906498212,-20.9683406146253,323,2019-01-02,2021-05-26,89,0.6347,0.0841,2021-06-05,-0.065702,0.043207,NA
-44.7816906498212,-20.9684304461537,323,2019-01-02,2021-05-26,89,0.5938,0.0933,2021-06-05,-0.06746,0.043476,NA
-44.7816906498212,-20.9685202776821,324,2019-01-02,2021-05-26,89,0.5989,0.095,2021-06-05,-0.078722,0.0485,NA
-44.7816906498212,-20.9686101092105,322,2019-01-02,2021-05-26,89,0.6137,0.0913,2021-06-05,-0.082133,0.049239,NA
-44.7816906498212,-20.9686999407389,322,2019-01-02,2021-05-26,90,0.6079,0.0935,2021-06-05,-0.078357,0.042279,NA
-44.7816906498212,-20.9687897722673,324,2019-01-02,2021-05-26,90,0.6091,0.0967,2021-06-05,-0.088482,0.047283,NA
-44.7816906498212,-20.9688796037957,325,2019-01-02,2021-05-26,91,0.6169,0.0967,2021-06-05,-0.088428,0.051038,NA
-44.7816906498212,-20.9689694353241,324,2019-01-02,2021-05-26,91,0.6246,0.0946,2021-06-05,-0.085179,0.052442,NA
-44.7816906498212,-20.9690592668525,323,2019-01-02,2021-05-26,90,0.647,0.0898,2021-06-05,-0.08143,0.049225,NA
-44.7816906498212,-20.969149098381,321,2019-01-02,2021-05-26,90,0.6289,0.0915,2022-09-03,-0.077928,0.040731,NA
-44.7816906498212,-20.9692389299094,320,2019-01-02,2021-05-26,89,0.6349,0.0917,2022-08-29,-0.07222,0.036496,NA
-44.7816906498212,-20.9693287614378,321,2019-01-02,2021-05-26,89,0.6832,0.0837,2022-08-19,-0.054392,0.034047,NA
-44.7816906498212,-20.9694185929662,320,2019-01-02,2021-05-26,89,0.6955,0.0823,2022-05-01,0.064878,0.039434,NA
-44.7816906498212,-20.9695084244946,320,2019-01-02,2021-05-26,89,0.6681,0.0875,2022-05-01,0.069591,0.056531,NA
-44.7816906498212,-20.969598256023,321,2019-01-02,2021-05-26,89,0.6517,0.0886,2022-05-01,0.074333,0.063254,NA
-44.7816906498212,-20.9696880875514,321,2019-01-02,2021-05-26,89,0.6507,0.0885,2022-04-21,0.07646,0.064989,NA
-44.7816906498212,-20.9697779190798,321,2019-01-02,2021-05-26,89,0.6288,0.0948,2022-05-06,0.07573,0.056175,NA
-44.7816906498212,-20.9698677506083,321,2019-01-02,2021-05-26,89,0.631,0.0974,2022-09-08,-0.109878,0.043941,NA
-44.7816906498212,-20.9699575821367,322,2019-01-02,2021-05-26,89,0.6301,0.0984,2022-08-29,-0.074599,0.045997,NA
-44.7816906498212,-20.9700474136651,322,2019-01-02,2021-05-26,89,0.5533,0.1113,2022-08-29,-0.082345,0.056273,NA
-44.7816906498212,-20.9701372451935,322,2019-01-02,2021-05-26,89,0.5112,0.1096,2022-08-04,-0.122921,0.042045,NA
-44.7816906498212,-20.9702270767219,322,2019-01-02,2021-05-26,89,0.3656,0.1309,2023-05-16,0.112859,0.028801,NA
-44.7816906498212,-20.9703169082503,321,2019-01-02,2021-05-26,88,0.3366,0.1496,2021-10-13,0.128547,0.051321,NA
-44.7816906498212,-20.9704067397787,320,2019-01-02,2021-05-26,87,0.3174,0.1515,2021-10-03,0.145005,0.05812,NA
-44.7816906498212,-20.9704965713071,317,2019-01-02,2021-05-26,86,0.3474,0.1522,2021-11-07,0.139558,0.050926,NA
-44.7817804813496,-20.9684304461537,322,2019-01-02,2021-05-26,89,0.5923,0.0897,2021-06-05,-0.068016,0.04235,NA
-44.7817804813496,-20.9685202776821,324,2019-01-02,2021-05-26,89,0.5995,0.0925,2021-06-05,-0.068957,0.038399,NA
-44.7817804813496,-20.9686101092105,321,2019-01-02,2021-05-26,89,0.6176,0.0905,2021-06-05,-0.068047,0.046566,NA
-44.7817804813496,-20.9686999407389,321,2019-01-02,2021-05-26,90,0.6258,0.0884,2021-06-05,-0.074263,0.044875,NA
-44.7817804813496,-20.9687897722673,324,2019-01-02,2021-05-26,91,0.6301,0.091,2021-06-05,-0.082709,0.041139,NA
-44.7817804813496,-20.9688796037957,324,2019-01-02,2021-05-26,91,0.6189,0.0961,2021-06-05,-0.094558,0.044833,NA
-44.7817804813496,-20.9689694353241,324,2019-01-02,2021-05-26,90,0.6241,0.097,2021-06-05,-0.098071,0.047076,NA
-44.7817804813496,-20.9690592668525,323,2019-01-02,2021-05-26,90,0.6468,0.0908,2021-06-05,-0.08412,0.048512,NA
-44.7817804813496,-20.969149098381,322,2019-01-02,2021-05-26,90,0.6559,0.0882,2022-09-03,-0.078342,0.038984,NA
-44.7817804813496,-20.9692389299094,321,2019-01-02,2021-05-26,89,0.6306,0.0935,2022-08-29,-0.081811,0.036078,NA
-44.7817804813496,-20.9693287614378,321,2019-01-02,2021-05-26,89,0.6601,0.0881,2022-08-19,-0.069455,0.039013,NA
-44.7817804813496,-20.9694185929662,320,2019-01-02,2021-05-26,89,0.6954,0.082,2021-08-19,-0.068178,0.037666,NA
-44.7817804813496,-20.9695084244946,321,2019-01-02,2021-05-26,89,0.6937,0.0812,2022-05-01,0.065315,0.048174,NA
-44.7817804813496,-20.969598256023,320,2019-01-02,2021-05-26,89,0.6896,0.0825,2022-04-21,0.073217,0.062663,NA
-44.7817804813496,-20.9696880875514,322,2019-01-02,2021-05-26,89,0.6643,0.0864,2022-04-21,0.07698,0.059245,NA
-44.7817804813496,-20.9697779190798,321,2019-01-02,2021-05-26,89,0.6318,0.0922,2022-04-26,0.084584,0.052465,NA
-44.7817804813496,-20.9698677506083,321,2019-01-02,2021-05-26,89,0.6292,0.0949,2022-09-08,-0.102514,0.047784,NA
-44.7817804813496,-20.9699575821367,320,2019-01-02,2021-05-26,88,0.6537,0.0944,2022-08-19,-0.067196,0.044225,NA
-44.7817804813496,-20.9700474136651,323,2019-01-02,2021-05-26,90,0.5732,0.1077,2022-08-29,-0.085342,0.060622,NA
-44.7817804813496,-20.9701372451935,322,2019-01-02,2021-05-26,89,0.4962,0.1088,2022-08-04,-0.101318,0.031349,NA
-44.7817804813496,-20.9702270767219,321,2019-01-02,2021-05-26,89,0.3175,0.1473,2023-05-26,0.116225,0.036485,NA
-44.7817804813496,-20.9703169082503,320,2019-01-02,2021-05-26,88,0.3292,0.1563,2021-10-13,0.144357,0.053478,NA
-44.7818703128781,-20.9685202776821,322,2019-01-02,2021-05-26,88,0.5967,0.0901,2021-06-05,-0.075554,0.033289,NA
-44.7818703128781,-20.9686101092105,324,2019-01-02,2021-05-26,90,0.6181,0.0883,2021-06-05,-0.075591,0.038621,NA
-44.7818703128781,-20.9686999407389,323,2019-01-02,2021-05-26,90,0.6513,0.0837,2021-06-05,-0.07197,0.045263,NA
-44.7818703128781,-20.9687897722673,323,2019-01-02,2021-05-26,90,0.6552,0.0848,2021-06-05,-0.077355,0.039281,NA
-44.7818703128781,-20.9688796037957,322,2019-01-02,2021-05-26,90,0.6241,0.0943,2021-06-05,-0.085886,0.040936,NA
-44.7818703128781,-20.9689694353241,321,2019-01-02,2021-05-26,90,0.6089,0.1001,2021-06-05,-0.097564,0.04571,NA
-44.7818703128781,-20.9690592668525,322,2019-01-02,2021-05-26,90,0.6237,0.0954,2021-06-05,-0.080801,0.051768,NA
-44.7818703128781,-20.969149098381,323,2019-01-02,2021-05-26,90,0.6361,0.0913,2022-09-03,-0.084496,0.044902,NA
-44.7818703128781,-20.9692389299094,322,2019-01-02,2021-05-26,90,0.6149,0.0942,2022-08-29,-0.088039,0.037409,NA
-44.7818703128781,-20.9693287614378,321,2019-01-02,2021-05-26,89,0.6181,0.0936,2022-09-03,-0.09509,0.042565,NA
-44.7818703128781,-20.9694185929662,320,2019-01-02,2021-05-26,89,0.6796,0.084,2022-08-19,-0.062219,0.035746,NA
-44.7818703128781,-20.9695084244946,320,2019-01-02,2021-05-26,89,0.7078,0.0804,2022-08-19,-0.061871,0.034725,NA
-44.7818703128781,-20.969598256023,322,2019-01-02,2021-05-26,89,0.7169,0.0792,2022-04-16,0.069986,0.048402,NA
-44.7818703128781,-20.9696880875514,322,2019-01-02,2021-05-26,89,0.6849,0.0838,2022-04-16,0.068477,0.057442,NA
-44.7818703128781,-20.9697779190798,321,2019-01-02,2021-05-26,89,0.6457,0.0893,2022-04-26,0.092568,0.048679,NA
-44.7818703128781,-20.9698677506083,321,2019-01-02,2021-05-26,89,0.6329,0.0915,2022-05-01,0.085769,0.045524,NA
-44.7818703128781,-20.9699575821367,321,2019-01-02,2021-05-26,89,0.6551,0.091,2022-05-06,0.083773,0.045807,NA
-44.7818703128781,-20.9700474136651,323,2019-01-02,2021-05-26,90,0.5909,0.1019,2022-08-14,-0.100383,0.062031,NA
-44.7818703128781,-20.9701372451935,321,2019-01-02,2021-05-26,89,0.4635,0.1109,2022-08-19,-0.114966,0.026084,NA
-44.7818703128781,-20.9702270767219,318,2019-01-02,2021-05-26,87,0.3672,0.1476,2023-10-23,0.11016,0.031926,NA
-44.7818703128781,-20.9703169082503,318,2019-01-02,2021-05-26,86,0.3721,0.1535,2021-11-07,0.137905,0.044536,NA
-44.7819601444065,-20.9685202776821,323,2019-01-02,2021-05-26,89,0.6197,0.0841,2021-06-05,-0.08174,0.030589,NA
-44.7819601444065,-20.9686101092105,323,2019-01-02,2021-05-26,89,0.6295,0.0882,2021-06-05,-0.076799,0.031389,NA
-44.7819601444065,-20.9686999407389,323,2019-01-02,2021-05-26,89,0.6536,0.0858,2021-06-05,-0.080575,0.039836,NA
-44.7819601444065,-20.9687897722673,322,2019-01-02,2021-05-26,89,0.6647,0.0839,2021-06-05,-0.07646,0.043208,NA
-44.7819601444065,-20.9688796037957,322,2019-01-02,2021-05-26,89,0.6415,0.0902,2021-06-05,-0.079422,0.040535,NA
-44.7819601444065,-20.9689694353241,322,2019-01-02,2021-05-26,90,0.6166,0.0973,2021-06-05,-0.095097,0.044324,NA
-44.7819601444065,-20.9690592668525,321,2019-01-02,2021-05-26,90,0.5935,0.1015,2021-06-05,-0.083436,0.04714,NA
-44.7819601444065,-20.969149098381,322,2019-01-02,2021-05-26,90,0.5898,0.1013,2021-06-05,-0.077446,0.049108,NA
-44.7819601444065,-20.9692389299094,322,2019-01-02,2021-05-26,90,0.5915,0.0981,2022-09-13,-0.108596,0.039095,NA
-44.7819601444065,-20.9693287614378,321,2019-01-02,2021-05-26,89,0.5801,0.0987,2022-09-08,-0.086703,0.040252,NA
-44.7819601444065,-20.9694185929662,320,2019-01-02,2021-05-26,89,0.6589,0.0876,2022-08-29,-0.065692,0.036164,NA
-44.7819601444065,-20.9695084244946,320,2019-01-02,2021-05-26,89,0.712,0.0798,2021-08-09,-0.068436,0.02867,NA
-44.7819601444065,-20.969598256023,320,2019-01-02,2021-05-26,89,0.739,0.0759,2021-08-14,-0.067869,0.034484,NA
-44.7819601444065,-20.9696880875514,322,2019-01-02,2021-05-26,90,0.7212,0.0778,2022-04-16,0.065973,0.055817,NA
-44.7819601444065,-20.9697779190798,322,2019-01-02,2021-05-26,89,0.6861,0.082,2022-04-21,0.071254,0.051322,NA
-44.7819601444065,-20.9698677506083,322,2019-01-02,2021-05-26,89,0.6633,0.0851,2022-04-26,0.090781,0.050796,NA
-44.7819601444065,-20.9699575821367,322,2019-01-02,2021-05-26,89,0.664,0.0883,2022-04-21,0.09587,0.047729,NA
-44.7819601444065,-20.9700474136651,320,2019-01-02,2021-05-26,88,0.6347,0.0936,2022-08-19,-0.10665,0.04683,NA
-44.7819601444065,-20.9701372451935,321,2019-01-02,2021-05-26,88,0.4722,0.1135,2022-08-14,-0.096136,0.032242,NA
-44.7819601444065,-20.9702270767219,318,2019-01-02,2021-05-26,87,0.39,0.1546,2021-11-07,0.147816,0.054689,NA
-44.7819601444065,-20.9703169082503,318,2019-01-02,2021-05-26,86,0.4065,0.1594,2023-11-02,0.139528,0.07594,NA
-44.7820499759349,-20.9686101092105,324,2019-01-02,2021-05-26,89,0.6345,0.0837,2021-06-05,-0.077796,0.015402,NA
-44.7820499759349,-20.9686999407389,323,2019-01-02,2021-05-26,89,0.6408,0.0905,2021-06-05,-0.085976,0.039022,NA
-44.7820499759349,-20.9687897722673,323,2019-01-02,2021-05-26,89,0.6662,0.0842,2021-06-05,-0.076367,0.044532,NA
-44.7820499759349,-20.9688796037957,321,2019-01-02,2021-05-26,89,0.6684,0.0837,2021-06-05,-0.072494,0.044984,NA
-44.7820499759349,-20.9689694353241,321,2019-01-02,2021-05-26,89,0.6278,0.093,2021-06-05,-0.088315,0.041739,NA
-44.7820499759349,-20.9690592668525,323,2019-01-02,2021-05-26,90,0.5817,0.1021,2021-06-05,-0.080965,0.040725,NA
-44.7820499759349,-20.969149098381,322,2019-01-02,2021-05-26,90,0.5747,0.1027,2021-06-05,-0.071757,0.042359,NA
-44.7820499759349,-20.9692389299094,323,2019-01-02,2021-05-26,90,0.605,0.0952,2023-05-26,0.10718,0.043926,NA
-44.7820499759349,-20.9693287614378,323,2019-01-02,2021-05-26,90,0.6188,0.092,2022-09-08,-0.085275,0.039905,NA
-44.7820499759349,-20.9694185929662,321,2019-01-02,2021-05-26,89,0.649,0.0881,2022-09-03,-0.073188,0.04079,NA
-44.7820499759349,-20.9695084244946,321,2019-01-02,2021-05-26,89,0.7109,0.078,2021-08-14,-0.073774,0.032125,NA
-44.7820499759349,-20.969598256023,322,2019-01-02,2021-05-26,90,0.7367,0.0746,2021-07-30,-0.071393,0.027002,NA
-44.7820499759349,-20.9696880875514,322,2019-01-02,2021-05-26,90,0.7321,0.0766,2021-08-24,-0.06273,0.042192,NA
-44.7820499759349,-20.9697779190798,322,2019-01-02,2021-05-26,89,0.7176,0.0789,2022-04-16,0.063219,0.049339,NA
-44.7820499759349,-20.9698677506083,324,2019-01-02,2021-05-26,89,0.6991,0.0812,2022-04-16,0.083075,0.047029,NA
-44.7820499759349,-20.9699575821367,322,2019-01-02,2021-05-26,89,0.6722,0.0885,2022-04-16,0.074756,0.055802,NA
-44.7820499759349,-20.9700474136651,321,2019-01-02,2021-05-26,88,0.625,0.095,2022-08-29,-0.106185,0.056712,NA
-44.7820499759349,-20.9701372451935,320,2019-01-02,2021-05-26,88,0.4634,0.1246,2023-11-12,0.049672,0.043633,NA
-44.7820499759349,-20.9702270767219,319,2019-01-02,2021-05-26,86,0.3899,0.1659,2021-11-07,0.160336,0.07448,NA
-44.7821398074633,-20.9686999407389,325,2019-01-02,2021-05-26,89,0.6162,0.0918,2021-06-05,-0.087071,0.036259,NA
-44.7821398074633,-20.9687897722673,326,2019-01-02,2021-05-26,89,0.6388,0.0897,2021-06-05,-0.083012,0.047407,NA
-44.7821398074633,-20.9688796037957,323,2019-01-02,2021-05-26,89,0.6677,0.0829,2021-06-05,-0.062122,0.039098,NA
-44.7821398074633,-20.9689694353241,322,2019-01-02,2021-05-26,89,0.6391,0.0898,2021-06-05,-0.066585,0.036991,NA
-44.7821398074633,-20.9690592668525,322,2019-01-02,2021-05-26,89,0.5989,0.099,2021-06-05,-0.080854,0.039576,NA
-44.7821398074633,-20.969149098381,320,2019-01-02,2021-05-26,89,0.5884,0.1016,2021-06-05,-0.07401,0.039573,NA
-44.7821398074633,-20.9692389299094,322,2019-01-02,2021-05-26,90,0.6088,0.0969,2023-05-26,0.099626,0.048316,NA
-44.7821398074633,-20.9693287614378,322,2019-01-02,2021-05-26,90,0.6621,0.086,2022-09-08,-0.087072,0.043989,NA
-44.7821398074633,-20.9694185929662,323,2019-01-02,2021-05-26,89,0.6634,0.085,2022-09-03,-0.076852,0.037972,NA
-44.7821398074633,-20.9695084244946,323,2019-01-02,2021-05-26,89,0.6917,0.0813,2022-05-01,0.068738,0.038125,NA
-44.7821398074633,-20.969598256023,323,2019-01-02,2021-05-26,90,0.72,0.0777,2021-08-19,-0.071022,0.033328,NA
-44.7821398074633,-20.9696880875514,322,2019-01-02,2021-05-26,90,0.6982,0.0825,2022-04-26,0.066245,0.033893,NA
-44.7821398074633,-20.9697779190798,322,2019-01-02,2021-05-26,89,0.7102,0.0823,2022-04-16,0.060455,0.041944,NA
-44.7821398074633,-20.9698677506083,321,2019-01-02,2021-05-26,89,0.7164,0.079,2022-04-11,0.061657,0.047022,NA
-44.7821398074633,-20.9699575821367,323,2019-01-02,2021-05-26,89,0.6645,0.0898,2022-04-26,0.088717,0.050007,NA
-44.7821398074633,-20.9700474136651,321,2019-01-02,2021-05-26,88,0.5967,0.097,2022-08-19,-0.103674,0.047442,NA
-44.7821398074633,-20.9701372451935,320,2019-01-02,2021-05-26,86,0.4476,0.1326,2023-12-02,0.109209,0.039081,NA
-44.7821398074633,-20.9702270767219,320,2019-01-02,2021-05-26,86,0.379,0.1705,2021-11-17,0.158445,0.084247,NA
-44.7822296389917,-20.9687897722673,326,2019-01-02,2021-05-26,89,0.6355,0.0863,2021-06-05,-0.083377,0.05198,NA
-44.7822296389917,-20.9688796037957,325,2019-01-02,2021-05-26,89,0.6689,0.0825,2021-06-05,-0.071213,0.049828,NA
-44.7822296389917,-20.9689694353241,322,2019-01-02,2021-05-26,89,0.6547,0.0868,2021-06-05,-0.06836,0.043763,NA
-44.7822296389917,-20.9690592668525,321,2019-01-02,2021-05-26,89,0.6276,0.0938,2021-06-05,-0.075843,0.04933,NA
-44.7822296389917,-20.969149098381,320,2019-01-02,2021-05-26,89,0.6158,0.0964,2021-06-05,-0.074459,0.042595,NA
-44.7822296389917,-20.9692389299094,321,2019-01-02,2021-05-26,89,0.6339,0.0933,2023-05-21,0.109979,0.04617,NA
-44.7822296389917,-20.9693287614378,322,2019-01-02,2021-05-26,89,0.6694,0.084,2022-09-08,-0.063369,0.045566,NA
-44.7822296389917,-20.9694185929662,322,2019-01-02,2021-05-26,89,0.6596,0.0849,2022-09-03,-0.06434,0.034937,NA
-44.7822296389917,-20.9695084244946,322,2019-01-02,2021-05-26,89,0.6471,0.0885,2022-09-08,-0.082106,0.036069,NA
-44.7822296389917,-20.969598256023,323,2019-01-02,2021-05-26,89,0.6861,0.0835,2022-05-06,0.071866,0.036861,NA
-44.7822296389917,-20.9696880875514,324,2019-01-02,2021-05-26,89,0.6822,0.0849,2022-05-06,0.067162,0.03426,NA
-44.7822296389917,-20.9697779190798,321,2019-01-02,2021-05-26,88,0.7047,0.0822,2022-04-16,0.06968,0.036968,NA
-44.7822296389917,-20.9698677506083,322,2019-01-02,2021-05-26,88,0.7048,0.082,2022-04-21,0.067016,0.040949,NA
-44.7822296389917,-20.9699575821367,324,2019-01-02,2021-05-26,89,0.6472,0.094,2022-09-03,-0.105548,0.042816,NA
-44.7822296389917,-20.9700474136651,324,2019-01-02,2021-05-26,88,0.5594,0.0965,2022-08-19,-0.089059,0.035614,NA
-44.7822296389917,-20.9701372451935,320,2019-01-02,2021-05-26,85,0.4765,0.1183,2023-05-21,0.116086,0.037221,NA
-44.7822296389917,-20.9702270767219,320,2019-01-02,2021-05-26,85,0.3918,0.1515,2021-11-07,0.142781,0.074374,NA
-44.7823194705201,-20.9689694353241,322,2019-01-02,2021-05-26,89,0.6639,0.0831,2021-06-05,-0.070906,0.042799,NA
-44.7823194705201,-20.9690592668525,321,2019-01-02,2021-05-26,89,0.646,0.0896,2021-06-05,-0.074648,0.04594,NA
-44.7823194705201,-20.969149098381,320,2019-01-02,2021-05-26,88,0.6236,0.0924,2021-06-05,-0.084765,0.045667,NA
-44.7823194705201,-20.9692389299094,321,2019-01-02,2021-05-26,88,0.624,0.0924,2021-06-05,-0.073696,0.04671,NA
-44.7823194705201,-20.9693287614378,320,2019-01-02,2021-05-26,88,0.6455,0.0898,2022-09-13,-0.086811,0.044296,NA
-44.7823194705201,-20.9694185929662,322,2019-01-02,2021-05-26,89,0.6574,0.0863,2022-09-08,-0.068701,0.041992,NA
-44.7823194705201,-20.9695084244946,323,2019-01-02,2021-05-26,90,0.6374,0.0887,2022-09-13,-0.101372,0.038219,NA
-44.7823194705201,-20.969598256023,322,2019-01-02,2021-05-26,89,0.6622,0.0852,2022-09-03,-0.061531,0.034816,NA
-44.7823194705201,-20.9696880875514,323,2019-01-02,2021-05-26,89,0.6799,0.0829,2022-08-29,-0.054191,0.031756,NA
-44.7823194705201,-20.9697779190798,321,2019-01-02,2021-05-26,88,0.6895,0.0832,2022-05-06,0.068256,0.0351,NA
-44.7823194705201,-20.9698677506083,323,2019-01-02,2021-05-26,88,0.7011,0.0826,2022-04-26,0.066415,0.03951,NA
-44.7823194705201,-20.9699575821367,325,2019-01-02,2021-05-26,89,0.6781,0.0873,2022-08-19,-0.107543,0.04449,NA
-44.7823194705201,-20.9700474136651,321,2019-01-02,2021-05-26,85,0.6061,0.0904,2022-08-19,-0.093768,0.012926,NA
-44.7823194705201,-20.9701372451935,321,2019-01-02,2021-05-26,85,0.5608,0.1058,2023-05-21,0.101215,0.024421,NA
-44.7823194705201,-20.9702270767219,321,2019-01-02,2021-05-26,86,0.4433,0.1309,2023-12-02,0.112272,0.034788,NA
-44.7823194705201,-20.9703169082503,320,2019-01-02,2021-05-26,86,0.428,0.1341,2023-12-17,0.11769,0.046224,NA
-44.7824093020485,-20.9690592668525,322,2019-01-02,2021-05-26,88,0.6445,0.0869,2021-06-05,-0.071389,0.032597,NA
-44.7824093020485,-20.969149098381,321,2019-01-02,2021-05-26,88,0.6211,0.093,2021-06-05,-0.084841,0.038531,NA
-44.7824093020485,-20.9692389299094,321,2019-01-02,2021-05-26,88,0.6008,0.097,2021-06-05,-0.090462,0.038707,NA
-44.7824093020485,-20.9693287614378,322,2019-01-02,2021-05-26,88,0.6219,0.0933,2021-06-05,-0.078913,0.0435,NA
-44.7824093020485,-20.9694185929662,321,2019-01-02,2021-05-26,88,0.6361,0.0896,2023-05-21,0.112178,0.046685,NA
-44.7824093020485,-20.9695084244946,324,2019-01-02,2021-05-26,89,0.6373,0.0886,2022-09-13,-0.092749,0.043751,NA
-44.7824093020485,-20.969598256023,324,2019-01-02,2021-05-26,90,0.6372,0.0881,2022-09-08,-0.075101,0.037254,NA
-44.7824093020485,-20.9696880875514,324,2019-01-02,2021-05-26,90,0.6852,0.0797,2022-08-29,-0.050351,0.031296,NA
-44.7824093020485,-20.9697779190798,326,2019-01-02,2021-05-26,90,0.6934,0.0807,2022-08-29,-0.051771,0.030634,NA
-44.7824093020485,-20.9698677506083,323,2019-01-02,2021-05-26,88,0.6685,0.0831,2022-09-03,-0.063624,0.039508,NA
-44.7824093020485,-20.9699575821367,323,2019-01-02,2021-05-26,87,0.6701,0.0815,2022-08-19,-0.097613,0.046898,NA
-44.7824093020485,-20.9700474136651,322,2019-01-02,2021-05-26,86,0.5813,0.0968,2022-09-03,-0.089798,-0.011973,NA
-44.7824093020485,-20.9701372451935,323,2019-01-02,2021-05-26,86,0.533,0.1159,2024-06-19,-0.132972,-0.012896,NA
-44.7824093020485,-20.9702270767219,323,2019-01-02,2021-05-26,86,0.4727,0.1252,2024-03-31,0.118081,0.027149,NA
-44.7824093020485,-20.9703169082503,322,2019-01-02,2021-05-26,86,0.4158,0.1392,2023-12-07,0.108757,0.047982,NA
-44.7824991335769,-20.9690592668525,322,2019-01-02,2021-05-26,87,0.6373,0.0784,2022-05-06,0.068826,0.040461,NA
-44.7824991335769,-20.969149098381,322,2019-01-02,2021-05-26,87,0.6037,0.0887,2021-06-05,-0.075343,0.034908,NA
-44.7824991335769,-20.9692389299094,320,2019-01-02,2021-05-26,87,0.5846,0.0951,2021-06-05,-0.087001,0.043207,NA
-44.7824991335769,-20.9693287614378,320,2019-01-02,2021-05-26,86,0.598,0.0944,2021-06-05,-0.081708,0.043838,NA
-44.7824991335769,-20.9694185929662,320,2019-01-02,2021-05-26,86,0.5978,0.0925,2021-06-05,-0.072921,0.043296,NA
-44.7824991335769,-20.9695084244946,322,2019-01-02,2021-05-26,87,0.6208,0.0863,2023-05-16,0.104657,0.042393,NA
-44.7824991335769,-20.969598256023,322,2019-01-02,2021-05-26,87,0.6048,0.0894,2022-09-08,-0.097366,0.033853,NA
-44.7824991335769,-20.9696880875514,322,2019-01-02,2021-05-26,87,0.6467,0.0843,2022-08-29,-0.071477,0.02593,NA
-44.7824991335769,-20.9697779190798,323,2019-01-02,2021-05-26,86,0.6855,0.0794,2022-08-19,-0.05756,0.022323,NA
-44.7824991335769,-20.9698677506083,321,2019-01-02,2021-05-26,85,0.6772,0.0831,2022-09-03,-0.061686,0.035372,NA
-44.7824991335769,-20.9699575821367,324,2019-01-02,2021-05-26,87,0.625,0.0877,2022-08-19,-0.094536,0.032682,NA
-44.7824991335769,-20.9700474136651,325,2019-01-02,2021-05-26,87,0.553,0.1032,2022-08-29,-0.098679,-0.034518,NA
-44.7824991335769,-20.9701372451935,325,2019-01-02,2021-05-26,87,0.5344,0.1118,2022-09-13,-0.09416,-0.018119,NA
-44.7824991335769,-20.9702270767219,324,2019-01-02,2021-05-26,87,0.5018,0.1159,NA,NA,0.034173,NA
-44.7824991335769,-20.9703169082503,324,2019-01-02,2021-05-26,87,0.4216,0.1388,2023-12-07,0.120728,0.054931,NA
-44.7825889651054,-20.969149098381,322,2019-01-02,2021-05-26,87,0.6136,0.0843,2021-06-05,-0.068741,0.042862,NA
-44.7825889651054,-20.9692389299094,320,2019-01-02,2021-05-26,86,0.5899,0.093,2021-06-05,-0.079827,0.041515,NA
-44.7825889651054,-20.9693287614378,321,2019-01-02,2021-05-26,86,0.5714,0.0998,2021-06-05,-0.08945,0.045909,NA
-44.7825889651054,-20.9694185929662,321,2019-01-02,2021-05-26,86,0.5649,0.0992,2021-06-05,-0.077761,0.042624,NA
-44.7825889651054,-20.9695084244946,322,2019-01-02,2021-05-26,86,0.6058,0.0894,2022-09-13,-0.092023,0.030334,NA
-44.7825889651054,-20.969598256023,322,2019-01-02,2021-05-26,86,0.6263,0.0882,2022-09-03,-0.070108,0.026824,NA
-44.7825889651054,-20.9696880875514,322,2019-01-02,2021-05-26,86,0.6061,0.0929,2022-09-03,-0.074814,0.025131,NA
-44.7825889651054,-20.9697779190798,322,2019-01-02,2021-05-26,86,0.6297,0.088,2022-08-29,-0.06416,0.014638,NA
-44.7825889651054,-20.9698677506083,323,2019-01-02,2021-05-26,86,0.6493,0.0863,2022-09-03,-0.077493,0.021382,NA
-44.7825889651054,-20.9699575821367,326,2019-01-02,2021-05-26,88,0.6392,0.0874,2022-08-19,-0.084129,0.001912,NA
-44.7825889651054,-20.9700474136651,325,2019-01-02,2021-05-26,87,0.5653,0.1055,2022-08-29,-0.090627,-0.042741,NA
-44.7825889651054,-20.9701372451935,325,2019-01-02,2021-05-26,87,0.5355,0.1124,2022-09-03,-0.087942,-0.031398,NA
-44.7825889651054,-20.9702270767219,324,2019-01-02,2021-05-26,87,0.5621,0.1085,2022-08-14,-0.088807,0.024837,NA
-44.7825889651054,-20.9703169082503,324,2019-01-02,2021-05-26,87,0.4335,0.1379,2023-11-12,0.11407,0.059162,NA
-44.7826787966338,-20.9692389299094,320,2019-01-02,2021-05-26,86,0.5899,0.093,2021-06-05,-0.079827,0.041515,NA
-44.7826787966338,-20.9693287614378,321,2019-01-02,2021-05-26,86,0.5714,0.0998,2021-06-05,-0.08945,0.045909,NA
-44.7826787966338,-20.9694185929662,321,2019-01-02,2021-05-26,86,0.5649,0.0992,2021-06-05,-0.077761,0.042624,NA
-44.7826787966338,-20.9695084244946,322,2019-01-02,2021-05-26,86,0.6058,0.0894,2022-09-13,-0.092023,0.030334,NA
-44.7826787966338,-20.969598256023,322,2019-01-02,2021-05-26,86,0.6263,0.0882,2022-09-03,-0.070108,0.026824,NA
-44.7826787966338,-20.9697779190798,322,2019-01-02,2021-05-26,86,0.6297,0.088,2022-08-29,-0.06416,0.014638,NA
-44.7826787966338,-20.9698677506083,323,2019-01-02,2021-05-26,86,0.6493,0.0863,2022-09-03,-0.077493,0.021382,NA
-44.7826787966338,-20.9699575821367,326,2019-01-02,2021-05-26,88,0.6392,0.0874,2022-08-19,-0.084129,0.001912,NA
-44.7826787966338,-20.9700474136651,325,2019-01-02,2021-05-26,87,0.5653,0.1055,2022-08-29,-0.090627,-0.042741,NA
-44.7826787966338,-20.9701372451935,325,2019-01-02,2021-05-26,87,0.5355,0.1124,2022-09-03,-0.087942,-0.031398,NA
-44.7826787966338,-20.9702270767219,324,2019-01-02,2021-05-26,87,0.5621,0.1085,2022-08-14,-0.088807,0.024837,NA
-44.7826787966338,-20.9703169082503,324,2019-01-02,2021-05-26,87,0.4335,0.1379,2023-11-12,0.11407,0.059162,NA
-44.7826787966338,-20.9704067397787,324,2019-01-02,2021-05-26,87,0.3646,0.1607,2024-04-10,0.12302,0.063353,NA
-44.7827686281622,-20.9692389299094,322,2019-01-02,2021-05-26,87,0.5753,0.0939,2021-06-05,-0.093906,0.04011,NA
-44.7827686281622,-20.9693287614378,322,2019-01-02,2021-05-26,87,0.538,0.1062,2021-06-05,-0.101952,0.040026,NA
-44.7827686281622,-20.9694185929662,322,2019-01-02,2021-05-26,86,0.5407,0.1037,2021-06-05,-0.105402,0.040173,NA
-44.7827686281622,-20.9698677506083,324,2019-01-02,2021-05-26,87,0.6511,0.0839,2022-08-19,-0.055436,0.011968,NA
-44.7827686281622,-20.9699575821367,326,2019-01-02,2021-05-26,88,0.6813,0.0732,2021-08-14,-0.063343,-0.017629,NA
-44.7827686281622,-20.9700474136651,325,2019-01-02,2021-05-26,87,0.6089,0.0872,2022-08-14,-0.069741,-0.038166,NA
-44.7827686281622,-20.9701372451935,325,2019-01-02,2021-05-26,87,0.5739,0.1058,2022-08-14,-0.090108,-0.034231,NA
-44.7827686281622,-20.9702270767219,323,2019-01-02,2021-05-26,87,0.5341,0.1148,2022-08-14,-0.101285,0.013951,NA
-44.7827686281622,-20.9703169082503,323,2019-01-02,2021-05-26,87,0.4508,0.1379,2023-12-07,0.109783,0.048431,NA
-44.7827686281622,-20.9704067397787,322,2019-01-02,2021-05-26,87,0.3833,0.1587,NA,NA,0.057395,NA
-44.7828584596906,-20.9699575821367,322,2019-01-02,2021-05-26,87,0.6407,0.0857,2022-08-29,-0.082424,-0.016791,NA
-44.7828584596906,-20.9700474136651,324,2019-01-02,2021-05-26,87,0.5998,0.0975,2022-08-19,-0.065851,-0.042889,NA
-44.7828584596906,-20.9701372451935,323,2019-01-02,2021-05-26,87,0.5888,0.107,2021-11-07,0.094262,-0.029788,NA
-44.7828584596906,-20.9702270767219,322,2019-01-02,2021-05-26,87,0.5535,0.1122,2022-08-14,-0.085877,0.004242,NA
-44.7828584596906,-20.9703169082503,322,2019-01-02,2021-05-26,87,0.502,0.1254,2023-12-07,0.09043,0.034965,NA
-44.7828584596906,-20.9704067397787,321,2019-01-02,2021-05-26,86,0.3974,0.154,2024-03-31,0.124656,0.050154,NA
-44.782948291219,-20.9699575821367,321,2019-01-02,2021-05-26,86,0.5705,0.0992,2022-09-13,-0.099918,-0.031395,NA
-44.782948291219,-20.9700474136651,324,2019-01-02,2021-05-26,87,0.5782,0.1095,2022-08-29,-0.08425,-0.04318,NA
-44.782948291219,-20.9701372451935,325,2019-01-02,2021-05-26,87,0.5877,0.1071,2021-11-17,0.091883,-0.035024,NA
-44.782948291219,-20.9702270767219,323,2019-01-02,2021-05-26,87,0.5976,0.1032,2021-11-07,0.107646,-0.004047,NA
-44.782948291219,-20.9703169082503,322,2019-01-02,2021-05-26,87,0.5402,0.1148,2024-03-01,0.090013,0.024647,NA
-44.782948291219,-20.9704067397787,322,2019-01-02,2021-05-26,86,0.4206,0.1461,2024-03-31,0.122694,0.029583,NA
-44.7830381227474,-20.9700474136651,323,2019-01-02,2021-05-26,87,0.547,0.1133,2022-09-13,-0.089197,-0.030066,NA
-44.7830381227474,-20.9701372451935,324,2019-01-02,2021-05-26,87,0.564,0.1104,2022-07-30,-0.095947,-0.026695,NA
-44.7830381227474,-20.9702270767219,325,2019-01-02,2021-05-26,87,0.5595,0.1069,2022-07-30,-0.073307,-0.013017,NA
-44.7830381227474,-20.9703169082503,321,2019-01-02,2021-05-26,86,0.5062,0.1204,2024-03-16,0.093852,0.012707,NA
-44.7830381227474,-20.9704067397787,321,2019-01-02,2021-05-26,86,0.4567,0.1344,2024-03-16,0.104059,0.02802,NA
-44.7831279542758,-20.9700474136651,325,2019-01-02,2021-05-26,88,0.5414,0.1119,2022-08-19,-0.06779,-0.017674,NA
-44.7831279542758,-20.9701372451935,323,2019-01-02,2021-05-26,87,0.5622,0.1061,2021-11-17,0.107258,-0.021482,NA
-44.7831279542758,-20.9702270767219,325,2019-01-02,2021-05-26,88,0.5236,0.1071,2022-08-19,-0.068098,-0.018624,NA
-44.7831279542758,-20.9703169082503,325,2019-01-02,2021-05-26,87,0.4972,0.1182,2024-03-31,0.099354,0.002596,NA
-44.7832177858042,-20.9700474136651,324,2019-01-02,2021-05-26,87,0.5559,0.1047,2022-08-29,-0.063871,-0.008245,NA
-44.7832177858042,-20.9701372451935,326,2019-01-02,2021-05-26,88,0.5725,0.0962,2022-07-30,-0.061053,-0.02253,NA
-44.7832177858042,-20.9702270767219,325,2019-01-02,2021-05-26,87,0.5284,0.1046,2022-08-04,-0.061991,-0.023405,NA
-44.7832177858042,-20.9703169082503,324,2019-01-02,2021-05-26,87,0.5221,0.1103,2022-09-08,-0.095418,0.003297,NA
-44.7833076173327,-20.9700474136651,325,2019-01-02,2021-05-26,87,0.5783,0.0931,2022-08-04,-0.054046,-0.011486,NA
-44.7833076173327,-20.9701372451935,325,2019-01-02,2021-05-26,87,0.5765,0.0905,2022-07-30,-0.046552,-0.023364,NA
-44.7833076173327,-20.9702270767219,325,2019-01-02,2021-05-26,87,0.5458,0.0982,2022-08-04,-0.060622,-0.015616,NA
-44.7836669434463,-20.9654660057161,323,2019-01-07,2021-05-26,91,0.5695,0.0886,2022-05-16,0.094684,0.008761,NA
-44.7836669434463,-20.9699575821367,322,2019-01-02,2021-05-26,85,0.5657,0.0676,2024-03-16,0.06674,0.038315,NA
-44.7836669434463,-20.9700474136651,324,2019-01-02,2021-05-26,87,0.5443,0.0753,2024-02-25,0.051667,0.021367,NA
-44.7837567749747,-20.9653761741877,322,2019-01-07,2021-05-26,91,0.5172,0.1013,2022-05-06,0.094957,0.046991,NA
-44.7837567749747,-20.9654660057161,321,2019-01-07,2021-05-26,90,0.5338,0.0981,2022-05-11,0.122131,0.028372,NA
-44.7837567749747,-20.9655558372445,322,2019-01-07,2021-05-26,91,0.545,0.0891,2022-05-11,0.143212,0.018675,NA
-44.7837567749747,-20.9699575821367,325,2019-01-02,2021-05-26,87,0.525,0.074,2024-03-31,0.064609,0.036409,NA
-44.7837567749747,-20.9700474136651,325,2019-01-02,2021-05-26,87,0.536,0.077,2023-12-17,0.062119,0.018694,NA
-44.7837567749747,-20.9701372451935,326,2019-01-02,2021-05-26,87,0.535,0.0794,2023-12-02,0.087186,-0.004328,NA
-44.7837567749747,-20.9702270767219,325,2019-01-02,2021-05-26,87,0.5392,0.0863,2022-09-03,-0.055509,-0.021304,NA
-44.7838466065031,-20.9652863426592,322,2019-01-07,2021-05-26,90,0.5046,0.1005,2022-04-26,0.019086,0.094726,NA
-44.7838466065031,-20.9653761741877,321,2019-01-07,2021-05-26,90,0.5236,0.0944,2022-05-01,0.085227,0.084379,NA
-44.7838466065031,-20.9654660057161,321,2019-01-07,2021-05-26,90,0.5728,0.0838,2022-05-06,0.082395,0.057219,NA
-44.7838466065031,-20.9655558372445,322,2019-01-07,2021-05-26,91,0.5207,0.0947,2022-05-06,0.149612,0.036455,NA
-44.7838466065031,-20.9656456687729,322,2019-01-07,2021-05-26,91,0.4818,0.0993,2021-09-13,-0.088084,0.04186,NA
-44.7838466065031,-20.9657355003013,319,2019-01-07,2021-05-26,90,0.4786,0.0971,2021-08-24,-0.083538,0.028069,NA
-44.7838466065031,-20.9699575821367,324,2019-01-02,2021-05-26,88,0.5914,0.073,2024-03-01,0.055262,0.036045,NA
-44.7838466065031,-20.9700474136651,325,2019-01-02,2021-05-26,87,0.5921,0.076,2023-11-22,0.050273,0.014647,NA
-44.7838466065031,-20.9701372451935,325,2019-01-02,2021-05-26,87,0.5323,0.0837,2023-12-02,0.089081,-0.004146,NA
-44.7838466065031,-20.9702270767219,324,2019-01-02,2021-05-26,86,0.5849,0.0831,2022-09-13,-0.063682,-0.011629,NA
-44.7839364380315,-20.9651965111308,322,2019-01-07,2021-05-26,90,0.5326,0.0955,2022-04-26,0.006228,0.086597,NA
-44.7839364380315,-20.9652863426592,322,2019-01-07,2021-05-26,90,0.5046,0.1005,2022-04-26,0.019086,0.094726,NA
-44.7839364380315,-20.9653761741877,321,2019-01-07,2021-05-26,90,0.5236,0.0944,2022-05-01,0.085227,0.084379,NA
-44.7839364380315,-20.9654660057161,321,2019-01-07,2021-05-26,90,0.5728,0.0838,2022-05-06,0.082395,0.057219,NA
-44.7839364380315,-20.9655558372445,322,2019-01-07,2021-05-26,91,0.5207,0.0947,2022-05-06,0.149612,0.036455,NA
-44.7839364380315,-20.9656456687729,322,2019-01-07,2021-05-26,91,0.4818,0.0993,2021-09-13,-0.088084,0.04186,NA
-44.7839364380315,-20.9657355003013,319,2019-01-07,2021-05-26,90,0.4786,0.0971,2021-08-24,-0.083538,0.028069,NA
-44.7839364380315,-20.9658253318297,319,2019-01-07,2021-05-26,90,0.471,0.0864,2021-08-14,-0.067708,0.017097,NA
-44.7839364380315,-20.9698677506083,324,2019-01-02,2021-05-26,88,0.6059,0.0714,2021-08-29,0.069017,0.044957,NA
-44.7839364380315,-20.9699575821367,325,2019-01-02,2021-05-26,88,0.6424,0.0706,2023-12-02,0.057251,0.033509,NA
-44.7839364380315,-20.9700474136651,325,2019-01-02,2021-05-26,88,0.6084,0.075,2021-09-28,0.073354,0.012115,NA
-44.7839364380315,-20.9701372451935,326,2019-01-02,2021-05-26,88,0.5258,0.0802,2022-09-08,-0.048319,-0.007053,NA
-44.7840262695599,-20.9651066796024,319,2019-01-07,2021-05-26,89,0.5522,0.0995,2022-04-26,0.007537,0.067138,NA
-44.7840262695599,-20.9651965111308,321,2019-01-07,2021-05-26,90,0.5227,0.0973,2022-04-26,-0.000103,0.0873,NA
-44.7840262695599,-20.9652863426592,322,2019-01-07,2021-05-26,90,0.4853,0.098,2022-04-21,-0.00629,0.104487,NA
-44.7840262695599,-20.9653761741877,322,2019-01-07,2021-05-26,90,0.4779,0.0963,2022-04-26,-0.015792,0.099472,NA
-44.7840262695599,-20.9654660057161,320,2019-01-07,2021-05-26,89,0.4903,0.0945,2022-05-06,0.12778,0.073981,NA
-44.7840262695599,-20.9655558372445,322,2019-01-07,2021-05-26,90,0.4979,0.1,2022-05-06,0.165058,0.073838,NA
-44.7840262695599,-20.9656456687729,322,2019-01-07,2021-05-26,91,0.4821,0.1021,2022-05-06,0.183755,0.077283,NA
-44.7840262695599,-20.9657355003013,319,2019-01-07,2021-05-26,90,0.4554,0.1063,2022-05-06,0.184684,0.060917,NA
-44.7840262695599,-20.9658253318297,319,2019-01-07,2021-05-26,90,0.4026,0.1018,2022-05-06,0.160878,0.056127,NA
-44.7840262695599,-20.9659151633581,318,2019-01-07,2021-05-26,89,0.2449,0.0789,2023-05-06,0.09074,0.03581,NA
-44.7840262695599,-20.9698677506083,324,2019-01-02,2021-05-26,88,0.6059,0.0714,2021-08-29,0.069017,0.044957,NA
-44.7840262695599,-20.9699575821367,325,2019-01-02,2021-05-26,88,0.6424,0.0706,2023-12-02,0.057251,0.033509,NA
-44.7840262695599,-20.9700474136651,325,2019-01-02,2021-05-26,88,0.6084,0.075,2021-09-28,0.073354,0.012115,NA
-44.7840262695599,-20.9701372451935,326,2019-01-02,2021-05-26,88,0.5258,0.0802,2022-09-08,-0.048319,-0.007053,NA
-44.7841161010884,-20.9652863426592,322,2019-01-07,2021-05-26,90,0.4668,0.1003,2022-04-26,-0.015492,0.090307,NA
-44.7841161010884,-20.9653761741877,322,2019-01-07,2021-05-26,89,0.4475,0.1026,2022-05-01,0.061918,0.079997,NA
-44.7841161010884,-20.9654660057161,321,2019-01-07,2021-05-26,89,0.4672,0.1011,2022-05-06,0.169209,0.07771,NA
-44.7841161010884,-20.9655558372445,321,2019-01-07,2021-05-26,89,0.4758,0.1016,2022-05-01,0.145456,0.10354,NA
-44.7841161010884,-20.9656456687729,323,2019-01-07,2021-05-26,91,0.4527,0.1075,2022-04-26,0.039598,0.118412,NA
-44.7841161010884,-20.9657355003013,320,2019-01-07,2021-05-26,90,0.4083,0.1187,2022-05-06,0.166398,0.092598,NA
-44.7841161010884,-20.9658253318297,318,2019-01-07,2021-05-26,89,0.3738,0.1172,2023-05-06,0.122697,0.044131,NA
-44.7841161010884,-20.9659151633581,317,2019-01-07,2021-05-26,89,0.3449,0.094,2023-05-11,0.140198,0.028129,NA
-44.7841161010884,-20.9660049948865,317,2019-01-07,2021-05-26,89,0.3206,0.0709,2023-06-10,0.067141,0.054927,NA
-44.7841161010884,-20.966094826415,315,2019-01-07,2021-05-26,88,0.43,0.0659,2024-03-16,0.08084,0.06062,NA
-44.7841161010884,-20.9697779190798,326,2019-01-02,2021-05-26,88,0.637,0.0711,2021-08-19,0.05567,0.041875,NA
-44.7841161010884,-20.9698677506083,326,2019-01-02,2021-05-26,88,0.6096,0.0722,2021-08-29,0.063996,0.046925,NA
-44.7841161010884,-20.9699575821367,325,2019-01-02,2021-05-26,88,0.6162,0.0733,2021-09-28,0.068032,0.02995,NA
-44.7841161010884,-20.9700474136651,326,2019-01-02,2021-05-26,89,0.5687,0.0767,2021-09-28,0.070719,0.011268,NA
-44.7841161010884,-20.9701372451935,326,2019-01-02,2021-05-26,89,0.5214,0.0791,2022-09-03,-0.032122,-0.011222,NA
-44.7842059326168,-20.9654660057161,322,2019-01-07,2021-05-26,89,0.4824,0.0973,2022-05-06,0.137769,0.075023,NA
-44.7842059326168,-20.9655558372445,323,2019-01-07,2021-05-26,89,0.4139,0.1133,2022-05-06,0.185777,0.062921,NA
-44.7842059326168,-20.9656456687729,323,2019-01-07,2021-05-26,89,0.3968,0.1209,2022-05-06,0.148185,0.09079,NA
-44.7842059326168,-20.9657355003013,322,2019-01-07,2021-05-26,90,0.3802,0.1249,2023-05-01,0.12868,0.087874,NA
-44.7842059326168,-20.9658253318297,319,2019-01-07,2021-05-26,89,0.3698,0.1263,2022-08-04,-0.140548,0.069419,NA
-44.7842059326168,-20.9659151633581,319,2019-01-07,2021-05-26,89,0.392,0.1155,2022-08-29,-0.106268,0.05019,NA
-44.7842059326168,-20.9697779190798,327,2019-01-02,2021-05-26,88,0.6328,0.071,2021-08-24,0.059211,0.040553,NA
-44.7842059326168,-20.9698677506083,326,2019-01-02,2021-05-26,88,0.6009,0.0739,2021-08-29,0.066544,0.042798,NA
-44.7842059326168,-20.9699575821367,325,2019-01-02,2021-05-26,88,0.5751,0.0764,2021-09-28,0.069676,0.019965,NA
-44.7842059326168,-20.9700474136651,326,2019-01-02,2021-05-26,89,0.5484,0.0771,2021-09-28,0.073316,0.002825,NA
-44.7842059326168,-20.9701372451935,325,2019-01-02,2021-05-26,89,0.5182,0.0842,2022-08-14,-0.050023,-0.008779,NA
-44.7842957641452,-20.9656456687729,323,2019-01-07,2021-05-26,89,0.3809,0.118,2023-05-01,0.132025,0.057192,NA
-44.7842957641452,-20.9657355003013,321,2019-01-07,2021-05-26,89,0.3545,0.1244,2022-08-29,-0.118823,0.055433,NA
-44.7842957641452,-20.9658253318297,319,2019-01-07,2021-05-26,88,0.3563,0.1254,2023-05-11,0.193433,0.060658,NA
-44.7842957641452,-20.9696880875514,327,2019-01-02,2021-05-26,88,0.6284,0.079,2021-08-14,0.065606,0.04356,NA
-44.7842957641452,-20.9697779190798,327,2019-01-02,2021-05-26,88,0.6207,0.0764,2021-08-19,0.056918,0.044671,NA
-44.7842957641452,-20.9698677506083,327,2019-01-02,2021-05-26,88,0.5997,0.0775,2021-08-29,0.075725,0.032789,NA
-44.7842957641452,-20.9699575821367,325,2019-01-02,2021-05-26,88,0.59,0.0774,2021-09-18,0.075757,0.011877,NA
-44.7842957641452,-20.9700474136651,325,2019-01-02,2021-05-26,88,0.5506,0.0798,2021-10-03,0.074884,0.003957,NA
-44.7842957641452,-20.9701372451935,325,2019-01-02,2021-05-26,89,0.5008,0.0929,2022-08-14,-0.059279,-0.005508,NA
-44.7843855956736,-20.9664541525286,320,2019-01-07,2021-05-26,87,0.4083,0.1073,2023-10-23,0.082992,0.062468,NA
-44.7843855956736,-20.966543984057,321,2019-01-07,2021-05-26,88,0.464,0.1118,2023-12-02,0.105671,0.049241,NA
-44.7843855956736,-20.9666338155854,319,2019-01-07,2021-05-26,87,0.4471,0.1184,2024-02-25,0.0953,0.043882,NA
-44.7843855956736,-20.9667236471138,319,2019-01-07,2021-05-26,87,0.4471,0.1184,2024-02-25,0.0953,0.043882,NA
-44.7843855956736,-20.9696880875514,328,2019-01-02,2021-05-26,89,0.6035,0.0824,2021-08-09,0.053776,0.043739,NA
-44.7843855956736,-20.9697779190798,327,2019-01-02,2021-05-26,88,0.6313,0.0774,2021-08-24,0.067908,0.044906,NA
-44.7843855956736,-20.9698677506083,327,2019-01-02,2021-05-26,88,0.6173,0.0764,2021-09-03,0.067671,0.022218,NA
-44.7843855956736,-20.9699575821367,326,2019-01-02,2021-05-26,88,0.6113,0.0761,2021-09-28,0.06956,0.013749,NA
-44.7843855956736,-20.9700474136651,325,2019-01-02,2021-05-26,88,0.565,0.0806,2021-11-17,0.07501,0.006226,NA
-44.7843855956736,-20.9701372451935,324,2019-01-02,2021-05-26,88,0.5277,0.0953,2022-08-04,-0.06518,-0.01311,NA
-44.784475427202,-20.9661846579434,321,2019-01-07,2021-05-26,88,0.3964,0.1258,2023-10-23,0.08027,0.064568,NA
-44.784475427202,-20.9662744894718,320,2019-01-07,2021-05-26,88,0.3844,0.1243,2023-10-23,0.073128,0.064024,NA
-44.784475427202,-20.9663643210002,320,2019-01-07,2021-05-26,88,0.3921,0.1178,2023-10-23,0.075598,0.067424,NA
-44.784475427202,-20.9664541525286,320,2019-01-07,2021-05-26,88,0.4202,0.1105,2023-11-07,0.080737,0.061045,NA
-44.784475427202,-20.966543984057,320,2019-01-07,2021-05-26,87,0.4741,0.1113,2023-11-22,0.112876,0.053076,NA
-44.784475427202,-20.9666338155854,320,2019-01-07,2021-05-26,87,0.4741,0.1113,2023-11-22,0.112876,0.053076,NA
-44.784475427202,-20.9667236471138,320,2019-01-07,2021-05-26,88,0.4417,0.1194,2023-12-02,0.097383,0.054768,NA
-44.784475427202,-20.9668134786422,318,2019-01-07,2021-05-26,88,0.4266,0.126,2023-12-02,0.099453,0.053768,NA
-44.784475427202,-20.96807112004,326,2019-01-02,2021-05-26,90,0.4566,0.1198,2023-11-07,0.099281,0.070104,NA
-44.784475427202,-20.9681609515684,322,2019-01-02,2021-05-26,87,0.4367,0.1292,2023-11-22,0.109761,0.056694,NA
-44.784475427202,-20.9682507830968,322,2019-01-02,2021-05-26,87,0.4168,0.1349,2023-11-22,0.102469,0.039832,NA
-44.784475427202,-20.9683406146253,322,2019-01-02,2021-05-26,87,0.4319,0.1316,2023-12-02,0.117926,0.036401,NA
-44.784475427202,-20.9684304461537,323,2019-01-02,2021-05-26,87,0.4621,0.1264,2023-11-22,0.096376,0.041529,NA
-44.784475427202,-20.9685202776821,324,2019-01-02,2021-05-26,88,0.444,0.1281,2023-12-02,0.107818,0.045372,NA
-44.784475427202,-20.9686101092105,323,2019-01-02,2021-05-26,88,0.4644,0.1221,2023-11-12,0.09284,0.043674,NA
-44.784475427202,-20.9686999407389,323,2019-01-02,2021-05-26,88,0.4708,0.1204,2023-11-12,0.07822,0.038063,NA
-44.784475427202,-20.9687897722673,324,2019-01-02,2021-05-26,88,0.4701,0.1185,2023-11-17,0.072078,0.037822,NA
-44.784475427202,-20.9688796037957,324,2019-01-02,2021-05-26,89,0.4738,0.1175,2023-11-22,0.085423,0.04137,NA
-44.784475427202,-20.9689694353241,322,2019-01-02,2021-05-26,89,0.4608,0.1175,2023-11-22,0.075571,0.058086,NA
-44.784475427202,-20.9690592668525,322,2019-01-02,2021-05-26,90,0.5035,0.111,2023-05-21,0.143531,0.059059,NA
-44.784475427202,-20.969149098381,324,2019-01-02,2021-05-26,91,0.5244,0.1025,2023-05-26,0.122888,0.05117,NA
-44.784475427202,-20.969598256023,325,2019-01-02,2021-05-26,90,0.5909,0.0899,2021-08-19,0.090076,0.053246,NA
-44.784475427202,-20.9696880875514,325,2019-01-02,2021-05-26,89,0.5986,0.0844,2021-08-19,0.060881,0.045186,NA
-44.784475427202,-20.9697779190798,327,2019-01-02,2021-05-26,89,0.6029,0.0798,2021-08-29,0.072564,0.033725,NA
-44.784475427202,-20.9698677506083,327,2019-01-02,2021-05-26,89,0.5811,0.0798,2021-08-29,0.066171,0.020208,NA
-44.784475427202,-20.9699575821367,326,2019-01-02,2021-05-26,88,0.5866,0.0798,2021-09-13,0.082084,0.018309,NA
-44.784475427202,-20.9700474136651,325,2019-01-02,2021-05-26,88,0.5465,0.087,2021-11-17,0.085454,0.006071,NA
-44.7845652587304,-20.966094826415,321,2019-01-07,2021-05-26,88,0.3727,0.1257,2023-10-18,0.089695,0.058785,NA
-44.7845652587304,-20.9661846579434,320,2019-01-07,2021-05-26,88,0.3828,0.1283,2023-11-07,0.078167,0.063813,NA
-44.7845652587304,-20.9662744894718,320,2019-01-07,2021-05-26,88,0.3962,0.122,2023-12-02,0.109151,0.063726,NA
-44.7845652587304,-20.9663643210002,320,2019-01-07,2021-05-26,88,0.4302,0.1102,2023-12-02,0.096166,0.057174,NA
-44.7845652587304,-20.9664541525286,321,2019-01-07,2021-05-26,89,0.4511,0.1099,2023-12-02,0.091673,0.05763,NA
-44.7845652587304,-20.966543984057,320,2019-01-07,2021-05-26,88,0.4331,0.1195,2024-01-11,0.092253,0.055334,NA
-44.7845652587304,-20.9666338155854,320,2019-01-07,2021-05-26,88,0.4331,0.1195,2024-01-11,0.092253,0.055334,NA
-44.7845652587304,-20.9667236471138,321,2019-01-07,2021-05-26,89,0.4311,0.1251,2023-12-02,0.110709,0.058561,NA
-44.7845652587304,-20.9668134786422,319,2019-01-07,2021-05-26,89,0.4365,0.1277,2023-11-12,0.082824,0.050739,NA
-44.7845652587304,-20.9669033101707,316,2019-01-07,2021-05-26,87,0.455,0.1243,2023-11-12,0.119469,0.051971,NA
-44.7845652587304,-20.9677117939264,320,2019-01-07,2021-05-26,88,0.4148,0.1222,2023-12-02,0.109758,0.057528,NA
-44.7845652587304,-20.9678016254548,323,2019-01-07,2021-05-26,88,0.3947,0.1257,2024-01-11,0.108742,0.058432,NA
-44.7845652587304,-20.9678914569832,324,2019-01-02,2021-05-26,89,0.4052,0.1252,2023-12-02,0.097386,0.05823,NA
-44.7845652587304,-20.9679812885116,327,2019-01-02,2021-05-26,89,0.3974,0.1317,2023-12-02,0.117176,0.061876,NA
-44.7845652587304,-20.96807112004,326,2019-01-02,2021-05-26,89,0.3726,0.1362,2023-12-07,0.110194,0.057264,NA
-44.7845652587304,-20.9681609515684,322,2019-01-02,2021-05-26,88,0.394,0.1343,2023-12-02,0.114401,0.053747,NA
-44.7845652587304,-20.9682507830968,322,2019-01-02,2021-05-26,87,0.4142,0.1324,2023-11-22,0.114375,0.046093,NA
-44.7845652587304,-20.9683406146253,322,2019-01-02,2021-05-26,87,0.4221,0.1327,2023-11-22,0.124239,0.042912,NA
-44.7845652587304,-20.9684304461537,324,2019-01-02,2021-05-26,88,0.4264,0.134,2023-11-22,0.119305,0.056767,NA
-44.7845652587304,-20.9685202776821,324,2019-01-02,2021-05-26,88,0.4254,0.1341,2023-11-12,0.097733,0.057728,NA
-44.7845652587304,-20.9686101092105,324,2019-01-02,2021-05-26,88,0.4399,0.1262,2023-11-07,0.092223,0.053583,NA
-44.7845652587304,-20.9686999407389,324,2019-01-02,2021-05-26,88,0.449,0.1218,2023-11-22,0.113569,0.048133,NA
-44.7845652587304,-20.9687897722673,324,2019-01-02,2021-05-26,88,0.4165,0.1214,2024-01-11,0.092191,0.044555,NA
-44.7845652587304,-20.9688796037957,323,2019-01-02,2021-05-26,89,0.4645,0.1102,2023-06-05,0.142755,0.05233,NA
-44.7845652587304,-20.9689694353241,322,2019-01-02,2021-05-26,89,0.5421,0.0993,2023-05-21,0.139789,0.053858,NA
-44.7845652587304,-20.9690592668525,324,2019-01-02,2021-05-26,91,0.6038,0.0881,2022-08-29,-0.094852,0.041815,NA
-44.7845652587304,-20.969149098381,325,2019-01-02,2021-05-26,91,0.6233,0.0781,2022-07-25,-0.06627,0.022724,NA
-44.7845652587304,-20.9692389299094,325,2019-01-02,2021-05-26,91,0.5926,0.0867,2022-07-30,-0.082401,0.028817,NA
-44.7845652587304,-20.9695084244946,321,2019-01-02,2021-05-26,89,0.6102,0.0905,2021-08-24,0.090864,0.065901,NA
-44.7845652587304,-20.969598256023,321,2019-01-02,2021-05-26,89,0.5879,0.0936,2021-08-19,0.081517,0.056284,NA
-44.7845652587304,-20.9696880875514,323,2019-01-02,2021-05-26,89,0.5814,0.0904,2021-08-29,0.085875,0.044043,NA
-44.7845652587304,-20.9697779190798,324,2019-01-02,2021-05-26,89,0.589,0.0834,2021-09-03,0.084222,0.041576,NA
-44.7845652587304,-20.9698677506083,325,2019-01-02,2021-05-26,89,0.5768,0.0793,2021-09-03,0.070852,0.030406,NA
-44.7845652587304,-20.9699575821367,325,2019-01-02,2021-05-26,89,0.5784,0.0806,2021-09-18,0.074489,0.026766,NA
-44.7845652587304,-20.9700474136651,325,2019-01-02,2021-05-26,89,0.553,0.0881,2021-11-07,0.087401,0.018609,NA
-44.7846550902588,-20.9660049948865,320,2019-01-07,2021-05-26,88,0.3799,0.1235,2023-10-23,0.104847,0.052383,NA
-44.7846550902588,-20.966094826415,320,2019-01-07,2021-05-26,87,0.3535,0.1247,2023-11-12,0.102326,0.055102,NA
-44.7846550902588,-20.9661846579434,319,2019-01-07,2021-05-26,87,0.358,0.1261,2023-11-22,0.105864,0.066226,NA
-44.7846550902588,-20.9662744894718,319,2019-01-07,2021-05-26,88,0.4229,0.1193,2023-12-02,0.092738,0.059602,NA
-44.7846550902588,-20.9663643210002,319,2019-01-07,2021-05-26,88,0.4419,0.1113,2023-12-02,0.085557,0.054415,NA
-44.7846550902588,-20.9664541525286,320,2019-01-07,2021-05-26,88,0.4464,0.1145,2023-12-17,0.08668,0.048199,NA
-44.7846550902588,-20.966543984057,320,2019-01-07,2021-05-26,88,0.4289,0.1217,2024-01-11,0.089312,0.051224,NA
-44.7846550902588,-20.9666338155854,320,2019-01-07,2021-05-26,88,0.4289,0.1217,2024-01-11,0.089312,0.051224,NA
-44.7846550902588,-20.9667236471138,319,2019-01-07,2021-05-26,89,0.4341,0.1267,2023-12-02,0.118545,0.053328,NA
-44.7846550902588,-20.9668134786422,317,2019-01-07,2021-05-26,88,0.4371,0.1296,2023-11-07,0.077652,0.052631,NA
-44.7846550902588,-20.9669033101707,317,2019-01-07,2021-05-26,88,0.4457,0.1266,2023-11-07,0.090111,0.049139,NA
-44.7846550902588,-20.9669931416991,318,2019-01-07,2021-05-26,88,0.463,0.1217,2023-11-12,0.102006,0.038917,NA
-44.7846550902588,-20.9674422993411,319,2019-01-07,2021-05-26,86,0.4344,0.1221,2023-11-22,0.111725,0.042087,NA
-44.7846550902588,-20.9675321308695,320,2019-01-07,2021-05-26,87,0.4332,0.1211,2023-11-22,0.099373,0.045901,NA
-44.7846550902588,-20.967621962398,319,2019-01-07,2021-05-26,87,0.4381,0.1202,2023-11-22,0.11038,0.050177,NA
-44.7846550902588,-20.9677117939264,320,2019-01-07,2021-05-26,87,0.4163,0.1241,2023-11-22,0.100038,0.047667,NA
-44.7846550902588,-20.9678016254548,322,2019-01-02,2021-05-26,89,0.3815,0.1307,2023-12-07,0.10575,0.050208,NA
-44.7846550902588,-20.9678914569832,325,2019-01-02,2021-05-26,89,0.3883,0.1339,2023-12-02,0.116268,0.055137,NA
-44.7846550902588,-20.9679812885116,328,2019-01-02,2021-05-26,89,0.389,0.1335,2023-12-02,0.131693,0.056162,NA
-44.7846550902588,-20.96807112004,326,2019-01-02,2021-05-26,88,0.3925,0.137,2023-12-02,0.12812,0.044892,NA
-44.7846550902588,-20.9681609515684,322,2019-01-02,2021-05-26,88,0.3856,0.1393,2023-12-02,0.134349,0.056571,NA
-44.7846550902588,-20.9682507830968,323,2019-01-02,2021-05-26,88,0.403,0.1366,2023-11-12,0.113863,0.058277,NA
-44.7846550902588,-20.9683406146253,323,2019-01-02,2021-05-26,88,0.4038,0.1367,2023-11-07,0.094863,0.06251,NA
-44.7846550902588,-20.9684304461537,325,2019-01-02,2021-05-26,89,0.3886,0.1427,2023-11-07,0.102477,0.070612,NA
-44.7846550902588,-20.9685202776821,324,2019-01-02,2021-05-26,88,0.3947,0.1384,2023-11-12,0.103935,0.064047,NA
-44.7846550902588,-20.9686101092105,324,2019-01-02,2021-05-26,88,0.406,0.1272,2023-12-02,0.118447,0.058409,NA
-44.7846550902588,-20.9686999407389,325,2019-01-02,2021-05-26,88,0.422,0.1201,2023-12-02,0.089378,0.051555,NA
-44.7846550902588,-20.9687897722673,327,2019-01-02,2021-05-26,90,0.487,0.1064,2023-05-16,0.146877,0.057546,NA
-44.7846550902588,-20.9688796037957,325,2019-01-02,2021-05-26,90,0.5553,0.097,2023-05-16,0.140884,0.067598,NA
-44.7846550902588,-20.9689694353241,323,2019-01-02,2021-05-26,90,0.5773,0.0904,2022-09-13,-0.080781,0.042828,NA
-44.7846550902588,-20.9690592668525,324,2019-01-02,2021-05-26,91,0.6409,0.0782,2022-07-25,-0.081013,0.014502,NA
-44.7846550902588,-20.969149098381,324,2019-01-02,2021-05-26,91,0.6082,0.0881,2021-10-13,0.072632,0.027114,NA
-44.7846550902588,-20.9692389299094,325,2019-01-02,2021-05-26,91,0.5718,0.1005,2021-08-24,0.121122,0.047475,NA
-44.7846550902588,-20.9693287614378,324,2019-01-02,2021-05-26,91,0.6119,0.09,2021-08-19,0.07811,0.057842,NA
-44.7846550902588,-20.9694185929662,322,2019-01-02,2021-05-26,89,0.6037,0.0882,2021-08-29,0.082314,0.055074,NA
-44.7846550902588,-20.9695084244946,321,2019-01-02,2021-05-26,89,0.6076,0.0914,2021-08-24,0.073214,0.058327,NA
-44.7846550902588,-20.969598256023,321,2019-01-02,2021-05-26,89,0.5755,0.0973,2021-08-19,0.074641,0.061573,NA
-44.7846550902588,-20.9696880875514,322,2019-01-02,2021-05-26,89,0.5256,0.1033,2021-09-03,0.100055,0.053293,NA
-44.7846550902588,-20.9697779190798,324,2019-01-02,2021-05-26,89,0.5287,0.0968,2021-10-13,0.090581,0.046561,NA
-44.7846550902588,-20.9698677506083,323,2019-01-02,2021-05-26,89,0.5534,0.0848,2021-09-28,0.085501,0.035379,NA
-44.7846550902588,-20.9699575821367,322,2019-01-02,2021-05-26,89,0.5891,0.0796,2021-09-28,0.084102,0.03309,NA
-44.7846550902588,-20.9700474136651,324,2019-01-02,2021-05-26,89,0.5817,0.0875,2022-08-29,-0.049932,0.017997,NA
-44.7847449217872,-20.9659151633581,321,2019-01-07,2021-05-26,88,0.3763,0.129,2023-10-08,0.106604,0.05252,NA
-44.7847449217872,-20.9660049948865,321,2019-01-07,2021-05-26,88,0.374,0.1257,2023-10-23,0.092365,0.050747,NA
-44.7847449217872,-20.966094826415,320,2019-01-07,2021-05-26,87,0.3576,0.1242,2023-11-22,0.110383,0.049274,NA
-44.7847449217872,-20.9661846579434,319,2019-01-07,2021-05-26,87,0.3877,0.1179,2023-11-22,0.091093,0.042145,NA
-44.7847449217872,-20.9662744894718,319,2019-01-07,2021-05-26,87,0.4374,0.1152,2023-11-07,0.088456,0.049313,NA
-44.7847449217872,-20.9663643210002,317,2019-01-07,2021-05-26,87,0.4565,0.1128,2023-11-22,0.101621,0.047829,NA
-44.7847449217872,-20.9664541525286,319,2019-01-07,2021-05-26,88,0.4553,0.1166,2023-12-02,0.104134,0.047248,NA
-44.7847449217872,-20.966543984057,318,2019-01-07,2021-05-26,88,0.4307,0.1243,2023-11-22,0.112096,0.048801,NA
-44.7847449217872,-20.9666338155854,318,2019-01-07,2021-05-26,88,0.4307,0.1243,2023-11-22,0.112096,0.048801,NA
-44.7847449217872,-20.9667236471138,317,2019-01-07,2021-05-26,88,0.4454,0.126,2023-10-23,0.088203,0.05262,NA
-44.7847449217872,-20.9668134786422,317,2019-01-07,2021-05-26,88,0.45,0.1271,2023-10-23,0.09245,0.048326,NA
-44.7847449217872,-20.9669033101707,318,2019-01-07,2021-05-26,88,0.4438,0.1287,2023-10-23,0.090601,0.047149,NA
-44.7847449217872,-20.9669931416991,321,2019-01-07,2021-05-26,88,0.4472,0.1277,2023-11-07,0.078498,0.038527,NA
-44.7847449217872,-20.9670829732275,318,2019-01-07,2021-05-26,88,0.4717,0.1236,2023-10-23,0.066137,0.035663,NA
-44.7847449217872,-20.9671728047559,317,2019-01-07,2021-05-26,87,0.4824,0.1216,2023-10-18,0.078254,0.044688,NA
-44.7847449217872,-20.9672626362843,317,2019-01-07,2021-05-26,86,0.4461,0.1211,2023-11-07,0.089643,0.039164,NA
-44.7847449217872,-20.9673524678127,318,2019-01-07,2021-05-26,86,0.4393,0.1207,2023-11-12,0.109055,0.03863,NA
-44.7847449217872,-20.9674422993411,319,2019-01-07,2021-05-26,86,0.4375,0.1217,2023-11-12,0.109125,0.043894,NA
-44.7847449217872,-20.9675321308695,320,2019-01-07,2021-05-26,87,0.4357,0.1229,2023-11-22,0.122002,0.044414,NA
-44.7847449217872,-20.967621962398,320,2019-01-07,2021-05-26,87,0.431,0.1226,2023-11-22,0.116277,0.048738,NA
-44.7847449217872,-20.9677117939264,321,2019-01-02,2021-05-26,88,0.4165,0.1274,2023-11-12,0.118572,0.045745,NA
-44.7847449217872,-20.9678016254548,322,2019-01-02,2021-05-26,88,0.397,0.1334,2023-11-22,0.124988,0.053043,NA
-44.7847449217872,-20.9678914569832,323,2019-01-02,2021-05-26,88,0.3897,0.1328,2023-12-02,0.137547,0.058595,NA
-44.7847449217872,-20.9679812885116,326,2019-01-02,2021-05-26,89,0.3984,0.1295,2023-12-02,0.130127,0.051623,NA
-44.7847449217872,-20.96807112004,328,2019-01-02,2021-05-26,90,0.3897,0.1348,2023-12-02,0.133797,0.055116,NA
-44.7847449217872,-20.9681609515684,323,2019-01-02,2021-05-26,89,0.397,0.1366,2023-11-22,0.137131,0.053821,NA
-44.7847449217872,-20.9682507830968,323,2019-01-02,2021-05-26,88,0.4222,0.1352,2023-10-23,0.106484,0.055773,NA
-44.7847449217872,-20.9683406146253,325,2019-01-02,2021-05-26,89,0.4057,0.1387,2023-10-23,0.119246,0.06518,NA
-44.7847449217872,-20.9684304461537,325,2019-01-02,2021-05-26,89,0.3798,0.1424,2023-11-12,0.121383,0.070954,NA
-44.7847449217872,-20.9685202776821,325,2019-01-02,2021-05-26,88,0.3933,0.1319,2023-06-05,0.144131,0.068634,NA
-44.7847449217872,-20.9686101092105,327,2019-01-02,2021-05-26,89,0.4525,0.1154,2023-05-16,0.169456,0.058499,NA
-44.7847449217872,-20.9686999407389,327,2019-01-02,2021-05-26,89,0.4964,0.1121,2023-05-16,0.160647,0.0622,NA
-44.7847449217872,-20.9687897722673,327,2019-01-02,2021-05-26,90,0.5089,0.1072,2023-06-05,0.114607,0.059088,NA
-44.7847449217872,-20.9688796037957,324,2019-01-02,2021-05-26,89,0.5344,0.0965,2022-09-03,-0.090763,0.032855,NA
-44.7847449217872,-20.9689694353241,324,2019-01-02,2021-05-26,90,0.5848,0.0885,2022-08-04,-0.075678,0.025947,NA
-44.7847449217872,-20.9690592668525,323,2019-01-02,2021-05-26,90,0.5778,0.0986,2021-10-13,0.088008,0.054381,NA
-44.7847449217872,-20.969149098381,323,2019-01-02,2021-05-26,90,0.5826,0.106,2021-08-29,0.120931,0.06086,NA
-44.7847449217872,-20.9692389299094,323,2019-01-02,2021-05-26,90,0.561,0.1034,2021-08-29,0.108266,0.070123,NA
-44.7847449217872,-20.9693287614378,323,2019-01-02,2021-05-26,90,0.5998,0.0958,2021-08-29,0.099475,0.068261,NA
-44.7847449217872,-20.9694185929662,323,2019-01-02,2021-05-26,90,0.5855,0.0985,2021-11-17,0.094726,0.06323,NA
-44.7847449217872,-20.9695084244946,322,2019-01-02,2021-05-26,89,0.5807,0.0986,2021-11-17,0.096994,0.05346,NA
-44.7847449217872,-20.969598256023,322,2019-01-02,2021-05-26,89,0.5358,0.1031,2021-09-03,0.105599,0.050616,NA
-44.7847449217872,-20.9696880875514,321,2019-01-02,2021-05-26,88,0.5084,0.1086,2023-10-08,0.118194,0.042831,NA
-44.7847449217872,-20.9697779190798,324,2019-01-02,2021-05-26,89,0.5128,0.1012,2021-10-03,0.103795,0.035054,NA
-44.7847449217872,-20.9698677506083,323,2019-01-02,2021-05-26,89,0.5423,0.0878,2021-09-28,0.083464,0.030161,NA
-44.7847449217872,-20.9699575821367,323,2019-01-02,2021-05-26,89,0.5931,0.0826,2021-09-28,0.071451,0.029056,NA
-44.7847449217872,-20.9700474136651,323,2019-01-02,2021-05-26,90,0.6078,0.0888,2021-11-17,0.092029,0.021632,NA
-44.7848347533157,-20.9659151633581,322,2019-01-07,2021-05-26,88,0.3695,0.131,2023-09-28,0.10397,0.054525,NA
-44.7848347533157,-20.9660049948865,321,2019-01-07,2021-05-26,87,0.3971,0.1211,2023-10-18,0.11031,0.050368,NA
-44.7848347533157,-20.966094826415,320,2019-01-07,2021-05-26,87,0.4211,0.1153,2023-10-18,0.087782,0.049274,NA
-44.7848347533157,-20.9661846579434,317,2019-01-07,2021-05-26,85,0.4335,0.1114,2023-10-23,0.079053,0.036695,NA
-44.7848347533157,-20.9662744894718,317,2019-01-07,2021-05-26,86,0.4321,0.1109,2023-11-07,0.08932,0.04745,NA
-44.7848347533157,-20.9663643210002,318,2019-01-07,2021-05-26,87,0.4619,0.1149,2023-11-12,0.101054,0.046293,NA
-44.7848347533157,-20.9664541525286,319,2019-01-07,2021-05-26,88,0.4497,0.12,2023-11-12,0.081314,0.051323,NA
-44.7848347533157,-20.966543984057,319,2019-01-07,2021-05-26,88,0.4232,0.1252,2023-10-23,0.075568,0.054478,NA
-44.7848347533157,-20.9666338155854,319,2019-01-07,2021-05-26,88,0.4232,0.1252,2023-10-23,0.075568,0.054478,NA
-44.7848347533157,-20.9667236471138,318,2019-01-07,2021-05-26,88,0.4488,0.1224,2023-10-18,0.092747,0.050188,NA
-44.7848347533157,-20.9668134786422,319,2019-01-07,2021-05-26,88,0.4549,0.1242,2023-10-18,0.088254,0.050506,NA
-44.7848347533157,-20.9669033101707,319,2019-01-07,2021-05-26,88,0.4516,0.1268,2023-10-18,0.109135,0.052224,NA
-44.7848347533157,-20.9669931416991,320,2019-01-07,2021-05-26,88,0.456,0.1282,2023-10-18,0.087278,0.046736,NA
-44.7848347533157,-20.9670829732275,319,2019-01-07,2021-05-26,88,0.4651,0.1255,2023-10-23,0.072242,0.040682,NA
-44.7848347533157,-20.9671728047559,317,2019-01-07,2021-05-26,87,0.477,0.124,2023-10-23,0.081224,0.044427,NA
-44.7848347533157,-20.9672626362843,319,2019-01-07,2021-05-26,87,0.4686,0.1257,2023-10-23,0.06645,0.042288,NA
-44.7848347533157,-20.9673524678127,320,2019-01-07,2021-05-26,87,0.476,0.121,2023-11-07,0.074067,0.04422,NA
-44.7848347533157,-20.9674422993411,320,2019-01-07,2021-05-26,87,0.4799,0.1176,2023-11-07,0.083493,0.046779,NA
-44.7848347533157,-20.9675321308695,321,2019-01-07,2021-05-26,88,0.4599,0.1223,2023-11-07,0.07412,0.04563,NA
-44.7848347533157,-20.967621962398,322,2019-01-07,2021-05-26,88,0.4485,0.127,2023-11-12,0.10471,0.049307,NA
-44.7848347533157,-20.9677117939264,322,2019-01-02,2021-05-26,88,0.3994,0.1317,2023-11-12,0.119648,0.056998,NA
-44.7848347533157,-20.9678016254548,323,2019-01-02,2021-05-26,87,0.3943,0.1337,2023-11-22,0.126657,0.049877,NA
-44.7848347533157,-20.9678914569832,324,2019-01-02,2021-05-26,88,0.3873,0.1355,2023-12-02,0.13067,0.053685,NA
-44.7848347533157,-20.9679812885116,327,2019-01-02,2021-05-26,89,0.4287,0.1319,2023-12-02,0.143395,0.055021,NA
-44.7848347533157,-20.96807112004,330,2019-01-02,2021-05-26,90,0.4308,0.1309,2023-12-02,0.140204,0.054653,NA
-44.7848347533157,-20.9681609515684,327,2019-01-02,2021-05-26,90,0.442,0.1336,2023-11-07,0.111186,0.057529,NA
-44.7848347533157,-20.9682507830968,326,2019-01-02,2021-05-26,90,0.4459,0.1313,2023-10-18,0.106464,0.0637,NA
-44.7848347533157,-20.9683406146253,326,2019-01-02,2021-05-26,90,0.4409,0.1246,2023-05-26,0.143797,0.06694,NA
-44.7848347533157,-20.9684304461537,328,2019-01-02,2021-05-26,91,0.4696,0.1156,2023-05-11,0.168047,0.068412,NA
-44.7848347533157,-20.9685202776821,327,2019-01-02,2021-05-26,90,0.4471,0.1209,2023-05-06,0.157087,0.069159,NA
-44.7848347533157,-20.9686101092105,326,2019-01-02,2021-05-26,88,0.4357,0.1312,2023-06-05,0.139761,0.075041,NA
-44.7848347533157,-20.9686999407389,325,2019-01-02,2021-05-26,88,0.4084,0.1318,2024-03-31,0.100806,0.04685,NA
-44.7848347533157,-20.9687897722673,325,2019-01-02,2021-05-26,89,0.5123,0.103,2022-09-03,-0.084849,-0.000939,NA
-44.7848347533157,-20.9688796037957,324,2019-01-02,2021-05-26,89,0.5973,0.0922,2022-07-25,-0.062429,-0.019694,NA
-44.7848347533157,-20.9689694353241,324,2019-01-02,2021-05-26,90,0.5023,0.1185,2021-11-17,0.092104,0.000551,NA
-44.7848347533157,-20.9690592668525,323,2019-01-02,2021-05-26,90,0.499,0.124,2021-10-13,0.103801,0.062438,NA
-44.7848347533157,-20.969149098381,322,2019-01-02,2021-05-26,90,0.543,0.1154,2021-10-13,0.10834,0.076554,NA
-44.7848347533157,-20.9692389299094,321,2019-01-02,2021-05-26,90,0.5597,0.1085,2021-08-24,0.094734,0.075551,NA
-44.7848347533157,-20.9693287614378,322,2019-01-02,2021-05-26,90,0.5887,0.0981,2021-08-24,0.095506,0.076371,NA
-44.7848347533157,-20.9694185929662,323,2019-01-02,2021-05-26,90,0.568,0.0982,2022-09-08,-0.098659,0.066765,NA
-44.7848347533157,-20.9695084244946,322,2019-01-02,2021-05-26,90,0.532,0.1039,2023-09-18,0.094519,0.055966,NA
-44.7848347533157,-20.969598256023,322,2019-01-02,2021-05-26,89,0.4986,0.1096,2023-09-23,0.107484,0.055517,NA
-44.7848347533157,-20.9696880875514,321,2019-01-02,2021-05-26,88,0.5127,0.1065,2023-10-08,0.109609,0.03957,NA
-44.7848347533157,-20.9697779190798,324,2019-01-02,2021-05-26,89,0.5373,0.0933,2021-09-13,0.09691,0.025163,NA
-44.7848347533157,-20.9698677506083,321,2019-01-02,2021-05-26,89,0.5535,0.0874,2021-09-03,0.075214,0.03227,NA
-44.7848347533157,-20.9699575821367,323,2019-01-02,2021-05-26,90,0.5822,0.0891,2021-09-28,0.082277,0.036554,NA
-44.7848347533157,-20.9700474136651,326,2019-01-02,2021-05-26,91,0.6141,0.0868,2022-09-03,-0.046144,0.026711,NA
-44.7849245848441,-20.9659151633581,322,2019-01-07,2021-05-26,88,0.4055,0.1194,2023-09-23,0.096443,0.056593,NA
-44.7849245848441,-20.9660049948865,322,2019-01-07,2021-05-26,88,0.4224,0.112,2023-10-18,0.095419,0.056153,NA
-44.7849245848441,-20.966094826415,319,2019-01-07,2021-05-26,86,0.4404,0.1107,2023-10-18,0.083693,0.045832,NA
-44.7849245848441,-20.9661846579434,316,2019-01-07,2021-05-26,85,0.4431,0.1134,2023-10-08,0.095626,0.045552,NA
-44.7849245848441,-20.9662744894718,316,2019-01-07,2021-05-26,85,0.4545,0.1127,2023-10-18,0.082313,0.043623,NA
-44.7849245848441,-20.9663643210002,317,2019-01-07,2021-05-26,86,0.4652,0.115,2023-11-07,0.094945,0.045491,NA
-44.7849245848441,-20.9664541525286,317,2019-01-07,2021-05-26,87,0.4469,0.1221,2023-10-23,0.090809,0.050742,NA
-44.7849245848441,-20.966543984057,317,2019-01-07,2021-05-26,87,0.4469,0.1221,2023-10-23,0.090809,0.050742,NA
-44.7849245848441,-20.9666338155854,319,2019-01-07,2021-05-26,88,0.4361,0.1236,2023-10-18,0.09984,0.056618,NA
-44.7849245848441,-20.9667236471138,318,2019-01-07,2021-05-26,88,0.4451,0.1231,2023-10-18,0.093758,0.053194,NA
-44.7849245848441,-20.9668134786422,319,2019-01-07,2021-05-26,88,0.458,0.1235,2023-10-08,0.079265,0.052353,NA
-44.7849245848441,-20.9669033101707,319,2019-01-07,2021-05-26,88,0.475,0.1241,2023-10-08,0.08936,0.053794,NA
-44.7849245848441,-20.9669931416991,319,2019-01-07,2021-05-26,88,0.4702,0.1258,2023-10-08,0.087356,0.055707,NA
-44.7849245848441,-20.9670829732275,319,2019-01-07,2021-05-26,88,0.4678,0.1258,2023-10-18,0.083057,0.056311,NA
-44.7849245848441,-20.9671728047559,317,2019-01-07,2021-05-26,87,0.4698,0.1265,2023-10-23,0.084166,0.051294,NA
-44.7849245848441,-20.9672626362843,318,2019-01-07,2021-05-26,87,0.4794,0.124,2023-10-23,0.067005,0.044421,NA
-44.7849245848441,-20.9673524678127,319,2019-01-07,2021-05-26,87,0.4894,0.118,2023-10-23,0.084341,0.044795,NA
-44.7849245848441,-20.9674422993411,321,2019-01-07,2021-05-26,87,0.458,0.1218,2023-11-07,0.100787,0.051626,NA
-44.7849245848441,-20.9675321308695,323,2019-01-07,2021-05-26,88,0.4166,0.131,2023-11-07,0.093858,0.061032,NA
-44.7849245848441,-20.967621962398,324,2019-01-02,2021-05-26,89,0.4012,0.1369,2023-11-12,0.118545,0.062101,NA
-44.7849245848441,-20.9677117939264,326,2019-01-02,2021-05-26,88,0.3939,0.1395,2023-11-12,0.123232,0.065966,NA
-44.7849245848441,-20.9678016254548,326,2019-01-02,2021-05-26,88,0.3966,0.1411,2023-11-22,0.139004,0.057949,NA
-44.7849245848441,-20.9678914569832,327,2019-01-02,2021-05-26,88,0.399,0.142,2023-12-02,0.135862,0.055482,NA
-44.7849245848441,-20.9679812885116,326,2019-01-02,2021-05-26,89,0.3934,0.1391,2023-12-02,0.135671,0.052339,NA
-44.7849245848441,-20.96807112004,330,2019-01-02,2021-05-26,90,0.4281,0.1266,2023-11-07,0.103212,0.049359,NA
-44.7849245848441,-20.9681609515684,327,2019-01-02,2021-05-26,89,0.4577,0.1205,2023-06-10,0.121965,0.047504,NA
-44.7849245848441,-20.9682507830968,327,2019-01-02,2021-05-26,91,0.5019,0.1106,2023-05-16,0.154704,0.072238,NA
-44.7849245848441,-20.9683406146253,328,2019-01-02,2021-05-26,91,0.4775,0.1166,2023-05-11,0.154875,0.073792,NA
-44.7849245848441,-20.9684304461537,329,2019-01-02,2021-05-26,93,0.4399,0.1289,2023-05-26,0.148894,0.074728,NA
-44.7849245848441,-20.9685202776821,328,2019-01-02,2021-05-26,90,0.4025,0.1376,2024-02-25,0.095705,0.069949,NA
-44.7849245848441,-20.9686101092105,326,2019-01-02,2021-05-26,88,0.4143,0.128,2024-03-31,0.092074,0.033946,NA
-44.7849245848441,-20.9686999407389,326,2019-01-02,2021-05-26,89,0.5037,0.1029,NA,NA,0.002784,NA
-44.7849245848441,-20.9687897722673,325,2019-01-02,2021-05-26,89,0.5773,0.0974,2021-09-18,0.085987,-0.03622,NA
-44.7849245848441,-20.9688796037957,326,2019-01-02,2021-05-26,90,0.5921,0.1045,2021-08-24,0.115507,-0.055916,NA
-44.7849245848441,-20.9689694353241,323,2019-01-02,2021-05-26,90,0.4987,0.1244,2021-10-13,0.100039,-0.00293,NA
-44.7849245848441,-20.9690592668525,322,2019-01-02,2021-05-26,90,0.4739,0.1305,2023-10-23,0.125129,0.073543,NA
-44.7849245848441,-20.969149098381,321,2019-01-02,2021-05-26,90,0.5209,0.1213,2021-10-13,0.108634,0.081951,NA
-44.7849245848441,-20.9692389299094,320,2019-01-02,2021-05-26,90,0.5546,0.1102,2021-08-24,0.102197,0.074433,NA
-44.7849245848441,-20.9693287614378,321,2019-01-02,2021-05-26,90,0.5922,0.0945,2021-08-14,0.078753,0.08081,NA
-44.7849245848441,-20.9694185929662,321,2019-01-02,2021-05-26,90,0.5845,0.0891,2021-08-29,0.082696,0.07876,NA
-44.7849245848441,-20.9695084244946,322,2019-01-02,2021-05-26,90,0.5052,0.1039,2021-11-17,0.098502,0.062922,NA
-44.7849245848441,-20.969598256023,321,2019-01-02,2021-05-26,88,0.5027,0.1129,2021-10-03,0.105446,0.047976,NA
-44.7849245848441,-20.9696880875514,321,2019-01-02,2021-05-26,88,0.5388,0.1031,2021-10-03,0.105232,0.03447,NA
-44.7849245848441,-20.9697779190798,322,2019-01-02,2021-05-26,88,0.5531,0.0895,2021-09-28,0.098998,0.02109,NA
-44.7849245848441,-20.9698677506083,322,2019-01-02,2021-05-26,89,0.5547,0.0888,2021-09-18,0.094332,0.035864,NA
-44.7849245848441,-20.9699575821367,322,2019-01-02,2021-05-26,91,0.5649,0.0918,2021-10-13,0.081591,0.041701,NA
-44.7850144163725,-20.9658253318297,325,2019-01-07,2021-05-26,88,0.4184,0.116,2023-09-18,0.09511,0.064561,NA
-44.7850144163725,-20.9659151633581,322,2019-01-07,2021-05-26,88,0.4432,0.1089,2023-09-28,0.088599,0.057515,NA
-44.7850144163725,-20.9660049948865,319,2019-01-07,2021-05-26,87,0.4385,0.1106,2023-10-18,0.092976,0.050839,NA
-44.7850144163725,-20.966094826415,318,2019-01-07,2021-05-26,87,0.4445,0.1119,2023-10-18,0.093415,0.05129,NA
-44.7850144163725,-20.9661846579434,316,2019-01-07,2021-05-26,85,0.4536,0.1119,2023-10-18,0.089213,0.047239,NA
-44.7850144163725,-20.9662744894718,315,2019-01-07,2021-05-26,85,0.4392,0.1133,2023-10-18,0.089092,0.043151,NA
-44.7850144163725,-20.9663643210002,315,2019-01-07,2021-05-26,85,0.4365,0.113,2023-10-18,0.08754,0.041587,NA
-44.7850144163725,-20.9664541525286,317,2019-01-07,2021-05-26,87,0.4693,0.1197,2023-10-18,0.103461,0.051904,NA
-44.7850144163725,-20.966543984057,317,2019-01-07,2021-05-26,87,0.4693,0.1197,2023-10-18,0.103461,0.051904,NA
-44.7850144163725,-20.9666338155854,319,2019-01-07,2021-05-26,87,0.4599,0.122,2023-10-18,0.100766,0.052648,NA
-44.7850144163725,-20.9667236471138,318,2019-01-07,2021-05-26,87,0.4618,0.1229,2023-10-18,0.107729,0.050912,NA
-44.7850144163725,-20.9668134786422,318,2019-01-07,2021-05-26,87,0.467,0.1238,2023-10-08,0.084794,0.052365,NA
-44.7850144163725,-20.9669033101707,319,2019-01-07,2021-05-26,88,0.4812,0.1233,2023-09-28,0.089793,0.055516,NA
-44.7850144163725,-20.9669931416991,320,2019-01-07,2021-05-26,88,0.4779,0.1248,2023-10-18,0.092802,0.056475,NA
-44.7850144163725,-20.9670829732275,320,2019-01-07,2021-05-26,88,0.4591,0.1283,2023-10-18,0.091616,0.060206,NA
-44.7850144163725,-20.9671728047559,319,2019-01-07,2021-05-26,87,0.4448,0.1292,2023-10-23,0.094639,0.056883,NA
-44.7850144163725,-20.9672626362843,320,2019-01-07,2021-05-26,87,0.4481,0.1259,2023-10-23,0.080835,0.045071,NA
-44.7850144163725,-20.9673524678127,320,2019-01-07,2021-05-26,87,0.4381,0.126,2023-11-07,0.076521,0.043308,NA
-44.7850144163725,-20.9674422993411,320,2019-01-07,2021-05-26,87,0.4169,0.1329,2023-11-07,0.10917,0.058051,NA
-44.7850144163725,-20.9675321308695,324,2019-01-02,2021-05-26,89,0.3893,0.1379,2023-11-07,0.101721,0.062046,NA
-44.7850144163725,-20.967621962398,326,2019-01-02,2021-05-26,88,0.3699,0.1418,2023-11-22,0.126596,0.06048,NA
-44.7850144163725,-20.9677117939264,330,2019-01-02,2021-05-26,88,0.3766,0.1404,2023-11-22,0.131694,0.051136,NA
-44.7850144163725,-20.9678016254548,329,2019-01-02,2021-05-26,88,0.3876,0.1353,2023-11-22,0.099229,0.043429,NA
-44.7850144163725,-20.9678914569832,327,2019-01-02,2021-05-26,88,0.4473,0.1234,2023-06-05,0.123738,0.049829,NA
-44.7850144163725,-20.9679812885116,327,2019-01-02,2021-05-26,90,0.4771,0.1154,2023-05-26,0.14662,0.058645,NA
-44.7850144163725,-20.96807112004,329,2019-01-02,2021-05-26,90,0.4757,0.1156,2023-05-21,0.145918,0.06457,NA
-44.7850144163725,-20.9681609515684,329,2019-01-02,2021-05-26,90,0.4689,0.1202,2023-05-26,0.141589,0.078545,NA
-44.7850144163725,-20.9682507830968,327,2019-01-02,2021-05-26,90,0.4412,0.1288,2023-10-23,0.109997,0.081954,NA
-44.7850144163725,-20.9683406146253,328,2019-01-02,2021-05-26,91,0.399,0.1391,2023-12-02,0.12078,0.075124,NA
-44.7850144163725,-20.9684304461537,330,2019-01-02,2021-05-26,92,0.4065,0.1384,2024-01-26,0.084311,0.057314,NA
-44.7850144163725,-20.9685202776821,329,2019-01-02,2021-05-26,91,0.3938,0.1317,2024-03-01,0.105321,0.039463,NA
-44.7850144163725,-20.9686101092105,328,2019-01-02,2021-05-26,90,0.4596,0.1102,2022-08-14,-0.101163,0.001172,NA
-44.7850144163725,-20.9686999407389,324,2019-01-02,2021-05-26,89,0.5344,0.0991,2022-09-08,-0.093471,-0.053454,NA
-44.7850144163725,-20.9687897722673,322,2019-01-02,2021-05-26,88,0.5776,0.1066,2021-08-19,0.094521,-0.071497,NA
-44.7850144163725,-20.9688796037957,323,2019-01-02,2021-05-26,89,0.5584,0.1126,2021-08-29,0.125794,-0.05636,NA
-44.7850144163725,-20.9689694353241,321,2019-01-02,2021-05-26,89,0.4935,0.13,2021-10-13,0.110216,-0.000124,NA
-44.7850144163725,-20.9690592668525,318,2019-01-02,2021-05-26,89,0.4555,0.1365,2023-09-28,0.126091,0.080299,NA
-44.7850144163725,-20.969149098381,318,2019-01-02,2021-05-26,89,0.4995,0.1244,2021-10-13,0.109738,0.085995,NA
-44.7850144163725,-20.9692389299094,318,2019-01-02,2021-05-26,89,0.5392,0.1079,2021-08-24,0.0971,0.074991,NA
-44.7850144163725,-20.9693287614378,320,2019-01-02,2021-05-26,90,0.566,0.0928,2021-08-24,0.085211,0.075455,NA
-44.7850144163725,-20.9694185929662,319,2019-01-02,2021-05-26,90,0.5342,0.0931,2023-06-05,0.097159,0.08105,NA
-44.7850144163725,-20.9695084244946,318,2019-01-02,2021-05-26,89,0.5036,0.1035,2023-09-18,0.093848,0.066026,NA
-44.7850144163725,-20.969598256023,320,2019-01-02,2021-05-26,89,0.4763,0.1151,2023-09-18,0.090226,0.053304,NA
-44.7850144163725,-20.9696880875514,319,2019-01-02,2021-05-26,88,0.5287,0.1027,2021-10-03,0.093541,0.03826,NA
-44.7850144163725,-20.9697779190798,322,2019-01-02,2021-05-26,89,0.5456,0.0909,2021-09-28,0.079721,0.031581,NA
-44.7850144163725,-20.9698677506083,323,2019-01-02,2021-05-26,90,0.5436,0.0903,2021-09-03,0.087594,0.037233,NA
-44.7850144163725,-20.9699575821367,323,2019-01-02,2021-05-26,91,0.5474,0.0935,2023-11-22,0.076024,0.037951,NA
-44.7851042479009,-20.9658253318297,325,2019-01-07,2021-05-26,88,0.4776,0.105,2023-11-07,0.078704,0.019807,NA
-44.7851042479009,-20.9659151633581,321,2019-01-07,2021-05-26,87,0.4654,0.1062,2023-10-18,0.083429,0.052855,NA
-44.7851042479009,-20.9660049948865,320,2019-01-07,2021-05-26,87,0.4604,0.1099,2023-10-18,0.102272,0.048504,NA
-44.7851042479009,-20.966094826415,320,2019-01-07,2021-05-26,87,0.4703,0.1108,2023-10-18,0.100755,0.047786,NA
-44.7851042479009,-20.9661846579434,318,2019-01-07,2021-05-26,85,0.4647,0.1105,2023-10-18,0.083204,0.043223,NA
-44.7851042479009,-20.9662744894718,315,2019-01-07,2021-05-26,85,0.4554,0.1095,2023-10-18,0.090068,0.040668,NA
-44.7851042479009,-20.9663643210002,315,2019-01-07,2021-05-26,85,0.4441,0.1121,2023-10-18,0.097909,0.041324,NA
-44.7851042479009,-20.9664541525286,317,2019-01-07,2021-05-26,87,0.4863,0.1176,2023-10-18,0.105475,0.046105,NA
-44.7851042479009,-20.966543984057,317,2019-01-07,2021-05-26,87,0.4863,0.1176,2023-10-18,0.105475,0.046105,NA
-44.7851042479009,-20.9666338155854,319,2019-01-07,2021-05-26,87,0.4717,0.1223,2023-10-18,0.107347,0.050058,NA
-44.7851042479009,-20.9667236471138,320,2019-01-07,2021-05-26,88,0.4494,0.126,2023-09-28,0.091642,0.055039,NA
-44.7851042479009,-20.9668134786422,320,2019-01-07,2021-05-26,87,0.465,0.1247,2023-10-08,0.095861,0.050584,NA
-44.7851042479009,-20.9669033101707,320,2019-01-07,2021-05-26,87,0.4947,0.1212,2023-10-08,0.081094,0.050568,NA
-44.7851042479009,-20.9669931416991,319,2019-01-07,2021-05-26,86,0.4901,0.123,2023-10-18,0.097635,0.053155,NA
-44.7851042479009,-20.9670829732275,319,2019-01-07,2021-05-26,86,0.4505,0.1296,2023-10-18,0.086272,0.058067,NA
-44.7851042479009,-20.9671728047559,321,2019-01-07,2021-05-26,86,0.419,0.1345,2023-10-18,0.0942,0.061478,NA
-44.7851042479009,-20.9672626362843,321,2019-01-07,2021-05-26,86,0.4063,0.1346,2023-10-23,0.091775,0.055294,NA
-44.7851042479009,-20.9673524678127,322,2019-01-07,2021-05-26,86,0.4006,0.1391,2023-11-12,0.130652,0.057411,NA
-44.7851042479009,-20.9674422993411,324,2019-01-02,2021-05-26,87,0.3675,0.1422,2023-11-17,0.10711,0.059502,NA
-44.7851042479009,-20.9675321308695,329,2019-01-02,2021-05-26,89,0.3848,0.134,2023-05-26,0.144852,0.057561,NA
-44.7851042479009,-20.967621962398,329,2019-01-02,2021-05-26,88,0.4097,0.1291,2023-05-21,0.140163,0.049754,NA
-44.7851042479009,-20.9677117939264,330,2019-01-02,2021-05-26,88,0.4405,0.1224,2023-05-21,0.151316,0.058944,NA
-44.7851042479009,-20.9678016254548,329,2019-01-02,2021-05-26,88,0.4916,0.1153,2023-05-26,0.145551,0.072978,NA
-44.7851042479009,-20.9678914569832,329,2019-01-02,2021-05-26,89,0.4914,0.1158,2023-06-05,0.113156,0.077651,NA
-44.7851042479009,-20.9679812885116,327,2019-01-02,2021-05-26,88,0.4946,0.117,2023-06-05,0.104805,0.069394,NA
-44.7851042479009,-20.96807112004,329,2019-01-02,2021-05-26,89,0.4533,0.1249,2023-10-23,0.100861,0.064636,NA
-44.7851042479009,-20.9681609515684,328,2019-01-02,2021-05-26,89,0.4358,0.1278,2023-11-07,0.088342,0.065325,NA
-44.7851042479009,-20.9682507830968,329,2019-01-02,2021-05-26,88,0.413,0.1296,2023-12-02,0.10376,0.056658,NA
-44.7851042479009,-20.9683406146253,329,2019-01-02,2021-05-26,91,0.4082,0.1312,2023-12-02,0.09904,0.052627,NA
-44.7851042479009,-20.9684304461537,333,2019-01-02,2021-05-26,93,0.4266,0.1289,2023-12-07,0.088428,0.038346,NA
-44.7851042479009,-20.9685202776821,330,2019-01-02,2021-05-26,92,0.4235,0.1146,2022-08-04,-0.098774,0.005083,NA
-44.7851042479009,-20.9686101092105,326,2019-01-02,2021-05-26,90,0.458,0.1116,2022-07-25,-0.100591,-0.050463,NA
-44.7851042479009,-20.9686999407389,324,2019-01-02,2021-05-26,89,0.4867,0.1142,2021-11-17,0.073613,-0.087703,NA
-44.7851042479009,-20.9687897722673,321,2019-01-02,2021-05-26,88,0.548,0.1087,2021-08-24,0.11927,-0.083502,NA
-44.7851042479009,-20.9688796037957,322,2019-01-02,2021-05-26,89,0.5508,0.1159,2021-08-19,0.112086,-0.044195,NA
-44.7851042479009,-20.9689694353241,321,2019-01-02,2021-05-26,89,0.4726,0.1351,2021-09-03,0.12701,0.007169,NA
-44.7851042479009,-20.9690592668525,318,2019-01-02,2021-05-26,89,0.4484,0.1375,2023-09-18,0.125434,0.080544,NA
-44.7851042479009,-20.969149098381,319,2019-01-02,2021-05-26,89,0.474,0.1289,2021-11-17,0.112351,0.087559,NA
-44.7851042479009,-20.9692389299094,318,2019-01-02,2021-05-26,90,0.5084,0.1131,2021-09-03,0.108207,0.08014,NA
-44.7851042479009,-20.9693287614378,318,2019-01-02,2021-05-26,90,0.5659,0.0942,2021-09-03,0.083445,0.078851,NA
-44.7851042479009,-20.9694185929662,320,2019-01-02,2021-05-26,91,0.546,0.0935,2021-09-03,0.087721,0.07291,NA
-44.7851042479009,-20.9695084244946,320,2019-01-02,2021-05-26,90,0.501,0.1071,2021-09-28,0.094717,0.064437,NA
-44.7851042479009,-20.969598256023,320,2019-01-02,2021-05-26,90,0.4668,0.1168,2023-09-28,0.113881,0.051108,NA
-44.7851042479009,-20.9696880875514,320,2019-01-02,2021-05-26,90,0.516,0.1006,2023-10-18,0.104908,0.039828,NA
-44.7851042479009,-20.9697779190798,322,2019-01-02,2021-05-26,90,0.5512,0.0898,2023-10-23,0.085013,0.0244,NA
-44.7851042479009,-20.9698677506083,324,2019-01-02,2021-05-26,91,0.5643,0.0881,2023-11-22,0.08538,0.029051,NA
-44.7851042479009,-20.9699575821367,325,2019-01-02,2021-05-26,92,0.5561,0.0942,2022-08-04,-0.076387,0.039261,NA
-44.7851940794293,-20.9657355003013,326,2019-01-07,2021-05-26,88,0.4846,0.1018,2024-01-26,0.066275,-0.054313,NA
-44.7851940794293,-20.9658253318297,322,2019-01-07,2021-05-26,87,0.4769,0.1044,2024-03-01,0.089854,-0.086576,NA
-44.7851940794293,-20.9659151633581,322,2019-01-07,2021-05-26,87,0.4579,0.1076,2023-11-12,0.08511,0.021554,NA
-44.7851940794293,-20.9660049948865,320,2019-01-07,2021-05-26,87,0.4697,0.1089,2023-10-18,0.084513,0.039116,NA
-44.7851940794293,-20.966094826415,321,2019-01-07,2021-05-26,87,0.4729,0.1098,2023-10-18,0.093706,0.04085,NA
-44.7851940794293,-20.9661846579434,319,2019-01-07,2021-05-26,85,0.4587,0.1103,2023-10-18,0.103368,0.038471,NA
-44.7851940794293,-20.9662744894718,319,2019-01-07,2021-05-26,86,0.4399,0.1125,2023-10-08,0.115124,0.042808,NA
-44.7851940794293,-20.9663643210002,317,2019-01-07,2021-05-26,85,0.437,0.1141,2023-09-28,0.076769,0.042587,NA
-44.7851940794293,-20.9664541525286,319,2019-01-07,2021-05-26,86,0.4614,0.1163,2023-09-28,0.086824,0.052097,NA
-44.7851940794293,-20.966543984057,319,2019-01-07,2021-05-26,86,0.4614,0.1163,2023-09-28,0.086824,0.052097,NA
-44.7851940794293,-20.9666338155854,320,2019-01-07,2021-05-26,87,0.4968,0.1186,2023-09-28,0.092834,0.056118,NA
-44.7851940794293,-20.9667236471138,321,2019-01-07,2021-05-26,88,0.4871,0.1212,2023-09-28,0.090409,0.054973,NA
-44.7851940794293,-20.9668134786422,322,2019-01-07,2021-05-26,88,0.4923,0.1208,2023-10-08,0.08781,0.05198,NA
-44.7851940794293,-20.9669033101707,321,2019-01-07,2021-05-26,86,0.4957,0.1203,2023-10-18,0.088079,0.045799,NA
-44.7851940794293,-20.9669931416991,320,2019-01-07,2021-05-26,86,0.4667,0.124,2023-10-18,0.093333,0.056098,NA
-44.7851940794293,-20.9670829732275,320,2019-01-07,2021-05-26,86,0.445,0.1296,2023-10-18,0.10635,0.058588,NA
-44.7851940794293,-20.9671728047559,321,2019-01-07,2021-05-26,86,0.4067,0.1378,2023-10-23,0.100086,0.0643,NA
-44.7851940794293,-20.9672626362843,321,2019-01-07,2021-05-26,86,0.4016,0.1338,2023-05-26,0.132313,0.066597,NA
-44.7851940794293,-20.9673524678127,323,2019-01-07,2021-05-26,86,0.4405,0.1261,2023-05-16,0.138605,0.073157,NA
-44.7851940794293,-20.9674422993411,324,2019-01-02,2021-05-26,87,0.4659,0.1218,2023-05-21,0.145191,0.06784,NA
-44.7851940794293,-20.9675321308695,327,2019-01-02,2021-05-26,87,0.4671,0.1207,2023-05-21,0.130573,0.064954,NA
-44.7851940794293,-20.967621962398,328,2019-01-02,2021-05-26,88,0.4718,0.1227,2023-05-26,0.120981,0.07869,NA
-44.7851940794293,-20.9677117939264,328,2019-01-02,2021-05-26,88,0.4583,0.1252,2023-10-18,0.101995,0.071428,NA
-44.7851940794293,-20.9678016254548,330,2019-01-02,2021-05-26,89,0.4642,0.1246,2023-10-18,0.108885,0.063636,NA
-44.7851940794293,-20.9678914569832,330,2019-01-02,2021-05-26,89,0.4762,0.1217,2023-10-23,0.109097,0.057616,NA
-44.7851940794293,-20.9679812885116,331,2019-01-02,2021-05-26,88,0.476,0.1193,2023-11-07,0.093648,0.052614,NA
-44.7851940794293,-20.96807112004,329,2019-01-02,2021-05-26,89,0.4461,0.1215,2023-11-12,0.097714,0.057294,NA
-44.7851940794293,-20.9681609515684,330,2019-01-02,2021-05-26,90,0.4289,0.1238,2023-12-02,0.099424,0.049678,NA
-44.7851940794293,-20.9682507830968,331,2019-01-02,2021-05-26,90,0.4446,0.1218,2023-12-02,0.093889,0.04345,NA
-44.7851940794293,-20.9683406146253,331,2019-01-02,2021-05-26,91,0.4094,0.1298,2023-12-02,0.079783,0.033461,NA
-44.7851940794293,-20.9684304461537,331,2019-01-02,2021-05-26,91,0.4363,0.123,2022-08-04,-0.121401,0.016609,NA
-44.7851940794293,-20.9685202776821,327,2019-01-02,2021-05-26,91,0.5103,0.0958,2022-06-30,-0.109681,-0.039122,NA
-44.7851940794293,-20.9686101092105,325,2019-01-02,2021-05-26,91,0.432,0.1184,2022-08-04,-0.132553,-0.080127,NA
-44.7851940794293,-20.9686999407389,322,2019-01-02,2021-05-26,89,0.47,0.1205,2021-10-13,0.096772,-0.074839,NA
-44.7851940794293,-20.9687897722673,322,2019-01-02,2021-05-26,89,0.5146,0.1132,2021-09-03,0.119714,-0.081265,NA
-44.7851940794293,-20.9688796037957,322,2019-01-02,2021-05-26,90,0.5128,0.1164,2021-08-29,0.134475,-0.054392,NA
-44.7851940794293,-20.9689694353241,320,2019-01-02,2021-05-26,90,0.4534,0.1335,2021-08-24,0.133388,0.010953,NA
-44.7851940794293,-20.9690592668525,319,2019-01-02,2021-05-26,90,0.4192,0.1422,2021-11-17,0.132253,0.081298,NA
-44.7851940794293,-20.969149098381,319,2019-01-02,2021-05-26,90,0.4306,0.1374,2023-09-18,0.122753,0.092806,NA
-44.7851940794293,-20.9692389299094,319,2019-01-02,2021-05-26,90,0.5049,0.1185,2021-09-03,0.107793,0.092026,NA
-44.7851940794293,-20.9693287614378,318,2019-01-02,2021-05-26,90,0.5796,0.0979,2021-08-29,0.098727,0.079696,NA
-44.7851940794293,-20.9694185929662,316,2019-01-02,2021-05-26,89,0.5765,0.0952,2021-08-19,0.067502,0.073358,NA
-44.7851940794293,-20.9695084244946,319,2019-01-02,2021-05-26,91,0.5226,0.1069,2021-08-24,0.097237,0.06098,NA
-44.7851940794293,-20.969598256023,320,2019-01-02,2021-05-26,91,0.4701,0.1148,2021-08-29,0.104146,0.049495,NA
-44.7851940794293,-20.9696880875514,320,2019-01-02,2021-05-26,90,0.5055,0.1057,2023-10-18,0.09688,0.048143,NA
-44.7851940794293,-20.9697779190798,323,2019-01-02,2021-05-26,91,0.5403,0.0941,2023-10-23,0.09315,0.033593,NA
-44.7851940794293,-20.9698677506083,325,2019-01-02,2021-05-26,92,0.5543,0.0936,2021-09-03,0.075094,0.035093,NA
-44.7852839109577,-20.9656456687729,327,2019-01-07,2021-05-26,88,0.4778,0.1066,2023-10-18,0.092684,0.00095,NA
-44.7852839109577,-20.9657355003013,326,2019-01-07,2021-05-26,88,0.4846,0.1018,2024-01-26,0.066275,-0.054313,NA
-44.7852839109577,-20.9658253318297,322,2019-01-07,2021-05-26,87,0.4769,0.1044,2024-03-01,0.089854,-0.086576,NA
-44.7852839109577,-20.9659151633581,322,2019-01-07,2021-05-26,87,0.4579,0.1076,2023-11-12,0.08511,0.021554,NA
-44.7852839109577,-20.9660049948865,320,2019-01-07,2021-05-26,87,0.4697,0.1089,2023-10-18,0.084513,0.039116,NA
-44.7852839109577,-20.966094826415,321,2019-01-07,2021-05-26,87,0.4729,0.1098,2023-10-18,0.093706,0.04085,NA
-44.7852839109577,-20.9661846579434,319,2019-01-07,2021-05-26,85,0.4587,0.1103,2023-10-18,0.103368,0.038471,NA
-44.7852839109577,-20.9662744894718,319,2019-01-07,2021-05-26,86,0.4399,0.1125,2023-10-08,0.115124,0.042808,NA
-44.7852839109577,-20.9663643210002,317,2019-01-07,2021-05-26,85,0.437,0.1141,2023-09-28,0.076769,0.042587,NA
-44.7852839109577,-20.9664541525286,317,2019-01-07,2021-05-26,85,0.437,0.1141,2023-09-28,0.076769,0.042587,NA
-44.7852839109577,-20.966543984057,319,2019-01-07,2021-05-26,86,0.4614,0.1163,2023-09-28,0.086824,0.052097,NA
-44.7852839109577,-20.9666338155854,320,2019-01-07,2021-05-26,87,0.4968,0.1186,2023-09-28,0.092834,0.056118,NA
-44.7852839109577,-20.9667236471138,321,2019-01-07,2021-05-26,88,0.4871,0.1212,2023-09-28,0.090409,0.054973,NA
-44.7852839109577,-20.9668134786422,322,2019-01-07,2021-05-26,88,0.4923,0.1208,2023-10-08,0.08781,0.05198,NA
-44.7852839109577,-20.9669033101707,321,2019-01-07,2021-05-26,86,0.4957,0.1203,2023-10-18,0.088079,0.045799,NA
-44.7852839109577,-20.9669931416991,320,2019-01-07,2021-05-26,86,0.4667,0.124,2023-10-18,0.093333,0.056098,NA
-44.7852839109577,-20.9670829732275,320,2019-01-07,2021-05-26,86,0.445,0.1296,2023-10-18,0.10635,0.058588,NA
-44.7852839109577,-20.9671728047559,321,2019-01-07,2021-05-26,86,0.4067,0.1378,2023-10-23,0.100086,0.0643,NA
-44.7852839109577,-20.9672626362843,321,2019-01-07,2021-05-26,86,0.4016,0.1338,2023-05-26,0.132313,0.066597,NA
-44.7852839109577,-20.9673524678127,323,2019-01-07,2021-05-26,86,0.4405,0.1261,2023-05-16,0.138605,0.073157,NA
-44.7852839109577,-20.9674422993411,324,2019-01-02,2021-05-26,87,0.4659,0.1218,2023-05-21,0.145191,0.06784,NA
-44.7852839109577,-20.9675321308695,327,2019-01-02,2021-05-26,87,0.4671,0.1207,2023-05-21,0.130573,0.064954,NA
-44.7852839109577,-20.967621962398,328,2019-01-02,2021-05-26,88,0.4718,0.1227,2023-05-26,0.120981,0.07869,NA
-44.7852839109577,-20.9677117939264,328,2019-01-02,2021-05-26,88,0.4583,0.1252,2023-10-18,0.101995,0.071428,NA
-44.7852839109577,-20.9678016254548,330,2019-01-02,2021-05-26,89,0.4642,0.1246,2023-10-18,0.108885,0.063636,NA
-44.7852839109577,-20.9678914569832,328,2019-01-02,2021-05-26,88,0.4511,0.1251,2023-11-07,0.097284,0.063211,NA
-44.7852839109577,-20.9679812885116,331,2019-01-02,2021-05-26,88,0.4358,0.1256,2023-11-12,0.109739,0.062716,NA
-44.7852839109577,-20.96807112004,333,2019-01-02,2021-05-26,90,0.4486,0.1196,2023-11-17,0.087987,0.054536,NA
-44.7852839109577,-20.9681609515684,330,2019-01-02,2021-05-26,89,0.4937,0.1106,2023-11-17,0.068019,0.042651,NA
-44.7852839109577,-20.9682507830968,332,2019-01-02,2021-05-26,90,0.4604,0.1199,2023-11-17,0.084916,0.049351,NA
-44.7852839109577,-20.9683406146253,330,2019-01-02,2021-05-26,90,0.3946,0.131,2022-09-08,-0.121071,0.03296,NA
-44.7852839109577,-20.9684304461537,331,2019-01-02,2021-05-26,92,0.5149,0.099,2022-07-05,-0.083661,-0.025068,NA
-44.7852839109577,-20.9685202776821,328,2019-01-02,2021-05-26,91,0.4869,0.1049,2022-07-05,-0.117577,-0.10606,NA
-44.7852839109577,-20.9686101092105,326,2019-01-02,2021-05-26,92,0.4536,0.1189,2021-09-18,0.110635,-0.106911,NA
-44.7852839109577,-20.9686999407389,326,2019-01-02,2021-05-26,92,0.4732,0.1147,2021-11-17,0.10832,-0.084131,NA
-44.7852839109577,-20.9687897722673,323,2019-01-02,2021-05-26,89,0.5388,0.1075,2021-10-03,0.108492,-0.082045,NA
-44.7852839109577,-20.9688796037957,323,2019-01-02,2021-05-26,90,0.4721,0.1262,2021-08-29,0.122337,-0.047354,NA
-44.7852839109577,-20.9689694353241,322,2019-01-02,2021-05-26,90,0.4354,0.1388,2021-09-13,0.129655,0.011435,NA
-44.7852839109577,-20.9690592668525,321,2019-01-02,2021-05-26,90,0.4131,0.1403,2021-11-17,0.134972,0.070008,NA
-44.7852839109577,-20.969149098381,320,2019-01-02,2021-05-26,90,0.4362,0.132,2021-10-13,0.116557,0.075167,NA
-44.7852839109577,-20.9692389299094,319,2019-01-02,2021-05-26,90,0.4921,0.1169,2021-10-03,0.097304,0.085289,NA
-44.7852839109577,-20.9693287614378,317,2019-01-02,2021-05-26,89,0.5717,0.1013,2021-10-13,0.082214,0.080514,NA
-44.7852839109577,-20.9694185929662,318,2019-01-02,2021-05-26,90,0.5767,0.0963,2021-08-24,0.071707,0.071212,NA
-44.7852839109577,-20.9695084244946,317,2019-01-02,2021-05-26,90,0.5428,0.1054,2021-08-24,0.08541,0.057733,NA
-44.7852839109577,-20.969598256023,319,2019-01-02,2021-05-26,92,0.4952,0.1131,2021-08-29,0.103318,0.058818,NA
-44.7852839109577,-20.9696880875514,321,2019-01-02,2021-05-26,92,0.5115,0.1084,2021-09-03,0.095426,0.060052,NA
-44.7852839109577,-20.9697779190798,322,2019-01-02,2021-05-26,91,0.5735,0.0942,2021-10-03,0.086939,0.037055,NA
-44.7853737424861,-20.9656456687729,327,2019-01-07,2021-05-26,88,0.5236,0.0973,2023-09-13,0.09651,0.021356,NA
-44.7853737424861,-20.9657355003013,327,2019-01-07,2021-05-26,88,0.5011,0.0988,2023-10-08,0.086458,0.017899,NA
-44.7853737424861,-20.9658253318297,323,2019-01-07,2021-05-26,87,0.4713,0.1057,2024-03-16,0.067805,-0.063855,NA
-44.7853737424861,-20.9659151633581,323,2019-01-07,2021-05-26,87,0.4621,0.1074,2024-03-01,0.074617,-0.071577,NA
-44.7853737424861,-20.9660049948865,322,2019-01-07,2021-05-26,87,0.4834,0.1064,2023-11-07,0.07566,0.023283,NA
-44.7853737424861,-20.966094826415,322,2019-01-07,2021-05-26,87,0.4753,0.1087,2023-10-18,0.099498,0.041827,NA
-44.7853737424861,-20.9661846579434,320,2019-01-07,2021-05-26,85,0.4532,0.1104,2023-10-18,0.098419,0.040055,NA
-44.7853737424861,-20.9662744894718,320,2019-01-07,2021-05-26,85,0.4433,0.1124,2023-09-28,0.079564,0.045841,NA
-44.7853737424861,-20.9663643210002,318,2019-01-07,2021-05-26,85,0.4364,0.1142,2023-09-28,0.083451,0.045693,NA
-44.7853737424861,-20.9664541525286,318,2019-01-07,2021-05-26,85,0.4364,0.1142,2023-09-28,0.083451,0.045693,NA
-44.7853737424861,-20.966543984057,322,2019-01-07,2021-05-26,86,0.4719,0.1167,2023-09-28,0.086224,0.051122,NA
-44.7853737424861,-20.9666338155854,323,2019-01-07,2021-05-26,87,0.4698,0.117,2023-09-28,0.086564,0.053989,NA
-44.7853737424861,-20.9667236471138,324,2019-01-07,2021-05-26,88,0.5168,0.1167,2023-09-28,0.077346,0.052933,NA
-44.7853737424861,-20.9668134786422,323,2019-01-07,2021-05-26,87,0.5131,0.1173,2023-10-08,0.088288,0.051167,NA
-44.7853737424861,-20.9669033101707,323,2019-01-07,2021-05-26,87,0.4799,0.1199,2023-10-18,0.086385,0.050387,NA
-44.7853737424861,-20.9669931416991,320,2019-01-07,2021-05-26,86,0.4632,0.1233,2023-10-18,0.093236,0.051324,NA
-44.7853737424861,-20.9670829732275,320,2019-01-07,2021-05-26,86,0.4417,0.1281,2023-10-23,0.116242,0.051515,NA
-44.7853737424861,-20.9671728047559,321,2019-01-07,2021-05-26,86,0.4359,0.1278,2023-05-26,0.132496,0.06575,NA
-44.7853737424861,-20.9672626362843,321,2019-01-07,2021-05-26,86,0.4794,0.1197,2023-05-16,0.146131,0.079557,NA
-44.7853737424861,-20.9673524678127,322,2019-01-02,2021-05-26,87,0.4801,0.1233,2023-05-26,0.114792,0.080244,NA
-44.7853737424861,-20.9674422993411,325,2019-01-02,2021-05-26,87,0.4602,0.1282,2023-10-08,0.103054,0.068574,NA
-44.7853737424861,-20.9675321308695,327,2019-01-02,2021-05-26,87,0.4671,0.1241,2023-10-23,0.102396,0.059126,NA
-44.7853737424861,-20.967621962398,327,2019-01-02,2021-05-26,87,0.4836,0.1205,2023-10-23,0.104123,0.051432,NA
-44.7853737424861,-20.9677117939264,329,2019-01-02,2021-05-26,89,0.4624,0.1243,2023-10-23,0.109987,0.060507,NA
-44.7853737424861,-20.9678016254548,329,2019-01-02,2021-05-26,89,0.4521,0.1287,2023-10-23,0.113922,0.062371,NA
-44.7853737424861,-20.9678914569832,328,2019-01-02,2021-05-26,88,0.4511,0.1251,2023-11-07,0.097284,0.063211,NA
-44.7853737424861,-20.9679812885116,331,2019-01-02,2021-05-26,88,0.4358,0.1256,2023-11-12,0.109739,0.062716,NA
-44.7853737424861,-20.96807112004,333,2019-01-02,2021-05-26,90,0.4486,0.1196,2023-11-17,0.087987,0.054536,NA
-44.7853737424861,-20.9681609515684,330,2019-01-02,2021-05-26,89,0.4937,0.1106,2023-11-17,0.068019,0.042651,NA
-44.7853737424861,-20.9682507830968,332,2019-01-02,2021-05-26,90,0.4604,0.1199,2023-11-17,0.084916,0.049351,NA
-44.7853737424861,-20.9683406146253,330,2019-01-02,2021-05-26,90,0.3946,0.131,2022-09-08,-0.121071,0.03296,NA
-44.7853737424861,-20.9684304461537,331,2019-01-02,2021-05-26,92,0.5149,0.099,2022-07-05,-0.083661,-0.025068,NA
-44.7853737424861,-20.9685202776821,328,2019-01-02,2021-05-26,91,0.4869,0.1049,2022-07-05,-0.117577,-0.10606,NA
-44.7853737424861,-20.9686101092105,326,2019-01-02,2021-05-26,92,0.4536,0.1189,2021-09-18,0.110635,-0.106911,NA
-44.7853737424861,-20.9686999407389,326,2019-01-02,2021-05-26,92,0.4732,0.1147,2021-11-17,0.10832,-0.084131,NA
-44.7853737424861,-20.9687897722673,323,2019-01-02,2021-05-26,89,0.5388,0.1075,2021-10-03,0.108492,-0.082045,NA
-44.7853737424861,-20.9688796037957,323,2019-01-02,2021-05-26,90,0.4721,0.1262,2021-08-29,0.122337,-0.047354,NA
-44.7853737424861,-20.9689694353241,322,2019-01-02,2021-05-26,90,0.4354,0.1388,2021-09-13,0.129655,0.011435,NA
-44.7853737424861,-20.9690592668525,321,2019-01-02,2021-05-26,90,0.4131,0.1403,2021-11-17,0.134972,0.070008,NA
-44.7853737424861,-20.969149098381,320,2019-01-02,2021-05-26,90,0.4362,0.132,2021-10-13,0.116557,0.075167,NA
-44.7853737424861,-20.9692389299094,319,2019-01-02,2021-05-26,90,0.4921,0.1169,2021-10-03,0.097304,0.085289,NA
-44.7853737424861,-20.9693287614378,317,2019-01-02,2021-05-26,89,0.5717,0.1013,2021-10-13,0.082214,0.080514,NA
-44.7853737424861,-20.9694185929662,318,2019-01-02,2021-05-26,90,0.5767,0.0963,2021-08-24,0.071707,0.071212,NA
-44.7853737424861,-20.9695084244946,317,2019-01-02,2021-05-26,90,0.5428,0.1054,2021-08-24,0.08541,0.057733,NA
-44.7853737424861,-20.969598256023,319,2019-01-02,2021-05-26,92,0.4952,0.1131,2021-08-29,0.103318,0.058818,NA
-44.7853737424861,-20.9696880875514,321,2019-01-02,2021-05-26,92,0.5115,0.1084,2021-09-03,0.095426,0.060052,NA
-44.7853737424861,-20.9697779190798,322,2019-01-02,2021-05-26,91,0.5735,0.0942,2021-10-03,0.086939,0.037055,NA
-44.7854635740145,-20.9656456687729,330,2019-01-07,2021-05-26,89,0.5592,0.0937,2023-05-21,0.093773,0.030772,NA
-44.7854635740145,-20.9657355003013,328,2019-01-07,2021-05-26,89,0.5126,0.099,2023-09-08,0.102287,0.030338,NA
-44.7854635740145,-20.9658253318297,326,2019-01-07,2021-05-26,88,0.4886,0.1028,2023-11-07,0.079368,0.016566,NA
-44.7854635740145,-20.9659151633581,324,2019-01-07,2021-05-26,88,0.4791,0.1032,2024-06-24,-0.154603,-0.091625,NA
-44.7854635740145,-20.9660049948865,322,2019-01-07,2021-05-26,87,0.4787,0.1055,2023-12-17,0.077096,-0.041026,NA
-44.7854635740145,-20.966094826415,322,2019-01-07,2021-05-26,86,0.4642,0.1079,2023-10-18,0.086937,0.035287,NA
-44.7854635740145,-20.9661846579434,321,2019-01-07,2021-05-26,85,0.4579,0.1099,2023-10-08,0.076487,0.038969,NA
-44.7854635740145,-20.9662744894718,321,2019-01-07,2021-05-26,85,0.4575,0.1113,2023-09-28,0.077771,0.037859,NA
-44.7854635740145,-20.9663643210002,320,2019-01-07,2021-05-26,85,0.4619,0.1099,2023-09-28,0.079874,0.041045,NA
-44.7854635740145,-20.9664541525286,320,2019-01-07,2021-05-26,85,0.4619,0.1099,2023-09-28,0.079874,0.041045,NA
-44.7854635740145,-20.966543984057,322,2019-01-07,2021-05-26,86,0.4971,0.1112,2023-10-08,0.087674,0.038097,NA
-44.7854635740145,-20.9666338155854,324,2019-01-07,2021-05-26,87,0.4957,0.1135,2023-09-28,0.082639,0.043469,NA
-44.7854635740145,-20.9667236471138,323,2019-01-07,2021-05-26,87,0.5304,0.1145,2023-10-03,0.09133,0.048802,NA
-44.7854635740145,-20.9668134786422,324,2019-01-07,2021-05-26,87,0.5049,0.1167,2023-10-03,0.085864,0.052375,NA
-44.7854635740145,-20.9669033101707,323,2019-01-07,2021-05-26,87,0.4722,0.1216,2023-10-08,0.097953,0.052612,NA
-44.7854635740145,-20.9669931416991,322,2019-01-07,2021-05-26,87,0.435,0.1253,2023-10-23,0.120945,0.05088,NA
-44.7854635740145,-20.9670829732275,320,2019-01-07,2021-05-26,86,0.4809,0.1164,2023-05-21,0.124963,0.058222,NA
-44.7854635740145,-20.9671728047559,321,2019-01-07,2021-05-26,86,0.4842,0.1202,2023-05-21,0.130262,0.081441,NA
-44.7854635740145,-20.9672626362843,322,2019-01-02,2021-05-26,87,0.468,0.1287,2021-11-27,0.110053,0.080572,NA
-44.7854635740145,-20.9673524678127,322,2019-01-02,2021-05-26,87,0.4543,0.1301,2023-10-18,0.112133,0.067466,NA
-44.7854635740145,-20.9674422993411,325,2019-01-02,2021-05-26,87,0.4447,0.1291,2023-10-23,0.098508,0.059292,NA
-44.7854635740145,-20.9675321308695,327,2019-01-02,2021-05-26,87,0.4754,0.121,2023-10-18,0.082549,0.056092,NA
-44.7854635740145,-20.967621962398,326,2019-01-02,2021-05-26,87,0.4834,0.1194,2023-10-18,0.097355,0.056925,NA
-44.7854635740145,-20.9677117939264,327,2019-01-02,2021-05-26,89,0.4702,0.1234,2023-10-18,0.090111,0.059877,NA
-44.7854635740145,-20.9678016254548,327,2019-01-02,2021-05-26,88,0.4734,0.1249,2023-10-23,0.090222,0.063422,NA
-44.7854635740145,-20.9678914569832,328,2019-01-02,2021-05-26,88,0.4454,0.1277,2023-10-23,0.097078,0.067195,NA
-44.7854635740145,-20.9679812885116,331,2019-01-02,2021-05-26,89,0.4447,0.1243,2023-11-12,0.09125,0.059522,NA
-44.7854635740145,-20.96807112004,332,2019-01-02,2021-05-26,89,0.4766,0.1152,2023-11-07,0.090914,0.057089,NA
-44.7854635740145,-20.9681609515684,330,2019-01-02,2021-05-26,89,0.5072,0.109,2022-10-18,-0.112581,0.049852,NA
-44.7854635740145,-20.9682507830968,330,2019-01-02,2021-05-26,90,0.4487,0.1228,2022-10-18,-0.103422,0.03966,NA
-44.7854635740145,-20.9683406146253,331,2019-01-02,2021-05-26,91,0.4815,0.1052,2022-07-30,-0.103333,0.006281,NA
-44.7854635740145,-20.9684304461537,331,2019-01-02,2021-05-26,91,0.4911,0.1015,2022-07-20,-0.091353,-0.059491,NA
-44.7854635740145,-20.9685202776821,328,2019-01-02,2021-05-26,91,0.4415,0.1227,2022-07-25,-0.121489,-0.121364,NA
-44.7854635740145,-20.9686101092105,327,2019-01-02,2021-05-26,92,0.4627,0.1146,2021-09-03,0.1145,-0.113778,NA
-44.7854635740145,-20.9686999407389,328,2019-01-02,2021-05-26,92,0.4966,0.1092,2021-09-28,0.10225,-0.068941,NA
-44.7854635740145,-20.9687897722673,325,2019-01-02,2021-05-26,90,0.5796,0.0992,2021-08-24,0.106139,-0.061216,NA
-44.7854635740145,-20.9688796037957,325,2019-01-02,2021-05-26,91,0.4876,0.1222,2021-08-24,0.124987,-0.041045,NA
-44.7854635740145,-20.9689694353241,324,2019-01-02,2021-05-26,91,0.437,0.1362,2021-09-03,0.13152,0.014918,NA
-44.7854635740145,-20.9690592668525,320,2019-01-02,2021-05-26,90,0.4391,0.132,2021-09-03,0.127203,0.06569,NA
-44.7854635740145,-20.969149098381,320,2019-01-02,2021-05-26,90,0.476,0.1185,2021-09-03,0.107787,0.065368,NA
-44.7854635740145,-20.9692389299094,320,2019-01-02,2021-05-26,90,0.5129,0.1109,2021-11-17,0.089993,0.081552,NA
-44.7854635740145,-20.9693287614378,318,2019-01-02,2021-05-26,90,0.577,0.1021,2023-09-13,0.110755,0.078055,NA
-44.7854635740145,-20.9694185929662,316,2019-01-02,2021-05-26,90,0.5993,0.0956,2021-09-03,0.080989,0.067519,NA
-44.7854635740145,-20.9695084244946,318,2019-01-02,2021-05-26,91,0.5375,0.1047,2021-08-29,0.092584,0.052592,NA
-44.7854635740145,-20.969598256023,320,2019-01-02,2021-05-26,92,0.5202,0.1073,2021-08-29,0.089774,0.049155,NA
-44.7854635740145,-20.9696880875514,321,2019-01-02,2021-05-26,92,0.5507,0.0988,2021-09-03,0.08265,0.042125,NA
-44.7854635740145,-20.9697779190798,323,2019-01-02,2021-05-26,91,0.5965,0.0877,2021-09-28,0.088222,0.023384,NA
-44.7855534055429,-20.9655558372445,331,2019-01-07,2021-05-26,89,0.5412,0.0999,2023-05-21,0.095054,0.031081,NA
-44.7855534055429,-20.9656456687729,329,2019-01-07,2021-05-26,89,0.5339,0.0997,2022-05-16,0.077661,0.037793,NA
-44.7855534055429,-20.9657355003013,329,2019-01-07,2021-05-26,89,0.5196,0.0991,2023-09-18,0.083484,0.033592,NA
-44.7855534055429,-20.9658253318297,328,2019-01-07,2021-05-26,88,0.4821,0.1015,2023-09-23,0.078872,0.038958,NA
-44.7855534055429,-20.9659151633581,326,2019-01-07,2021-05-26,88,0.4479,0.1059,2024-01-11,0.065304,-0.024864,NA
-44.7855534055429,-20.9660049948865,324,2019-01-07,2021-05-26,88,0.43,0.1099,2024-06-29,-0.160511,-0.113832,NA
-44.7855534055429,-20.966094826415,325,2019-01-07,2021-05-26,89,0.417,0.1102,2023-12-02,0.100317,0.002508,NA
-44.7855534055429,-20.9661846579434,323,2019-01-07,2021-05-26,86,0.4843,0.1057,2023-10-18,0.086729,0.026513,NA
-44.7855534055429,-20.9662744894718,321,2019-01-07,2021-05-26,85,0.47,0.1101,2023-09-28,0.077936,0.032884,NA
-44.7855534055429,-20.9663643210002,323,2019-01-07,2021-05-26,85,0.4633,0.1119,2023-10-03,0.091349,0.040949,NA
-44.7855534055429,-20.9664541525286,323,2019-01-07,2021-05-26,85,0.4633,0.1119,2023-10-03,0.091349,0.040949,NA
-44.7855534055429,-20.966543984057,325,2019-01-07,2021-05-26,87,0.4755,0.1144,2023-10-08,0.082967,0.040651,NA
-44.7855534055429,-20.9666338155854,325,2019-01-07,2021-05-26,87,0.5008,0.1121,2023-10-03,0.082306,0.040079,NA
-44.7855534055429,-20.9667236471138,323,2019-01-07,2021-05-26,86,0.4892,0.1149,2023-10-03,0.094805,0.04324,NA
-44.7855534055429,-20.9668134786422,324,2019-01-07,2021-05-26,87,0.4823,0.1189,2023-10-03,0.083736,0.049756,NA
-44.7855534055429,-20.9669033101707,324,2019-01-07,2021-05-26,87,0.4391,0.127,2023-10-08,0.107739,0.056963,NA
-44.7855534055429,-20.9669931416991,323,2019-01-07,2021-05-26,87,0.4419,0.1233,2023-06-05,0.132367,0.062724,NA
-44.7855534055429,-20.9670829732275,321,2019-01-07,2021-05-26,87,0.4927,0.1171,2023-05-21,0.126277,0.08715,NA
-44.7855534055429,-20.9671728047559,319,2019-01-07,2021-05-26,86,0.4763,0.1229,2021-11-17,0.101173,0.080126,NA
-44.7855534055429,-20.9672626362843,321,2019-01-02,2021-05-26,87,0.4728,0.1248,2023-10-03,0.101556,0.067669,NA
-44.7855534055429,-20.9673524678127,323,2019-01-02,2021-05-26,87,0.4705,0.1248,2023-10-18,0.109232,0.061443,NA
-44.7855534055429,-20.9674422993411,324,2019-01-02,2021-05-26,87,0.4634,0.1244,2023-10-18,0.101099,0.058273,NA
-44.7855534055429,-20.9675321308695,326,2019-01-02,2021-05-26,87,0.469,0.1228,2023-10-18,0.101885,0.062828,NA
-44.7855534055429,-20.967621962398,326,2019-01-02,2021-05-26,87,0.4771,0.1226,2023-10-18,0.111394,0.06616,NA
-44.7855534055429,-20.9677117939264,326,2019-01-02,2021-05-26,88,0.4567,0.1284,2023-10-18,0.102123,0.066887,NA
-44.7855534055429,-20.9678016254548,327,2019-01-02,2021-05-26,89,0.4573,0.1293,2023-10-23,0.096618,0.068402,NA
-44.7855534055429,-20.9678914569832,330,2019-01-02,2021-05-26,90,0.4738,0.1223,2023-10-18,0.105322,0.069041,NA
-44.7855534055429,-20.9679812885116,331,2019-01-02,2021-05-26,90,0.4797,0.1147,2023-10-23,0.097211,0.064967,NA
-44.7855534055429,-20.96807112004,332,2019-01-02,2021-05-26,89,0.4925,0.1133,2022-09-13,-0.102363,0.053136,NA
-44.7855534055429,-20.9681609515684,331,2019-01-02,2021-05-26,89,0.488,0.119,2022-09-08,-0.112911,0.049928,NA
-44.7855534055429,-20.9682507830968,331,2019-01-02,2021-05-26,90,0.4587,0.1167,2022-08-04,-0.102961,0.017391,NA
-44.7855534055429,-20.9683406146253,333,2019-01-02,2021-05-26,92,0.5778,0.0882,2022-06-25,-0.100006,-0.04907,NA
-44.7855534055429,-20.9684304461537,330,2019-01-02,2021-05-26,91,0.4772,0.1115,2022-07-30,-0.115313,-0.093469,NA
-44.7855534055429,-20.9685202776821,329,2019-01-02,2021-05-26,91,0.4615,0.1187,2021-10-13,0.106749,-0.122556,NA
-44.7855534055429,-20.9686101092105,328,2019-01-02,2021-05-26,92,0.4769,0.1093,2021-09-03,0.101362,-0.113674,NA
-44.7855534055429,-20.9686999407389,328,2019-01-02,2021-05-26,92,0.5195,0.1044,2021-08-24,0.105725,-0.071265,NA
-44.7855534055429,-20.9687897722673,325,2019-01-02,2021-05-26,90,0.5882,0.0965,2021-08-19,0.086604,-0.061129,NA
-44.7855534055429,-20.9688796037957,324,2019-01-02,2021-05-26,91,0.516,0.1145,2021-08-29,0.11017,-0.034355,NA
-44.7855534055429,-20.9689694353241,323,2019-01-02,2021-05-26,92,0.4564,0.1284,2021-09-18,0.112057,0.014188,NA
-44.7855534055429,-20.9690592668525,321,2019-01-02,2021-05-26,91,0.4873,0.1156,2021-09-13,0.098595,0.048381,NA
-44.7855534055429,-20.969149098381,321,2019-01-02,2021-05-26,91,0.5315,0.1044,2021-08-29,0.079006,0.053887,NA
-44.7855534055429,-20.9692389299094,320,2019-01-02,2021-05-26,90,0.5502,0.1077,2021-11-17,0.096956,0.077792,NA
-44.7855534055429,-20.9693287614378,317,2019-01-02,2021-05-26,90,0.5477,0.1148,2023-09-23,0.105547,0.08028,NA
-44.7855534055429,-20.9694185929662,315,2019-01-02,2021-05-26,90,0.5881,0.1043,2021-09-03,0.094716,0.06181,NA
-44.7855534055429,-20.9695084244946,317,2019-01-02,2021-05-26,90,0.5767,0.1002,2021-08-29,0.077258,0.049181,NA
-44.7855534055429,-20.969598256023,320,2019-01-02,2021-05-26,92,0.5392,0.1006,2021-08-29,0.069831,0.039484,NA
-44.7855534055429,-20.9696880875514,321,2019-01-02,2021-05-26,92,0.5836,0.0894,2021-08-29,0.080248,0.030501,NA
-44.7856432370714,-20.9654660057161,333,2019-01-07,2021-05-26,90,0.506,0.1078,2023-05-21,0.099872,0.04005,NA
-44.7856432370714,-20.9655558372445,331,2019-01-07,2021-05-26,89,0.5069,0.1074,2023-08-19,0.098478,0.039917,NA
-44.7856432370714,-20.9656456687729,330,2019-01-07,2021-05-26,89,0.4708,0.1094,2023-09-18,0.089981,0.039063,NA
-44.7856432370714,-20.9657355003013,328,2019-01-07,2021-05-26,88,0.4768,0.1037,2023-09-23,0.090855,0.03336,NA
-44.7856432370714,-20.9658253318297,328,2019-01-07,2021-05-26,88,0.5004,0.0992,2023-05-26,0.088736,0.031963,NA
-44.7856432370714,-20.9659151633581,330,2019-01-07,2021-05-26,89,0.5046,0.1005,2023-05-26,0.081616,0.028216,NA
-44.7856432370714,-20.9660049948865,327,2019-01-07,2021-05-26,89,0.4646,0.1045,2024-06-29,-0.132453,-0.075919,NA
-44.7856432370714,-20.966094826415,326,2019-01-07,2021-05-26,89,0.4597,0.1057,2024-03-01,0.087538,-0.08841,NA
-44.7856432370714,-20.9661846579434,327,2019-01-07,2021-05-26,89,0.4892,0.1034,2023-10-18,0.082133,0.032937,NA
-44.7856432370714,-20.9662744894718,325,2019-01-07,2021-05-26,86,0.4683,0.1067,2023-09-28,0.083014,0.048832,NA
-44.7856432370714,-20.9663643210002,327,2019-01-07,2021-05-26,87,0.4417,0.111,2023-09-28,0.085986,0.047964,NA
-44.7856432370714,-20.9664541525286,327,2019-01-07,2021-05-26,87,0.4417,0.111,2023-09-28,0.085986,0.047964,NA
-44.7856432370714,-20.966543984057,328,2019-01-07,2021-05-26,88,0.4625,0.1129,2023-09-28,0.07941,0.052701,NA
-44.7856432370714,-20.9666338155854,327,2019-01-07,2021-05-26,87,0.463,0.1153,2023-10-08,0.087494,0.05254,NA
-44.7856432370714,-20.9667236471138,324,2019-01-07,2021-05-26,87,0.454,0.1166,2023-10-08,0.100288,0.048961,NA
-44.7856432370714,-20.9668134786422,325,2019-01-07,2021-05-26,86,0.4224,0.1225,2023-10-18,0.096574,0.053048,NA
-44.7856432370714,-20.9669033101707,323,2019-01-07,2021-05-26,87,0.4309,0.1278,2023-10-18,0.108295,0.063504,NA
-44.7856432370714,-20.9669931416991,322,2019-01-07,2021-05-26,87,0.4725,0.1175,2023-05-26,0.128531,0.07424,NA
-44.7856432370714,-20.9670829732275,321,2019-01-07,2021-05-26,87,0.478,0.1217,2023-09-18,0.096799,0.070528,NA
-44.7856432370714,-20.9671728047559,321,2019-01-02,2021-05-26,87,0.4679,0.1233,2023-10-03,0.106527,0.063079,NA
-44.7856432370714,-20.9672626362843,322,2019-01-02,2021-05-26,87,0.4839,0.1209,2023-10-03,0.096143,0.062307,NA
-44.7856432370714,-20.9673524678127,322,2019-01-02,2021-05-26,87,0.487,0.1213,2021-11-17,0.098311,0.060352,NA
-44.7856432370714,-20.9674422993411,323,2019-01-02,2021-05-26,87,0.4729,0.1238,2023-10-18,0.095536,0.062995,NA
-44.7856432370714,-20.9675321308695,323,2019-01-02,2021-05-26,87,0.4923,0.121,2023-10-08,0.090675,0.063837,NA
-44.7856432370714,-20.967621962398,326,2019-01-02,2021-05-26,88,0.4716,0.1197,2023-10-03,0.106328,0.071956,NA
-44.7856432370714,-20.9677117939264,327,2019-01-02,2021-05-26,89,0.4418,0.1299,2023-10-08,0.111362,0.07778,NA
-44.7856432370714,-20.9678016254548,329,2019-01-02,2021-05-26,90,0.4559,0.1247,2023-10-08,0.112907,0.0758,NA
-44.7856432370714,-20.9678914569832,330,2019-01-02,2021-05-26,90,0.5013,0.1107,2021-10-03,0.092607,0.07044,NA
-44.7856432370714,-20.9679812885116,329,2019-01-02,2021-05-26,89,0.5138,0.1071,2021-11-17,0.100618,0.068116,NA
-44.7856432370714,-20.96807112004,328,2019-01-02,2021-05-26,89,0.5154,0.113,2023-10-18,0.093887,0.058839,NA
-44.7856432370714,-20.9681609515684,331,2019-01-02,2021-05-26,89,0.4928,0.1163,2022-08-19,-0.080273,0.047443,NA
-44.7856432370714,-20.9682507830968,334,2019-01-02,2021-05-26,91,0.541,0.096,2022-07-30,-0.076114,0.004202,NA
-44.7856432370714,-20.9683406146253,332,2019-01-02,2021-05-26,91,0.5734,0.0909,2022-07-20,-0.082733,-0.060826,NA
-44.7856432370714,-20.9684304461537,329,2019-01-02,2021-05-26,91,0.5311,0.1018,2021-08-29,0.097447,-0.105819,NA
-44.7856432370714,-20.9685202776821,328,2019-01-02,2021-05-26,91,0.5238,0.1016,2021-09-03,0.099862,-0.127635,NA
-44.7856432370714,-20.9686101092105,329,2019-01-02,2021-05-26,92,0.5054,0.1008,2021-09-03,0.092857,-0.113962,NA
-44.7856432370714,-20.9686999407389,327,2019-01-02,2021-05-26,92,0.5468,0.0948,2021-08-19,0.060715,-0.068059,NA
-44.7856432370714,-20.9687897722673,325,2019-01-02,2021-05-26,91,0.5741,0.0957,2021-08-19,0.089487,-0.05384,NA
-44.7856432370714,-20.9688796037957,323,2019-01-02,2021-05-26,90,0.5179,0.1155,2021-10-13,0.11652,-0.035484,NA
-44.7856432370714,-20.9689694353241,322,2019-01-02,2021-05-26,91,0.4832,0.1193,2021-11-17,0.112873,0.005389,NA
-44.7856432370714,-20.9690592668525,321,2019-01-02,2021-05-26,91,0.508,0.1059,2021-11-17,0.100986,0.043974,NA
-44.7856432370714,-20.969149098381,321,2019-01-02,2021-05-26,91,0.536,0.1002,2021-10-13,0.091167,0.047577,NA
-44.7856432370714,-20.9692389299094,320,2019-01-02,2021-05-26,90,0.5853,0.0999,2021-11-17,0.090253,0.071267,NA
-44.7856432370714,-20.9693287614378,318,2019-01-02,2021-05-26,90,0.5706,0.11,2023-09-18,0.109401,0.082553,NA
-44.7856432370714,-20.9694185929662,317,2019-01-02,2021-05-26,90,0.5781,0.1061,2021-08-29,0.084445,0.068544,NA
-44.7856432370714,-20.9695084244946,318,2019-01-02,2021-05-26,90,0.5733,0.1031,2021-08-24,0.077294,0.049844,NA
-44.7856432370714,-20.969598256023,322,2019-01-02,2021-05-26,91,0.5836,0.0946,2021-08-24,0.067464,0.032016,NA
-44.7856432370714,-20.9696880875514,322,2019-01-02,2021-05-26,91,0.6289,0.0812,2021-08-24,0.058054,0.026323,NA
-44.7857330685998,-20.9654660057161,333,2019-01-07,2021-05-26,89,0.4314,0.117,2023-09-13,0.110953,0.026284,NA
-44.7857330685998,-20.9655558372445,331,2019-01-07,2021-05-26,89,0.4654,0.1081,2023-10-18,0.09728,0.010726,NA
-44.7857330685998,-20.9656456687729,330,2019-01-07,2021-05-26,89,0.4883,0.1022,2023-09-28,0.090764,0.02294,NA
-44.7857330685998,-20.9657355003013,329,2019-01-07,2021-05-26,89,0.5237,0.0987,2022-05-16,0.093028,0.032187,NA
-44.7857330685998,-20.9658253318297,328,2019-01-07,2021-05-26,88,0.5558,0.0955,2023-05-21,0.098125,0.038804,NA
-44.7857330685998,-20.9659151633581,327,2019-01-07,2021-05-26,88,0.5436,0.0994,2023-05-21,0.101408,0.051777,NA
-44.7857330685998,-20.9660049948865,327,2019-01-07,2021-05-26,89,0.5321,0.0975,2023-11-07,0.081533,0.005178,NA
-44.7857330685998,-20.9662744894718,327,2019-01-07,2021-05-26,88,0.4426,0.1087,2023-05-26,0.092198,0.046405,NA
-44.7857330685998,-20.9663643210002,327,2019-01-07,2021-05-26,88,0.4426,0.1087,2023-05-26,0.092198,0.046405,NA
-44.7857330685998,-20.9664541525286,329,2019-01-07,2021-05-26,88,0.4558,0.1081,2023-09-28,0.084577,0.045584,NA
-44.7857330685998,-20.966543984057,329,2019-01-07,2021-05-26,88,0.4558,0.1127,2023-09-28,0.085671,0.054023,NA
-44.7857330685998,-20.9666338155854,328,2019-01-07,2021-05-26,88,0.4253,0.1177,2023-09-28,0.091916,0.056386,NA
-44.7857330685998,-20.9667236471138,326,2019-01-07,2021-05-26,87,0.4258,0.1217,2023-10-18,0.099395,0.053565,NA
-44.7857330685998,-20.9668134786422,324,2019-01-07,2021-05-26,87,0.3877,0.1296,2023-11-07,0.107868,0.056863,NA
-44.7857330685998,-20.9669033101707,323,2019-01-07,2021-05-26,87,0.4371,0.1199,2023-05-26,0.122577,0.057902,NA
-44.7857330685998,-20.9669931416991,322,2019-01-07,2021-05-26,88,0.4989,0.1131,2021-11-17,0.089378,0.077255,NA
-44.7857330685998,-20.9670829732275,321,2019-01-02,2021-05-26,87,0.5004,0.1183,2021-11-27,0.101666,0.064133,NA
-44.7857330685998,-20.9671728047559,323,2019-01-02,2021-05-26,87,0.4938,0.1186,2023-10-08,0.099786,0.05985,NA
-44.7857330685998,-20.9672626362843,322,2019-01-02,2021-05-26,87,0.4903,0.1215,2021-11-17,0.106216,0.064626,NA
-44.7857330685998,-20.9673524678127,322,2019-01-02,2021-05-26,87,0.4801,0.1256,2023-10-18,0.091171,0.069361,NA
-44.7857330685998,-20.9674422993411,322,2019-01-02,2021-05-26,86,0.4632,0.1244,2023-10-18,0.094552,0.063893,NA
-44.7857330685998,-20.9675321308695,323,2019-01-02,2021-05-26,88,0.4898,0.1162,2023-10-08,0.092847,0.064578,NA
-44.7857330685998,-20.967621962398,325,2019-01-02,2021-05-26,88,0.5195,0.1089,2021-11-17,0.091044,0.069392,NA
-44.7857330685998,-20.9677117939264,326,2019-01-02,2021-05-26,89,0.5299,0.1088,2021-10-03,0.10522,0.069756,NA
-44.7857330685998,-20.9678016254548,330,2019-01-02,2021-05-26,91,0.5359,0.1045,2021-09-28,0.10643,0.063857,NA
-44.7857330685998,-20.9678914569832,331,2019-01-02,2021-05-26,90,0.5799,0.0964,2021-10-03,0.085059,0.067159,NA
-44.7857330685998,-20.9679812885116,328,2019-01-02,2021-05-26,88,0.5576,0.1058,2021-11-17,0.084159,0.068641,NA
-44.7857330685998,-20.96807112004,329,2019-01-02,2021-05-26,90,0.5052,0.1173,2022-09-13,-0.117184,0.058323,NA
-44.7857330685998,-20.9681609515684,331,2019-01-02,2021-05-26,90,0.4837,0.1147,2022-08-19,-0.090876,0.043941,NA
-44.7857330685998,-20.9682507830968,333,2019-01-02,2021-05-26,91,0.5666,0.0907,2022-08-04,-0.07443,-0.010048,NA
-44.7857330685998,-20.9683406146253,332,2019-01-02,2021-05-26,91,0.5418,0.0992,2021-09-18,0.096659,-0.07968,NA
-44.7857330685998,-20.9684304461537,329,2019-01-02,2021-05-26,91,0.5432,0.0975,2021-08-24,0.107822,-0.112052,NA
-44.7857330685998,-20.9685202776821,329,2019-01-02,2021-05-26,92,0.5196,0.0967,2021-09-03,0.092124,-0.116773,NA
-44.7857330685998,-20.9686101092105,329,2019-01-02,2021-05-26,92,0.5167,0.0951,2021-09-03,0.093074,-0.110917,NA
-44.7857330685998,-20.9686999407389,327,2019-01-02,2021-05-26,92,0.5397,0.0904,2021-08-24,0.088303,-0.086414,NA
-44.7857330685998,-20.9687897722673,324,2019-01-02,2021-05-26,90,0.6096,0.0889,2021-08-19,0.079722,-0.075243,NA
-44.7857330685998,-20.9688796037957,323,2019-01-02,2021-05-26,90,0.5049,0.1209,2021-10-13,0.120542,-0.043208,NA
-44.7857330685998,-20.9689694353241,322,2019-01-02,2021-05-26,91,0.5257,0.1115,2021-11-17,0.101574,-0.009204,NA
-44.7857330685998,-20.9690592668525,321,2019-01-02,2021-05-26,91,0.5366,0.1025,2021-11-17,0.091866,0.037769,NA
-44.7857330685998,-20.969149098381,320,2019-01-02,2021-05-26,90,0.5645,0.0981,2021-11-17,0.09399,0.04017,NA
-44.7857330685998,-20.9692389299094,319,2019-01-02,2021-05-26,90,0.5943,0.0966,2022-09-13,-0.091983,0.066235,NA
-44.7857330685998,-20.9693287614378,318,2019-01-02,2021-05-26,90,0.5817,0.1053,2023-09-18,0.092666,0.070368,NA
-44.7857330685998,-20.9694185929662,317,2019-01-02,2021-05-26,90,0.5941,0.0983,2021-09-03,0.08354,0.056414,NA
-44.7857330685998,-20.9695084244946,319,2019-01-02,2021-05-26,90,0.5935,0.0935,2021-08-24,0.066075,0.040387,NA
-44.7857330685998,-20.969598256023,322,2019-01-02,2021-05-26,91,0.5999,0.0885,2021-08-24,0.063681,0.031726,NA
-44.7857330685998,-20.9696880875514,324,2019-01-02,2021-05-26,91,0.6309,0.0793,2021-08-29,0.062213,0.024492,NA
-44.7857330685998,-20.9701372451935,327,2019-01-02,2021-05-26,91,0.5469,0.1276,2021-07-10,0.167798,0.099188,NA
-44.7858229001282,-20.9656456687729,328,2019-01-07,2021-05-26,87,0.5232,0.0815,2021-07-25,-0.05933,-0.005896,NA
-44.7858229001282,-20.9657355003013,329,2019-01-07,2021-05-26,89,0.5913,0.0828,2022-05-16,0.081788,0.0335,NA
-44.7858229001282,-20.9663643210002,329,2019-01-07,2021-05-26,89,0.4585,0.1043,2023-05-16,0.105562,0.053381,NA
-44.7858229001282,-20.9664541525286,329,2019-01-07,2021-05-26,88,0.4451,0.1097,2023-09-28,0.082908,0.05356,NA
-44.7858229001282,-20.966543984057,329,2019-01-07,2021-05-26,89,0.4471,0.1144,2023-09-28,0.087414,0.055486,NA
-44.7858229001282,-20.9666338155854,328,2019-01-07,2021-05-26,89,0.4242,0.1169,2023-09-23,0.092742,0.058574,NA
-44.7858229001282,-20.9667236471138,327,2019-01-07,2021-05-26,89,0.3872,0.1253,2023-10-03,0.104221,0.066387,NA
-44.7858229001282,-20.9668134786422,327,2019-01-07,2021-05-26,88,0.3887,0.1263,2023-10-23,0.104522,0.061001,NA
-44.7858229001282,-20.9669033101707,325,2019-01-07,2021-05-26,88,0.4631,0.1156,2023-05-26,0.120494,0.057791,NA
-44.7858229001282,-20.9669931416991,323,2019-01-02,2021-05-26,88,0.4656,0.1159,2021-11-17,0.094079,0.064157,NA
-44.7858229001282,-20.9670829732275,323,2019-01-02,2021-05-26,89,0.5085,0.1125,2021-12-02,0.089532,0.057196,NA
-44.7858229001282,-20.9671728047559,323,2019-01-02,2021-05-26,89,0.5316,0.108,2021-11-27,0.084413,0.056419,NA
-44.7858229001282,-20.9672626362843,323,2019-01-02,2021-05-26,89,0.5102,0.107,2021-11-27,0.088959,0.057683,NA
-44.7858229001282,-20.9673524678127,321,2019-01-02,2021-05-26,88,0.4903,0.1168,2023-10-23,0.085321,0.067701,NA
-44.7858229001282,-20.9674422993411,319,2019-01-02,2021-05-26,86,0.4831,0.1221,2023-10-18,0.091454,0.068258,NA
-44.7858229001282,-20.9675321308695,321,2019-01-02,2021-05-26,87,0.5232,0.1127,2022-10-18,-0.099931,0.071353,NA
-44.7858229001282,-20.967621962398,321,2019-01-02,2021-05-26,87,0.5678,0.1017,2021-10-03,0.099811,0.067038,NA
-44.7858229001282,-20.9677117939264,323,2019-01-02,2021-05-26,88,0.6026,0.0935,2021-09-28,0.086921,0.062783,NA
-44.7858229001282,-20.9678016254548,327,2019-01-02,2021-05-26,90,0.5586,0.1004,2021-11-27,0.08273,0.058726,NA
-44.7858229001282,-20.9678914569832,330,2019-01-02,2021-05-26,91,0.5384,0.1055,2022-09-08,-0.081329,0.059132,NA
-44.7858229001282,-20.9679812885116,328,2019-01-02,2021-05-26,89,0.5797,0.1033,2022-08-29,-0.059164,0.05065,NA
-44.7858229001282,-20.96807112004,330,2019-01-02,2021-05-26,90,0.5121,0.1136,2022-08-19,-0.088197,0.043503,NA
-44.7858229001282,-20.9681609515684,333,2019-01-02,2021-05-26,90,0.5558,0.0969,2022-07-15,-0.088981,0.009522,NA
-44.7858229001282,-20.9682507830968,332,2019-01-02,2021-05-26,91,0.566,0.0906,2022-08-04,-0.081599,-0.051456,NA
-44.7858229001282,-20.9683406146253,331,2019-01-02,2021-05-26,91,0.5365,0.099,2021-08-29,0.089575,-0.108236,NA
-44.7858229001282,-20.9684304461537,331,2019-01-02,2021-05-26,92,0.5122,0.0972,2021-09-03,0.090476,-0.106239,NA
-44.7858229001282,-20.9685202776821,330,2019-01-02,2021-05-26,92,0.4973,0.0993,2021-09-03,0.091097,-0.11893,NA
-44.7858229001282,-20.9686101092105,329,2019-01-02,2021-05-26,92,0.4829,0.1007,2021-09-03,0.090607,-0.105544,NA
-44.7858229001282,-20.9686999407389,327,2019-01-02,2021-05-26,91,0.5608,0.0892,2021-08-29,0.073515,-0.095168,NA
-44.7858229001282,-20.9687897722673,324,2019-01-02,2021-05-26,90,0.5899,0.0925,2021-08-24,0.083998,-0.097902,NA
-44.7858229001282,-20.9688796037957,324,2019-01-02,2021-05-26,91,0.5188,0.1144,2021-10-13,0.116042,-0.062616,NA
-44.7858229001282,-20.9689694353241,322,2019-01-02,2021-05-26,91,0.5263,0.1097,2021-11-17,0.106085,-0.004342,NA
-44.7858229001282,-20.9690592668525,321,2019-01-02,2021-05-26,91,0.5388,0.1028,2021-11-17,0.101849,0.036565,NA
-44.7858229001282,-20.969149098381,319,2019-01-02,2021-05-26,90,0.5736,0.0968,2021-11-17,0.093467,0.038262,NA
-44.7858229001282,-20.9692389299094,319,2019-01-02,2021-05-26,90,0.5731,0.095,2022-08-04,-0.069014,0.051993,NA
-44.7858229001282,-20.9693287614378,318,2019-01-02,2021-05-26,90,0.5907,0.0958,2022-09-13,-0.091911,0.051626,NA
-44.7858229001282,-20.9694185929662,317,2019-01-02,2021-05-26,90,0.6271,0.0864,2021-09-03,0.081296,0.048976,NA
-44.7858229001282,-20.9695084244946,321,2019-01-02,2021-05-26,90,0.6159,0.0837,2021-08-29,0.067703,0.042567,NA
-44.7858229001282,-20.969598256023,323,2019-01-02,2021-05-26,91,0.6257,0.0796,2021-08-24,0.058012,0.031865,NA
-44.7858229001282,-20.9696880875514,323,2019-01-02,2021-05-26,91,0.6576,0.0711,2021-09-03,0.064752,0.014793,NA
-44.7858229001282,-20.9701372451935,325,2019-01-02,2021-05-26,89,0.5318,0.1287,2021-07-10,0.163836,0.109843,NA
-44.7859127316566,-20.9664541525286,330,2019-01-07,2021-05-26,89,0.4219,0.1125,2023-05-26,0.105087,0.06204,NA
-44.7859127316566,-20.966543984057,328,2019-01-07,2021-05-26,90,0.4369,0.1149,2023-10-03,0.089719,0.056864,NA
-44.7859127316566,-20.9666338155854,327,2019-01-07,2021-05-26,89,0.4297,0.1171,2023-10-08,0.090863,0.058512,NA
-44.7859127316566,-20.9667236471138,328,2019-01-07,2021-05-26,89,0.401,0.1247,2023-10-08,0.103438,0.067758,NA
-44.7859127316566,-20.9668134786422,327,2019-01-07,2021-05-26,89,0.4015,0.1246,2023-09-28,0.117723,0.065826,NA
-44.7859127316566,-20.9669033101707,325,2019-01-02,2021-05-26,89,0.4738,0.114,2021-11-27,0.088484,0.070249,NA
-44.7859127316566,-20.9669931416991,324,2019-01-02,2021-05-26,88,0.48,0.1121,2021-11-17,0.093495,0.057175,NA
-44.7859127316566,-20.9670829732275,324,2019-01-02,2021-05-26,89,0.5277,0.1101,2023-10-08,0.08747,0.054231,NA
-44.7859127316566,-20.9671728047559,323,2019-01-02,2021-05-26,89,0.5336,0.1112,2023-10-18,0.09004,0.056995,NA
-44.7859127316566,-20.9672626362843,324,2019-01-02,2021-05-26,89,0.5039,0.1117,2023-10-23,0.078993,0.060423,NA
-44.7859127316566,-20.9673524678127,323,2019-01-02,2021-05-26,88,0.4806,0.1167,2023-10-18,0.087099,0.071898,NA
-44.7859127316566,-20.9674422993411,322,2019-01-02,2021-05-26,88,0.5001,0.1175,2023-10-18,0.099468,0.071635,NA
-44.7859127316566,-20.9675321308695,323,2019-01-02,2021-05-26,89,0.5172,0.1135,2021-11-17,0.097039,0.064411,NA
-44.7859127316566,-20.967621962398,322,2019-01-02,2021-05-26,89,0.5616,0.1038,2021-10-03,0.100055,0.060162,NA
-44.7859127316566,-20.9677117939264,321,2019-01-02,2021-05-26,88,0.5913,0.098,2021-10-03,0.091457,0.054723,NA
-44.7859127316566,-20.9678016254548,323,2019-01-02,2021-05-26,89,0.5387,0.1083,2022-09-03,-0.060213,0.060606,NA
-44.7859127316566,-20.9678914569832,324,2019-01-02,2021-05-26,89,0.5231,0.114,2022-08-29,-0.07424,0.047703,NA
-44.7859127316566,-20.9679812885116,328,2019-01-02,2021-05-26,90,0.5232,0.1135,2022-08-19,-0.100992,0.046017,NA
-44.7859127316566,-20.96807112004,331,2019-01-02,2021-05-26,91,0.5447,0.1022,2022-08-04,-0.094383,0.030115,NA
-44.7859127316566,-20.9681609515684,332,2019-01-02,2021-05-26,89,0.6208,0.0833,2022-07-05,-0.100821,-0.02319,NA
-44.7859127316566,-20.9682507830968,333,2019-01-02,2021-05-26,91,0.5317,0.0982,2021-10-13,0.076229,-0.108694,NA
-44.7859127316566,-20.9683406146253,334,2019-01-02,2021-05-26,93,0.5455,0.0967,2021-08-24,0.085602,-0.141316,NA
-44.7859127316566,-20.9684304461537,332,2019-01-02,2021-05-26,93,0.5071,0.0984,2021-08-29,0.077586,-0.116635,NA
-44.7859127316566,-20.9685202776821,330,2019-01-02,2021-05-26,92,0.4865,0.1008,2021-09-03,0.088397,-0.103209,NA
-44.7859127316566,-20.9686101092105,330,2019-01-02,2021-05-26,92,0.4687,0.1039,2021-09-03,0.09263,-0.108388,NA
-44.7859127316566,-20.9686999407389,327,2019-01-02,2021-05-26,91,0.5445,0.0924,2021-09-03,0.079422,-0.087377,NA
-44.7859127316566,-20.9687897722673,326,2019-01-02,2021-05-26,90,0.5881,0.091,2021-08-29,0.074998,-0.097099,NA
-44.7859127316566,-20.9688796037957,325,2019-01-02,2021-05-26,91,0.5402,0.1051,2021-10-13,0.107871,-0.067319,NA
-44.7859127316566,-20.9689694353241,321,2019-01-02,2021-05-26,91,0.5352,0.1012,2022-08-29,-0.088159,-0.004412,NA
-44.7859127316566,-20.9690592668525,320,2019-01-02,2021-05-26,90,0.5594,0.0957,2022-08-29,-0.070944,0.035395,NA
-44.7859127316566,-20.969149098381,319,2019-01-02,2021-05-26,90,0.5723,0.0924,2021-11-17,0.090565,0.040874,NA
-44.7859127316566,-20.9692389299094,319,2019-01-02,2021-05-26,90,0.5713,0.0949,2022-08-14,-0.064018,0.051362,NA
-44.7859127316566,-20.9693287614378,318,2019-01-02,2021-05-26,90,0.6088,0.0923,2021-11-17,0.087576,0.055232,NA
-44.7859127316566,-20.9694185929662,319,2019-01-02,2021-05-26,90,0.6294,0.0838,2021-08-29,0.073713,0.047423,NA
-44.7859127316566,-20.9695084244946,320,2019-01-02,2021-05-26,90,0.619,0.08,2021-08-29,0.06482,0.042004,NA
-44.7859127316566,-20.969598256023,323,2019-01-02,2021-05-26,91,0.6337,0.0729,2021-09-03,0.062934,0.025637,NA
-44.7859127316566,-20.9700474136651,327,2019-01-02,2021-05-26,92,0.536,0.1125,2021-07-10,0.138796,0.09916,NA
-44.7859127316566,-20.9701372451935,326,2019-01-02,2021-05-26,90,0.5196,0.1219,2021-07-15,0.13635,0.095523,NA
-44.7859127316566,-20.9702270767219,325,2019-01-02,2021-05-26,89,0.5318,0.1247,2021-07-15,0.117732,0.09233,NA
-44.786002563185,-20.966543984057,329,2019-01-07,2021-05-26,90,0.4219,0.1181,2023-10-18,0.083551,0.055829,NA
-44.786002563185,-20.9666338155854,328,2019-01-07,2021-05-26,90,0.4045,0.122,2023-10-08,0.106068,0.063867,NA
-44.786002563185,-20.9667236471138,330,2019-01-02,2021-05-26,91,0.39,0.1279,2023-10-08,0.117712,0.071456,NA
-44.786002563185,-20.9668134786422,329,2019-01-02,2021-05-26,90,0.4424,0.1179,2023-09-28,0.107557,0.066976,NA
-44.786002563185,-20.9669033101707,327,2019-01-02,2021-05-26,90,0.4867,0.1086,2021-10-03,0.10014,0.062123,NA
-44.786002563185,-20.9669931416991,326,2019-01-02,2021-05-26,90,0.4537,0.1149,2021-11-17,0.106603,0.060358,NA
-44.786002563185,-20.9670829732275,326,2019-01-02,2021-05-26,91,0.4885,0.1163,2023-10-08,0.096439,0.065832,NA
-44.786002563185,-20.9671728047559,326,2019-01-02,2021-05-26,91,0.4989,0.1169,2023-10-18,0.091104,0.066318,NA
-44.786002563185,-20.9672626362843,326,2019-01-02,2021-05-26,91,0.5037,0.1181,2023-10-18,0.083737,0.069179,NA
-44.786002563185,-20.9673524678127,323,2019-01-02,2021-05-26,89,0.5169,0.1131,2023-06-10,0.090974,0.063331,NA
-44.786002563185,-20.9674422993411,323,2019-01-02,2021-05-26,89,0.5439,0.1067,2022-10-18,-0.078501,0.058045,NA
-44.786002563185,-20.9675321308695,322,2019-01-02,2021-05-26,89,0.5638,0.1029,2021-11-27,0.080079,0.056331,NA
-44.786002563185,-20.967621962398,323,2019-01-02,2021-05-26,89,0.5411,0.1081,2021-11-27,0.086651,0.061972,NA
-44.786002563185,-20.9677117939264,323,2019-01-02,2021-05-26,88,0.5721,0.1064,2021-11-27,0.087114,0.052562,NA
-44.786002563185,-20.9678016254548,325,2019-01-02,2021-05-26,89,0.5578,0.1089,2021-11-27,0.080131,0.058481,NA
-44.786002563185,-20.9678914569832,324,2019-01-02,2021-05-26,88,0.5301,0.1162,2021-11-27,0.08392,0.06117,NA
-44.786002563185,-20.9679812885116,325,2019-01-02,2021-05-26,89,0.5048,0.1156,2022-08-04,-0.108912,0.042425,NA
-44.786002563185,-20.96807112004,328,2019-01-02,2021-05-26,90,0.5893,0.092,2022-07-15,-0.095014,-0.00063,NA
-44.786002563185,-20.9681609515684,328,2019-01-02,2021-05-26,89,0.5716,0.097,2022-07-15,-0.098716,-0.082283,NA
-44.786002563185,-20.9682507830968,332,2019-01-02,2021-05-26,92,0.5263,0.1049,2021-09-13,0.096374,-0.13989,NA
-44.786002563185,-20.9683406146253,332,2019-01-02,2021-05-26,92,0.5565,0.0973,2021-09-03,0.086012,-0.171371,NA
-44.786002563185,-20.9684304461537,331,2019-01-02,2021-05-26,92,0.5203,0.0974,2021-09-03,0.09819,-0.136217,NA
-44.786002563185,-20.9685202776821,331,2019-01-02,2021-05-26,92,0.4627,0.1026,2021-10-03,0.094969,-0.118526,NA
-44.786002563185,-20.9686101092105,329,2019-01-02,2021-05-26,91,0.4928,0.0983,2021-10-13,0.093086,-0.119399,NA
-44.786002563185,-20.9686999407389,328,2019-01-02,2021-05-26,91,0.5421,0.0908,2021-09-28,0.09623,-0.092147,NA
-44.786002563185,-20.9687897722673,324,2019-01-02,2021-05-26,90,0.5825,0.0917,2021-09-28,0.091326,-0.084152,NA
-44.786002563185,-20.9688796037957,323,2019-01-02,2021-05-26,90,0.542,0.1042,2021-10-13,0.100903,-0.059129,NA
-44.786002563185,-20.9689694353241,320,2019-01-02,2021-05-26,90,0.5607,0.0948,2022-07-30,-0.065491,-0.008102,NA
-44.786002563185,-20.9690592668525,321,2019-01-02,2021-05-26,90,0.5733,0.0923,2021-11-17,0.090126,0.044144,NA
-44.786002563185,-20.969149098381,320,2019-01-02,2021-05-26,90,0.5882,0.0893,2021-10-03,0.083512,0.045015,NA
-44.786002563185,-20.9692389299094,319,2019-01-02,2021-05-26,90,0.5935,0.0893,2021-08-29,0.083994,0.056347,NA
-44.786002563185,-20.9693287614378,321,2019-01-02,2021-05-26,90,0.6036,0.0921,2021-09-28,0.086952,0.060511,NA
-44.786002563185,-20.9694185929662,323,2019-01-02,2021-05-26,90,0.6293,0.0841,2021-09-18,0.083134,0.037157,NA
-44.786002563185,-20.9695084244946,323,2019-01-02,2021-05-26,90,0.6092,0.0795,2021-09-03,0.058231,0.034074,NA
-44.786002563185,-20.969598256023,325,2019-01-02,2021-05-26,91,0.5959,0.0781,2021-10-03,0.063411,0.023997,NA
-44.786002563185,-20.9700474136651,326,2019-01-02,2021-05-26,91,0.5575,0.1081,2021-07-10,0.129429,0.095534,NA
-44.786002563185,-20.9701372451935,326,2019-01-02,2021-05-26,90,0.535,0.1193,2021-07-15,0.130222,0.083796,NA
-44.786002563185,-20.9702270767219,324,2019-01-02,2021-05-26,90,0.5439,0.1233,2021-07-10,0.137159,0.075872,NA
-44.7860923947134,-20.9660049948865,329,2019-01-07,2021-05-26,91,0.4693,0.0971,2021-06-10,0.091167,0.198291,NA
-44.7860923947134,-20.966094826415,328,2019-01-07,2021-05-26,90,0.5204,0.0901,2021-06-05,0.087117,0.226751,NA
-44.7860923947134,-20.9661846579434,329,2019-01-07,2021-05-26,90,0.5817,0.0717,2021-06-05,0.069396,0.177324,NA
-44.7860923947134,-20.9666338155854,330,2019-01-02,2021-05-26,91,0.4134,0.1243,2023-10-18,0.106486,0.068148,NA
-44.7860923947134,-20.9667236471138,328,2019-01-02,2021-05-26,90,0.4277,0.1237,2023-10-08,0.115339,0.066181,NA
-44.7860923947134,-20.9668134786422,327,2019-01-02,2021-05-26,90,0.5037,0.1082,2023-05-26,0.122081,0.069864,NA
-44.7860923947134,-20.9669033101707,328,2019-01-02,2021-05-26,90,0.5122,0.1069,2021-10-03,0.098924,0.069802,NA
-44.7860923947134,-20.9669931416991,328,2019-01-02,2021-05-26,90,0.4643,0.1169,2023-10-08,0.097878,0.062956,NA
-44.7860923947134,-20.9670829732275,329,2019-01-02,2021-05-26,91,0.489,0.1183,2023-10-18,0.096553,0.063474,NA
-44.7860923947134,-20.9671728047559,328,2019-01-02,2021-05-26,91,0.4831,0.1205,2023-10-18,0.101482,0.068565,NA
-44.7860923947134,-20.9672626362843,325,2019-01-02,2021-05-26,90,0.5164,0.116,2023-10-23,0.085539,0.065038,NA
-44.7860923947134,-20.9673524678127,323,2019-01-02,2021-05-26,89,0.5398,0.1079,2023-06-10,0.084871,0.054584,NA
-44.7860923947134,-20.9674422993411,322,2019-01-02,2021-05-26,89,0.5616,0.104,2023-06-10,0.087453,0.05053,NA
-44.7860923947134,-20.9675321308695,322,2019-01-02,2021-05-26,89,0.5671,0.103,2022-09-13,-0.078376,0.061372,NA
-44.7860923947134,-20.967621962398,322,2019-01-02,2021-05-26,88,0.5685,0.1085,2022-09-08,-0.044202,0.059218,NA
-44.7860923947134,-20.9677117939264,322,2019-01-02,2021-05-26,89,0.5486,0.1134,2022-09-03,-0.056377,0.056903,NA
-44.7860923947134,-20.9678016254548,323,2019-01-02,2021-05-26,88,0.5642,0.1095,2021-11-17,0.087814,0.056022,NA
-44.7860923947134,-20.9678914569832,327,2019-01-02,2021-05-26,89,0.5213,0.1124,2022-09-03,-0.088451,0.046888,NA
-44.7860923947134,-20.9679812885116,327,2019-01-02,2021-05-26,89,0.5434,0.103,2022-07-15,-0.097084,0.023363,NA
-44.7860923947134,-20.96807112004,327,2019-01-02,2021-05-26,89,0.5476,0.0967,2022-07-15,-0.098578,-0.055291,NA
-44.7860923947134,-20.9681609515684,328,2019-01-02,2021-05-26,90,0.5355,0.1065,2021-10-03,0.094358,-0.140282,NA
-44.7860923947134,-20.9682507830968,329,2019-01-02,2021-05-26,91,0.5334,0.1038,2021-09-03,0.103695,-0.173846,NA
-44.7860923947134,-20.9683406146253,328,2019-01-02,2021-05-26,90,0.5761,0.0958,2021-08-24,0.079181,-0.170993,NA
-44.7860923947134,-20.9684304461537,329,2019-01-02,2021-05-26,90,0.5334,0.0973,2021-09-03,0.112513,-0.149607,NA
-44.7860923947134,-20.9685202776821,327,2019-01-02,2021-05-26,89,0.5012,0.0992,2021-10-03,0.097442,-0.13554,NA
-44.7860923947134,-20.9686101092105,327,2019-01-02,2021-05-26,89,0.5171,0.0967,2021-09-28,0.094172,-0.133077,NA
-44.7860923947134,-20.9686999407389,325,2019-01-02,2021-05-26,89,0.5742,0.0884,2021-09-18,0.08655,-0.110926,NA
-44.7860923947134,-20.9687897722673,324,2019-01-02,2021-05-26,90,0.6,0.0892,2021-09-03,0.084415,-0.109209,NA
-44.7860923947134,-20.9688796037957,323,2019-01-02,2021-05-26,90,0.5538,0.1018,2021-10-03,0.102649,-0.074816,NA
-44.7860923947134,-20.9689694353241,318,2019-01-02,2021-05-26,90,0.5506,0.1033,2021-10-13,0.093131,0.003916,NA
-44.7860923947134,-20.9690592668525,319,2019-01-02,2021-05-26,90,0.6053,0.0889,2021-11-17,0.087478,0.051491,NA
-44.7860923947134,-20.969149098381,321,2019-01-02,2021-05-26,90,0.636,0.082,2021-09-03,0.087873,0.03905,NA
-44.7860923947134,-20.9692389299094,323,2019-01-02,2021-05-26,90,0.5804,0.0896,2021-09-03,0.083874,0.034766,NA
-44.7860923947134,-20.9693287614378,324,2019-01-02,2021-05-26,90,0.6004,0.0908,2021-10-13,0.080704,0.045558,NA
-44.7860923947134,-20.9694185929662,324,2019-01-02,2021-05-26,90,0.6262,0.0842,2021-09-03,0.06846,0.029785,NA
-44.7860923947134,-20.9695084244946,323,2019-01-02,2021-05-26,90,0.594,0.0809,2021-09-03,0.063739,0.030431,NA
-44.7860923947134,-20.969598256023,326,2019-01-02,2021-05-26,91,0.5827,0.0805,2021-09-28,0.074797,0.024599,NA
-44.7860923947134,-20.9700474136651,324,2019-01-02,2021-05-26,90,0.6239,0.092,2021-07-20,0.106769,0.05731,NA
-44.7860923947134,-20.9701372451935,323,2019-01-02,2021-05-26,90,0.5747,0.1049,2021-07-15,0.110224,0.065424,NA
-44.7860923947134,-20.9702270767219,322,2019-01-02,2021-05-26,89,0.5871,0.1098,2021-07-10,0.134427,0.068132,NA
-44.7861822262418,-20.9656456687729,329,2019-01-07,2021-05-26,88,0.4143,0.09,2021-06-10,0.076631,0.212137,NA
-44.7861822262418,-20.9657355003013,328,2019-01-07,2021-05-26,88,0.3968,0.1026,2021-06-05,0.093639,0.223808,NA
-44.7861822262418,-20.9658253318297,329,2019-01-07,2021-05-26,88,0.4135,0.0946,2021-06-05,0.080749,0.199321,NA
-44.7861822262418,-20.9659151633581,327,2019-01-07,2021-05-26,88,0.4742,0.0884,2021-06-05,0.062987,0.183034,NA
-44.7861822262418,-20.9660049948865,326,2019-01-07,2021-05-26,89,0.4199,0.1089,2021-06-05,0.099936,0.230283,NA
-44.7861822262418,-20.966094826415,329,2019-01-07,2021-05-26,90,0.4755,0.0967,2021-06-05,0.089797,0.239506,NA
-44.7861822262418,-20.9661846579434,330,2019-01-07,2021-05-26,90,0.4229,0.0823,2021-06-25,0.079066,0.141563,NA
-44.7861822262418,-20.9662744894718,330,2019-01-07,2021-05-26,90,0.4229,0.0823,2021-06-25,0.079066,0.141563,NA
-44.7861822262418,-20.9667236471138,329,2019-01-02,2021-05-26,91,0.4468,0.1159,2023-10-08,0.100663,0.068102,NA
-44.7861822262418,-20.9668134786422,328,2019-01-02,2021-05-26,91,0.5304,0.1048,2021-11-17,0.088102,0.082398,NA
-44.7861822262418,-20.9669033101707,329,2019-01-02,2021-05-26,91,0.4977,0.1115,2021-10-03,0.092014,0.07372,NA
-44.7861822262418,-20.9669931416991,330,2019-01-02,2021-05-26,91,0.4742,0.1157,2023-10-18,0.096686,0.065712,NA
-44.7861822262418,-20.9670829732275,329,2019-01-02,2021-05-26,91,0.4836,0.1209,2023-10-18,0.094048,0.066042,NA
-44.7861822262418,-20.9671728047559,328,2019-01-02,2021-05-26,91,0.4734,0.1254,2023-10-18,0.100962,0.076548,NA
-44.7861822262418,-20.9672626362843,326,2019-01-02,2021-05-26,90,0.4945,0.1197,2023-10-18,0.092035,0.064295,NA
-44.7861822262418,-20.9673524678127,323,2019-01-02,2021-05-26,88,0.5117,0.1112,2023-06-10,0.095271,0.056599,NA
-44.7861822262418,-20.9674422993411,322,2019-01-02,2021-05-26,88,0.5174,0.1129,2023-06-10,0.096105,0.063985,NA
-44.7861822262418,-20.9675321308695,321,2019-01-02,2021-05-26,88,0.4946,0.118,2023-10-23,0.097789,0.063155,NA
-44.7861822262418,-20.967621962398,321,2019-01-02,2021-05-26,87,0.5495,0.1124,2022-09-13,-0.109591,0.055729,NA
-44.7861822262418,-20.9677117939264,322,2019-01-02,2021-05-26,87,0.5793,0.1062,2022-09-08,-0.042933,0.053343,NA
-44.7861822262418,-20.9678016254548,324,2019-01-02,2021-05-26,87,0.5694,0.1069,2022-09-08,-0.079896,0.042552,NA
-44.7861822262418,-20.9678914569832,325,2019-01-02,2021-05-26,88,0.5009,0.11,2022-08-19,-0.103356,0.034153,NA
-44.7861822262418,-20.9679812885116,325,2019-01-02,2021-05-26,87,0.5504,0.0971,2022-07-05,-0.094398,-0.028916,NA
-44.7861822262418,-20.96807112004,328,2019-01-02,2021-05-26,89,0.5221,0.1051,2021-11-27,0.078258,-0.127038,NA
-44.7861822262418,-20.9681609515684,329,2019-01-02,2021-05-26,90,0.5279,0.1056,2021-09-18,0.105267,-0.166688,NA
-44.7861822262418,-20.9682507830968,327,2019-01-02,2021-05-26,90,0.5459,0.0997,2021-09-03,0.099121,-0.165705,NA
-44.7861822262418,-20.9683406146253,327,2019-01-02,2021-05-26,90,0.5666,0.0953,2021-08-24,0.082936,-0.177411,NA
-44.7861822262418,-20.9684304461537,326,2019-01-02,2021-05-26,90,0.5205,0.0984,2021-08-29,0.091204,-0.160524,NA
-44.7861822262418,-20.9685202776821,326,2019-01-02,2021-05-26,89,0.5085,0.0972,2021-09-28,0.093292,-0.151566,NA
-44.7861822262418,-20.9686101092105,325,2019-01-02,2021-05-26,89,0.5107,0.0953,2021-09-28,0.08994,-0.14424,NA
-44.7861822262418,-20.9686999407389,325,2019-01-02,2021-05-26,89,0.5513,0.0888,2021-09-28,0.085054,-0.13041,NA
-44.7861822262418,-20.9687897722673,324,2019-01-02,2021-05-26,89,0.5984,0.0883,2021-09-18,0.083075,-0.124901,NA
-44.7861822262418,-20.9688796037957,321,2019-01-02,2021-05-26,90,0.5683,0.0976,2021-08-29,0.078373,-0.075283,NA
-44.7861822262418,-20.9689694353241,318,2019-01-02,2021-05-26,90,0.5597,0.101,2021-10-03,0.092764,0.005607,NA
-44.7861822262418,-20.9690592668525,318,2019-01-02,2021-05-26,90,0.6486,0.08,2021-09-28,0.077124,0.054552,NA
-44.7861822262418,-20.969149098381,319,2019-01-02,2021-05-26,90,0.6448,0.0821,2021-09-23,0.080854,0.049447,NA
-44.7861822262418,-20.9692389299094,322,2019-01-02,2021-05-26,90,0.5602,0.0949,2021-10-03,0.086947,0.033631,NA
-44.7861822262418,-20.9693287614378,324,2019-01-02,2021-05-26,90,0.5866,0.0939,2021-10-13,0.083512,0.037191,NA
-44.7861822262418,-20.9694185929662,324,2019-01-02,2021-05-26,90,0.6142,0.0839,2021-09-18,0.081347,0.030396,NA
-44.7861822262418,-20.9695084244946,326,2019-01-02,2021-05-26,91,0.585,0.0775,2021-09-28,0.079052,0.019481,NA
-44.7861822262418,-20.9699575821367,324,2019-01-02,2021-05-26,91,0.625,0.0797,2021-07-25,0.092787,0.04882,NA
-44.7861822262418,-20.9700474136651,322,2019-01-02,2021-05-26,90,0.6141,0.0849,2021-07-20,0.094542,0.043233,NA
-44.7861822262418,-20.9701372451935,324,2019-01-02,2021-05-26,89,0.5903,0.0941,2021-07-15,0.104246,0.052978,NA
-44.7861822262418,-20.9702270767219,324,2019-01-02,2021-05-26,89,0.5917,0.1002,2021-07-15,0.107404,0.051694,NA
-44.7861822262418,-20.9703169082503,324,2019-01-02,2021-05-26,89,0.5943,0.108,2021-07-20,0.104414,0.050561,NA
-44.7862720577702,-20.9657355003013,328,2019-01-07,2021-05-26,88,0.4203,0.0994,2021-06-10,0.087443,0.196814,NA
-44.7862720577702,-20.9658253318297,329,2019-01-07,2021-05-26,87,0.4071,0.1121,2021-06-05,0.102693,0.230242,NA
-44.7862720577702,-20.9659151633581,326,2019-01-07,2021-05-26,88,0.3711,0.1171,2021-06-05,0.118026,0.251925,NA
-44.7862720577702,-20.9660049948865,326,2019-01-07,2021-05-26,88,0.4286,0.1116,2021-06-05,0.109433,0.248601,NA
-44.7862720577702,-20.966094826415,327,2019-01-07,2021-05-26,89,0.4748,0.0901,2021-06-05,0.074916,0.218503,NA
-44.7862720577702,-20.9661846579434,329,2019-01-07,2021-05-26,90,0.2927,0.0835,2021-07-25,0.085162,0.118462,NA
-44.7862720577702,-20.9662744894718,329,2019-01-07,2021-05-26,90,0.2927,0.0835,2021-07-25,0.085162,0.118462,NA
-44.7862720577702,-20.9667236471138,328,2019-01-02,2021-05-26,91,0.5016,0.0988,2023-05-06,0.109502,0.033016,NA
-44.7862720577702,-20.9668134786422,330,2019-01-02,2021-05-26,91,0.5222,0.1019,2023-05-21,0.115536,0.060001,NA
-44.7862720577702,-20.9669033101707,330,2019-01-02,2021-05-26,91,0.4686,0.1125,2023-09-23,0.092793,0.069102,NA
-44.7862720577702,-20.9669931416991,330,2019-01-02,2021-05-26,91,0.4755,0.1116,2023-10-18,0.088412,0.06053,NA
-44.7862720577702,-20.9670829732275,329,2019-01-02,2021-05-26,92,0.4872,0.1159,2023-10-18,0.089184,0.066149,NA
-44.7862720577702,-20.9671728047559,328,2019-01-02,2021-05-26,91,0.5055,0.1137,2023-10-08,0.101938,0.070384,NA
-44.7862720577702,-20.9672626362843,325,2019-01-02,2021-05-26,89,0.5334,0.1091,2023-06-10,0.090584,0.06381,NA
-44.7862720577702,-20.9673524678127,324,2019-01-02,2021-05-26,88,0.5077,0.1139,2023-10-18,0.09818,0.069151,NA
-44.7862720577702,-20.9674422993411,323,2019-01-02,2021-05-26,88,0.5143,0.1169,2023-10-18,0.111679,0.070684,NA
-44.7862720577702,-20.9675321308695,323,2019-01-02,2021-05-26,88,0.5296,0.115,2023-10-18,0.0942,0.060094,NA
-44.7862720577702,-20.967621962398,326,2019-01-02,2021-05-26,89,0.542,0.1103,2022-10-18,-0.070821,0.053272,NA
-44.7862720577702,-20.9677117939264,325,2019-01-02,2021-05-26,87,0.5901,0.1015,2022-09-08,-0.043818,0.04478,NA
-44.7862720577702,-20.9678016254548,324,2019-01-02,2021-05-26,87,0.5751,0.1043,2022-08-29,-0.103924,0.043154,NA
-44.7862720577702,-20.9678914569832,324,2019-01-02,2021-05-26,88,0.5006,0.106,2022-08-14,-0.100505,0.009435,NA
-44.7862720577702,-20.9679812885116,326,2019-01-02,2021-05-26,88,0.4875,0.1081,2022-07-20,-0.10937,-0.10292,NA
-44.7862720577702,-20.96807112004,328,2019-01-02,2021-05-26,89,0.4678,0.1119,2021-11-07,0.088379,-0.169017,NA
-44.7862720577702,-20.9681609515684,325,2019-01-02,2021-05-26,87,0.5276,0.1051,2021-09-28,0.103985,-0.176361,NA
-44.7862720577702,-20.9682507830968,326,2019-01-02,2021-05-26,88,0.5284,0.1013,2021-09-03,0.096591,-0.183185,NA
-44.7862720577702,-20.9683406146253,326,2019-01-02,2021-05-26,88,0.5527,0.0949,2021-08-29,0.078506,-0.164069,NA
-44.7862720577702,-20.9684304461537,325,2019-01-02,2021-05-26,89,0.5109,0.0991,2021-09-18,0.101808,-0.15395,NA
-44.7862720577702,-20.9685202776821,324,2019-01-02,2021-05-26,89,0.4938,0.0978,2021-09-28,0.09553,-0.141056,NA
-44.7862720577702,-20.9686101092105,323,2019-01-02,2021-05-26,88,0.5172,0.0932,2021-10-03,0.088357,-0.136823,NA
-44.7862720577702,-20.9686999407389,325,2019-01-02,2021-05-26,88,0.5615,0.0876,2021-10-13,0.084322,-0.116863,NA
-44.7862720577702,-20.9687897722673,323,2019-01-02,2021-05-26,89,0.6049,0.087,2021-09-13,0.080138,-0.093877,NA
-44.7862720577702,-20.9688796037957,322,2019-01-02,2021-05-26,89,0.5678,0.0997,2021-09-03,0.091158,-0.052316,NA
-44.7862720577702,-20.9689694353241,320,2019-01-02,2021-05-26,90,0.58,0.091,2021-10-03,0.08237,0.013498,NA
-44.7862720577702,-20.9690592668525,320,2019-01-02,2021-05-26,90,0.6841,0.0636,2021-09-03,0.059834,0.04572,NA
-44.7862720577702,-20.969149098381,321,2019-01-02,2021-05-26,90,0.6259,0.0771,2021-09-18,0.085668,0.044622,NA
-44.7862720577702,-20.9692389299094,322,2019-01-02,2021-05-26,90,0.5005,0.1021,2021-11-07,0.107524,0.039962,NA
-44.7862720577702,-20.9693287614378,324,2019-01-02,2021-05-26,90,0.5645,0.0928,2021-10-13,0.085751,0.035403,NA
-44.7862720577702,-20.9694185929662,326,2019-01-02,2021-05-26,90,0.6134,0.0788,2021-10-03,0.076741,0.025122,NA
-44.7862720577702,-20.9695084244946,327,2019-01-02,2021-05-26,91,0.5828,0.0771,2021-11-07,0.0768,0.019122,NA
-44.7862720577702,-20.9699575821367,324,2019-01-02,2021-05-26,91,0.591,0.0803,2023-05-11,0.081088,0.043055,NA
-44.7862720577702,-20.9700474136651,323,2019-01-02,2021-05-26,90,0.5725,0.0913,2021-07-10,0.103466,0.056335,NA
-44.7862720577702,-20.9701372451935,324,2019-01-02,2021-05-26,90,0.5721,0.0978,2021-07-10,0.115391,0.067445,NA
-44.7862720577702,-20.9702270767219,325,2019-01-02,2021-05-26,89,0.5777,0.1026,2021-07-15,0.110546,0.059572,NA
-44.7862720577702,-20.9703169082503,325,2019-01-02,2021-05-26,89,0.5772,0.1114,2021-07-10,0.133941,0.05887,NA
-44.7863618892987,-20.9658253318297,327,2019-01-07,2021-05-26,87,0.39,0.1159,2021-06-05,0.108149,0.248523,NA
-44.7863618892987,-20.9659151633581,327,2019-01-07,2021-05-26,88,0.3969,0.1175,2021-06-05,0.116809,0.259728,NA
-44.7863618892987,-20.9660049948865,327,2019-01-07,2021-05-26,89,0.4276,0.1119,2021-06-05,0.115025,0.254717,NA
-44.7863618892987,-20.966094826415,326,2019-01-07,2021-05-26,89,0.4806,0.0894,2021-06-10,0.078214,0.205339,NA
-44.7863618892987,-20.9661846579434,325,2019-01-07,2021-05-26,90,0.3118,0.0778,2021-11-17,0.065375,0.10404,NA
-44.7863618892987,-20.9662744894718,325,2019-01-07,2021-05-26,90,0.3118,0.0778,2021-11-17,0.065375,0.10404,NA
-44.7863618892987,-20.9663643210002,326,2019-01-07,2021-05-26,91,0.1412,0.0761,2024-07-04,0.072091,0.050642,NA
-44.7863618892987,-20.9668134786422,327,2019-01-02,2021-05-26,91,0.5586,0.0947,2023-05-16,0.11976,0.03017,NA
-44.7863618892987,-20.9669033101707,329,2019-01-02,2021-05-26,91,0.4356,0.1167,2023-10-23,0.09633,0.055389,NA
-44.7863618892987,-20.9669931416991,330,2019-01-02,2021-05-26,92,0.4698,0.1185,2023-10-18,0.098226,0.063828,NA
-44.7863618892987,-20.9670829732275,328,2019-01-02,2021-05-26,91,0.5036,0.1104,2023-10-18,0.090778,0.05788,NA
-44.7863618892987,-20.9671728047559,328,2019-01-02,2021-05-26,91,0.5426,0.1024,2023-10-08,0.100299,0.05967,NA
-44.7863618892987,-20.9672626362843,327,2019-01-02,2021-05-26,90,0.5407,0.1037,2023-10-18,0.099767,0.059296,NA
-44.7863618892987,-20.9673524678127,327,2019-01-02,2021-05-26,90,0.5023,0.1156,2023-10-18,0.105601,0.065147,NA
-44.7863618892987,-20.9674422993411,326,2019-01-02,2021-05-26,90,0.5059,0.1167,2023-10-18,0.113615,0.063664,NA
-44.7863618892987,-20.9675321308695,328,2019-01-02,2021-05-26,90,0.5152,0.1138,2023-10-18,0.095225,0.056627,NA
-44.7863618892987,-20.967621962398,328,2019-01-02,2021-05-26,89,0.525,0.1111,2022-10-18,-0.092441,0.055168,NA
-44.7863618892987,-20.9677117939264,328,2019-01-02,2021-05-26,89,0.5135,0.1127,2022-10-18,-0.102226,0.050761,NA
-44.7863618892987,-20.9678016254548,325,2019-01-02,2021-05-26,88,0.5151,0.1104,2022-08-29,-0.092775,0.036621,NA
-44.7863618892987,-20.9678914569832,324,2019-01-02,2021-05-26,88,0.5539,0.0959,2022-08-14,-0.087681,-0.020051,NA
-44.7863618892987,-20.9679812885116,325,2019-01-02,2021-05-26,87,0.4894,0.112,2021-11-27,0.10255,-0.135615,NA
-44.7863618892987,-20.96807112004,325,2019-01-02,2021-05-26,87,0.4763,0.1115,2021-10-03,0.101814,-0.167336,NA
-44.7863618892987,-20.9681609515684,325,2019-01-02,2021-05-26,87,0.5247,0.1044,2021-09-28,0.108897,-0.191442,NA
-44.7863618892987,-20.9682507830968,324,2019-01-02,2021-05-26,86,0.5384,0.0994,2021-09-13,0.100212,-0.185493,NA
-44.7863618892987,-20.9683406146253,325,2019-01-02,2021-05-26,87,0.5401,0.0965,2021-09-13,0.10081,-0.164405,NA
-44.7863618892987,-20.9684304461537,325,2019-01-02,2021-05-26,87,0.5108,0.1002,2021-09-18,0.094415,-0.13357,NA
-44.7863618892987,-20.9685202776821,322,2019-01-02,2021-05-26,87,0.517,0.0965,2021-09-18,0.093019,-0.135301,NA
-44.7863618892987,-20.9686101092105,323,2019-01-02,2021-05-26,88,0.5503,0.0897,2021-10-03,0.084387,-0.125162,NA
-44.7863618892987,-20.9686999407389,326,2019-01-02,2021-05-26,88,0.5977,0.0831,2021-10-13,0.085374,-0.112244,NA
-44.7863618892987,-20.9687897722673,322,2019-01-02,2021-05-26,87,0.6402,0.0831,2021-09-13,0.075357,-0.089738,NA
-44.7863618892987,-20.9688796037957,323,2019-01-02,2021-05-26,89,0.5413,0.1037,2021-09-28,0.09286,-0.033617,NA
-44.7863618892987,-20.9689694353241,321,2019-01-02,2021-05-26,89,0.5763,0.0908,2022-07-30,-0.067324,0.021965,NA
-44.7863618892987,-20.9690592668525,319,2019-01-02,2021-05-26,89,0.6798,0.07,2021-09-03,0.075,0.054323,NA
-44.7863618892987,-20.969149098381,320,2019-01-02,2021-05-26,89,0.6119,0.0834,2021-09-03,0.078932,0.037896,NA
-44.7863618892987,-20.9692389299094,323,2019-01-02,2021-05-26,90,0.5067,0.0955,2021-11-17,0.089318,0.031632,NA
-44.7863618892987,-20.9693287614378,324,2019-01-02,2021-05-26,90,0.5772,0.0855,2021-11-07,0.083857,0.029825,NA
-44.7863618892987,-20.9694185929662,328,2019-01-02,2021-05-26,90,0.597,0.0761,2021-11-07,0.066146,0.016383,NA
-44.7863618892987,-20.9698677506083,327,2019-01-02,2021-05-26,92,0.5825,0.0713,2023-05-16,0.058498,0.029682,NA
-44.7863618892987,-20.9699575821367,324,2019-01-02,2021-05-26,91,0.5505,0.0837,2023-05-01,0.080901,0.045189,NA
-44.7863618892987,-20.9700474136651,323,2019-01-02,2021-05-26,90,0.5552,0.099,2021-07-10,0.114583,0.063673,NA
-44.7863618892987,-20.9701372451935,324,2019-01-02,2021-05-26,89,0.5606,0.1019,2021-07-15,0.119256,0.073975,NA
-44.7863618892987,-20.9702270767219,325,2019-01-02,2021-05-26,89,0.5562,0.1066,2023-06-10,0.138318,0.0683,NA
-44.7863618892987,-20.9703169082503,325,2019-01-02,2021-05-26,89,0.6029,0.102,2021-07-20,0.116629,0.050902,NA
-44.7864517208271,-20.9658253318297,325,2019-01-07,2021-05-26,87,0.4044,0.113,2021-06-05,0.10886,0.256169,NA
-44.7864517208271,-20.9659151633581,325,2019-01-07,2021-05-26,88,0.4773,0.1031,2021-06-05,0.095505,0.242714,NA
-44.7864517208271,-20.9660049948865,327,2019-01-07,2021-05-26,89,0.4763,0.102,2021-06-10,0.106332,0.245991,NA
-44.7864517208271,-20.966094826415,326,2019-01-07,2021-05-26,90,0.4492,0.0832,2021-06-10,0.075567,0.208559,NA
-44.7864517208271,-20.9661846579434,327,2019-01-07,2021-05-26,91,0.242,0.0752,2022-05-06,0.085874,0.105766,NA
-44.7864517208271,-20.9662744894718,327,2019-01-07,2021-05-26,91,0.242,0.0752,2022-05-06,0.085874,0.105766,NA
-44.7864517208271,-20.9663643210002,326,2019-01-07,2021-05-26,91,0.0907,0.0744,2025-07-04,0.086137,0.04801,NA
-44.7864517208271,-20.9667236471138,330,2019-01-02,2021-05-26,92,0.5057,0.1109,2023-12-02,0.062637,0.019776,NA
-44.7864517208271,-20.9668134786422,329,2019-01-02,2021-05-26,92,0.5602,0.0964,2023-12-02,0.035384,-0.000344,NA
-44.7864517208271,-20.9669033101707,329,2019-01-02,2021-05-26,91,0.5158,0.1035,2023-11-22,0.069866,-0.000382,NA
-44.7864517208271,-20.9669931416991,327,2019-01-02,2021-05-26,90,0.4881,0.1099,2023-10-23,0.088016,0.029252,NA
-44.7864517208271,-20.9670829732275,326,2019-01-02,2021-05-26,91,0.5086,0.1071,2023-10-18,0.092485,0.054432,NA
-44.7864517208271,-20.9671728047559,327,2019-01-02,2021-05-26,91,0.5159,0.1064,2023-10-08,0.091465,0.058761,NA
-44.7864517208271,-20.9672626362843,328,2019-01-02,2021-05-26,91,0.4729,0.1154,2023-10-18,0.10881,0.054223,NA
-44.7864517208271,-20.9673524678127,328,2019-01-02,2021-05-26,91,0.446,0.1253,2023-10-18,0.121464,0.063308,NA
-44.7864517208271,-20.9674422993411,328,2019-01-02,2021-05-26,91,0.4481,0.1264,2023-10-18,0.134582,0.063636,NA
-44.7864517208271,-20.9675321308695,327,2019-01-02,2021-05-26,90,0.4676,0.1218,2023-10-18,0.108392,0.060186,NA
-44.7864517208271,-20.967621962398,329,2019-01-02,2021-05-26,89,0.5084,0.1141,2023-10-23,0.091196,0.049746,NA
-44.7864517208271,-20.9677117939264,330,2019-01-02,2021-05-26,89,0.5081,0.1141,2022-10-18,-0.094952,0.042148,NA
-44.7864517208271,-20.9678016254548,328,2019-01-02,2021-05-26,88,0.4801,0.1137,2022-08-29,-0.099108,0.031192,NA
-44.7864517208271,-20.9678914569832,326,2019-01-02,2021-05-26,88,0.5757,0.0907,2022-08-14,-0.071987,-0.040458,NA
-44.7864517208271,-20.9679812885116,325,2019-01-02,2021-05-26,87,0.549,0.1012,2021-09-28,0.105749,-0.161891,NA
-44.7864517208271,-20.96807112004,326,2019-01-02,2021-05-26,87,0.5066,0.1073,2021-10-03,0.102978,-0.165417,NA
-44.7864517208271,-20.9681609515684,325,2019-01-02,2021-05-26,87,0.5177,0.1066,2021-09-18,0.108929,-0.167839,NA
-44.7864517208271,-20.9682507830968,324,2019-01-02,2021-05-26,86,0.5112,0.1042,2021-09-18,0.102321,-0.190191,NA
-44.7864517208271,-20.9683406146253,324,2019-01-02,2021-05-26,86,0.5091,0.1,2021-09-18,0.09937,-0.197261,NA
-44.7864517208271,-20.9684304461537,324,2019-01-02,2021-05-26,86,0.5158,0.0966,2021-09-13,0.102444,-0.167892,NA
-44.7864517208271,-20.9685202776821,323,2019-01-02,2021-05-26,86,0.5176,0.0936,2021-09-28,0.095516,-0.154082,NA
-44.7864517208271,-20.9686101092105,322,2019-01-02,2021-05-26,86,0.5263,0.0917,2021-10-03,0.093106,-0.142111,NA
-44.7864517208271,-20.9686999407389,321,2019-01-02,2021-05-26,85,0.5757,0.0887,2021-10-03,0.090212,-0.120616,NA
-44.7864517208271,-20.9687897722673,320,2019-01-02,2021-05-26,86,0.5813,0.0951,2021-09-03,0.09076,-0.093584,NA
-44.7864517208271,-20.9688796037957,321,2019-01-02,2021-05-26,87,0.5333,0.1041,2021-10-03,0.097322,-0.025047,NA
-44.7864517208271,-20.9689694353241,321,2019-01-02,2021-05-26,89,0.6091,0.0852,2021-10-13,0.08034,0.039403,NA
-44.7864517208271,-20.9690592668525,323,2019-01-02,2021-05-26,89,0.6445,0.0814,2021-09-13,0.095612,0.064541,NA
-44.7864517208271,-20.969149098381,322,2019-01-02,2021-05-26,89,0.5588,0.0939,2021-10-03,0.090223,0.046042,NA
-44.7864517208271,-20.9692389299094,323,2019-01-02,2021-05-26,89,0.493,0.0946,2022-10-18,-0.096214,0.050696,NA
-44.7864517208271,-20.9693287614378,324,2019-01-02,2021-05-26,90,0.5884,0.0811,2022-10-18,-0.07948,0.038721,NA
-44.7864517208271,-20.9694185929662,326,2019-01-02,2021-05-26,91,0.5932,0.0759,2021-11-17,0.069001,0.020194,NA
-44.7864517208271,-20.9698677506083,329,2019-01-02,2021-05-26,92,0.5593,0.0813,2023-05-11,0.08087,0.049388,NA
-44.7864517208271,-20.9699575821367,327,2019-01-02,2021-05-26,91,0.5481,0.0868,2023-05-11,0.079452,0.04364,NA
-44.7864517208271,-20.9700474136651,325,2019-01-02,2021-05-26,90,0.5881,0.0864,2023-04-26,0.068343,0.047512,NA
-44.7864517208271,-20.9701372451935,324,2019-01-02,2021-05-26,89,0.5508,0.0963,2023-05-26,0.103812,0.050409,NA
-44.7864517208271,-20.9702270767219,324,2019-01-02,2021-05-26,89,0.5333,0.1101,2023-05-21,0.117288,0.061718,NA
-44.7865415523555,-20.9659151633581,323,2019-01-07,2021-05-26,87,0.5418,0.0962,2021-06-10,0.089801,0.23406,NA
-44.7865415523555,-20.9660049948865,324,2019-01-07,2021-05-26,88,0.5143,0.0953,2021-06-10,0.081278,0.235329,NA
-44.7865415523555,-20.966094826415,325,2019-01-07,2021-05-26,89,0.5269,0.0828,2021-06-10,0.068992,0.203232,NA
-44.7865415523555,-20.9661846579434,325,2019-01-07,2021-05-26,89,0.5269,0.0828,2021-06-10,0.068992,0.203232,NA
-44.7865415523555,-20.9662744894718,327,2019-01-07,2021-05-26,90,0.356,0.0712,2021-12-22,0.028921,0.101928,NA
-44.7865415523555,-20.9663643210002,325,2019-01-07,2021-05-26,91,0.0728,0.075,2024-03-01,0.080461,0.048832,NA
-44.7865415523555,-20.9667236471138,330,2019-01-02,2021-05-26,92,0.4911,0.1112,2023-12-02,0.071322,0.020972,NA
-44.7865415523555,-20.9668134786422,329,2019-01-02,2021-05-26,92,0.5049,0.1089,2023-11-22,0.060258,0.034613,NA
-44.7865415523555,-20.9669033101707,327,2019-01-02,2021-05-26,91,0.5335,0.1047,2023-11-12,0.051157,0.014852,NA
-44.7865415523555,-20.9669931416991,327,2019-01-02,2021-05-26,90,0.5749,0.0946,2023-06-10,0.079278,-0.007195,NA
-44.7865415523555,-20.9670829732275,327,2019-01-02,2021-05-26,91,0.5107,0.1021,2023-11-17,0.061519,-0.000332,NA
-44.7865415523555,-20.9671728047559,327,2019-01-02,2021-05-26,92,0.4398,0.1189,2023-10-18,0.10834,0.04985,NA
-44.7865415523555,-20.9672626362843,326,2019-01-02,2021-05-26,91,0.4342,0.1284,2023-10-18,0.125343,0.063737,NA
-44.7865415523555,-20.9673524678127,327,2019-01-02,2021-05-26,91,0.418,0.1318,2023-10-18,0.121417,0.065631,NA
-44.7865415523555,-20.9674422993411,329,2019-01-02,2021-05-26,91,0.433,0.1257,2023-10-18,0.10782,0.055515,NA
-44.7865415523555,-20.9675321308695,330,2019-01-02,2021-05-26,89,0.4767,0.121,2023-10-23,0.096763,0.048193,NA
-44.7865415523555,-20.967621962398,330,2019-01-02,2021-05-26,89,0.4756,0.122,2023-10-23,0.099263,0.049007,NA
-44.7865415523555,-20.9677117939264,330,2019-01-02,2021-05-26,89,0.4712,0.1229,2023-11-07,0.090732,0.04797,NA
-44.7865415523555,-20.9678016254548,328,2019-01-02,2021-05-26,89,0.448,0.1193,2022-09-13,-0.118997,0.032545,NA
-44.7865415523555,-20.9678914569832,326,2019-01-02,2021-05-26,89,0.5926,0.0916,2022-07-20,-0.0606,-0.069283,NA
-44.7865415523555,-20.9679812885116,324,2019-01-02,2021-05-26,87,0.5453,0.0979,2021-11-17,0.087142,-0.175454,NA
-44.7865415523555,-20.96807112004,325,2019-01-02,2021-05-26,87,0.5293,0.1028,2021-11-07,0.094789,-0.199961,NA
-44.7865415523555,-20.9681609515684,327,2019-01-02,2021-05-26,88,0.5195,0.105,2021-09-23,0.101215,-0.184808,NA
-44.7865415523555,-20.9682507830968,325,2019-01-02,2021-05-26,87,0.4827,0.1069,2021-09-28,0.106397,-0.196146,NA
-44.7865415523555,-20.9683406146253,324,2019-01-02,2021-05-26,86,0.4935,0.1021,2021-09-18,0.097068,-0.215689,NA
-44.7865415523555,-20.9684304461537,324,2019-01-02,2021-05-26,86,0.4823,0.0995,2021-09-23,0.093165,-0.203267,NA
-44.7865415523555,-20.9685202776821,323,2019-01-02,2021-05-26,86,0.4566,0.1003,2022-07-05,-0.084692,-0.189558,NA
-44.7865415523555,-20.9686101092105,321,2019-01-02,2021-05-26,86,0.4747,0.0975,2022-07-05,-0.082508,-0.179233,NA
-44.7865415523555,-20.9686999407389,320,2019-01-02,2021-05-26,85,0.5486,0.0932,2022-07-25,-0.066541,-0.145487,NA
-44.7865415523555,-20.9687897722673,320,2019-01-02,2021-05-26,85,0.5622,0.0966,2021-09-18,0.097478,-0.096187,NA
-44.7865415523555,-20.9688796037957,317,2019-01-02,2021-05-26,85,0.5227,0.1002,2021-11-27,0.092845,-0.023046,NA
-44.7865415523555,-20.9689694353241,322,2019-01-02,2021-05-26,88,0.6415,0.0774,2021-09-13,0.081625,0.062488,NA
-44.7865415523555,-20.9690592668525,323,2019-01-02,2021-05-26,88,0.6998,0.0723,2021-07-30,0.043862,0.079718,NA
-44.7865415523555,-20.969149098381,322,2019-01-02,2021-05-26,89,0.5429,0.0984,2021-10-03,0.075028,0.072483,NA
-44.7865415523555,-20.9692389299094,323,2019-01-02,2021-05-26,89,0.4935,0.1046,2023-06-05,0.106539,0.097447,NA
-44.7865415523555,-20.9693287614378,325,2019-01-02,2021-05-26,90,0.566,0.0856,2023-05-21,0.109954,0.081564,NA
-44.7865415523555,-20.9697779190798,331,2019-01-02,2021-05-26,92,0.5846,0.0818,2021-07-20,0.086021,0.06311,NA
-44.7865415523555,-20.9698677506083,331,2019-01-02,2021-05-26,92,0.5388,0.0861,2023-05-06,0.092871,0.067278,NA
-44.7865415523555,-20.9699575821367,328,2019-01-02,2021-05-26,91,0.5297,0.0855,2023-05-11,0.097495,0.046671,NA
-44.7865415523555,-20.9700474136651,327,2019-01-02,2021-05-26,90,0.5545,0.0875,2023-05-11,0.095473,0.045661,NA
-44.7865415523555,-20.9701372451935,326,2019-01-02,2021-05-26,89,0.584,0.087,2023-05-26,0.085224,0.025392,NA
-44.7866313838839,-20.9660049948865,324,2019-01-07,2021-05-26,88,0.5143,0.0953,2021-06-10,0.081278,0.235329,NA
-44.7866313838839,-20.966094826415,325,2019-01-07,2021-05-26,89,0.5269,0.0828,2021-06-10,0.068992,0.203232,NA
-44.7866313838839,-20.9661846579434,325,2019-01-07,2021-05-26,89,0.5269,0.0828,2021-06-10,0.068992,0.203232,NA
-44.7866313838839,-20.9662744894718,327,2019-01-07,2021-05-26,90,0.356,0.0712,2021-12-22,0.028921,0.101928,NA
-44.7866313838839,-20.9666338155854,329,2019-01-02,2021-05-26,92,0.5078,0.1133,2023-11-22,0.094626,0.006068,NA
-44.7866313838839,-20.9667236471138,330,2019-01-02,2021-05-26,92,0.4911,0.1112,2023-12-02,0.071322,0.020972,NA
-44.7866313838839,-20.9668134786422,329,2019-01-02,2021-05-26,92,0.5049,0.1089,2023-11-22,0.060258,0.034613,NA
-44.7866313838839,-20.9669033101707,327,2019-01-02,2021-05-26,91,0.5335,0.1047,2023-11-12,0.051157,0.014852,NA
-44.7866313838839,-20.9669931416991,327,2019-01-02,2021-05-26,90,0.5749,0.0946,2023-06-10,0.079278,-0.007195,NA
-44.7866313838839,-20.9670829732275,327,2019-01-02,2021-05-26,91,0.5107,0.1021,2023-11-17,0.061519,-0.000332,NA
-44.7866313838839,-20.9671728047559,327,2019-01-02,2021-05-26,92,0.4398,0.1189,2023-10-18,0.10834,0.04985,NA
-44.7866313838839,-20.9672626362843,326,2019-01-02,2021-05-26,91,0.4342,0.1284,2023-10-18,0.125343,0.063737,NA
-44.7866313838839,-20.9673524678127,327,2019-01-02,2021-05-26,91,0.418,0.1318,2023-10-18,0.121417,0.065631,NA
-44.7866313838839,-20.9674422993411,326,2019-01-02,2021-05-26,89,0.4585,0.1196,2023-11-07,0.10304,0.048728,NA
-44.7866313838839,-20.9675321308695,328,2019-01-02,2021-05-26,89,0.4505,0.1231,2023-11-07,0.089999,0.047371,NA
-44.7866313838839,-20.967621962398,330,2019-01-02,2021-05-26,89,0.4309,0.1273,2023-11-12,0.091982,0.045967,NA
-44.7866313838839,-20.9677117939264,331,2019-01-02,2021-05-26,90,0.386,0.137,2023-11-22,0.101679,0.055761,NA
-44.7866313838839,-20.9678016254548,329,2019-01-02,2021-05-26,90,0.4089,0.1288,2023-12-02,0.075535,0.039159,NA
-44.7866313838839,-20.9678914569832,325,2019-01-02,2021-05-26,88,0.5698,0.0986,2022-08-04,-0.067032,-0.038982,NA
-44.7866313838839,-20.9679812885116,325,2019-01-02,2021-05-26,88,0.527,0.1024,2021-09-28,0.088154,-0.04689,NA
-44.7866313838839,-20.96807112004,324,2019-01-02,2021-05-26,87,0.5536,0.1003,2021-09-13,0.108889,-0.038199,NA
-44.7866313838839,-20.9681609515684,325,2019-01-02,2021-05-26,87,0.5348,0.1032,2021-09-13,0.115381,-0.035838,NA
-44.7866313838839,-20.9682507830968,325,2019-01-02,2021-05-26,87,0.472,0.1075,2021-09-18,0.105165,-0.044976,NA
-44.7866313838839,-20.9683406146253,322,2019-01-02,2021-05-26,86,0.4871,0.1054,2021-09-13,0.098413,-0.052744,NA
-44.7866313838839,-20.9684304461537,322,2019-01-02,2021-05-26,86,0.4799,0.104,2021-09-13,0.104291,-0.049081,NA
-44.7866313838839,-20.9685202776821,322,2019-01-02,2021-05-26,86,0.4566,0.1038,2021-10-03,0.104284,-0.032404,NA
-44.7866313838839,-20.9686101092105,320,2019-01-02,2021-05-26,86,0.4778,0.098,2022-07-05,-0.081418,-0.076821,NA
-44.7866313838839,-20.9686999407389,319,2019-01-02,2021-05-26,85,0.5446,0.0889,2022-06-30,-0.086592,-0.135838,NA
-44.7866313838839,-20.9687897722673,320,2019-01-02,2021-05-26,85,0.5694,0.0902,2021-10-03,0.095302,-0.093704,NA
-44.7866313838839,-20.9688796037957,318,2019-01-02,2021-05-26,85,0.4867,0.1074,2024-01-11,-0.147119,-0.005579,NA
-44.7866313838839,-20.9689694353241,320,2019-01-02,2021-05-26,86,0.5528,0.0977,2021-11-07,0.091215,0.068924,NA
-44.7866313838839,-20.9690592668525,324,2019-01-02,2021-05-26,88,0.6728,0.0798,2021-08-24,0.057206,0.080825,NA
-44.7866313838839,-20.969149098381,321,2019-01-02,2021-05-26,88,0.5977,0.0915,2021-09-18,0.090066,0.067036,NA
-44.7866313838839,-20.9692389299094,322,2019-01-02,2021-05-26,88,0.5545,0.0964,2021-09-28,0.100083,0.067618,NA
-44.7866313838839,-20.9693287614378,324,2019-01-02,2021-05-26,89,0.5873,0.0871,2021-10-03,0.083793,0.065936,NA
-44.7866313838839,-20.9697779190798,331,2019-01-02,2021-05-26,92,0.5412,0.0862,2021-07-20,0.084039,0.0702,NA
-44.7866313838839,-20.9698677506083,331,2019-01-02,2021-05-26,92,0.5031,0.1006,2023-05-11,0.091229,0.078195,NA
-44.7866313838839,-20.9699575821367,332,2019-01-02,2021-05-26,92,0.4988,0.1087,2021-07-15,0.114273,0.070078,NA
-44.7866313838839,-20.9700474136651,329,2019-01-02,2021-05-26,90,0.5317,0.1017,2021-07-15,0.123221,0.049088,NA
-44.7866313838839,-20.9701372451935,328,2019-01-02,2021-05-26,89,0.5914,0.0837,2021-12-22,-0.115791,0.016398,NA
-44.7867212154123,-20.966094826415,322,2019-01-07,2021-05-26,88,0.5458,0.0893,2021-06-15,0.075344,0.220697,NA
-44.7867212154123,-20.9661846579434,322,2019-01-07,2021-05-26,88,0.5458,0.0893,2021-06-15,0.075344,0.220697,NA
-44.7867212154123,-20.9662744894718,324,2019-01-07,2021-05-26,90,0.5068,0.0745,2021-09-18,0.068043,0.148736,NA
-44.7867212154123,-20.9666338155854,330,2019-01-02,2021-05-26,92,0.4617,0.1214,2023-11-07,0.105121,0.032311,NA
-44.7867212154123,-20.9667236471138,329,2019-01-02,2021-05-26,92,0.4624,0.1131,2023-10-23,0.090942,0.035373,NA
-44.7867212154123,-20.9668134786422,327,2019-01-02,2021-05-26,91,0.5222,0.1075,2023-10-08,0.098063,0.044481,NA
-44.7867212154123,-20.9669033101707,328,2019-01-02,2021-05-26,92,0.4862,0.1158,2021-11-27,0.083709,0.06684,NA
-44.7867212154123,-20.9669931416991,329,2019-01-02,2021-05-26,92,0.4912,0.1142,2021-11-27,0.095671,0.041051,NA
-44.7867212154123,-20.9670829732275,329,2019-01-02,2021-05-26,92,0.5032,0.1097,2023-12-02,0.066012,-0.003142,NA
-44.7867212154123,-20.9671728047559,327,2019-01-02,2021-05-26,91,0.4555,0.1168,2023-11-22,0.083115,0.001562,NA
-44.7867212154123,-20.9672626362843,328,2019-01-02,2021-05-26,92,0.4076,0.1271,2023-10-23,0.099703,0.038969,NA
-44.7867212154123,-20.9673524678127,327,2019-01-02,2021-05-26,90,0.4296,0.1254,2023-10-23,0.117151,0.052256,NA
-44.7867212154123,-20.9674422993411,326,2019-01-02,2021-05-26,89,0.4585,0.1196,2023-11-07,0.10304,0.048728,NA
-44.7867212154123,-20.9675321308695,328,2019-01-02,2021-05-26,89,0.4505,0.1231,2023-11-07,0.089999,0.047371,NA
-44.7867212154123,-20.967621962398,330,2019-01-02,2021-05-26,89,0.4309,0.1273,2023-11-12,0.091982,0.045967,NA
-44.7867212154123,-20.9677117939264,331,2019-01-02,2021-05-26,90,0.386,0.137,2023-11-22,0.101679,0.055761,NA
-44.7867212154123,-20.9678016254548,329,2019-01-02,2021-05-26,90,0.4089,0.1288,2023-12-02,0.075535,0.039159,NA
-44.7867212154123,-20.9678914569832,325,2019-01-02,2021-05-26,88,0.5698,0.0986,2022-08-04,-0.067032,-0.038982,NA
-44.7867212154123,-20.9679812885116,325,2019-01-02,2021-05-26,88,0.527,0.1024,2021-09-28,0.088154,-0.04689,NA
-44.7867212154123,-20.96807112004,324,2019-01-02,2021-05-26,87,0.5536,0.1003,2021-09-13,0.108889,-0.038199,NA
-44.7867212154123,-20.9681609515684,325,2019-01-02,2021-05-26,87,0.5348,0.1032,2021-09-13,0.115381,-0.035838,NA
-44.7867212154123,-20.9682507830968,325,2019-01-02,2021-05-26,87,0.472,0.1075,2021-09-18,0.105165,-0.044976,NA
-44.7867212154123,-20.9683406146253,322,2019-01-02,2021-05-26,86,0.4871,0.1054,2021-09-13,0.098413,-0.052744,NA
-44.7867212154123,-20.9684304461537,322,2019-01-02,2021-05-26,86,0.4799,0.104,2021-09-13,0.104291,-0.049081,NA
-44.7867212154123,-20.9685202776821,322,2019-01-02,2021-05-26,86,0.4566,0.1038,2021-10-03,0.104284,-0.032404,NA
-44.7867212154123,-20.9686101092105,320,2019-01-02,2021-05-26,86,0.4778,0.098,2022-07-05,-0.081418,-0.076821,NA
-44.7867212154123,-20.9686999407389,319,2019-01-02,2021-05-26,85,0.5446,0.0889,2022-06-30,-0.086592,-0.135838,NA
-44.7867212154123,-20.9687897722673,320,2019-01-02,2021-05-26,85,0.5694,0.0902,2021-10-03,0.095302,-0.093704,NA
-44.7867212154123,-20.9688796037957,318,2019-01-02,2021-05-26,85,0.4867,0.1074,2024-01-11,-0.147119,-0.005579,NA
-44.7867212154123,-20.9689694353241,320,2019-01-02,2021-05-26,86,0.5528,0.0977,2021-11-07,0.091215,0.068924,NA
-44.7867212154123,-20.9690592668525,324,2019-01-02,2021-05-26,88,0.6728,0.0798,2021-08-24,0.057206,0.080825,NA
-44.7867212154123,-20.969149098381,321,2019-01-02,2021-05-26,88,0.5977,0.0915,2021-09-18,0.090066,0.067036,NA
-44.7867212154123,-20.9692389299094,322,2019-01-02,2021-05-26,88,0.5545,0.0964,2021-09-28,0.100083,0.067618,NA
-44.7867212154123,-20.9696880875514,330,2019-01-02,2021-05-26,92,0.6185,0.0701,2023-01-26,0.066063,0.058629,NA
-44.7867212154123,-20.9697779190798,331,2019-01-02,2021-05-26,92,0.5412,0.0862,2021-07-20,0.084039,0.0702,NA
-44.7867212154123,-20.9698677506083,331,2019-01-02,2021-05-26,92,0.5031,0.1006,2023-05-11,0.091229,0.078195,NA
-44.7867212154123,-20.9699575821367,332,2019-01-02,2021-05-26,92,0.4988,0.1087,2021-07-15,0.114273,0.070078,NA
-44.7867212154123,-20.9700474136651,329,2019-01-02,2021-05-26,90,0.5317,0.1017,2021-07-15,0.123221,0.049088,NA
-44.7867212154123,-20.9704965713071,328,2019-01-02,2021-05-26,90,0.761,0.0956,2021-09-08,-0.070233,-0.017545,NA
-44.7868110469407,-20.966094826415,321,2019-01-07,2021-05-26,90,0.5386,0.0936,2021-06-25,0.077187,0.232321,NA
-44.7868110469407,-20.9661846579434,321,2019-01-07,2021-05-26,90,0.5386,0.0936,2021-06-25,0.077187,0.232321,NA
-44.7868110469407,-20.9662744894718,322,2019-01-07,2021-05-26,90,0.4858,0.085,2021-09-28,0.085106,0.193256,NA
-44.7868110469407,-20.9666338155854,329,2019-01-02,2021-05-26,93,0.4395,0.1188,2023-12-02,0.08428,0.029719,NA
-44.7868110469407,-20.9667236471138,331,2019-01-02,2021-05-26,93,0.4669,0.1103,2023-11-22,0.094041,0.038385,NA
-44.7868110469407,-20.9668134786422,330,2019-01-02,2021-05-26,93,0.5037,0.1094,2023-10-03,0.085017,0.053001,NA
-44.7868110469407,-20.9669033101707,329,2019-01-02,2021-05-26,92,0.5048,0.112,2023-09-23,0.088191,0.059993,NA
-44.7868110469407,-20.9669931416991,329,2019-01-02,2021-05-26,92,0.455,0.1211,2023-10-18,0.105049,0.060872,NA
-44.7868110469407,-20.9670829732275,331,2019-01-02,2021-05-26,92,0.4345,0.1272,2023-11-07,0.099915,0.056662,NA
-44.7868110469407,-20.9671728047559,329,2019-01-02,2021-05-26,92,0.4314,0.1261,2023-11-12,0.097101,0.041546,NA
-44.7868110469407,-20.9672626362843,327,2019-01-02,2021-05-26,91,0.4434,0.1182,2023-11-22,0.085565,0.02049,NA
-44.7868110469407,-20.9673524678127,326,2019-01-02,2021-05-26,89,0.4628,0.1154,2023-11-22,0.095528,0.001934,NA
-44.7868110469407,-20.9674422993411,328,2019-01-02,2021-05-26,89,0.4536,0.1218,2023-11-07,0.099451,0.035314,NA
-44.7868110469407,-20.9675321308695,327,2019-01-02,2021-05-26,89,0.4402,0.1256,2023-11-12,0.103456,0.046284,NA
-44.7868110469407,-20.967621962398,331,2019-01-02,2021-05-26,90,0.4127,0.1288,2023-11-22,0.107078,0.048411,NA
-44.7868110469407,-20.9677117939264,330,2019-01-02,2021-05-26,90,0.3812,0.1387,2023-11-22,0.112449,0.051752,NA
-44.7868110469407,-20.9678016254548,327,2019-01-02,2021-05-26,89,0.4723,0.1207,2023-11-22,0.095064,0.037204,NA
-44.7868110469407,-20.9678914569832,326,2019-01-02,2021-05-26,88,0.5474,0.1013,2022-08-19,-0.101597,0.000705,NA
-44.7868110469407,-20.9679812885116,325,2019-01-02,2021-05-26,88,0.5459,0.1013,2021-10-03,0.095352,0.028021,NA
-44.7868110469407,-20.96807112004,325,2019-01-02,2021-05-26,88,0.5645,0.0985,2021-09-13,0.099168,0.032417,NA
-44.7868110469407,-20.9681609515684,325,2019-01-02,2021-05-26,87,0.5449,0.1027,2021-09-13,0.113998,0.027424,NA
-44.7868110469407,-20.9682507830968,326,2019-01-02,2021-05-26,88,0.5119,0.1056,2021-09-13,0.102784,0.028999,NA
-44.7868110469407,-20.9683406146253,324,2019-01-02,2021-05-26,87,0.497,0.1037,2021-09-13,0.104318,0.026575,NA
-44.7868110469407,-20.9684304461537,321,2019-01-02,2021-05-26,86,0.516,0.0977,2021-09-08,0.090995,0.017131,NA
-44.7868110469407,-20.9685202776821,322,2019-01-02,2021-05-26,86,0.4968,0.0991,2021-09-23,0.098242,0.024147,NA
-44.7868110469407,-20.9686101092105,320,2019-01-02,2021-05-26,86,0.4946,0.0969,2021-10-03,0.079412,0.001619,NA
-44.7868110469407,-20.9686999407389,320,2019-01-02,2021-05-26,85,0.5579,0.0838,2022-07-25,-0.071147,-0.047632,NA
-44.7868110469407,-20.9687897722673,319,2019-01-02,2021-05-26,85,0.5453,0.0863,2022-07-30,-0.06518,-0.052022,NA
-44.7868110469407,-20.9688796037957,319,2019-01-02,2021-05-26,85,0.4636,0.1075,2024-10-07,-0.087479,-0.009397,NA
-44.7868110469407,-20.9689694353241,320,2019-01-02,2021-05-26,86,0.4703,0.1132,2024-01-11,0.090896,0.060675,NA
-44.7868110469407,-20.9690592668525,320,2019-01-02,2021-05-26,86,0.607,0.0894,2021-09-28,0.099549,0.079408,NA
-44.7868110469407,-20.969149098381,322,2019-01-02,2021-05-26,87,0.6019,0.0884,2021-11-07,0.090677,0.080133,NA
-44.7868110469407,-20.9697779190798,330,2019-01-02,2021-05-26,92,0.4815,0.0772,2023-05-26,0.064349,0.047096,NA
-44.7868110469407,-20.9698677506083,333,2019-01-02,2021-05-26,92,0.5051,0.1041,2021-07-10,0.10489,0.090172,NA
-44.7868110469407,-20.9704067397787,329,2019-01-02,2021-05-26,90,0.7402,0.1021,2021-08-29,-0.082512,-0.017077,NA
-44.7868110469407,-20.9704965713071,329,2019-01-02,2021-05-26,90,0.7613,0.0989,2021-08-29,-0.070184,-0.01159,NA
-44.7868110469407,-20.9705864028356,330,2019-01-02,2021-05-26,91,0.7657,0.0973,2021-09-08,-0.07799,-0.015276,NA
-44.7869008784691,-20.9661846579434,322,2019-01-07,2021-05-26,90,0.5382,0.0941,2021-06-25,0.094482,0.229188,NA
-44.7869008784691,-20.966543984057,324,2019-01-07,2021-05-26,91,0.4191,0.1198,2023-11-22,0.083647,0.034198,NA
-44.7869008784691,-20.9666338155854,326,2019-01-07,2021-05-26,91,0.4722,0.1092,2023-12-17,0.077984,0.013331,NA
-44.7869008784691,-20.9667236471138,331,2019-01-02,2021-05-26,93,0.4849,0.1074,2023-12-02,0.091285,0.033892,NA
-44.7869008784691,-20.9668134786422,330,2019-01-02,2021-05-26,93,0.4967,0.1124,2023-10-03,0.088106,0.054641,NA
-44.7869008784691,-20.9669033101707,330,2019-01-02,2021-05-26,92,0.5067,0.1121,2021-12-02,0.086899,0.05668,NA
-44.7869008784691,-20.9669931416991,330,2019-01-02,2021-05-26,92,0.4669,0.1187,2023-10-18,0.11013,0.050315,NA
-44.7869008784691,-20.9670829732275,329,2019-01-02,2021-05-26,92,0.4265,0.1289,2023-10-18,0.119398,0.060963,NA
-44.7869008784691,-20.9671728047559,329,2019-01-02,2021-05-26,92,0.3984,0.1351,2023-10-18,0.121026,0.075332,NA
-44.7869008784691,-20.9672626362843,329,2019-01-02,2021-05-26,91,0.4033,0.1301,2023-11-22,0.098688,0.058783,NA
-44.7869008784691,-20.9673524678127,327,2019-01-02,2021-05-26,89,0.4438,0.1237,2023-12-02,0.081054,0.020826,NA
-44.7869008784691,-20.9674422993411,328,2019-01-02,2021-05-26,89,0.4544,0.1209,2023-12-07,0.088102,-0.003532,NA
-44.7869008784691,-20.9675321308695,327,2019-01-02,2021-05-26,89,0.4215,0.126,2023-11-22,0.076358,0.01582,NA
-44.7869008784691,-20.967621962398,327,2019-01-02,2021-05-26,90,0.424,0.1288,2023-11-22,0.108994,0.04154,NA
-44.7869008784691,-20.9677117939264,326,2019-01-02,2021-05-26,89,0.4352,0.1333,2023-11-22,0.122574,0.051631,NA
-44.7869008784691,-20.9678016254548,326,2019-01-02,2021-05-26,89,0.4826,0.1159,2022-09-08,-0.105844,0.023957,NA
-44.7869008784691,-20.9678914569832,327,2019-01-02,2021-05-26,89,0.552,0.102,2022-08-19,-0.109153,0.00132,NA
-44.7869008784691,-20.9679812885116,326,2019-01-02,2021-05-26,88,0.5527,0.1023,2021-10-03,0.09996,0.027425,NA
-44.7869008784691,-20.96807112004,326,2019-01-02,2021-05-26,88,0.5556,0.1013,2021-09-23,0.098738,0.028849,NA
-44.7869008784691,-20.9681609515684,326,2019-01-02,2021-05-26,88,0.5461,0.101,2021-09-13,0.097495,0.026049,NA
-44.7869008784691,-20.9682507830968,327,2019-01-02,2021-05-26,88,0.5177,0.103,2021-09-08,0.100158,0.03182,NA
-44.7869008784691,-20.9683406146253,326,2019-01-02,2021-05-26,88,0.5343,0.0965,2021-09-03,0.100201,0.030051,NA
-44.7869008784691,-20.9684304461537,324,2019-01-02,2021-05-26,86,0.5174,0.0941,2021-09-13,0.084767,0.013632,NA
-44.7869008784691,-20.9685202776821,323,2019-01-02,2021-05-26,86,0.4826,0.099,2021-10-03,0.087562,0.015713,NA
-44.7869008784691,-20.9686101092105,321,2019-01-02,2021-05-26,86,0.4744,0.0984,2021-11-07,0.091695,0.008448,NA
-44.7869008784691,-20.9686999407389,320,2019-01-02,2021-05-26,85,0.5501,0.0874,2021-10-03,0.070852,0.00761,NA
-44.7869008784691,-20.9687897722673,319,2019-01-02,2021-05-26,85,0.5417,0.0904,2021-11-27,0.079017,-0.011271,NA
-44.7869008784691,-20.9688796037957,319,2019-01-02,2021-05-26,85,0.4648,0.1055,2026-08-13,-0.100586,-0.003859,NA
-44.7869008784691,-20.9689694353241,318,2019-01-02,2021-05-26,86,0.4719,0.1116,2023-11-22,0.068339,0.039789,NA
-44.7869008784691,-20.9690592668525,321,2019-01-02,2021-05-26,86,0.572,0.0936,2021-09-18,0.1058,0.051962,NA
-44.7869008784691,-20.969149098381,320,2019-01-02,2021-05-26,86,0.5971,0.0892,2021-09-03,0.075032,0.074984,NA
-44.7869008784691,-20.9703169082503,330,2019-01-02,2021-05-26,90,0.7785,0.0975,2021-09-28,-0.069597,-0.018546,NA
-44.7869008784691,-20.9704067397787,332,2019-01-02,2021-05-26,90,0.7665,0.1036,2021-08-24,-0.079873,-0.021823,NA
-44.7869008784691,-20.9704965713071,331,2019-01-02,2021-05-26,91,0.7742,0.1014,2021-09-13,-0.080627,-0.018475,NA
-44.7869008784691,-20.9705864028356,330,2019-01-02,2021-05-26,91,0.7788,0.0984,2021-09-08,-0.083419,-0.026342,NA
-44.7869008784691,-20.970676234364,325,2019-01-02,2021-05-26,89,0.8045,0.0894,2021-09-03,-0.080429,-0.026404,NA
-44.7869907099975,-20.9666338155854,328,2019-01-07,2021-05-26,91,0.52,0.1027,2023-11-07,0.07848,0.033312,NA
-44.7869907099975,-20.9667236471138,329,2019-01-02,2021-05-26,92,0.5194,0.1052,2023-10-18,0.07885,0.053856,NA
-44.7869907099975,-20.9668134786422,329,2019-01-02,2021-05-26,93,0.4993,0.1108,2023-09-28,0.092123,0.060081,NA
-44.7869907099975,-20.9669033101707,328,2019-01-02,2021-05-26,92,0.5097,0.1111,2023-10-18,0.110135,0.049843,NA
-44.7869907099975,-20.9669931416991,329,2019-01-02,2021-05-26,92,0.4802,0.1168,2023-10-18,0.103019,0.049487,NA
-44.7869907099975,-20.9670829732275,331,2019-01-02,2021-05-26,92,0.4312,0.1288,2023-10-23,0.115137,0.055483,NA
-44.7869907099975,-20.9671728047559,329,2019-01-02,2021-05-26,91,0.4122,0.1337,2023-11-07,0.133586,0.064671,NA
-44.7869907099975,-20.9672626362843,328,2019-01-02,2021-05-26,90,0.421,0.129,2023-11-12,0.108281,0.064998,NA
-44.7869907099975,-20.9673524678127,327,2019-01-02,2021-05-26,89,0.4305,0.1296,2023-11-17,0.113588,0.055552,NA
-44.7869907099975,-20.9674422993411,327,2019-01-02,2021-05-26,88,0.4463,0.1256,2023-11-22,0.084394,0.028041,NA
-44.7869907099975,-20.9675321308695,324,2019-01-02,2021-05-26,88,0.4581,0.1197,2023-12-02,0.070513,-0.00744,NA
-44.7869907099975,-20.967621962398,323,2019-01-02,2021-05-26,88,0.4802,0.117,2023-12-02,0.061815,-0.022463,NA
-44.7869907099975,-20.9677117939264,325,2019-01-02,2021-05-26,89,0.4387,0.1285,2023-12-02,0.069988,0.002843,NA
-44.7869907099975,-20.9678016254548,325,2019-01-02,2021-05-26,89,0.4886,0.1105,2022-09-08,-0.123588,-0.007249,NA
-44.7869907099975,-20.9678914569832,325,2019-01-02,2021-05-26,89,0.5685,0.099,2022-09-03,-0.107798,-0.005991,NA
-44.7869907099975,-20.9679812885116,325,2019-01-02,2021-05-26,88,0.5704,0.0993,2021-10-03,0.097049,0.02844,NA
-44.7869907099975,-20.96807112004,327,2019-01-02,2021-05-26,88,0.5584,0.1007,2021-09-18,0.104331,0.032618,NA
-44.7869907099975,-20.9681609515684,327,2019-01-02,2021-05-26,89,0.5405,0.1024,2021-09-08,0.091273,0.033554,NA
-44.7869907099975,-20.9682507830968,327,2019-01-02,2021-05-26,89,0.495,0.1049,2021-09-13,0.095154,0.040224,NA
-44.7869907099975,-20.9683406146253,327,2019-01-02,2021-05-26,89,0.5204,0.0951,2021-08-29,0.085947,0.038897,NA
-44.7869907099975,-20.9684304461537,327,2019-01-02,2021-05-26,89,0.497,0.0932,2021-09-28,0.090283,0.029347,NA
-44.7869907099975,-20.9685202776821,326,2019-01-02,2021-05-26,87,0.4283,0.1006,2021-11-17,0.091296,0.022676,NA
-44.7869907099975,-20.9686101092105,324,2019-01-02,2021-05-26,87,0.4111,0.1019,2021-11-17,0.093955,0.015462,NA
-44.7869907099975,-20.9686999407389,321,2019-01-02,2021-05-26,85,0.5087,0.0922,2021-09-28,0.084139,0.0152,NA
-44.7869907099975,-20.9687897722673,320,2019-01-02,2021-05-26,85,0.5414,0.0908,2021-09-18,0.098896,0.024432,NA
-44.7869907099975,-20.9688796037957,318,2019-01-02,2021-05-26,85,0.4779,0.1032,2021-11-27,0.083052,0.030961,NA
-44.7869907099975,-20.9689694353241,319,2019-01-02,2021-05-26,86,0.4686,0.1105,2023-11-22,0.072316,0.031722,NA
-44.7869907099975,-20.9690592668525,321,2019-01-02,2021-05-26,87,0.5319,0.0939,2022-03-07,0.082711,0.025857,NA
-44.7869907099975,-20.969149098381,320,2019-01-02,2021-05-26,87,0.5091,0.1029,2022-09-13,-0.078624,0.035852,NA
-44.7869907099975,-20.9696880875514,329,2019-01-02,2021-05-26,92,0.463,0.0647,2021-10-03,-0.057669,-0.099196,NA
-44.7869907099975,-20.9703169082503,331,2019-01-02,2021-05-26,90,0.8216,0.0796,2022-06-20,-0.048555,0.007772,NA
-44.7869907099975,-20.9704067397787,331,2019-01-02,2021-05-26,90,0.8182,0.0964,2022-06-20,-0.054193,0.004571,NA
-44.7869907099975,-20.9704965713071,332,2019-01-02,2021-05-26,91,0.8186,0.0972,2022-06-20,-0.063105,-0.008318,NA
-44.7869907099975,-20.9705864028356,329,2019-01-02,2021-05-26,89,0.8278,0.0939,2022-06-20,-0.059464,-0.008438,NA
-44.7869907099975,-20.970676234364,327,2019-01-02,2021-05-26,89,0.8363,0.0854,2022-06-20,-0.033662,-0.003062,NA
-44.787080541526,-20.9666338155854,326,2019-01-07,2021-05-26,91,0.5191,0.1069,2023-10-18,0.098541,0.038744,NA
-44.787080541526,-20.9667236471138,326,2019-01-07,2021-05-26,90,0.5442,0.1041,2021-12-02,0.086091,0.056908,NA
-44.787080541526,-20.9668134786422,329,2019-01-02,2021-05-26,92,0.5008,0.1098,2021-11-27,0.085892,0.063812,NA
-44.787080541526,-20.9669033101707,326,2019-01-02,2021-05-26,91,0.4954,0.1125,2023-10-18,0.105331,0.051452,NA
-44.787080541526,-20.9669931416991,327,2019-01-02,2021-05-26,90,0.4868,0.1166,2023-10-18,0.113563,0.053913,NA
-44.787080541526,-20.9670829732275,327,2019-01-02,2021-05-26,90,0.4584,0.1259,2023-10-23,0.128452,0.055376,NA
-44.787080541526,-20.9671728047559,326,2019-01-02,2021-05-26,88,0.4551,0.1267,2023-11-07,0.113185,0.060784,NA
-44.787080541526,-20.9672626362843,328,2019-01-02,2021-05-26,89,0.4409,0.1275,2023-11-07,0.102659,0.058058,NA
-44.787080541526,-20.9673524678127,326,2019-01-02,2021-05-26,89,0.4423,0.1279,2023-11-07,0.111589,0.055595,NA
-44.787080541526,-20.9674422993411,324,2019-01-02,2021-05-26,88,0.4249,0.1342,2023-11-12,0.118753,0.054461,NA
-44.787080541526,-20.9675321308695,324,2019-01-02,2021-05-26,88,0.4138,0.1346,2023-12-02,0.086545,0.038322,NA
-44.787080541526,-20.967621962398,323,2019-01-02,2021-05-26,88,0.4622,0.1221,2024-01-26,0.079106,-0.013421,NA
-44.787080541526,-20.9677117939264,324,2019-01-02,2021-05-26,88,0.4707,0.1199,2023-12-17,0.069899,-0.037264,NA
-44.787080541526,-20.9678016254548,324,2019-01-02,2021-05-26,88,0.562,0.107,2023-12-07,0.080851,-0.034348,NA
-44.787080541526,-20.9678914569832,325,2019-01-02,2021-05-26,89,0.5951,0.1009,2023-11-17,0.039704,-0.009538,NA
-44.787080541526,-20.9679812885116,326,2019-01-02,2021-05-26,89,0.5473,0.1007,2021-10-03,0.106335,0.0271,NA
-44.787080541526,-20.96807112004,327,2019-01-02,2021-05-26,89,0.5457,0.1023,2021-09-18,0.10538,0.031866,NA
-44.787080541526,-20.9681609515684,327,2019-01-02,2021-05-26,89,0.538,0.1033,2021-09-03,0.090316,0.041896,NA
-44.787080541526,-20.9682507830968,326,2019-01-02,2021-05-26,88,0.5284,0.0995,2021-09-03,0.089961,0.038808,NA
-44.787080541526,-20.9683406146253,326,2019-01-02,2021-05-26,89,0.5388,0.0922,2021-08-24,0.076745,0.041593,NA
-44.787080541526,-20.9684304461537,326,2019-01-02,2021-05-26,89,0.4982,0.0916,2021-09-23,0.086323,0.027789,NA
-44.787080541526,-20.9685202776821,324,2019-01-02,2021-05-26,88,0.4409,0.0978,2021-11-07,0.090564,0.024668,NA
-44.787080541526,-20.9686101092105,322,2019-01-02,2021-05-26,87,0.4099,0.1023,2021-10-03,0.091961,0.028684,NA
-44.787080541526,-20.9686999407389,323,2019-01-02,2021-05-26,87,0.45,0.1003,2021-09-23,0.083771,0.017092,NA
-44.787080541526,-20.9687897722673,321,2019-01-02,2021-05-26,86,0.5071,0.0946,2021-09-28,0.079983,0.021466,NA
-44.787080541526,-20.9688796037957,321,2019-01-02,2021-05-26,86,0.4728,0.1036,2021-11-07,0.08407,0.03312,NA
-44.787080541526,-20.9689694353241,322,2019-01-02,2021-05-26,87,0.4537,0.1166,2023-12-07,0.075774,0.021753,NA
-44.787080541526,-20.9690592668525,321,2019-01-02,2021-05-26,87,0.4667,0.1119,2023-12-07,0.068112,0.015418,NA
-44.787080541526,-20.969149098381,322,2019-01-02,2021-05-26,88,0.3909,0.1309,2023-12-02,0.084065,0.046241,NA
-44.787080541526,-20.9696880875514,331,2019-01-02,2021-05-26,92,0.5114,0.0727,2021-09-08,-0.044732,-0.130263,NA
-44.787080541526,-20.9704067397787,330,2019-01-02,2021-05-26,88,0.7867,0.0986,2021-08-24,-0.078951,-0.034199,NA
-44.787080541526,-20.9704965713071,331,2019-01-02,2021-05-26,89,0.8243,0.0921,2021-09-23,-0.078344,-0.039601,NA
-44.787080541526,-20.9705864028356,328,2019-01-02,2021-05-26,89,0.8254,0.0961,2022-06-05,-0.053367,-0.025153,NA
-44.787080541526,-20.970676234364,327,2019-01-02,2021-05-26,89,0.8276,0.0928,2022-06-20,-0.042453,-0.015194,NA
-44.7871703730544,-20.9666338155854,325,2019-01-07,2021-05-26,91,0.471,0.1148,2021-12-02,0.09143,0.043557,NA
-44.7871703730544,-20.9667236471138,324,2019-01-07,2021-05-26,90,0.5137,0.1095,2021-12-02,0.0936,0.053834,NA
-44.7871703730544,-20.9668134786422,326,2019-01-02,2021-05-26,91,0.4938,0.1125,2021-12-02,0.086294,0.061317,NA
-44.7871703730544,-20.9669033101707,327,2019-01-02,2021-05-26,91,0.4698,0.1164,2023-10-18,0.105926,0.060936,NA
-44.7871703730544,-20.9669931416991,327,2019-01-02,2021-05-26,90,0.4586,0.1226,2023-10-23,0.128212,0.059891,NA
-44.7871703730544,-20.9670829732275,325,2019-01-02,2021-05-26,88,0.4742,0.1222,2023-10-23,0.116594,0.052115,NA
-44.7871703730544,-20.9671728047559,326,2019-01-02,2021-05-26,89,0.4589,0.1245,2023-11-07,0.112318,0.054283,NA
-44.7871703730544,-20.9672626362843,327,2019-01-02,2021-05-26,89,0.4519,0.1261,2023-11-07,0.102251,0.048279,NA
-44.7871703730544,-20.9673524678127,327,2019-01-02,2021-05-26,90,0.4242,0.131,2023-11-07,0.114501,0.058563,NA
-44.7871703730544,-20.9674422993411,325,2019-01-02,2021-05-26,89,0.4142,0.1368,2023-11-12,0.139893,0.057714,NA
-44.7871703730544,-20.9675321308695,324,2019-01-02,2021-05-26,89,0.426,0.1335,2023-11-07,0.117279,0.054359,NA
-44.7871703730544,-20.967621962398,324,2019-01-02,2021-05-26,88,0.4641,0.1277,2023-11-12,0.12251,0.046619,NA
-44.7871703730544,-20.9677117939264,324,2019-01-02,2021-05-26,88,0.4675,0.1262,2023-11-12,0.093544,0.034735,NA
-44.7871703730544,-20.9678016254548,324,2019-01-02,2021-05-26,88,0.5027,0.1142,2023-12-02,0.071965,-0.001271,NA
-44.7871703730544,-20.9678914569832,327,2019-01-02,2021-05-26,89,0.6103,0.0942,2022-09-13,-0.105923,-0.012615,NA
-44.7871703730544,-20.9679812885116,325,2019-01-02,2021-05-26,88,0.5316,0.0987,2021-09-28,0.092148,0.024424,NA
-44.7871703730544,-20.96807112004,326,2019-01-02,2021-05-26,88,0.5318,0.0996,2021-09-23,0.098177,0.025009,NA
-44.7871703730544,-20.9681609515684,327,2019-01-02,2021-05-26,89,0.539,0.0994,2021-09-03,0.094095,0.039925,NA
-44.7871703730544,-20.9682507830968,325,2019-01-02,2021-05-26,88,0.5448,0.0947,2021-09-03,0.087158,0.037447,NA
-44.7871703730544,-20.9683406146253,327,2019-01-02,2021-05-26,89,0.5445,0.0915,2021-08-29,0.082994,0.043258,NA
-44.7871703730544,-20.9684304461537,327,2019-01-02,2021-05-26,89,0.485,0.0949,2021-09-28,0.092338,0.026134,NA
-44.7871703730544,-20.9685202776821,327,2019-01-02,2021-05-26,89,0.4379,0.0984,2021-11-07,0.100507,0.025837,NA
-44.7871703730544,-20.9686101092105,325,2019-01-02,2021-05-26,88,0.4333,0.1032,2021-09-28,0.100422,0.022738,NA
-44.7871703730544,-20.9686999407389,322,2019-01-02,2021-05-26,87,0.4731,0.0981,2021-09-23,0.07428,0.011887,NA
-44.7871703730544,-20.9687897722673,322,2019-01-02,2021-05-26,86,0.5354,0.0927,2021-11-07,0.080959,0.01301,NA
-44.7871703730544,-20.9688796037957,322,2019-01-02,2021-05-26,87,0.5034,0.0993,2021-11-07,0.08446,0.029354,NA
-44.7871703730544,-20.9689694353241,323,2019-01-02,2021-05-26,87,0.5029,0.1037,2021-11-17,0.08292,0.040259,NA
-44.7871703730544,-20.9690592668525,322,2019-01-02,2021-05-26,87,0.5057,0.1036,2024-01-11,0.070655,0.016919,NA
-44.7871703730544,-20.969149098381,323,2019-01-02,2021-05-26,89,0.3955,0.1281,2023-12-07,0.099114,0.047646,NA
-44.7871703730544,-20.969598256023,330,2019-01-02,2021-05-26,92,0.4736,0.0857,2023-03-27,0.011283,0.008267,NA
-44.7871703730544,-20.9696880875514,331,2019-01-02,2021-05-26,92,0.4861,0.0859,2021-10-03,-0.076692,-0.075482,NA
-44.7871703730544,-20.9704067397787,329,2019-01-02,2021-05-26,87,0.5673,0.1397,2021-06-05,-0.14738,-0.094716,NA
-44.7871703730544,-20.9704965713071,329,2019-01-02,2021-05-26,87,0.6296,0.1316,2021-06-05,-0.132198,-0.082791,NA
-44.7871703730544,-20.9705864028356,327,2019-01-02,2021-05-26,88,0.6582,0.1388,2021-06-05,-0.133221,-0.05546,NA
-44.7871703730544,-20.970676234364,328,2019-01-02,2021-05-26,89,0.6679,0.1381,2021-06-05,-0.133539,-0.037782,NA
-44.7871703730544,-20.9707660658924,328,2019-01-02,2021-05-26,89,0.6801,0.1293,2021-06-05,-0.112021,-0.028728,NA
-44.7872602045828,-20.9667236471138,325,2019-01-07,2021-05-26,90,0.5068,0.1103,2021-12-02,0.096571,0.063485,NA
-44.7872602045828,-20.9668134786422,326,2019-01-02,2021-05-26,90,0.5046,0.1123,2021-12-02,0.100907,0.060156,NA
-44.7872602045828,-20.9669033101707,328,2019-01-02,2021-05-26,92,0.4665,0.1181,2021-12-02,0.085018,0.061214,NA
-44.7872602045828,-20.9669931416991,327,2019-01-02,2021-05-26,90,0.4612,0.1228,2023-10-23,0.111048,0.056127,NA
-44.7872602045828,-20.9670829732275,327,2019-01-02,2021-05-26,89,0.4549,0.1275,2023-11-07,0.13435,0.058196,NA
-44.7872602045828,-20.9671728047559,326,2019-01-02,2021-05-26,89,0.4591,0.1255,2023-11-07,0.11068,0.048112,NA
-44.7872602045828,-20.9672626362843,325,2019-01-02,2021-05-26,89,0.4499,0.1275,2023-11-12,0.104269,0.046366,NA
-44.7872602045828,-20.9673524678127,325,2019-01-02,2021-05-26,89,0.4245,0.1327,2023-11-07,0.110931,0.05011,NA
-44.7872602045828,-20.9674422993411,325,2019-01-02,2021-05-26,89,0.4157,0.136,2023-11-07,0.129924,0.060995,NA
-44.7872602045828,-20.9675321308695,325,2019-01-02,2021-05-26,90,0.4187,0.1329,2023-10-23,0.109101,0.05134,NA
-44.7872602045828,-20.967621962398,325,2019-01-02,2021-05-26,90,0.4527,0.1253,2023-10-23,0.113016,0.049822,NA
-44.7872602045828,-20.9677117939264,325,2019-01-02,2021-05-26,89,0.4682,0.1229,2023-11-07,0.10225,0.050295,NA
-44.7872602045828,-20.9678016254548,326,2019-01-02,2021-05-26,88,0.4863,0.1123,2023-12-02,0.087464,0.015194,NA
-44.7872602045828,-20.9678914569832,328,2019-01-02,2021-05-26,88,0.5489,0.0975,2022-09-08,-0.106168,-0.004259,NA
-44.7872602045828,-20.9679812885116,328,2019-01-02,2021-05-26,88,0.5078,0.1028,2021-12-22,0.098405,0.023529,NA
-44.7872602045828,-20.96807112004,329,2019-01-02,2021-05-26,88,0.5166,0.1008,2021-11-17,0.110571,0.026488,NA
-44.7872602045828,-20.9681609515684,326,2019-01-02,2021-05-26,87,0.5738,0.0904,2021-09-13,0.088319,0.027458,NA
-44.7872602045828,-20.9682507830968,326,2019-01-02,2021-05-26,87,0.5758,0.0869,2021-09-13,0.089297,0.032799,NA
-44.7872602045828,-20.9683406146253,328,2019-01-02,2021-05-26,89,0.5345,0.0944,2021-09-03,0.090377,0.040852,NA
-44.7872602045828,-20.9684304461537,326,2019-01-02,2021-05-26,89,0.4778,0.097,2021-09-28,0.089168,0.033952,NA
-44.7872602045828,-20.9685202776821,327,2019-01-02,2021-05-26,89,0.4485,0.0947,2021-11-07,0.093324,0.027211,NA
-44.7872602045828,-20.9686101092105,325,2019-01-02,2021-05-26,88,0.4791,0.0946,2021-09-28,0.086339,0.016711,NA
-44.7872602045828,-20.9686999407389,324,2019-01-02,2021-05-26,88,0.5426,0.0861,2021-10-03,0.066691,0.005507,NA
-44.7872602045828,-20.9687897722673,323,2019-01-02,2021-05-26,87,0.5478,0.0785,2024-03-01,0.075574,-0.018127,NA
-44.7872602045828,-20.9688796037957,323,2019-01-02,2021-05-26,87,0.4967,0.0945,2023-06-05,0.069503,0.01891,NA
-44.7872602045828,-20.9689694353241,323,2019-01-02,2021-05-26,87,0.4733,0.1035,2021-11-27,0.082346,0.053318,NA
-44.7872602045828,-20.9690592668525,325,2019-01-02,2021-05-26,88,0.4305,0.1205,2023-12-07,0.075664,0.044888,NA
-44.7872602045828,-20.969149098381,323,2019-01-02,2021-05-26,89,0.3681,0.138,2023-12-17,0.102592,0.039421,NA
-44.7872602045828,-20.969598256023,329,2019-01-02,2021-05-26,91,0.4861,0.0845,2022-07-15,0.086481,0.028522,NA
-44.7872602045828,-20.9696880875514,331,2019-01-02,2021-05-26,91,0.4586,0.0902,2022-09-13,-0.095623,-0.015284,NA
-44.7872602045828,-20.9697779190798,332,2019-01-02,2021-05-26,92,0.4327,0.0862,2021-09-28,-0.086251,-0.112742,NA
-44.7872602045828,-20.9698677506083,331,2019-01-02,2021-05-26,91,0.4505,0.0852,2021-09-23,-0.103498,-0.165205,NA
-44.7872602045828,-20.9699575821367,330,2019-01-02,2021-05-26,91,0.4036,0.093,2021-09-28,-0.114484,-0.156446,NA
-44.7872602045828,-20.9704067397787,328,2019-01-02,2021-05-26,87,0.5052,0.1584,2021-06-05,-0.170065,-0.110249,NA
-44.7872602045828,-20.9704965713071,328,2019-01-02,2021-05-26,87,0.5348,0.1591,2021-06-05,-0.175775,-0.091267,NA
-44.7872602045828,-20.9705864028356,326,2019-01-02,2021-05-26,87,0.5677,0.1589,2021-06-05,-0.155374,-0.071601,NA
-44.7872602045828,-20.970676234364,326,2019-01-02,2021-05-26,88,0.5875,0.1558,2021-06-05,-0.146468,-0.065362,NA
-44.7872602045828,-20.9707660658924,329,2019-01-02,2021-05-26,90,0.6168,0.1461,2021-06-05,-0.133618,-0.071525,NA
-44.7872602045828,-20.9708558974208,329,2019-01-02,2021-05-26,89,0.5973,0.1482,2021-06-05,-0.117557,-0.075137,NA
-44.7872602045828,-20.9709457289492,329,2019-01-02,2021-05-26,89,0.5868,0.1476,2021-06-05,-0.101673,-0.074568,NA
-44.7873500361112,-20.9668134786422,328,2019-01-02,2021-05-26,91,0.4751,0.1168,2021-12-02,0.092825,0.051055,NA
-44.7873500361112,-20.9669033101707,327,2019-01-02,2021-05-26,91,0.4732,0.1186,2023-10-18,0.111066,0.057919,NA
-44.7873500361112,-20.9669931416991,325,2019-01-02,2021-05-26,89,0.4553,0.1263,2023-10-23,0.130266,0.061143,NA
-44.7873500361112,-20.9670829732275,328,2019-01-02,2021-05-26,89,0.4528,0.1261,2023-11-07,0.11888,0.052583,NA
-44.7873500361112,-20.9671728047559,327,2019-01-02,2021-05-26,89,0.4599,0.1251,2023-11-12,0.118341,0.044903,NA
-44.7873500361112,-20.9672626362843,326,2019-01-02,2021-05-26,89,0.4485,0.1274,2023-11-07,0.102479,0.047607,NA
-44.7873500361112,-20.9673524678127,326,2019-01-02,2021-05-26,89,0.433,0.1318,2023-11-12,0.121212,0.046536,NA
-44.7873500361112,-20.9674422993411,324,2019-01-02,2021-05-26,89,0.4372,0.1329,2023-11-12,0.121349,0.046697,NA
-44.7873500361112,-20.9675321308695,328,2019-01-02,2021-05-26,90,0.4371,0.1303,2023-11-12,0.128498,0.044215,NA
-44.7873500361112,-20.967621962398,326,2019-01-02,2021-05-26,90,0.4667,0.1247,2023-10-23,0.112944,0.053329,NA
-44.7873500361112,-20.9677117939264,327,2019-01-02,2021-05-26,90,0.4796,0.1207,2023-11-12,0.108792,0.055013,NA
-44.7873500361112,-20.9678016254548,329,2019-01-02,2021-05-26,89,0.4898,0.1119,2022-09-13,-0.120634,0.007799,NA
-44.7873500361112,-20.9678914569832,329,2019-01-02,2021-05-26,88,0.5182,0.1039,2022-10-18,-0.099501,-0.010888,NA
-44.7873500361112,-20.9679812885116,329,2019-01-02,2021-05-26,88,0.5164,0.1045,2021-12-22,0.108617,0.028681,NA
-44.7873500361112,-20.96807112004,329,2019-01-02,2021-05-26,88,0.5194,0.101,2021-10-03,0.110531,0.036764,NA
-44.7873500361112,-20.9681609515684,327,2019-01-02,2021-05-26,87,0.5712,0.0905,2021-09-03,0.095511,0.029305,NA
-44.7873500361112,-20.9682507830968,325,2019-01-02,2021-05-26,87,0.5745,0.0877,2021-09-08,0.086271,0.03395,NA
-44.7873500361112,-20.9683406146253,327,2019-01-02,2021-05-26,89,0.522,0.0926,2021-09-03,0.083342,0.032199,NA
-44.7873500361112,-20.9684304461537,327,2019-01-02,2021-05-26,89,0.495,0.0904,2021-09-23,0.081725,0.028182,NA
-44.7873500361112,-20.9685202776821,325,2019-01-02,2021-05-26,89,0.4607,0.0891,2021-10-03,0.082083,0.030391,NA
-44.7873500361112,-20.9686101092105,327,2019-01-02,2021-05-26,89,0.5003,0.0872,2021-09-28,0.084715,0.015735,NA
-44.7873500361112,-20.9686999407389,324,2019-01-02,2021-05-26,88,0.5559,0.0844,2021-09-18,0.070257,-0.001266,NA
-44.7873500361112,-20.9687897722673,325,2019-01-02,2021-05-26,89,0.5373,0.0856,2021-10-03,0.078338,0.016209,NA
-44.7873500361112,-20.9688796037957,324,2019-01-02,2021-05-26,89,0.4486,0.1001,2021-11-17,0.079815,0.047894,NA
-44.7873500361112,-20.9689694353241,325,2019-01-02,2021-05-26,88,0.4135,0.1083,2023-05-26,0.086641,0.052728,NA
-44.7873500361112,-20.9690592668525,325,2019-01-02,2021-05-26,88,0.3994,0.1232,2023-12-02,0.092395,0.049531,NA
-44.7873500361112,-20.969149098381,325,2019-01-02,2021-05-26,89,0.3528,0.1423,2023-12-07,0.102469,0.044419,NA
-44.7873500361112,-20.9696880875514,329,2019-01-02,2021-05-26,90,0.4604,0.0853,2023-04-11,0.115022,0.010554,NA
-44.7873500361112,-20.9697779190798,331,2019-01-02,2021-05-26,91,0.4446,0.0836,2021-11-07,-0.073154,-0.10029,NA
-44.7873500361112,-20.9698677506083,329,2019-01-02,2021-05-26,90,0.5025,0.0765,2021-09-28,-0.097443,-0.208951,NA
-44.7873500361112,-20.9699575821367,330,2019-01-02,2021-05-26,91,0.4381,0.084,2021-09-23,-0.097181,-0.235445,NA
-44.7873500361112,-20.9700474136651,328,2019-01-02,2021-05-26,89,0.4896,0.0795,2021-09-08,-0.030992,-0.232633,NA
-44.7873500361112,-20.9704965713071,328,2019-01-02,2021-05-26,88,0.5256,0.1583,2021-06-05,-0.164766,-0.087724,NA
-44.7873500361112,-20.9705864028356,327,2019-01-02,2021-05-26,88,0.5524,0.1594,2021-06-05,-0.161757,-0.078709,NA
-44.7873500361112,-20.970676234364,327,2019-01-02,2021-05-26,89,0.5718,0.1583,2021-06-05,-0.159357,-0.082677,NA
-44.7873500361112,-20.9707660658924,328,2019-01-02,2021-05-26,89,0.6079,0.1487,2021-06-05,-0.14762,-0.084258,NA
-44.7873500361112,-20.9708558974208,329,2019-01-02,2021-05-26,89,0.5971,0.1476,2021-06-05,-0.136485,-0.087329,NA
-44.7873500361112,-20.9709457289492,329,2019-01-02,2021-05-26,89,0.5825,0.1499,2021-06-05,-0.122155,-0.078157,NA
-44.7874398676396,-20.9669033101707,326,2019-01-02,2021-05-26,90,0.4346,0.1198,2023-11-07,0.096857,0.029166,NA
-44.7874398676396,-20.9669931416991,327,2019-01-02,2021-05-26,90,0.4144,0.1353,2023-11-07,0.123814,0.056751,NA
-44.7874398676396,-20.9670829732275,326,2019-01-02,2021-05-26,90,0.4568,0.1259,2023-11-07,0.112992,0.056726,NA
-44.7874398676396,-20.9671728047559,326,2019-01-02,2021-05-26,90,0.4669,0.1224,2023-11-12,0.111063,0.049474,NA
-44.7874398676396,-20.9672626362843,325,2019-01-02,2021-05-26,88,0.4495,0.1276,2023-11-07,0.104286,0.043191,NA
-44.7874398676396,-20.9673524678127,325,2019-01-02,2021-05-26,88,0.4496,0.1304,2023-11-12,0.12101,0.03835,NA
-44.7874398676396,-20.9674422993411,325,2019-01-02,2021-05-26,88,0.4707,0.1275,2023-11-12,0.121524,0.041763,NA
-44.7874398676396,-20.9675321308695,328,2019-01-02,2021-05-26,89,0.4583,0.127,2023-11-12,0.117089,0.043473,NA
-44.7874398676396,-20.967621962398,327,2019-01-02,2021-05-26,89,0.4469,0.1299,2023-11-17,0.113982,0.045863,NA
-44.7874398676396,-20.9677117939264,327,2019-01-02,2021-05-26,89,0.4599,0.1266,2023-11-22,0.096224,0.043555,NA
-44.7874398676396,-20.9678016254548,327,2019-01-02,2021-05-26,88,0.4605,0.1149,2024-08-13,-0.11117,-0.005968,NA
-44.7874398676396,-20.9678914569832,329,2019-01-02,2021-05-26,87,0.513,0.1065,2022-10-18,-0.106333,-0.018707,NA
-44.7874398676396,-20.9679812885116,331,2019-01-02,2021-05-26,88,0.4832,0.1104,2021-12-22,0.114236,0.025558,NA
-44.7874398676396,-20.96807112004,328,2019-01-02,2021-05-26,87,0.5011,0.1067,2021-11-07,0.116935,0.035007,NA
-44.7874398676396,-20.9681609515684,327,2019-01-02,2021-05-26,87,0.5624,0.091,2021-09-13,0.095664,0.028619,NA
-44.7874398676396,-20.9682507830968,326,2019-01-02,2021-05-26,87,0.5577,0.0902,2021-09-03,0.090713,0.034699,NA
-44.7874398676396,-20.9683406146253,326,2019-01-02,2021-05-26,89,0.547,0.0901,2021-08-19,0.068238,0.042333,NA
-44.7874398676396,-20.9684304461537,326,2019-01-02,2021-05-26,89,0.5212,0.087,2021-09-03,0.072955,0.032687,NA
-44.7874398676396,-20.9685202776821,327,2019-01-02,2021-05-26,89,0.4931,0.0863,2021-10-03,0.076213,0.030704,NA
-44.7874398676396,-20.9686101092105,326,2019-01-02,2021-05-26,89,0.4995,0.0873,2021-09-28,0.083542,0.016592,NA
-44.7874398676396,-20.9686999407389,327,2019-01-02,2021-05-26,90,0.5155,0.0873,2021-09-23,0.079197,-0.000104,NA
-44.7874398676396,-20.9687897722673,327,2019-01-02,2021-05-26,90,0.4903,0.0979,2021-09-23,0.087699,0.025317,NA
-44.7874398676396,-20.9688796037957,325,2019-01-02,2021-05-26,88,0.4194,0.1143,2021-11-17,0.09432,0.045532,NA
-44.7874398676396,-20.9689694353241,326,2019-01-02,2021-05-26,88,0.38,0.1184,2023-12-02,0.101142,0.04601,NA
-44.7874398676396,-20.9690592668525,324,2019-01-02,2021-05-26,87,0.3978,0.1206,2023-12-07,0.087565,0.041374,NA
-44.7874398676396,-20.969149098381,327,2019-01-02,2021-05-26,88,0.357,0.1407,2023-12-17,0.093686,0.044993,NA
-44.7874398676396,-20.9692389299094,326,2019-01-02,2021-05-26,88,0.3261,0.1518,2024-03-01,0.107498,0.03549,NA
-44.7874398676396,-20.9696880875514,329,2019-01-02,2021-05-26,90,0.5446,0.0749,2023-03-22,0.045091,0.012052,NA
-44.7874398676396,-20.9697779190798,329,2019-01-02,2021-05-26,91,0.522,0.0751,2021-11-17,-0.058988,-0.105381,NA
-44.7874398676396,-20.9698677506083,330,2019-01-02,2021-05-26,90,0.4761,0.0795,2021-09-23,-0.08195,-0.234547,NA
-44.7874398676396,-20.9699575821367,327,2019-01-02,2021-05-26,89,0.4819,0.0787,2021-09-08,-0.028976,-0.251494,NA
-44.7874398676396,-20.9700474136651,328,2019-01-02,2021-05-26,89,0.5281,0.073,2021-08-29,-0.015091,-0.251494,NA
-44.7874398676396,-20.9701372451935,329,2019-01-02,2021-05-26,89,0.5371,0.0735,2021-08-19,-0.027788,-0.242512,NA
-44.7874398676396,-20.9704965713071,329,2019-01-02,2021-05-26,89,0.5027,0.1599,2021-06-05,-0.158332,-0.10007,NA
-44.7874398676396,-20.9705864028356,328,2019-01-02,2021-05-26,88,0.5402,0.1623,2021-06-05,-0.160871,-0.081422,NA
-44.7874398676396,-20.970676234364,327,2019-01-02,2021-05-26,88,0.5602,0.1616,2021-06-05,-0.150964,-0.081783,NA
-44.7874398676396,-20.9707660658924,326,2019-01-02,2021-05-26,88,0.5846,0.1522,2021-06-05,-0.133999,-0.096307,NA
-44.7874398676396,-20.9708558974208,328,2019-01-02,2021-05-26,88,0.5857,0.1462,2021-06-05,-0.127209,-0.104627,NA
-44.7874398676396,-20.9709457289492,327,2019-01-02,2021-05-26,88,0.5778,0.1498,2021-06-05,-0.114332,-0.090293,NA
-44.7874398676396,-20.9710355604776,327,2019-01-02,2021-05-26,88,0.5809,0.1514,2021-06-05,-0.135172,-0.073151,NA
-44.787529699168,-20.9671728047559,325,2019-01-02,2021-05-26,89,0.4221,0.1271,2023-11-22,0.103779,0.03327,NA
-44.787529699168,-20.9672626362843,323,2019-01-02,2021-05-26,88,0.4178,0.1342,2023-11-12,0.111122,0.055687,NA
-44.787529699168,-20.9673524678127,325,2019-01-02,2021-05-26,88,0.4411,0.1326,2023-11-07,0.118665,0.054566,NA
-44.787529699168,-20.9674422993411,326,2019-01-02,2021-05-26,88,0.469,0.1258,2023-11-07,0.110357,0.042578,NA
-44.787529699168,-20.9675321308695,328,2019-01-02,2021-05-26,88,0.472,0.1232,2023-11-07,0.117696,0.04057,NA
-44.787529699168,-20.967621962398,327,2019-01-02,2021-05-26,89,0.4601,0.1253,2023-11-12,0.111354,0.040237,NA
-44.787529699168,-20.9677117939264,327,2019-01-02,2021-05-26,89,0.4503,0.1287,2023-11-22,0.09537,0.043446,NA
-44.787529699168,-20.9678016254548,327,2019-01-02,2021-05-26,88,0.455,0.1164,2024-08-18,-0.123806,0.000974,NA
-44.787529699168,-20.9678914569832,329,2019-01-02,2021-05-26,88,0.5244,0.1045,2022-09-13,-0.10623,-0.01532,NA
-44.787529699168,-20.9679812885116,329,2019-01-02,2021-05-26,87,0.4569,0.1155,2021-11-27,0.099357,0.022587,NA
-44.787529699168,-20.96807112004,328,2019-01-02,2021-05-26,86,0.4719,0.1136,2021-11-07,0.109299,0.022173,NA
-44.787529699168,-20.9681609515684,326,2019-01-02,2021-05-26,86,0.501,0.1005,2021-09-13,0.105258,0.028415,NA
-44.787529699168,-20.9682507830968,326,2019-01-02,2021-05-26,87,0.5161,0.095,2021-09-13,0.097456,0.03932,NA
-44.787529699168,-20.9683406146253,325,2019-01-02,2021-05-26,87,0.5799,0.0855,2021-08-29,0.065164,0.036034,NA
-44.787529699168,-20.9684304461537,326,2019-01-02,2021-05-26,89,0.54,0.0864,2021-09-03,0.063481,0.033299,NA
-44.787529699168,-20.9685202776821,327,2019-01-02,2021-05-26,89,0.5288,0.0853,2021-09-23,0.070341,0.027693,NA
-44.787529699168,-20.9686101092105,328,2019-01-02,2021-05-26,90,0.5096,0.0887,2021-09-28,0.080455,0.0206,NA
-44.787529699168,-20.9686999407389,327,2019-01-02,2021-05-26,89,0.4923,0.0939,2021-09-28,0.090547,0.003834,NA
-44.787529699168,-20.9687897722673,327,2019-01-02,2021-05-26,89,0.4906,0.1012,2021-09-28,0.091446,0.023267,NA
-44.787529699168,-20.9688796037957,328,2019-01-02,2021-05-26,90,0.4015,0.1197,2021-11-17,0.09983,0.050112,NA
-44.787529699168,-20.9689694353241,326,2019-01-02,2021-05-26,88,0.3905,0.1184,2023-12-02,0.119495,0.051714,NA
-44.787529699168,-20.9690592668525,324,2019-01-02,2021-05-26,87,0.4434,0.1105,2021-11-17,0.098883,0.037423,NA
-44.787529699168,-20.969149098381,327,2019-01-02,2021-05-26,88,0.4096,0.1269,2023-11-22,0.096289,0.04585,NA
-44.787529699168,-20.9692389299094,328,2019-01-02,2021-05-26,88,0.3635,0.1434,2024-01-26,0.10454,0.02207,NA
-44.787529699168,-20.9696880875514,331,2019-01-02,2021-05-26,90,0.5576,0.0704,2023-02-20,0.063724,0.022577,NA
-44.787529699168,-20.9697779190798,330,2019-01-02,2021-05-26,90,0.6002,0.0698,2022-06-05,-0.047159,-0.082792,NA
-44.787529699168,-20.9698677506083,330,2019-01-02,2021-05-26,90,0.5181,0.0783,2021-09-28,-0.071655,-0.226778,NA
-44.787529699168,-20.9699575821367,329,2019-01-02,2021-05-26,89,0.4742,0.0813,2021-09-18,-0.083442,-0.24964,NA
-44.787529699168,-20.9700474136651,329,2019-01-02,2021-05-26,89,0.5076,0.0786,2021-08-24,-0.035899,-0.223976,NA
-44.787529699168,-20.9701372451935,330,2019-01-02,2021-05-26,89,0.5385,0.0771,2021-08-14,-0.052258,-0.21916,NA
-44.787529699168,-20.9704965713071,329,2019-01-02,2021-05-26,89,0.4842,0.1604,2021-06-05,-0.165468,-0.110589,NA
-44.787529699168,-20.9705864028356,328,2019-01-02,2021-05-26,88,0.5237,0.1621,2021-06-05,-0.148475,-0.096445,NA
-44.787529699168,-20.970676234364,329,2019-01-02,2021-05-26,89,0.5461,0.1626,2021-06-05,-0.155737,-0.082781,NA
-44.787529699168,-20.9707660658924,327,2019-01-02,2021-05-26,88,0.5608,0.1551,2021-06-05,-0.130325,-0.09191,NA
-44.787529699168,-20.9708558974208,326,2019-01-02,2021-05-26,88,0.5734,0.1473,2021-06-05,-0.116577,-0.099993,NA
-44.787529699168,-20.9709457289492,327,2019-01-02,2021-05-26,88,0.5705,0.1516,2021-06-05,-0.132174,-0.090319,NA
-44.787529699168,-20.9710355604776,327,2019-01-02,2021-05-26,88,0.5695,0.1523,2021-06-05,-0.161122,-0.082444,NA
-44.7876195306964,-20.9673524678127,323,2019-01-02,2021-05-26,87,0.431,0.1276,2023-11-17,0.109876,0.032615,NA
-44.7876195306964,-20.9674422993411,326,2019-01-02,2021-05-26,87,0.4542,0.1303,2023-11-12,0.135854,0.041248,NA
-44.7876195306964,-20.9675321308695,326,2019-01-02,2021-05-26,89,0.4501,0.1288,2023-11-07,0.125953,0.043096,NA
-44.7876195306964,-20.967621962398,327,2019-01-02,2021-05-26,88,0.4764,0.123,2023-11-07,0.112075,0.049426,NA
-44.7876195306964,-20.9677117939264,325,2019-01-02,2021-05-26,87,0.4598,0.1183,2023-12-02,0.103928,0.047054,NA
-44.7876195306964,-20.9678016254548,325,2019-01-02,2021-05-26,87,0.4769,0.1112,2024-09-02,-0.090153,0.007663,NA
-44.7876195306964,-20.9678914569832,327,2019-01-02,2021-05-26,87,0.4994,0.1054,2022-09-13,-0.110196,-0.01194,NA
-44.7876195306964,-20.9679812885116,328,2019-01-02,2021-05-26,87,0.4591,0.1146,2021-11-17,0.097311,0.023328,NA
-44.7876195306964,-20.96807112004,327,2019-01-02,2021-05-26,87,0.4661,0.1127,2021-09-28,0.110667,0.026026,NA
-44.7876195306964,-20.9681609515684,326,2019-01-02,2021-05-26,87,0.4841,0.1028,2021-09-03,0.106774,0.02991,NA
-44.7876195306964,-20.9682507830968,325,2019-01-02,2021-05-26,87,0.5083,0.0981,2021-08-29,0.092964,0.0389,NA
-44.7876195306964,-20.9683406146253,324,2019-01-02,2021-05-26,86,0.5801,0.0869,2021-08-19,0.061455,0.041176,NA
-44.7876195306964,-20.9684304461537,324,2019-01-02,2021-05-26,87,0.5465,0.0879,2021-08-29,0.069447,0.034304,NA
-44.7876195306964,-20.9685202776821,325,2019-01-02,2021-05-26,88,0.5139,0.0897,2021-09-23,0.077609,0.027405,NA
-44.7876195306964,-20.9686101092105,326,2019-01-02,2021-05-26,88,0.5141,0.0907,2021-09-28,0.078882,0.018444,NA
-44.7876195306964,-20.9686999407389,325,2019-01-02,2021-05-26,88,0.4767,0.0983,2021-10-03,0.087558,0.009797,NA
-44.7876195306964,-20.9687897722673,326,2019-01-02,2021-05-26,89,0.4686,0.105,2021-09-28,0.091845,0.02731,NA
-44.7876195306964,-20.9688796037957,324,2019-01-02,2021-05-26,89,0.4165,0.119,2021-11-17,0.10063,0.04886,NA
-44.7876195306964,-20.9689694353241,327,2019-01-02,2021-05-26,89,0.3883,0.1172,2023-11-22,0.108594,0.049325,NA
-44.7876195306964,-20.9690592668525,326,2019-01-02,2021-05-26,88,0.4481,0.1045,2021-11-07,0.092011,0.034061,NA
-44.7876195306964,-20.969149098381,323,2019-01-02,2021-05-26,87,0.4192,0.1217,2023-11-12,0.108147,0.048307,NA
-44.7876195306964,-20.9692389299094,326,2019-01-02,2021-05-26,88,0.3791,0.1378,2023-12-02,0.073928,0.040129,NA
-44.7876195306964,-20.9697779190798,329,2019-01-02,2021-05-26,91,0.5288,0.0793,2022-09-03,-0.045641,-0.054022,NA
-44.7876195306964,-20.9698677506083,329,2019-01-02,2021-05-26,89,0.5538,0.0751,2021-10-03,-0.049619,-0.198429,NA
-44.7876195306964,-20.9699575821367,330,2019-01-02,2021-05-26,89,0.5167,0.0767,2021-09-28,-0.071611,-0.245894,NA
-44.7876195306964,-20.9700474136651,330,2019-01-02,2021-05-26,89,0.4592,0.0878,2021-09-23,-0.089349,-0.173853,NA
-44.7876195306964,-20.9701372451935,330,2019-01-02,2021-05-26,89,0.489,0.0876,2021-09-08,-0.046584,-0.165945,NA
-44.7876195306964,-20.9702270767219,331,2019-01-02,2021-05-26,89,0.5171,0.0833,2021-08-24,-0.044102,-0.188521,NA
-44.7876195306964,-20.9705864028356,328,2019-01-02,2021-05-26,88,0.5068,0.1593,2021-06-05,-0.133576,-0.102998,NA
-44.7876195306964,-20.970676234364,329,2019-01-02,2021-05-26,89,0.5274,0.1614,2021-06-05,-0.151419,-0.088666,NA
-44.7876195306964,-20.9707660658924,328,2019-01-02,2021-05-26,89,0.5471,0.158,2021-06-05,-0.129729,-0.082746,NA
-44.7876195306964,-20.9708558974208,327,2019-01-02,2021-05-26,89,0.5656,0.1511,2021-06-05,-0.127315,-0.086762,NA
-44.7876195306964,-20.9709457289492,326,2019-01-02,2021-05-26,88,0.5711,0.1531,2021-06-05,-0.155806,-0.074442,NA
-44.7876195306964,-20.9710355604776,324,2019-01-02,2021-05-26,88,0.5604,0.1568,2021-06-05,-0.182225,-0.073146,NA
-44.7877093622248,-20.967621962398,326,2019-01-02,2021-05-26,87,0.4572,0.1173,2023-11-12,0.0642,0.023417,NA
-44.7877093622248,-20.9677117939264,325,2019-01-02,2021-05-26,86,0.4503,0.117,2023-12-02,0.082434,0.03271,NA
-44.7877093622248,-20.9678016254548,326,2019-01-02,2021-05-26,87,0.4696,0.1094,2022-09-13,-0.111319,0.005553,NA
-44.7877093622248,-20.9678914569832,326,2019-01-02,2021-05-26,87,0.4478,0.1108,2024-08-03,-0.123358,-0.012421,NA
-44.7877093622248,-20.9679812885116,327,2019-01-02,2021-05-26,87,0.448,0.114,2021-11-17,0.111612,0.022241,NA
-44.7877093622248,-20.96807112004,325,2019-01-02,2021-05-26,87,0.4471,0.1122,2021-09-28,0.1067,0.032359,NA
-44.7877093622248,-20.9681609515684,325,2019-01-02,2021-05-26,87,0.4605,0.1049,2021-09-03,0.112803,0.028066,NA
-44.7877093622248,-20.9682507830968,324,2019-01-02,2021-05-26,85,0.5007,0.0994,2021-08-29,0.079848,0.025811,NA
-44.7877093622248,-20.9683406146253,324,2019-01-02,2021-05-26,85,0.5409,0.0943,2021-08-29,0.072833,0.034511,NA
-44.7877093622248,-20.9684304461537,325,2019-01-02,2021-05-26,87,0.4945,0.0983,2021-09-03,0.08477,0.035497,NA
-44.7877093622248,-20.9685202776821,322,2019-01-02,2021-05-26,87,0.4891,0.0945,2021-09-23,0.085193,0.02706,NA
-44.7877093622248,-20.9686101092105,324,2019-01-02,2021-05-26,88,0.5118,0.0905,2021-09-28,0.08535,0.011728,NA
-44.7877093622248,-20.9686999407389,326,2019-01-02,2021-05-26,89,0.4878,0.0973,2021-09-28,0.087977,0.011043,NA
-44.7877093622248,-20.9687897722673,325,2019-01-02,2021-05-26,89,0.4631,0.1068,2021-09-28,0.094571,0.034202,NA
-44.7877093622248,-20.9688796037957,326,2019-01-02,2021-05-26,89,0.4491,0.113,2021-11-07,0.101524,0.04485,NA
-44.7877093622248,-20.9689694353241,327,2019-01-02,2021-05-26,89,0.4698,0.1028,2021-11-17,0.089469,0.039646,NA
-44.7877093622248,-20.9690592668525,327,2019-01-02,2021-05-26,89,0.4603,0.1011,2021-11-07,0.089672,0.036623,NA
-44.7877093622248,-20.969149098381,325,2019-01-02,2021-05-26,86,0.418,0.1174,2023-11-17,0.09257,0.049358,NA
-44.7877093622248,-20.9692389299094,327,2019-01-02,2021-05-26,87,0.362,0.1364,2023-12-17,0.093755,0.04335,NA
-44.7877093622248,-20.9693287614378,326,2019-01-02,2021-05-26,87,0.3344,0.146,2024-03-16,0.160197,0.012072,NA
-44.7877093622248,-20.9697779190798,328,2019-01-02,2021-05-26,89,0.5285,0.0803,2023-03-27,0.043096,-0.020746,NA
-44.7877093622248,-20.9698677506083,327,2019-01-02,2021-05-26,88,0.5376,0.0773,2021-12-12,-0.059233,-0.135529,NA
-44.7877093622248,-20.9699575821367,330,2019-01-02,2021-05-26,89,0.5198,0.0782,2021-10-03,-0.065135,-0.21384,NA
-44.7877093622248,-20.9700474136651,330,2019-01-02,2021-05-26,89,0.4879,0.0849,2021-09-28,-0.099888,-0.184102,NA
-44.7877093622248,-20.9701372451935,330,2019-01-02,2021-05-26,89,0.478,0.0901,2021-09-23,-0.098912,-0.156306,NA
-44.7877093622248,-20.9702270767219,330,2019-01-02,2021-05-26,89,0.4911,0.0927,2021-09-03,-0.052799,-0.151828,NA
-44.7877093622248,-20.9705864028356,327,2019-01-02,2021-05-26,87,0.4579,0.1636,2021-06-05,-0.175389,-0.145557,NA
-44.7877093622248,-20.970676234364,329,2019-01-02,2021-05-26,89,0.4814,0.1603,2021-06-05,-0.140464,-0.133336,NA
-44.7877093622248,-20.9707660658924,327,2019-01-02,2021-05-26,89,0.5209,0.1611,2021-06-05,-0.157008,-0.111489,NA
-44.7877093622248,-20.9708558974208,328,2019-01-02,2021-05-26,89,0.5471,0.1545,2021-06-05,-0.162319,-0.097393,NA
-44.7877093622248,-20.9709457289492,325,2019-01-02,2021-05-26,89,0.5504,0.1514,2021-06-05,-0.166503,-0.088539,NA
-44.7877093622248,-20.9710355604776,323,2019-01-02,2021-05-26,87,0.5654,0.1537,2021-06-05,-0.224602,-0.08176,NA
-44.7877093622248,-20.971125392006,322,2019-01-07,2021-05-26,86,0.573,0.1502,2021-06-05,-0.228862,-0.094636,NA
-44.7877991937533,-20.9678016254548,325,2019-01-02,2021-05-26,85,0.4712,0.1071,2024-03-16,0.075053,0.005496,NA
-44.7877991937533,-20.9678914569832,326,2019-01-02,2021-05-26,86,0.453,0.1113,2024-08-13,-0.110533,-0.001118,NA
-44.7877991937533,-20.9679812885116,325,2019-01-02,2021-05-26,86,0.433,0.1164,2022-09-13,-0.114384,0.024757,NA
-44.7877991937533,-20.96807112004,323,2019-01-02,2021-05-26,86,0.4263,0.1152,2021-11-27,0.099689,0.034377,NA
-44.7877991937533,-20.9681609515684,323,2019-01-02,2021-05-26,85,0.4602,0.1058,2021-09-23,0.104443,0.031143,NA
-44.7877991937533,-20.9682507830968,324,2019-01-02,2021-05-26,85,0.5025,0.0989,2021-09-08,0.095515,0.029294,NA
-44.7877991937533,-20.9683406146253,325,2019-01-02,2021-05-26,85,0.5763,0.0891,2021-09-03,0.086982,0.032755,NA
-44.7877991937533,-20.9684304461537,326,2019-01-02,2021-05-26,86,0.5358,0.0914,2021-09-18,0.082916,0.028729,NA
-44.7877991937533,-20.9685202776821,324,2019-01-02,2021-05-26,87,0.4949,0.0938,2021-09-28,0.090543,0.019503,NA
-44.7877991937533,-20.9686101092105,325,2019-01-02,2021-05-26,88,0.498,0.0921,2021-10-03,0.082357,0.01044,NA
-44.7877991937533,-20.9686999407389,327,2019-01-02,2021-05-26,89,0.4806,0.0983,2021-09-28,0.083547,0.008629,NA
-44.7877991937533,-20.9687897722673,326,2019-01-02,2021-05-26,89,0.4722,0.1072,2021-09-23,0.090469,0.033451,NA
-44.7877991937533,-20.9688796037957,326,2019-01-02,2021-05-26,89,0.4687,0.111,2021-09-28,0.107168,0.045415,NA
-44.7877991937533,-20.9689694353241,326,2019-01-02,2021-05-26,89,0.481,0.1019,2021-10-03,0.092142,0.046743,NA
-44.7877991937533,-20.9690592668525,327,2019-01-02,2021-05-26,89,0.4515,0.1063,2021-11-07,0.096206,0.045605,NA
-44.7877991937533,-20.969149098381,327,2019-01-02,2021-05-26,88,0.3731,0.1261,2023-11-22,0.106084,0.047868,NA
-44.7877991937533,-20.9692389299094,326,2019-01-02,2021-05-26,87,0.3508,0.1403,2023-12-17,0.095636,0.044521,NA
-44.7877991937533,-20.9693287614378,327,2019-01-02,2021-05-26,87,0.3105,0.1509,2024-03-16,0.160743,0.038598,NA
-44.7877991937533,-20.9697779190798,326,2019-01-02,2021-05-26,88,0.5964,0.0771,2023-03-17,0.043921,-0.015464,NA
-44.7877991937533,-20.9698677506083,327,2019-01-02,2021-05-26,88,0.5614,0.0834,2022-07-15,-0.089468,-0.093283,NA
-44.7877991937533,-20.9699575821367,330,2019-01-02,2021-05-26,89,0.56,0.0811,2021-11-17,-0.049535,-0.17202,NA
-44.7877991937533,-20.9700474136651,331,2019-01-02,2021-05-26,89,0.563,0.0813,2021-09-28,-0.070908,-0.179299,NA
-44.7877991937533,-20.9701372451935,331,2019-01-02,2021-05-26,89,0.4906,0.091,2021-09-23,-0.07946,-0.152301,NA
-44.7877991937533,-20.9702270767219,330,2019-01-02,2021-05-26,89,0.4751,0.1005,2021-08-19,-0.080322,-0.140683,NA
-44.7877991937533,-20.9705864028356,328,2019-01-02,2021-05-26,87,0.4648,0.1451,2021-06-05,-0.135581,-0.147859,NA
-44.7877991937533,-20.970676234364,330,2019-01-02,2021-05-26,89,0.5055,0.1372,2021-06-05,-0.117271,-0.122526,NA
-44.7877991937533,-20.9707660658924,327,2019-01-02,2021-05-26,89,0.5291,0.1363,2021-06-05,-0.128258,-0.110954,NA
-44.7878890252817,-20.9678016254548,324,2019-01-02,2021-05-26,85,0.5296,0.087,2021-07-20,-0.086702,-0.007343,NA
-44.7878890252817,-20.9678914569832,324,2019-01-02,2021-05-26,85,0.4903,0.1046,2023-12-17,0.054176,-0.003028,NA
-44.7878890252817,-20.9679812885116,326,2019-01-02,2021-05-26,86,0.4474,0.1148,2022-10-18,-0.127951,0.026705,NA
-44.7878890252817,-20.96807112004,324,2019-01-02,2021-05-26,84,0.499,0.1053,2021-11-07,0.098995,0.025983,NA
-44.7878890252817,-20.9681609515684,323,2019-01-02,2021-05-26,84,0.5365,0.0965,2021-09-13,0.099218,0.026165,NA
-44.7878890252817,-20.9682507830968,322,2019-01-02,2021-05-26,84,0.5711,0.0902,2021-09-13,0.084179,0.023292,NA
-44.7878890252817,-20.9683406146253,324,2019-01-02,2021-05-26,84,0.6432,0.0785,2021-09-03,0.075922,0.02925,NA
-44.7878890252817,-20.9684304461537,324,2019-01-02,2021-05-26,85,0.6117,0.0808,2021-09-18,0.073054,0.027266,NA
-44.7878890252817,-20.9685202776821,325,2019-01-02,2021-05-26,87,0.507,0.0928,2021-09-28,0.083241,0.018499,NA
-44.7878890252817,-20.9686101092105,326,2019-01-02,2021-05-26,88,0.4817,0.0952,2021-10-03,0.088524,0.008452,NA
-44.7878890252817,-20.9686999407389,327,2019-01-02,2021-05-26,89,0.4494,0.1026,2021-09-23,0.086291,0.014827,NA
-44.7878890252817,-20.9687897722673,328,2019-01-02,2021-05-26,89,0.4441,0.1133,2021-09-13,0.109034,0.040595,NA
-44.7878890252817,-20.9688796037957,325,2019-01-02,2021-05-26,88,0.4424,0.1169,2021-09-28,0.118164,0.045834,NA
-44.7878890252817,-20.9689694353241,327,2019-01-02,2021-05-26,88,0.426,0.1119,2021-11-07,0.096005,0.048082,NA
-44.7878890252817,-20.9690592668525,325,2019-01-02,2021-05-26,87,0.4473,0.1066,2021-11-17,0.096132,0.047176,NA
-44.7878890252817,-20.969149098381,327,2019-01-02,2021-05-26,87,0.3934,0.1198,2023-12-02,0.091345,0.045886,NA
-44.7878890252817,-20.9692389299094,329,2019-01-02,2021-05-26,89,0.355,0.1344,2024-01-26,0.092116,0.048205,NA
-44.7878890252817,-20.9693287614378,329,2019-01-02,2021-05-26,88,0.3525,0.1413,2024-01-11,0.078965,0.04224,NA
-44.7878890252817,-20.9697779190798,327,2019-01-02,2021-05-26,88,0.6266,0.077,2022-03-07,0.048432,-0.013646,NA
-44.7878890252817,-20.9698677506083,329,2019-01-02,2021-05-26,89,0.6039,0.0817,2023-04-01,0.067364,-0.044613,NA
-44.7878890252817,-20.9699575821367,330,2019-01-02,2021-05-26,89,0.5436,0.0769,2022-05-21,-0.083107,-0.091856,NA
-44.7878890252817,-20.9700474136651,332,2019-01-02,2021-05-26,89,0.5213,0.076,2022-04-11,-0.045514,-0.096995,NA
-44.7879788568101,-20.9678914569832,324,2019-01-02,2021-05-26,83,0.5541,0.0867,2022-10-18,-0.067315,0.00355,NA
-44.7879788568101,-20.9679812885116,322,2019-01-02,2021-05-26,83,0.5235,0.1067,2023-11-22,0.076439,0.021847,NA
-44.7879788568101,-20.96807112004,323,2019-01-02,2021-05-26,83,0.5736,0.0986,2021-11-07,0.091121,0.024784,NA
-44.7879788568101,-20.9681609515684,324,2019-01-02,2021-05-26,84,0.5985,0.094,2021-09-28,0.084177,0.027414,NA
-44.7879788568101,-20.9682507830968,325,2019-01-02,2021-05-26,84,0.6098,0.0918,2021-09-18,0.084605,0.026398,NA
-44.7879788568101,-20.9683406146253,326,2019-01-02,2021-05-26,84,0.6488,0.0811,2021-09-13,0.075666,0.025984,NA
-44.7879788568101,-20.9684304461537,325,2019-01-02,2021-05-26,85,0.6291,0.0795,2021-09-18,0.072556,0.024883,NA
-44.7879788568101,-20.9685202776821,326,2019-01-02,2021-05-26,86,0.5414,0.0892,2021-09-18,0.081676,0.019386,NA
-44.7879788568101,-20.9686101092105,326,2019-01-02,2021-05-26,88,0.4937,0.0961,2021-10-03,0.08766,0.010662,NA
-44.7879788568101,-20.9686999407389,327,2019-01-02,2021-05-26,88,0.4729,0.1044,2021-09-28,0.087036,0.017892,NA
-44.7879788568101,-20.9687897722673,324,2019-01-02,2021-05-26,88,0.4389,0.1155,2021-09-18,0.109443,0.04143,NA
-44.7879788568101,-20.9688796037957,323,2019-01-02,2021-05-26,88,0.4346,0.1169,2021-09-28,0.114939,0.044092,NA
-44.7879788568101,-20.9689694353241,326,2019-01-02,2021-05-26,88,0.4194,0.1102,2023-11-22,0.095551,0.043853,NA
-44.7879788568101,-20.9690592668525,325,2019-01-02,2021-05-26,87,0.4468,0.1041,2021-11-17,0.095724,0.036715,NA
-44.7879788568101,-20.969149098381,330,2019-01-02,2021-05-26,89,0.4249,0.1111,2021-11-17,0.09457,0.045123,NA
-44.7879788568101,-20.9692389299094,328,2019-01-02,2021-05-26,88,0.3968,0.1222,2023-12-02,0.082751,0.054036,NA
-44.7879788568101,-20.9693287614378,327,2019-01-02,2021-05-26,87,0.354,0.133,2023-12-17,0.094477,0.046328,NA
-44.7879788568101,-20.9694185929662,326,2019-01-02,2021-05-26,87,0.3036,0.1462,2024-04-10,0.13948,-0.00747,NA
-44.7880686883385,-20.9679812885116,322,2019-01-02,2021-05-26,83,0.5235,0.1067,2023-11-22,0.076439,0.021847,NA
-44.7880686883385,-20.96807112004,323,2019-01-02,2021-05-26,83,0.5736,0.0986,2021-11-07,0.091121,0.024784,NA
-44.7880686883385,-20.9681609515684,324,2019-01-02,2021-05-26,84,0.5985,0.094,2021-09-28,0.084177,0.027414,NA
-44.7880686883385,-20.9682507830968,325,2019-01-02,2021-05-26,84,0.6098,0.0918,2021-09-18,0.084605,0.026398,NA
-44.7880686883385,-20.9683406146253,326,2019-01-02,2021-05-26,84,0.6488,0.0811,2021-09-13,0.075666,0.025984,NA
-44.7880686883385,-20.9684304461537,325,2019-01-02,2021-05-26,85,0.6291,0.0795,2021-09-18,0.072556,0.024883,NA
-44.7880686883385,-20.9685202776821,326,2019-01-02,2021-05-26,86,0.5414,0.0892,2021-09-18,0.081676,0.019386,NA
-44.7880686883385,-20.9686101092105,326,2019-01-02,2021-05-26,88,0.4937,0.0961,2021-10-03,0.08766,0.010662,NA
-44.7880686883385,-20.9686999407389,327,2019-01-02,2021-05-26,88,0.4729,0.1044,2021-09-28,0.087036,0.017892,NA
-44.7880686883385,-20.9687897722673,324,2019-01-02,2021-05-26,88,0.4389,0.1155,2021-09-18,0.109443,0.04143,NA
-44.7880686883385,-20.9688796037957,323,2019-01-02,2021-05-26,88,0.4346,0.1169,2021-09-28,0.114939,0.044092,NA
-44.7880686883385,-20.9689694353241,326,2019-01-02,2021-05-26,88,0.4194,0.1102,2023-11-22,0.095551,0.043853,NA
-44.7880686883385,-20.9690592668525,325,2019-01-02,2021-05-26,87,0.4468,0.1041,2021-11-17,0.095724,0.036715,NA
-44.7880686883385,-20.969149098381,330,2019-01-02,2021-05-26,89,0.4249,0.1111,2021-11-17,0.09457,0.045123,NA
-44.7880686883385,-20.9692389299094,328,2019-01-02,2021-05-26,88,0.3968,0.1222,2023-12-02,0.082751,0.054036,NA
-44.7880686883385,-20.9693287614378,327,2019-01-02,2021-05-26,87,0.354,0.133,2023-12-17,0.094477,0.046328,NA
-44.7880686883385,-20.9694185929662,326,2019-01-02,2021-05-26,87,0.3036,0.1462,2024-04-10,0.13948,-0.00747,NA
-44.7881585198669,-20.9686101092105,324,2019-01-02,2021-05-26,87,0.4904,0.0998,2022-08-04,-0.096008,-0.000529,NA
-44.7881585198669,-20.9686999407389,324,2019-01-02,2021-05-26,88,0.4875,0.1026,2021-11-17,0.099658,-5.2e-05,NA
-44.7881585198669,-20.9687897722673,323,2019-01-02,2021-05-26,87,0.4558,0.1128,2021-09-28,0.110958,0.036387,NA
-44.7881585198669,-20.9688796037957,323,2019-01-02,2021-05-26,87,0.4375,0.1133,2021-11-17,0.106361,0.041757,NA
-44.7881585198669,-20.9689694353241,326,2019-01-02,2021-05-26,89,0.4398,0.1052,2023-05-26,0.069302,0.047328,NA
-44.7881585198669,-20.9690592668525,323,2019-01-02,2021-05-26,87,0.4581,0.1036,2023-05-16,0.08828,0.041448,NA
-44.7881585198669,-20.969149098381,326,2019-01-02,2021-05-26,88,0.4311,0.1094,2023-05-06,0.100547,0.036507,NA
-44.7881585198669,-20.9692389299094,327,2019-01-02,2021-05-26,88,0.363,0.1284,2023-05-26,0.091031,0.041789,NA
-44.7881585198669,-20.9693287614378,328,2019-01-02,2021-05-26,88,0.2805,0.1483,2023-05-21,0.137657,0.028568,NA
